Date,Close,High,Low,Open,Volume,return_1d,return_5d,return_10d,ma_10,ma_50,ma_ratio_10,ma_ratio_50,rsi,macd,macd_signal,macd_hist,volatility_10,volatility_20,volume_avg_10,volume_ratio,target
2018-03-11,21.891685485839844,22.1634697369766,21.56730020471627,21.979357770973966,529709,0.015453406565406391,0.04476985074895867,0.041284406582867694,21.112282371520998,19.999725379943847,1.0369170467031175,1.094599304238112,49.223608516946165,0.401204620031276,0.3740390767787791,0.02716554325249687,0.018595660715351483,0.026364364722898475,937160.2,0.5652278020342734,1
2018-03-12,22.33881378173828,22.663200751723146,21.93552359051315,21.891686609590955,2648567,0.020424571519979784,0.07374634405548153,0.07601347813001058,21.270091819763184,20.081961669921874,1.0502452914181635,1.112382054547821,52.949655871655644,0.46224992866514114,0.39168124715605157,0.07056868150908957,0.018218431507413032,0.02521069751082446,1182124.9,2.2405136716094893,0
2018-03-13,22.031959533691406,22.417716568506375,21.68127208031856,22.338811682471277,5396744,-0.013736371637500522,0.0462114558472122,0.07347287595135099,21.420887565612794,20.158060874938965,1.0285269210347554,1.092960263905251,65.24821327178017,0.4803312426661108,0.4094112462580634,0.07091999640804741,0.01850031265878537,0.02383325744179964,1574285.1,3.4280601398056807,1
2018-03-14,22.540456771850586,22.733336125471727,22.10209703683481,22.031959546120675,2808189,0.023079982394738074,0.04554688716504107,0.09404243232969733,21.614642333984374,20.248187599182128,1.0428327438206353,1.1132086099775689,72.57236296169735,0.5295875362503253,0.4334465042565158,0.09614103199380947,0.019095248424661537,0.02425592778027167,1753287.5,1.6016705759893914,0
2018-03-15,22.444019317626953,22.619362212607253,22.137167161149275,22.540457324592715,1946328,-0.004278416147452169,0.041073602480075966,0.04832103445790592,21.718095207214354,20.346204833984373,1.0334248516495803,1.1031059355176938,66.00789647135304,0.5544504475676888,0.4576472929187504,0.0968031546489384,0.016251671378458114,0.023801036123867657,1713165.9,1.1361001290067705,1
2018-03-18,23.601289749145508,24.591982079530354,22.531692527502337,22.44402024030311,6128823,0.05156253054058202,0.07809377055099231,0.1263598677519424,21.982864570617675,20.467367477416992,1.0736221238742025,1.1531179950321593,76.6446952925487,0.6599292820535183,0.49810369074570404,0.16182559130781426,0.01927859964208462,0.02614285550281225,2297479.0,2.667629606190089,0
2018-03-19,23.39087677001953,24.109786499918073,22.81224202779828,23.601289251535466,620852,-0.008915316974725696,0.04709574100757763,0.12431522378295168,22.24149684906006,20.58730270385742,1.05167727373565,1.136179766067014,77.02478976276078,0.7182637519676511,0.5421357029900935,0.17612804897755763,0.019485847734673056,0.026304066324873643,2340617.6,0.26525135929935756,0
2018-03-20,22.952516555786133,23.574986592111145,22.750871474064766,23.390876301550698,1185821,-0.018740649123304864,0.04178280287266345,0.08992510286999855,22.430868339538574,20.70075023651123,1.0232558190949772,1.1087770391675622,70.74301794694686,0.720813148605771,0.577871192113229,0.14294195649254193,0.021765218340957043,0.026763127324338377,2306032.1,0.5142257126429419,0
2018-03-21,22.80347442626953,23.408411350300142,22.444019564563888,22.95251680835795,1568781,-0.006493498399373965,0.011668692302075012,0.057747052078762184,22.555362510681153,20.80893741607666,1.011000129812628,1.095850017245567,63.92293293170105,0.702706743633108,0.6028383024172048,0.09986844121590321,0.021568132504670746,0.02150723562473987,2283381.4,0.6870429092572972,1
2018-03-22,22.97005271911621,23.574988000417516,22.356348369500886,22.803475537556082,3243794,0.007304952295110967,0.023437575687529577,0.06547384383449173,22.696514511108397,20.901168327331543,1.012051991854253,1.0989841505213505,71.37546513499328,0.6938010566179891,0.6210308532573617,0.07277020336062734,0.021472016012735757,0.0209624760027757,2607760.8,1.2439001307175106,1
2018-03-25,23.206764221191406,23.58375386819227,22.35634692071273,22.97005123055736,2035183,0.010305222411535864,-0.016716269837261155,0.06007206417259159,22.828022384643553,20.987788200378418,1.016591092744093,1.1057270065634157,74.99998015008127,0.6978000705851528,0.63638469672292,0.061415373862232836,0.02129625392193668,0.019481371449876113,2758308.2,0.7378374178781036,0
2018-03-26,23.066490173339844,23.583754825494413,22.7070353028202,23.206765163190937,1513251,-0.006044532814422743,-0.013868081982093883,0.03257453142818312,22.90079002380371,21.069849166870117,1.0072355647715165,1.094762947311897,71.4018722752239,0.6817911110945154,0.6454659795972391,0.03632513149727634,0.02095346909821485,0.01922519858665293,2644776.6,0.5721659061865565,0
2018-03-27,22.943750381469727,23.347040566379036,22.707035704826534,23.06649058170998,1364091,-0.00532112995725631,-0.0003819265000898353,0.04138491841290848,22.991969108581543,21.15401424407959,0.9979028013266676,1.0846050360342852,66.05692252249065,0.6516875712749517,0.6467102979327817,0.004977273342170019,0.02034884151963804,0.01899126504800453,2241511.3,0.6085586095416963,0
2018-03-28,22.470319747924805,23.057721871936764,22.242374152525883,22.908679492046872,1480896,-0.02063440482368928,-0.014609820947326102,-0.0031116061504739,22.984955406188966,21.211526985168458,0.9776098909408547,1.0593447498445785,59.52379339596742,0.5829089915748433,0.6339500366611941,-0.05104104508635077,0.020547753500205934,0.019888609064405125,2108782.0,0.7022518211934662,1
2018-03-29,23.22429847717285,23.96074296313475,22.181001843358548,22.44401868675047,3111971,0.03355442813926479,0.011068575295216876,0.03476557155398141,23.062983322143555,21.260272560119628,1.0069945484838647,1.0923800911535526,62.794601264383274,0.5825262537831541,0.6236652800855862,-0.04113902630243205,0.023031022170653597,0.01940970347174636,2225346.3,1.3984210008123232,1
2018-04-01,23.680192947387695,23.97827769922762,23.08402344370785,23.224298424313734,5669488,0.01963006420464941,0.020400462627356397,0.0033431731520114916,23.070873641967772,21.3181360244751,1.0264107599424204,1.110800349533409,62.85712405285822,0.6119555622109836,0.6213233365106657,-0.009367774299682163,0.01710143291176073,0.018719592067465707,2179412.8,2.6013832716775824,1
2018-04-02,24.40787124633789,25.249521171696554,24.039648985941035,24.63581851917497,5943946,0.030729407508078177,0.05815280360895181,0.04347825377892023,23.17257308959961,21.392306480407715,1.0533086313704503,1.140964919733737,71.07311207441403,0.6860872714400834,0.6342761234965493,0.05181114794353414,0.01915707945935289,0.01919891378165348,2711722.2,2.1919450303574606,0
2018-04-03,24.13608741760254,24.898832413950384,23.496080938753952,24.407869982905016,3925066,-0.011135089414081145,0.051967835088364334,0.05156606069490177,23.29093017578125,21.453676834106446,1.0362869681649776,1.125032674083711,64.77273610207575,0.714668250778125,0.6503545489528644,0.06431370182526064,0.018265228773874116,0.019646049230117278,2985646.7,1.3146451654845832,0
2018-04-04,23.82046890258789,24.723490590368105,23.233066770189062,24.136088457969276,2379566,-0.013076622965181417,0.06008588973406903,0.04459822469626751,23.392629623413086,21.50663066864014,1.0182894905815374,1.1075872027375107,62.246485517821874,0.7037388430699743,0.6610314077762863,0.04270743529368792,0.018842601952299417,0.019722494659920913,3066725.2,0.7759306246285125,1
2018-04-05,24.302663803100586,24.548145863733424,23.80293395842814,23.820468749661146,1505149,0.020242880292768328,0.046432632916239,0.05801515130504442,23.525890731811522,21.56922840118408,1.0330177964415483,1.126728474059204,57.092182440830015,0.7256217909968505,0.6739494844203991,0.05167230657645139,0.019487364198013363,0.01996047362322323,2892860.7,0.5202977799795199,0
2018-04-10,25.012807846069336,25.424865407575926,24.372801342516475,24.302663849659826,2741481,0.029220831457914098,0.03632404926688326,0.09017956655729065,23.966003799438475,21.825756492614747,1.0436787065290956,1.1460224920283062,72.74368039659436,0.7802664447558847,0.7124240157375269,0.0678424290183578,0.02015537189123154,0.01985336028553227,2675756.3,1.0245630366263176,1
2018-04-11,25.205684661865234,25.687879699556177,24.10978532874066,25.012806981230792,3233141,0.0077111221172319055,0.05815232961794692,0.12173235381721925,24.23954029083252,21.940957412719726,1.03985819695591,1.1487960250655636,72.89046580652268,0.8237295086939831,0.7346851143288182,0.08904439436516487,0.017344844334403708,0.01947366073205839,2850980.8,1.1340451678945016,1
2018-04-12,25.26705551147461,25.77555275034043,24.109786048691,25.20568541454059,2584352,0.002434801927924779,0.03968255151729427,0.08795774978131554,24.443815994262696,22.05545696258545,1.0336788461099993,1.1456146909282936,71.8808186878631,0.8532902162075544,0.7584061347045655,0.09488408150298888,0.01569929923187369,0.01934859768270851,2798218.9,0.9235703468374115,1
2018-04-15,25.50377082824707,25.845690904031777,25.08294586232593,25.267056157837764,1499792,0.009368535904983544,0.049422854830968976,0.07700857357501145,24.626173782348634,22.181353874206543,1.0356367600446106,1.149784227458901,75.36495053600714,0.8856094827916863,0.7838468043219897,0.10176267846969655,0.015224660196069358,0.016172157493391178,2381249.3,0.6298340959092356,0
2018-04-16,25.15308380126953,25.64404627018946,24.916369126675892,25.50377127906948,817795,-0.013750399081736253,0.034992871771548195,0.03053164888533444,24.700695037841797,22.30304256439209,1.0183148191876654,1.1277871047705246,71.95120703240926,0.8728633962506542,0.8016501227077227,0.0712132735429315,0.014160400510018928,0.016409890168345452,1868634.2,0.43764317275152087,1
2018-04-17,26.135007858276367,26.818849671095965,25.08294546033438,25.15308295353051,3362914,0.039037919356722295,0.04486501551977429,0.08281874382075727,24.90058708190918,22.448051948547363,1.049573962746606,1.1642439138228915,83.06962798751123,0.9312601091065069,0.8275721199874796,0.10368798911902732,0.017132342777716164,0.017300939519734163,1812419.0,1.8554837485151061,1
2018-04-18,26.310352325439453,26.89775445575999,25.61774311962744,26.135007757023576,2780565,0.0067091798140614944,0.04382613201717622,0.10452705331006551,25.149575424194335,22.583242111206054,1.0461549303185624,1.1650387573174874,81.09541715818375,0.980387461469757,0.8581351882839352,0.12225227318582177,0.01547486695855766,0.01702251222494655,1852518.9,1.500964443601628,0
2018-04-19,25.950897216796875,26.21391239469361,25.46870049437323,26.310352073620283,1328653,-0.01366211688070107,0.02706455863096946,0.06782110089043014,25.314398765563965,22.71159381866455,1.0251437317207297,1.142627744402079,73.33334117315941,0.9790305640681112,0.8823142634407705,0.09671630062734071,0.016672927046803298,0.01765694145647009,1834869.3,0.724113156179571,0
2018-04-22,25.84568977355957,26.126239738569275,25.68788000018919,25.950896846543056,413282,-0.004054096563921861,0.013406603580902843,0.06349205103442701,25.468701362609863,22.840822257995605,1.0148020272248022,1.1315568888730392,66.94213167212277,0.9584178077935519,0.8975349723113267,0.06088283548222517,0.01690184784596009,0.017775594983370502,1876197.5,0.22027638348308215,1
2018-04-23,26.17007827758789,26.52076575477938,25.608976641871717,25.845691316054644,500254,0.012550971046637382,0.040432198467331926,0.07683990897528914,25.655442810058595,22.96005615234375,1.0200595043842908,1.1398089840871954,73.67347998914889,0.9572232177824844,0.9094726214055584,0.047750596376926024,0.016847830361801784,0.017622992553589862,1926222.9,0.25970722287643866,1
2018-04-24,26.310352325439453,26.994194135609696,25.863225180967724,26.170077339590645,1605053,0.005360092788552873,0.0067091798140614944,0.05187520279031843,25.785197257995605,23.06438579559326,1.0203665328672638,1.140735008450404,80.21275965435582,0.956568711274425,0.9188918393793317,0.03767687189509328,0.01503034079673959,0.017407132927475057,1812580.1,0.8855073494407226,0
2018-04-26,26.20514488220215,26.301584560698483,26.038569383975386,26.310351956217215,817347,-0.003998709022819846,0.009797259157602767,0.03712697628346606,25.989472961425783,23.261296997070314,1.0082984337965017,1.1265556209313092,75.40981351408911,0.917048760019,0.9227253057410498,-0.005676545722049786,0.01531181734563247,0.015294341106252461,1312565.5,0.6227094952594747,0
2018-04-29,26.02103614807129,26.301586132598775,25.871993759764838,26.205146448338773,308071,-0.007025671293117042,0.006784356542540504,0.020281915302160503,26.041199493408204,23.34370864868164,0.9992257136487888,1.1146916087620402,71.87502428070829,0.869890881787807,0.9121584209504013,-0.04226753916259429,0.015520370641363381,0.0152205366985578,1193393.4,0.2581470619830812,0
2018-04-30,25.950897216796875,26.21391239469361,25.68788036669042,26.021034709049985,346581,-0.002695470344658557,-0.008375254306316804,0.03171831421668769,26.12098083496094,23.423139457702636,0.9934886205369279,1.1079171203185145,64.2666564560791,0.8174354113706777,0.8932138190344566,-0.07577840766377897,0.014632945221111205,0.014014715917086753,1146272.0,0.3023549384439295,0
2018-05-02,26.09994125366211,26.30158634766384,25.68788199733442,25.950898864136953,726223,0.00574330959042002,-0.007997273057187337,-0.007997273057187337,26.081528663635254,23.614089050292968,1.0007059628392307,1.1052698750341292,63.08542058225614,0.7306734366984529,0.8405151022936698,-0.10984166559521691,0.0073703009959801705,0.013049571663501828,604546.4,1.2012692491428283,0
2018-05-03,25.994733810424805,26.301585981315444,25.9508985026732,26.09994089012238,259543,-0.004030945595425162,-0.008029380212289938,0.0016892130264982708,26.08591232299805,23.72964069366455,0.9965046837755083,1.095454168312165,58.04596910719956,0.6854755896055345,0.8095071997560428,-0.12403161015050834,0.006001856460996906,0.01264653891766372,497635.4,0.5215525262069378,1
2018-05-06,26.17007827758789,26.301585872508475,25.950898395316987,25.99473370288725,407528,0.006745384216735761,0.005727755369482113,0.012550971046637382,26.118351173400878,23.832567596435545,1.0019804888847537,1.0980805224486996,67.6828952831728,0.6562400761342886,0.778853775031692,-0.12261369889740337,0.006124699298952259,0.012639746062674971,497060.0,0.8198768760310626,0
2018-05-07,26.073638916015625,26.213913908623134,25.994734023647673,26.170078600511967,357230,-0.00368510023353108,0.00472976707484718,-0.00368510023353108,26.108707237243653,23.93882598876953,0.998656834254206,1.089177845573864,48.458190732947614,0.6181630714814261,0.7467156343216389,-0.12855256284021277,0.004811715445049394,0.012724374890015443,482757.6,0.7399779930963283,1
2018-05-08,26.301584243774414,26.915288545013027,25.95089678829936,26.073636979663206,981067,0.008742367281107555,0.013513483716877328,-0.0003332559578292926,26.107830429077147,24.05437763214111,1.0074212912951004,1.093421939490574,49.78538648639816,0.5994697398910667,0.7172664554355246,-0.11779671554445792,0.005347422854650162,0.011298093636627003,420359.0,2.3338788987508297,0
2018-05-09,25.03034210205078,26.301586099055733,24.109787257467755,26.301586099055733,1580176,-0.048333291635257125,-0.04098090264709897,-0.04865044023568743,25.979829406738283,24.142926292419432,0.9634529045659846,1.0367567625764564,34.42138778102998,0.476582773750966,0.6691297190986129,-0.19254694534764683,0.01618597019063564,0.015949795664703767,578376.6,2.7320884005334936,0
2018-05-10,24.705955505371094,25.153082646110317,24.37280116260396,25.030340780359925,1395113,-0.012959734843300819,-0.049578438250322265,-0.05720973433156884,25.829910469055175,24.208855590820313,0.9564863004449587,1.020533804775938,32.04422977414545,0.3489956754872594,0.6051029103763421,-0.2561072348890827,0.01638025726348917,0.016184310834019285,636153.2,2.193045637434505,1
2018-05-13,24.732255935668945,25.161849956018226,24.39033587070698,24.705955421262463,318278,0.0010645380743170563,-0.05494146126228061,-0.04952839714255075,25.701032447814942,24.284428787231445,0.9623059301561887,1.018440917526253,24.99995025413503,0.24715515504244223,0.5335133593095622,-0.28635820426712,0.016509524270039957,0.016009973962198096,637173.9,0.49951512452095104,0
2018-05-14,24.504310607910156,24.99527305796888,24.109786165410455,24.732256205565832,1030804,-0.009216519849693405,-0.060188311771914416,-0.05574322139237664,25.55637378692627,24.358423919677733,0.9588336284408897,1.0059891678013932,19.526617697415332,0.14636531766426586,0.456083750980503,-0.30971843331623716,0.016539737202017023,0.015857446363541052,705596.2,1.4608978903231056,1
2018-05-15,24.548145294189453,24.81116046774332,24.171155652475136,24.504309989333706,173269,0.0017888561315064777,-0.06666666666666665,-0.05405408186424787,25.416098594665527,24.428210792541503,0.965850254426608,1.0049096719635549,20.69966573851491,0.06922772412057654,0.37871254560851775,-0.3094848214879412,0.016616445362017077,0.012771823503887435,722923.1,0.23967832816519488,0
2018-05-16,24.40787124633789,24.811161417519813,24.20622616074693,24.54814623389767,502092,-0.005714242203249675,-0.024868651541997466,-0.06483041440128923,25.246891593933107,24.485197563171386,0.9667673802743766,0.9968419157479128,20.461067276072967,-0.0031865848846699407,0.3023327195098802,-0.30551930439455016,0.016150097150929472,0.012572867686865137,700510.0,0.7167520806269718,0
2018-05-17,24.083484649658203,24.460474311394915,23.855537373440427,24.407871608332286,619928,-0.01329024532314993,-0.025195174320522207,-0.07352447517658844,25.055766677856447,24.535696601867677,0.961195279286444,0.9815692230162705,19.559183741963793,-0.08576212147707452,0.22471375131248927,-0.3104758727895638,0.016254092794219226,0.012557577104172457,736548.5,0.8416662310764329,0
2018-05-20,24.004579544067383,24.495543675622702,23.802934457290963,24.08348443405985,321616,-0.003276315979130584,-0.029422160012184895,-0.08274712480990343,24.839216804504396,24.577954483032226,0.966398406720873,0.9766711693049688,19.505455919031135,-0.15577513296865675,0.1486159744562601,-0.3043911074249168,0.015573872423527842,0.012557465534008858,727957.3,0.44180613340919855,1
2018-05-21,24.065950393676758,24.285130263665764,23.76786563671493,24.004578625423687,256539,0.0025566308918976155,-0.017889106175951408,-0.07700070284802685,24.638447952270507,24.612497215270995,0.9767640575533496,0.9777939305868106,21.024234260807262,-0.20395773649928373,0.07810123226515134,-0.28205896876443504,0.01590921897743109,0.01206982791475868,717888.2,0.3573523008178711,0
2018-05-22,23.943208694458008,24.285130431100853,23.32950605758341,24.0659505596007,185410,-0.005100222397657728,-0.024642863747210808,-0.08966667283073015,24.40261039733887,24.650722198486328,0.9811740754205969,0.9712984675121703,16.57600872113474,-0.2491746954823313,0.012646046715654814,-0.2618207421979861,0.01487219700772023,0.011862667943444788,638322.5,0.2904644595796012,0
2018-05-23,23.802934646606445,24.109786813216612,23.41717758937624,23.94320963610656,36856,-0.005858615260870614,-0.024784488316333952,-0.0490367830547459,24.279869651794435,24.675971755981447,0.9803567724197918,0.9646199502087136,16.397782804688916,-0.292951442713818,-0.048473451170239754,-0.24447799154357824,0.005716087781957174,0.011814445503326712,483990.5,0.07615025501533604,0
2018-05-24,23.697729110717773,23.89060680217098,23.233067165413978,23.80293451616142,225850,-0.004419855679588247,-0.01601743039066006,-0.04080904276032271,24.1790470123291,24.701045951843263,0.9800935950301971,0.959381605010511,11.26364579068634,-0.3323034504707607,-0.10523945103034396,-0.22706399944041675,0.004986194250552516,0.011813078753525037,367064.2,0.6152874619753166,1
2018-05-27,23.85553741455078,24.10978687884291,21.55853320107668,23.697729305090935,180709,0.006659216294342629,-0.00620890398196694,-0.035448384627694174,24.091375160217286,24.70613090515137,0.9902106980569565,0.9655715622221027,15.902856372155213,-0.34675916506891014,-0.1535433938380572,-0.19321577123085293,0.005871199497482475,0.0120797389042794,353307.3,0.5114782513692754,1
2018-05-28,24.16238784790039,24.548144878495453,23.890605283535756,23.855535702477265,345921,0.012862859805558013,0.0040072156987813745,-0.013953575984275601,24.05718288421631,24.721561126708984,1.0043731206679691,0.9773811501651298,17.89464463705123,-0.3296550987453415,-0.18876573481951409,-0.1408893639258274,0.007456549282678847,0.012672490112177298,284819.0,1.2145292273338506,0
2018-05-29,23.890607833862305,24.285132301837546,23.84677252506943,24.162390427239778,121189,-0.011248061067015036,-0.002196901061463752,-0.026785626875150848,23.991429138183594,24.740322952270507,0.9957976115661727,0.9656546472716833,25.563826141576698,-0.33417818068010874,-0.21784822399163303,-0.1163299566884757,0.007963549151290713,0.012758933696084107,279611.0,0.4334200013590309,0
2018-05-30,23.35580825805664,23.715263139489956,23.02265556509765,23.890607718232477,374660,-0.022385348230765545,-0.018784506834477743,-0.04310343076064449,23.88622283935547,24.75136962890625,0.9777941207002011,0.9436168021498179,23.4481879083864,-0.376575681910591,-0.24959371557542465,-0.12698196633516634,0.010121310773420494,0.01316657815309577,266867.8,1.4039160962843775,0
2018-05-31,22.63689613342285,23.66265796596354,22.356346174473206,23.355805821283738,898979,-0.03078087115164596,-0.04476517443247918,-0.06006558175774124,23.741563987731933,24.744706497192382,0.9534711422179305,0.9148177262070701,17.615106967793523,-0.4628507519974505,-0.29224512285982984,-0.17060562913762067,0.012953074713346955,0.014322257872480664,294772.9,3.0497342191225854,1
2018-06-03,22.829776763916016,23.23306693445723,22.356347427496583,22.63689740217043,24882,0.008520630626933867,-0.042998848980408955,-0.0489407772377215,23.624083709716796,24.737166748046874,0.9663772379254618,0.9228937572536896,23.83560206802747,-0.5097840386415733,-0.3357529060161786,-0.1740311326253947,0.013751322907764305,0.014415770188887232,265099.5,0.09385909818766161,0
2018-06-04,22.829776763916016,23.23306693445723,22.356347427496583,22.63689740217043,24882,0.0,-0.05515229257857368,-0.05136608401243703,23.500466346740723,24.7324324798584,0.9714605841037821,0.9230704170529175,22.77779389298216,-0.5407456274523099,-0.37675145030340484,-0.16399417714890507,0.01362002587601757,0.014479790952900005,241933.8,0.10284631581035804,0
2018-06-05,22.084564208984375,22.44401906265158,21.137707235776418,22.365114175533442,188504,-0.03264213061029575,-0.07559638655648027,-0.07762720983607518,23.31460189819336,24.71524875640869,0.9472417459847642,0.8935602642177665,19.11422100558137,-0.6182880945498255,-0.42505877915268897,-0.1932293153971365,0.01615249025923483,0.015126594437605995,242243.2,0.7781601299850728,1
2018-06-06,23.452247619628906,23.811702496096903,21.92675582559673,22.08456560984313,1376798,0.06192938188420927,0.004129138264311605,-0.014732932396112619,23.279533195495606,24.734887313842773,1.0074191532400107,0.948144510304842,43.430669394839505,-0.5628917714033008,-0.45262537760281135,-0.11026639380048947,0.027415611401119273,0.01937540992982551,376237.4,3.659386334266609,0
2018-06-07,22.92621421813965,23.34703916997334,22.181002320803085,23.452246244036616,458002,-0.022429978142008977,0.012780819552801859,-0.03255649049634857,23.202381706237794,24.72892562866211,0.9880974508740238,0.9271011026684869,39.732890329732115,-0.5550381511491516,-0.47310793231207937,-0.08193021883707219,0.028233620126843623,0.01974193651919988,399452.6,1.1465740866375635,1
2018-06-10,23.82046890258789,24.54814602133184,23.19799718749791,22.926214610480464,681861,0.0390057719926864,0.04339473613415845,-0.00147003655182798,23.198874855041502,24.731731147766112,1.026794146329528,0.9631541261817198,47.98270970160787,-0.471223252747329,-0.4727309963991293,0.0015077436518002862,0.031158462491181083,0.021912247507596332,449567.8,1.5167033759980142,0
2018-06-11,23.680192947387695,23.934440722657232,23.671425552073618,23.82046792799358,591838,-0.005888883034748105,0.03725030657399242,-0.019956425811391676,23.150655364990236,24.71717758178711,1.022873546085363,0.9580459932786373,47.84482947246021,-0.41137634868498196,-0.46046006685629987,0.0490837181713179,0.030880293972192104,0.02186436715589758,474159.5,1.248183364458584,1
2018-06-12,23.969511032104492,24.29389630753176,23.671426271208787,23.68019366678922,1501631,0.012217724972072741,0.08535132526424438,0.0033026869299805917,23.158545684814452,24.71384605407715,1.0350179738541099,0.969881862161642,51.33239476501008,-0.33672019374493445,-0.43571209223402685,0.0989918984890924,0.03095648428782458,0.022069961551893707,612203.7,2.4528290175312564,1
2018-06-13,24.846229553222656,25.64404412557488,23.969510095938045,23.969510095938045,557799,0.03657640408032936,0.05943916149115802,0.06381373227158127,23.307587814331054,24.734361267089845,1.0660146279893257,1.004522788558185,58.177258192739636,-0.20445397729250914,-0.3894604692457233,0.18500649195321417,0.031666363818401676,0.023566126280691997,630517.6,0.8846684057669445,0
2018-06-14,24.40787124633789,25.240755448157607,24.171156577752107,24.846231000514635,473434,-0.017642850233906326,0.06462719985517396,0.07823400798752767,23.484685325622557,24.73646541595459,1.0393101252120294,0.9867162036252454,53.78151414133922,-0.13346539370044752,-0.3382614541366682,0.20479606043622067,0.03017839168351069,0.023726057903288775,587963.1,0.8052103950060812,0
2018-06-19,25.012807846069336,25.302125213129223,24.22375896116988,24.407870925049664,336691,0.024784488316333952,0.043525994859363815,0.13259232146829958,24.09312858581543,24.74067371368408,1.038171848748417,1.0109994632941113,62.193531797685715,0.05367214367823081,-0.17713562137021388,0.2308077650484447,0.0271918398866514,0.024238565600854578,597805.4,0.5632117073549352,1
2018-06-20,25.8895263671875,26.476928474803234,24.811160155868386,25.012806903415335,955271,0.03505078384296367,0.041990146300870945,0.10392516687904396,24.33685646057129,24.754350547790526,1.063799115104768,1.0458576288319668,73.39217103719972,0.1890937674336044,-0.10388974360945023,0.29298351104305465,0.022771054825289055,0.025206190849928208,555652.7,1.7191871829291931,1
2018-06-21,26.310352325439453,26.476929498213565,26.135007757023576,25.889527367893027,1056081,0.016254679683337603,0.07794539146411661,0.1476099837112319,24.67527027130127,24.775216484069823,1.066263997766212,1.061962560139755,74.23685717655485,0.3266085773881606,-0.017790079409928064,0.3443986567980887,0.019696328597187993,0.025244672130418085,615460.6,1.7159197518086455,0
2018-06-24,26.222681045532227,26.47693051225176,26.038570746633088,26.310353333097922,386630,-0.003332197107161372,0.07435346494900186,0.10084655145824417,24.9154914855957,24.789594688415526,1.052464931735031,1.0578099954892122,73.34136546395527,0.4236323454523969,0.07049440556253693,0.35313793988986,0.018228203770257287,0.02532015168864453,585937.5,0.6598485333333334,1
2018-06-25,26.266515731811523,26.86268526650264,25.442400595935933,26.22268042517061,1793176,0.0016716325154999545,0.0761493891341507,0.10921882225242352,25.174123764038086,24.811863327026366,1.0433934455082783,1.0586272939525938,81.84245114085752,0.4983171832064599,0.15605896109132153,0.34225822211513834,0.01765279144464734,0.025261825561269217,706071.3,2.5396528650860044,0
2018-06-26,25.85445785522461,26.248982299122083,25.477468202658077,26.266515418243284,567297,-0.015687572755904933,0.03364876163983066,0.07863935232535368,25.362618446350098,24.806252326965332,1.0193922961824666,1.042255698863461,71.4062428827153,0.5182814028791292,0.22850344944888307,0.2897779534302461,0.019473052513213032,0.025426299652133107,612637.9,0.9259907034807999,0
2018-06-27,25.83692169189453,25.880758667894042,25.52130382574632,25.854456482294335,1271257,-0.0006782645928324893,-0.0020318902148646067,0.0398729367186168,25.461687660217287,24.796783714294435,1.0147372018966179,1.0419464874793618,78.52232912664293,0.5266176485350442,0.28812628926611533,0.2384913592689289,0.016717880193847137,0.024681382856927215,683983.7,1.8586071568664577,0
2018-06-28,25.731718063354492,26.1262408412215,24.9865061422149,25.836923468568454,1224006,-0.004071832929425256,-0.02199264589571759,0.054238520174725524,25.594072341918945,24.792400131225588,1.0053780312721123,1.0378873335036993,72.15450147314186,0.5187552421593047,0.33425207984475325,0.18450316231455144,0.015248205973206818,0.023308113885899737,759040.9,1.6125692304591228,0
2018-07-02,25.652812957763672,25.863225438633144,25.42486568543597,25.73171784711594,120340,-0.003066453059859642,-0.02336445306693624,0.05100574723871376,25.850951194763184,24.779775390625,0.9923353599058417,1.0352318595861434,71.23897361947334,0.4851569808562246,0.3920220867139156,0.09313489414230902,0.015398937563233314,0.02340381376032202,771074.9,0.1560678476241413,0
2018-07-03,25.58267593383789,26.038570486863506,25.442400944016132,25.65281342874877,120620,-0.002734087058649637,-0.010511994601031582,0.02278305143810977,25.90793800354004,24.76522186279297,0.9874454667269272,1.0330081464875975,61.666717026741196,0.45716764638650176,0.40505119864843286,0.052116447738068894,0.013872037490570074,0.021690700991206752,749467.8,0.1609408703082374,0
2018-07-04,25.32842445373535,25.556371712105562,24.732254958337816,25.58267389768239,48377,-0.009938423985046962,-0.01968103027996182,-0.021672930801982182,25.851827812194824,24.74558330535889,0.9797537194560544,1.0235533404561226,65.48669158818527,0.40974662357285396,0.4059902836333171,0.00375633993953689,0.008234901561168817,0.017824602627669644,658778.4,0.07343440525676008,0
2018-07-05,24.41663932800293,24.986506689999555,24.19745944475732,25.32842677275557,604424,-0.03599849360539098,-0.05110730391626728,-0.07197596497426961,25.662456512451172,24.7098131942749,0.951453704993371,0.9881353264807402,50.11287834626471,0.2951889275940722,0.3838300124254681,-0.08864108483139588,0.011271443404465193,0.01909652300792008,613612.7,0.9850252447512903,0
2018-07-08,23.82046890258789,24.451706341140916,23.539918929897656,24.416638430659507,464531,-0.024416563533020796,-0.07427600271621515,-0.09160818219819744,25.42223529815674,24.665801849365234,0.9369934871271927,0.9657285438381522,43.44421984070353,0.154514015867111,0.3379668131137967,-0.18345279724668573,0.012349823006811105,0.018099674453980842,621402.8,0.747552151358185,1
2018-07-09,24.013347625732422,24.548147079354063,23.715262848849196,23.820469929247317,362026,0.008097184145840819,-0.0639097682866423,-0.08578100457192639,25.196918487548828,24.627050857543946,0.9530271583645725,0.9750801167642236,37.71550986477343,0.057924122589806615,0.2819582750089987,-0.2240341524191921,0.013137254774635973,0.018124039323474946,478287.8,0.756920833021457,1
2018-07-10,24.8637638092041,25.950895712201863,23.88183730238149,24.01334488370524,1205823,0.035414311937098875,-0.028101521767818438,-0.038318113323745906,25.097849082946777,24.60530818939209,0.9906730942173954,1.0105040594420776,37.31017588004914,0.04942764394475674,0.23545214879615034,-0.1860245048513936,0.018869928100236674,0.01957374419459716,542140.4,2.224189527288503,1
2018-07-11,24.977739334106445,25.039109433960178,24.846231738389903,24.863766530408057,404358,0.004584001270964144,-0.013845516536943103,-0.033254052786699684,25.011930847167967,24.582864151000976,0.9986329918601469,1.0160630258817662,32.159624293264514,0.05129964535244724,0.19862164810740973,-0.1473220027549625,0.01903740628792521,0.017830157771517155,455450.5,0.8878198618730246,0
2018-07-12,24.67965316772461,25.153082492274077,24.54814557941966,24.977737926394337,21390,-0.011934073071809492,0.010771909933568802,-0.04088591725743207,24.90672435760498,24.556562538146974,0.9908831371552463,1.0050125350152905,30.444426502858917,0.02840274833538814,0.16457786815300543,-0.1361751198176173,0.019238107501011792,0.017569659335082692,335188.9,0.06381476236235746,0
2018-07-15,24.609516143798828,25.29335795708236,24.556913441918475,24.67965363704254,8265,-0.002841896660748189,0.03312475688189398,-0.04361162036645483,24.794504165649414,24.525351295471193,0.9925391522002336,1.0034317489406637,29.139082071105463,0.0045449296944930495,0.13257128046130295,-0.1280263507668099,0.019193403946265633,0.01758710145907922,336015.4,0.024597086919230488,0
2018-07-16,24.609516143798828,24.609516143798828,24.11855369109282,24.609516143798828,2025,0.0,0.02482654760836267,-0.04066987958328738,24.69017448425293,24.496068840026854,0.996733180621889,1.0046312453035975,32.512321870073535,-0.014198887527800963,0.10321724686348217,-0.11741613439128314,0.01923944830694844,0.01758710145907922,324183.9,0.006246454558662537,0
2018-07-17,24.556913375854492,24.881298654155348,23.95197645312378,24.609516077593327,190170,-0.0021374970412650907,-0.012341270440962782,-0.04009598372884182,24.58759822845459,24.461175422668457,0.998752019114881,1.0039138737829136,32.19514809408362,-0.032918635927970286,0.0759900703051917,-0.10890870623316198,0.019244654245315986,0.0166400158859332,331138.9,0.574290728150634,1
2018-07-18,24.574447631835938,24.635817727895972,24.250060688391855,24.556912840901727,568103,0.0007140252405941627,-0.016146044959313932,-0.029768011163766595,24.512200546264648,24.45205753326416,1.0025394327797623,1.0050053087927378,33.499998640280864,-0.04581122025519235,0.05162981219311489,-0.09744103244830724,0.019168999637970443,0.01436329953430268,383111.5,1.4828659541673899,0
2018-07-19,24.513076782226562,24.548146365409263,24.109786608884097,24.574448552796287,424984,-0.002497344010689795,-0.006749543211405085,0.003949661250597591,24.52184429168701,24.44819995880127,0.9996424612538862,1.0026536441756293,32.923827407764946,-0.060285862984613914,0.029246677157569134,-0.08953254014218305,0.01526161223755607,0.013669545101668153,365167.5,1.1638056508314678,0
2018-07-22,24.065950393676758,24.460473156331147,23.76786563671493,24.51307585690979,14667,-0.0182403209732529,-0.02208762443543777,0.010305485256933755,24.5463924407959,24.434873847961427,0.9804271830054893,0.9849017655429619,29.844101664611443,-0.1066075785915892,0.0020758260077374663,-0.10868340459932667,0.01423151127599821,0.014063985827045053,320181.1,0.04580845028016957,0
2018-07-24,24.311429977416992,24.548144630541817,24.039647415797553,24.065949601325748,30016,0.010200286285171334,-0.009996508709391394,-0.0222144095329061,24.49641933441162,24.42137233734131,0.9924483103236741,0.9954981088529488,36.81817417677558,-0.1479695757319952,-0.05093492567555481,-0.0970346500564404,0.007961765632166419,0.014117528610464558,166397.8,0.18038700030889832,0
2018-07-25,23.969511032104492,24.153621322664335,23.68019366678922,24.31143109869262,50817,-0.014064123156478647,-0.024616488182943153,-0.040365074217314945,24.395596504211426,24.41260513305664,0.9825343286017467,0.9818497821704344,43.1999767941057,-0.17848300888476842,-0.07644454231739753,-0.1020384665673709,0.008365915909180897,0.014318669149627582,131043.7,0.38778666963768577,1
2018-07-26,24.039648056030273,24.11855294250664,23.67142580987713,23.96951056496347,223887,0.002926093228678761,-0.01931331306968176,-0.025932500239967626,24.331595993041994,24.41172840118408,0.9880012828959018,0.9847581318684604,53.96824519806866,-0.1947605741598437,-0.10010774868588677,-0.09465282547395694,0.008132350822084381,0.0143930390213118,151293.4,1.4798200053670552,0
2018-07-29,23.9344425201416,24.364036561745657,23.697729517722994,24.039649599601937,19802,-0.004376334280912331,-0.005464478708877785,-0.027431405790858454,24.26408863067627,24.410325660705567,0.9864142389375421,0.980504842615434,48.52458127695816,-0.21368662304556807,-0.12282352355782304,-0.09086309948774503,0.00815199868754751,0.01437353546086891,152447.1,0.12989423872280942,0
2018-07-30,23.86430549621582,24.346502250975085,23.67142779763801,23.93444299317228,57729,-0.0029303805119654802,-0.008378846218926816,-0.030281401845878575,24.18956756591797,24.406292762756348,0.9865536219770862,0.9777931342621772,23.611119504456866,-0.23167452510059405,-0.14459372386637726,-0.0870808012342168,0.008094728007357182,0.014373791396619888,158017.5,0.3653329536285538,1
2018-07-31,24.732255935668945,24.995272785201752,24.109785902306424,23.86430384385108,136775,0.03637023669474715,0.017309798668480703,0.007140252405941849,24.207101821899414,24.422073707580566,1.0216942167481793,1.0127008964022617,45.36418974894644,-0.17388923353376384,-0.15045282579985458,-0.02343640773390926,0.01488411671870483,0.016918974771084564,152678.0,0.8958396101599445,1
2018-08-01,24.776092529296875,24.98650500233559,24.54814526545251,24.732255552282755,658712,0.0017724462233430494,0.0336503108516506,0.00820547018927531,24.227266311645508,24.441536865234376,1.0226532457517734,1.013687996213461,52.01466310714428,-0.12313727701924293,-0.14498971604373226,0.02185243902448933,0.014887119667144597,0.01681584368371139,161738.9,4.072687522915019,1
2018-08-02,24.80239486694336,24.98650515489774,24.302663359189257,24.77609268057429,459116,0.0010616015263658074,0.031728701232868195,0.011802601822981762,24.256198120117187,24.463630180358887,1.0225178218004898,1.013847686712353,54.10449820922372,-0.07987288213698918,-0.13196634926238365,0.05209346712539448,0.014838913792029344,0.014655670485177217,165152.1,2.7799585957429542,0
2018-08-05,24.5218448638916,24.986506820800262,24.285131859626635,24.802396520570863,7824,-0.011311407811899432,0.024542136014059412,0.018943547325462218,24.30178756713867,24.476956329345704,1.0090551897116613,1.0018339099821851,48.33334179383404,-0.06744610140844642,-0.11906229969159621,0.05161619828314978,0.013962455400489843,0.013728530979630362,164467.8,0.047571621922345896,0
2018-08-06,24.16238784790039,24.548144878495453,23.881837888271132,24.521842692701586,145375,-0.014658644893415507,0.01249071973755278,0.0040072156987813745,24.311431312561034,24.476956329345704,0.9938694080679801,0.9871483824535744,43.28354234896292,-0.08561603685508601,-0.11237304712429418,0.026757010269208167,0.01492776520972364,0.014094609334465666,179005.3,0.8121267917765564,1
2018-08-07,24.25006103515625,24.548145796461487,23.98704585622091,24.162388751441227,38320,0.003628498466614838,-0.019496599977249618,-0.0025242835290950616,24.30529441833496,24.48414539337158,0.9977275163909537,0.9904393494461644,44.6064023442703,-0.0918821874455169,-0.10827487518853872,0.016392687743021814,0.014594151168655489,0.011490427463566199,179835.7,0.21308338666905402,0
2018-08-08,24.13608741760254,24.364034678640305,23.94320806553461,24.25006021201659,378700,-0.004699931162584714,-0.025831559635061563,0.006949511205086134,24.321952056884765,24.4997509765625,0.9923581528798543,0.9851564385569529,43.839535117121486,-0.10483638674492113,-0.10758717749981521,0.0027507907548940808,0.013885992446969602,0.011432410066841864,212624.0,1.7810783354654225,1
2018-08-09,24.460474014282227,24.714723475047933,24.14485612753036,24.136088731758118,389485,0.013439899809242206,-0.013785799899381668,0.017505495807222937,24.36403465270996,24.536222534179686,1.0039582672963214,0.9969127880303523,56.71642081829388,-0.08791397806493606,-0.1036525376128394,0.015738559547903333,0.014453134557350698,0.01163727814007129,229183.8,1.6994438524887012,0
2018-08-12,24.030881881713867,24.486776432918532,23.84677158538685,24.460474245353343,58986,-0.017562706770012926,-0.02002145372433528,0.004029313049222161,24.373678588867186,24.560244636535643,0.9859357829018927,0.9784463565955569,49.479170207606735,-0.10792326983889211,-0.10450668405804994,-0.0034165857808421685,0.01563542183767266,0.012250417893997749,233102.2,0.25304780478262323,0
2018-08-13,23.66265869140625,24.109785829268763,22.80347399772991,24.030880941868926,274031,-0.01532291624252935,-0.020682109716965158,-0.008449724415468318,24.35351390838623,24.57690227508545,0.9716322162141012,0.9628006990691418,40.70353406897593,-0.15174410028645724,-0.11395416730373141,-0.03778993298272583,0.016410393357111815,0.012649450956842112,254732.4,1.075760288051304,0
2018-08-14,23.00511932373047,23.671426339888804,22.487854688452416,23.662658944282935,437481,-0.027788059501301254,-0.05133767332053063,-0.06983336321728717,24.180800247192384,24.59531337738037,0.9513795692680427,0.9353456477967725,37.32719032611709,-0.2368006651492962,-0.1385234668728444,-0.09827719827645182,0.012328875440590744,0.013913643811520174,284803.0,1.5360828362060792,1
2018-08-15,23.136627197265625,23.65389183889007,22.505389755786016,23.00511960598359,433648,0.0057164612660582925,-0.041409371910378634,-0.0661712628854868,24.016853713989256,24.589000968933107,0.9633496324203815,0.9409340064892234,38.3220041902783,-0.2902511842880422,-0.16886901035588395,-0.12138217393215825,0.012703212255800757,0.014031547252526285,262296.6,1.6532734316800144,0
2018-08-16,23.066490173339844,24.013347190939605,23.05772277744793,23.13662766826539,226800,-0.0030314281907982688,-0.05698924068799527,-0.06998939831883455,23.843263244628908,24.591806488037108,0.9674216962955335,0.9379746129899296,38.67277480264471,-0.33441564211118546,-0.20197833670694426,-0.1324373054042412,0.012487674238389626,0.014031215101384931,239065.0,0.9486959613494238,1
2018-08-19,23.39087677001953,23.49608217467262,23.101559398908904,23.066489815884704,22396,0.014063110349341823,-0.02663261027392183,-0.046120840424099585,23.7301664352417,24.58321464538574,0.985702179285254,0.9514978861566418,44.20601058736584,-0.33932942737012795,-0.22944855483958104,-0.1098808725305469,0.014032613297311054,0.014036950833360342,240522.2,0.0931140659781093,0
2018-09-02,23.066490173339844,23.30320484579223,23.01388747019813,23.197997767299018,51525,-0.0030314281907982688,-0.0030314281907982688,-0.013868081982093883,23.23131332397461,24.246379013061524,0.9929051298849871,0.9513375238799132,30.232581671734522,-0.316280672248066,-0.3146520232105358,-0.0016286490375301832,0.0034643258521649643,0.01008504376644908,5152.5,10.0,0
2018-09-03,22.856077194213867,23.101559257248688,22.707034811694466,23.066489674439538,141671,-0.009122019758739497,-0.012125795201684109,-0.022863596822977006,23.177833366394044,24.17817024230957,0.9861179357408489,0.9453187302907579,42.97521849901381,-0.3265416769679703,-0.3170299539620227,-0.009511723005947603,0.004183871201338814,0.009820872245622359,19319.6,7.333019317170129,1
2018-09-04,23.040189743041992,23.224300040823447,22.82100986156324,22.85607777305075,78046,0.008055299571473995,-0.004168172543102089,-0.014992470373193512,23.14276466369629,24.121884880065917,0.9955677326306996,0.9551571055743729,45.66937496681005,-0.31617261207598446,-0.31685848558481505,0.0006858735088305923,0.00530234315688847,0.010019572053788183,27124.2,2.877356751535529,0
2018-09-05,23.031421661376953,23.22429934933996,22.794706995097524,23.040189057040234,98724,-0.00038055596602393216,-0.004547142286197459,-0.015367320865171563,23.10681915283203,24.065774879455567,0.9967370025724274,0.9570197418009748,48.33335146287251,-0.3051450422555355,-0.31451579691895915,0.00937075466342363,0.00529176208449451,0.010016382318983214,36996.6,2.668461426185109,0
2018-09-06,22.99635124206543,23.45224576671126,22.81224095646404,23.03142082344265,60275,-0.0015227205609428252,-0.006062938820087571,-0.016866641290666395,23.06736660003662,24.011067543029785,0.9969213929269638,0.9577396423900811,24.13797414860177,-0.29582541225860126,-0.3107777199868876,0.014952307728286318,0.005264527906892824,0.009313670074534104,43024.1,1.400958997399132,1
2018-09-09,23.110326766967773,23.250601754476943,22.71580231946713,22.996352294485472,116814,0.0049562438711519,0.0019004449007415936,-0.00113674435230382,23.064736557006835,23.958639717102052,1.0019766195832438,0.9645926079213613,34.00013488318464,-0.2760604134111482,-0.30383425867173974,0.027773845260591568,0.00452409925058091,0.008813305055658676,54705.5,2.1353246017310874,0
2018-09-10,22.593061447143555,23.022653792557104,22.23360659338508,23.110326075178374,88025,-0.022382432106652916,-0.011507475444513138,-0.023493733355668622,23.010379981994628,23.89744468688965,0.9818639007622811,0.9454174596139272,21.383780322445133,-0.29869235819287,-0.3028058785759658,0.0041135203830958145,0.008369285565314305,0.009493710094618298,63508.0,1.3860458524910249,0
2018-09-12,22.549224853515625,23.23306666294887,21.961822723828153,22.59306183167722,272086,-0.0019402679769842113,-0.020936476043507013,-0.02538841719416307,22.897283172607423,23.782068405151367,0.9847991433539072,0.9481607936436387,20.731830265468872,-0.32417518332417217,-0.308714004928563,-0.015461178395609176,0.008331342923586244,0.007190625158141423,90716.6,2.9992967108555653,0
2018-09-13,21.935522079467773,22.619362212648724,21.917987288306794,22.54922472021453,67455,-0.02721613616585894,-0.04613032526034666,-0.05191357874063007,22.777172660827638,23.732446060180663,0.9630485050145252,0.9242840802774288,16.58549941472556,-0.3781770126246542,-0.3226066064677813,-0.05557040615687292,0.01131991653809783,0.009244402915897083,97462.1,0.6921151914436483,0
2018-09-16,21.304283142089844,21.917987459849524,21.00619837885911,21.93552225114774,135997,-0.02877701907851038,-0.07814877059459657,-0.07639684312643069,22.600951957702637,23.682122344970704,0.9426276902831575,0.8995934921607297,12.27447370653229,-0.4665316714671519,-0.3513916194676554,-0.1151400519994965,0.013478983640289453,0.010132576570068332,105909.3,1.2840893103816189,0
2018-09-17,20.594141006469727,21.874152355474607,19.99797147451209,21.304283338497026,436380,-0.033333303490373,-0.0884749703067157,-0.09896432220297025,22.374758338928224,23.61373821258545,0.9204184775770056,0.8721254051801776,9.49729666989353,-0.5870883218750826,-0.3985309599491409,-0.18855736192594175,0.015723775971729557,0.011918211458830763,135380.2,3.2233664893389133,0
2018-09-18,20.278520584106445,21.698806859792388,20.19084997496594,20.59414012808325,272530,-0.0153257386294543,-0.1024447646660005,-0.11986312568322299,22.09859142303467,23.522033348083497,0.9176386040138714,0.8621074668172204,8.629521506715207,-0.7000287703105563,-0.45883052202142405,-0.24119824828913228,0.01437959508683567,0.011985802688520725,154828.6,1.7602045100194665,0
2018-09-19,19.340431213378906,20.18208278167381,18.8670035648834,20.278520787135847,692166,-0.04626024698580722,-0.14230172704302246,-0.16025890638734364,21.729492378234863,23.409287185668944,0.8900544419873823,0.8261862507808024,6.786494058712876,-0.8553706809056685,-0.538138553798273,-0.31723212710739546,0.01711034114906226,0.014709074593183373,214172.8,3.231810948916016,1
2018-09-20,19.673585891723633,20.567838503730826,19.28782884657344,19.34043154793628,867133,0.01722581439209403,-0.1031174995311086,-0.14449098099805158,21.397215843200684,23.309165840148925,0.9194460641932178,0.8440278827068458,13.559396336804241,-0.9407530504110255,-0.6186614531208235,-0.322091597290202,0.019827979543887757,0.015753118112378194,294858.6,2.940843509397386,1
2018-09-23,20.050575256347656,20.25222033554782,19.734955708236303,19.67358561215014,36528,0.01916220899935772,-0.058847691676857994,-0.1323975875145783,21.091240692138673,23.217987022399903,0.9506588801018755,0.8635793980332387,20.909149523021057,-0.9668540111029245,-0.6882999647172438,-0.2785540463856807,0.021847037104015372,0.01690424000343776,286830.0,0.12735069553393996,0
2018-09-24,19.498241424560547,20.909760350702438,19.287828945816806,20.05057564444639,334329,-0.027547031679914014,-0.05321414384629586,-0.13698099435631317,20.78175868988037,23.11576152801514,0.9382382749952328,0.8435041779146951,15.87841624487855,-1.020346020891811,-0.7547091759521571,-0.2656368449396538,0.022129461744951534,0.017418756543226322,311460.4,1.0734237803585944,0
2018-09-25,19.498241424560547,20.076876159158275,19.40180174472435,19.498241424560547,243302,0.0,-0.038478110684141975,-0.13698099435631317,20.47227668762207,23.014588088989257,0.9524217419525967,0.8472122702856013,15.905285957661093,-1.0506278402888967,-0.8138929088195052,-0.2367349314693915,0.022129461744951534,0.017418756543226322,335790.6,0.7245646542815672,0
2018-09-26,19.36673355102539,19.927833486132823,19.14755367984784,19.49824113928998,1161865,-0.006744601765444558,0.0013599664535033362,-0.14113528616457327,20.15402755737305,22.910433807373046,0.9609361451895188,0.8453237382520788,15.61466320361589,-1.0728706022035048,-0.8656884474963051,-0.2071821547071997,0.02187961626179559,0.01731311112309454,424768.5,2.7352899285140024,1
2018-09-27,19.384267807006836,19.63851558100602,19.06864826611576,19.366733016466295,333584,0.0009053801424616648,-0.014705915144758053,-0.11630697747782259,19.898902130126952,22.807857627868653,0.9741375519234823,0.8498942830702971,14.044005751404171,-1.076672077845167,-0.9078851735660776,-0.1687869042790895,0.021925289222718348,0.01733824721552981,451381.4,0.7390291226000893,0
2018-09-30,19.331663131713867,19.892764714729463,18.95467517427214,19.384267502509154,523018,-0.0027137819089536608,-0.03585493759867031,-0.09259264896262887,19.701640129089355,22.713171882629396,0.9812210052081288,0.8511212450471682,15.427519816509758,-1.0715770590368479,-0.9406235506602316,-0.13095350837661623,0.02125747291821682,0.01734382288480321,490083.5,1.0672018135685042,0
2018-10-01,18.989744186401367,19.287828949396086,18.849469200546174,19.331664255397182,275279,-0.017686990663083546,-0.02607913334782397,-0.077905498440762,19.54120044708252,22.611647758483887,0.9717798165893393,0.8398213340855011,14.384764056433099,-1.0826491161887368,-0.9690286637659328,-0.11362045242280405,0.01983343806121555,0.01746148482779658,473973.4,0.580789976821484,0
2018-10-02,18.5513858795166,18.945910353031078,18.27960328232322,18.989745662439415,1420708,-0.0230839500828387,-0.04856107401825782,-0.08517064632138438,19.368486976623537,22.49644687652588,0.9578128586867358,0.8246362628435432,13.344071184608836,-1.1139546770001019,-0.9980138664127667,-0.11594081058733519,0.02030244222441981,0.01724041439637616,588791.2,2.412923290973099,0
2018-10-03,18.253299713134766,18.656591552478098,18.14809430962589,18.55138447675948,629264,-0.01606813465677337,-0.057492082232508124,-0.056210303082183,19.259773826599123,22.382122650146485,0.9477421634061796,0.8155303229479579,14.163836780244509,-1.1495661390337695,-1.0283243209369672,-0.12124181809680223,0.015848282987567124,0.017105740663416833,582501.0,1.0802796905069691,0
2018-10-04,18.16562843322754,18.56015289872587,18.060423023901205,18.253300722472705,260809,-0.004803037329417226,-0.06286744415173606,-0.07664883599743089,19.108978080749512,22.26464225769043,0.9506331713011744,0.8158958146723848,15.83971501939935,-1.1713601086648957,-1.056931478482553,-0.11442863018234273,0.01369985813049251,0.01702138972182352,521868.6,0.4997599012471722,0
2018-10-08,17.832473754882812,18.411108458369068,17.622061287452322,18.165626410262007,599639,-0.018339837763902467,-0.07755097772067077,-0.11062532985245055,18.887167930603027,22.142602882385255,0.9441581617955922,0.8053467719943977,17.255731172558214,-1.2016627645268692,-1.0858777356914162,-0.11578502883545294,0.010156072898612988,0.016622530986989344,578179.7,1.03711527748207,0
2018-10-09,17.665897369384766,18.051654412773896,17.62206206381747,17.832474540517982,140942,-0.009341182148238758,-0.06971377834381853,-0.09397483677003338,18.70393352508545,22.018634719848635,0.9445017191539692,0.8023157472820008,17.887952557983823,-1.2249981437231057,-1.1137018172977542,-0.11129632642535148,0.008473881554255441,0.01647981591464161,558841.0,0.2522041153029216,1
2018-10-10,18.1568603515625,18.35850711087608,17.569459881880036,17.665897891419817,212396,0.027791567669162465,-0.02126663369067827,-0.06879497713616389,18.569795417785645,21.887126808166503,0.9777630794021754,0.8295680155143904,33.65618925709951,-1.1901556172362007,-1.1289925772854434,-0.061163039950757225,0.014473809219360406,0.01858989434711425,555750.4,0.3821787622644986,0
2018-10-11,17.534391403198242,17.797406605362266,17.446719111740276,18.15686149535104,763622,-0.03428285156748978,-0.039385115087942624,-0.09461286504507793,18.38656120300293,21.74229278564453,0.9536525731812477,0.8064646896290267,22.64574494135276,-1.1989499571261035,-1.1429840532535755,-0.05596590387252798,0.016843752047408084,0.01918456573761292,515926.1,1.4800995724000008,1
2018-10-15,17.937681198120117,18.148095361756045,17.595761108578948,17.83247578851199,57954,0.02299993114379295,-0.0125482713656343,-0.07462683776809054,18.241902542114257,21.604998512268068,0.9833229377642053,0.8302560718962549,23.162566144808494,-1.1600055963950666,-1.1463883618818738,-0.013617234513192855,0.01961902284331202,0.020381388419572634,488363.1,0.1186698995071495,1
2018-10-16,18.402341842651367,18.533849431339366,17.97274949442539,17.93767991226341,878549,0.025904164501482363,0.03195676021183069,-0.04807249550805259,18.14897041320801,21.482608451843262,1.0139606503109933,0.8566158008187502,35.763081694275726,-1.0792072498609073,-1.1329521394776805,0.05374488961677315,0.022306475735859095,0.021347988600375945,523916.2,1.6768884031453886,0
2018-10-17,18.376039505004883,18.411109086878643,17.981516742183306,18.402341691410204,286452,-0.001429292960177686,0.040198475105533094,-0.032317690821552,18.08759994506836,21.366881484985353,1.0159468122256412,0.8600244035573392,35.520338716925565,-1.005703236065365,-1.1075023587952173,0.10179912272985225,0.021841658634716262,0.020456128576019614,525033.5,0.5455880434296098,0
2018-10-18,18.00782012939453,18.323438026256035,17.972750545182244,18.376040730364647,433580,-0.020038016108425483,-0.00820847984079709,-0.029300546797543903,18.03324337005615,21.242036666870117,0.9985902014329915,0.8477445177128523,33.475478853979,-0.9660272411338902,-1.0792073352629519,0.11318009412906171,0.021550770048821673,0.020602094927293476,426320.7,1.017027791519389,1
2018-10-21,18.060422897338867,18.27960278281092,17.972750608708083,18.007820193044324,119219,0.002921106917237015,0.029999985858914835,-0.010566682124717897,18.013955688476564,21.120523376464845,1.0025795116667255,0.8551124692991307,34.03805059245924,-0.919736970270268,-1.0473132622644152,0.12757629199414722,0.021079363289256813,0.018316587769970687,375316.2,0.3176494912822841,0
2018-10-23,17.88507652282715,18.367273225736174,17.7097336353954,18.051653687265514,56293,-0.009708874233368858,-0.0029326352002778666,-0.015444107063602663,17.985900497436525,20.989015426635742,0.9943942770825543,0.8521160311374304,33.05953513721181,-0.8869760760188434,-1.015245825015301,0.1282697489964575,0.021237773474289446,0.01771140077155051,354864.6,0.15863233469892463,0
2018-10-24,17.744802474975586,17.972749745584757,17.534389995692447,17.885077461164347,1815089,-0.007843077868441184,-0.03573128753383947,-0.004916383509787625,17.977133369445802,20.863293838500976,0.9870763102383671,0.8505273717724021,34.69825908786143,-0.8623906717927134,-0.9846747943707834,0.12228412257806998,0.020553246182928767,0.016810574009583485,476409.6,3.809933720898991,0
2018-10-25,17.323976516723633,17.534388983864854,17.183701538629485,17.744801451006076,727304,-0.023715449007979617,-0.05725188977715856,-0.019354853337577138,17.94294128417969,20.736520195007323,0.965503717720918,0.8354331562773334,34.84845060129082,-0.8668709509428503,-0.9611140256851968,0.0942430747423465,0.021724858844304265,0.016571693523544925,535045.8,1.3593303601299178,0
2018-10-28,17.096031188964844,17.437951277636994,17.008358899707673,17.323978472149555,236823,-0.013157794778741683,-0.05063294356996362,-0.05842580391418639,17.836858367919923,20.61833843231201,0.958466498770463,0.829166290246396,35.462549788578244,-0.878685942794025,-0.9446284091069626,0.06594246631293754,0.01925930212179221,0.016591995007212323,537488.5,0.4406103572448527,1
2018-10-29,17.13986587524414,17.40288273346711,16.973290371133675,17.096030568311864,995271,0.0025640270419950983,-0.0509709560693824,-0.02250009817176435,17.797405815124513,20.498403205871583,0.9630541694272328,0.8361561485108547,36.97101666262081,-0.8744324036831301,-0.9305892080221961,0.056156804339066,0.016545498712106636,0.01671258403434669,560653.4,1.7751983667627806,0
2018-10-30,16.745342254638672,17.25383948166202,16.482325409634377,17.139865013830583,561916,-0.02301789427508283,-0.06372543425988741,-0.06647118600850166,17.678171920776368,20.371980247497557,0.947232685013014,0.8219791130366734,36.403491194723706,-0.8926067868931753,-0.922992723796392,0.03038593690321667,0.01511047301664247,0.01704837977301605,611049.6,0.9195914701523412,0
2018-10-31,16.32451820373535,16.65767088567658,15.851088860113324,16.745343172148413,944619,-0.025130812168783656,-0.08003945229839415,-0.11291082714810863,17.470389556884765,20.230653076171876,0.934410658135677,0.806919981390158,34.226791637790086,-0.9302438286609274,-0.924442944769299,-0.005800883891628361,0.010882325578277134,0.017472821826838278,617656.6,1.5293595178939237,0
2018-11-01,15.772183418273926,16.219310558664436,15.517935635822294,16.32451763319562,611830,-0.03383467607240265,-0.08957487889409743,-0.1416984375780087,17.21000394821167,20.078279209136962,0.9164543753584,0.7855346194755837,22.357678549753558,-0.9931913647418682,-0.9381926287638129,-0.05499873597805527,0.012180063898123724,0.018284907342052605,650194.4,0.9409954930402353,0
2018-11-04,15.325057029724121,16.175476046627345,15.123411938540599,15.772184192050497,584727,-0.028349048238416774,-0.10358978289556775,-0.14897767083375524,16.94172763824463,19.916962814331054,0.9045746311686065,0.7694474891873136,23.30503191543545,-1.066859016715327,-0.9639259063541158,-0.10293311036121111,0.012821404066839208,0.0185333426666248,665309.1,0.8788802077109723,0
2018-11-05,15.28998851776123,15.66697816956383,15.176014046550812,15.325056428142311,114024,-0.0022883120039861593,-0.10792834500267412,-0.15339809014028405,16.664684200286864,19.75494504928589,0.9175084468446171,0.7739828422511325,14.88367739560816,-1.1152153886834242,-0.9941838028199775,-0.12103158586344664,0.012053316253946048,0.01852634604932564,664789.6,0.17151892869563543,1
2018-11-06,15.710814476013184,16.04396717079149,15.51793677611099,15.289989491384846,527726,0.02752297411885629,-0.06178003189746162,-0.12156850679609355,16.44725799560547,19.60134380340576,0.9552239333882246,0.8015172140026138,13.882337343433704,-1.1068222659068958,-1.0167114954373613,-0.09011077046953453,0.018429944910595165,0.020213390602953664,711932.9,0.741258059572749,1
2018-11-07,16.56123161315918,16.84178159904368,15.991364245305054,15.710814259420552,2108817,0.054129411205535494,0.014500483657132524,-0.06669957941124027,16.32890090942383,19.469835891723633,1.0142281899451828,0.8506097177839664,30.05779680491146,-1.0197935546041528,-1.0173279072707195,-0.0024656473334332407,0.028123906008145304,0.024185978777018013,741305.7,2.844733286146323,1
2018-11-08,17.157400131225586,17.622062062365334,16.569998006739752,16.56123061118507,1933077,0.03599783711693916,0.08782656631717356,-0.009615366618469068,16.312243270874024,19.350251350402832,1.0518111976579343,0.8866758276433657,41.100889781287044,-0.892429485280708,-0.9923482228727173,0.09991873759200931,0.030322394725052836,0.025679972909181677,861883.0,2.242853148281147,0
2018-11-11,16.68397331237793,17.52562326126568,16.39465593342154,17.15740099057484,862966,-0.027593156027529098,0.08867283691134631,-0.024102545908601836,16.27103748321533,19.221198272705077,1.0253785801666655,0.8679986063132122,36.762214926352186,-0.8202389266558185,-0.9579263636293376,0.13768743697351904,0.031316273415676,0.025379441898135128,924497.3,0.9334435049188353,1
2018-11-12,16.806711196899414,17.139863837726274,16.35081670127565,16.683971014312082,839047,0.007356633951843161,0.09919711040831203,-0.019437414549778764,16.23772201538086,19.094599952697752,1.0350411948781726,0.8801813726673495,39.52297509303559,-0.7445408637069022,-0.9152492636448506,0.1707083999379484,0.03143034598322522,0.02444818765621026,908874.9,0.9231710546743012,0
2018-11-13,16.377120971679688,16.841781249066432,15.772184032055861,16.806713337664505,1052791,-0.02556063587853996,0.04241069084507365,-0.021989474885589888,16.20089988708496,18.959409828186036,1.0108772405127449,0.8637990907993673,37.419337746671225,-0.7110177740783357,-0.8744029657315476,0.16338519165321197,0.03163321464313128,0.024262532485600775,957962.4,1.098989897724587,0
2018-11-14,16.09657096862793,16.254380750235622,15.78095140541255,16.3771209482817,344106,-0.01713060577233949,-0.02805713097823237,-0.013963489290315656,16.17810516357422,18.820011444091797,0.9949602135650677,0.8552901796285123,38.410586604262285,-0.6990305357344049,-0.8393284797321192,0.14029794399771434,0.031073108074426002,0.02333690348259108,897911.1,0.38322947561289755,1
2018-11-15,16.333284378051758,16.648903949174827,16.087803975809216,16.096571371919282,378775,0.0147058283335737,-0.04803267085168572,0.03557535091354125,16.234215259552002,18.689555587768556,1.0061024889048127,0.8739257764235513,42.80989450170412,-0.662789543850117,-0.8040206925557188,0.14123114870560183,0.029098205971404105,0.023792783460635777,874605.6,0.43308092241805907,1
2018-11-18,16.946989059448242,17.174936346137613,16.33328469742226,16.33328469742226,787531,0.03757386862260015,0.015764574909453932,0.10583530140072295,16.396408462524413,18.56769157409668,1.0335793413650456,0.9127138390800588,48.35821908422774,-0.5778859483439014,-0.7587937437133554,0.180907795369454,0.028445761408001036,0.025387923971358677,894886.0,0.8800349988713646,1
2018-11-19,17.096031188964844,17.271375767479185,16.77164422037626,16.9469887988906,1539892,0.008794608233579249,0.01721455129893612,0.11811929545307831,16.577012729644775,18.44898376464844,1.0313095289111955,0.9266651977722429,53.115279682518064,-0.4928910418366357,-0.7056132033380115,0.2127221615013758,0.02810727603181479,0.02549047230167916,1037472.8,1.4842721659787128,0
2018-11-21,16.640134811401367,16.80671197563793,16.482325042357218,17.096029328148987,701654,-0.02666679608409639,0.03376892158167344,0.0047643315476304515,16.72342472076416,18.201573524475098,0.9950195662220204,0.9142140809433804,58.49056814999311,-0.3956827310745332,-0.5980382121815773,0.20235548110704404,0.024651074067248306,0.026008431343008797,843983.9,0.8313594607669649,1
2018-11-22,16.67520523071289,16.964522597772778,16.569998155323052,16.6401356481797,2960952,0.002107580239523843,0.02093399249942629,-0.028104193923595977,16.67520523071289,18.083216400146483,1.0,0.9221371276947066,64.3656870518628,-0.3687890948126338,-0.5521883887077885,0.18339929389515475,0.02137887113377181,0.025557228389357273,946771.4,3.1274201987934998,0
2018-11-25,16.377120971679688,16.65767095173428,16.000131308902663,16.675205743540136,140460,-0.017875897472265145,-0.03362650945070644,-0.0183920421684316,16.644519996643066,17.958897590637207,0.9839347109428623,0.9119223988569225,60.95407640537024,-0.36729465863501787,-0.5152096426932344,0.14791498405821657,0.020312994952072103,0.02569096359572245,874520.8,0.16061367551234915,0
2018-11-26,16.175474166870117,16.438489327221824,15.956294309173826,16.377119234620398,283600,-0.012312713886541538,-0.05384624138314209,-0.03755862896875095,16.581396293640136,17.8314225769043,0.9755194243246142,0.9071331295698748,54.89832303430598,-0.3780238949634622,-0.48777249314728005,0.10974859818381782,0.02029416123688934,0.025772138279930187,818976.1,0.3462860515709799,1
2018-11-27,16.771642684936523,17.09602962382756,16.043965593477377,16.17547485142841,1425294,0.036856324081519176,-0.01897449182461175,0.024089808821652348,16.62084846496582,17.72814498901367,1.009072594596392,0.9460461145444206,52.34373406576971,-0.3345644246062207,-0.4571308794390682,0.1225664548328475,0.02230118893572406,0.026732554905093266,856226.4,1.6646228147134916,1
2018-11-28,16.999591827392578,17.22753911491954,16.67520652483449,16.771644539865612,687206,0.01359134264533246,0.021601809123861226,0.056100200503860664,16.711150550842284,17.642051162719728,1.017260407993617,0.9635836372198737,48.085120564940006,-0.2785183048471431,-0.42140836452068325,0.14289005967354013,0.02137728684241928,0.026181560631435275,890536.4,0.7716764862166218,0
2018-11-29,16.841781616210938,17.183703375039798,16.48232673740379,16.999591401484285,1061594,-0.009283176489411349,0.009989465388482444,0.0311325772814246,16.762000274658202,17.567003974914552,1.0047596551870575,0.9587167874647707,52.073716086594956,-0.2440223782373181,-0.3859311672640102,0.14190878902669213,0.021596438298103784,0.024941836672215913,958818.3,1.1071899649808519,0
2018-12-02,16.59630012512207,16.72780771348178,16.482325655589868,16.841780510804274,108450,-0.014575743628725157,0.013383253004078055,-0.020693288530251097,16.726931381225587,17.493359565734863,0.9921903633651455,0.9487200021675706,47.321451984945966,-0.23379734239640015,-0.35550440229048824,0.12170705989408809,0.018464080096579363,0.02419278251273569,890910.2,0.1217294402960029,0
2018-12-03,16.175474166870117,16.657669184918113,16.043964914484658,16.59629909231669,206253,-0.02535661292452418,0.0,-0.05384624138314209,16.634875679016112,17.430060424804687,0.9723832314102893,0.9280216919874145,47.42728097904514,-0.25669207916339687,-0.33574193766507,0.07904985850167312,0.01939363670851414,0.02505627813788377,757546.3,0.27226454673463524,0
2018-12-04,15.929994583129883,16.210544576731905,15.614375004222673,16.175476663636584,300261,-0.015176036337964938,-0.050182806634830546,-0.06820510520521361,16.51827201843262,17.35518859863281,0.9643862605818404,0.9178808108362936,47.85553767971603,-0.29128670206652174,-0.3268508905453603,0.035564188478838576,0.01952169150280111,0.02468335910325628,787572.4,0.38124875884426623,0
2018-12-05,15.842320442199707,16.175474774857722,15.666977552777825,15.929992723015483,305543,-0.005503714422039008,-0.06807642188961749,-0.047945186637251225,16.43849058151245,17.271023502349852,0.9637332797463031,0.9172774526098144,43.427231665337594,-0.322065193337572,-0.3258937511038027,0.0038285577662307,0.01824219451459509,0.02129413347817192,747961.3,0.4085010815399139,0
2018-12-06,15.58807373046875,16.1316388986237,15.079576473706158,15.842321522745152,380555,-0.016048577773601358,-0.07444033620145274,-0.06519448997496169,16.329777431488036,17.192820148468016,0.9545796809459822,0.9066618271963801,29.870162160268393,-0.3627909262568174,-0.33327318613440565,-0.029517740122411762,0.018386473783519267,0.019511375844052173,489921.6,0.7767671398852388,0
2018-12-09,14.965600967407227,15.1672460425878,14.746421101634516,15.588072655750757,312767,-0.039932628869006837,-0.09825678888792988,-0.08618853134890725,16.188625431060792,17.10216733932495,0.9244516176582248,0.8750704323302418,22.323494474159304,-0.44022012914424735,-0.35466257473637397,-0.08555755440787338,0.02102702107134247,0.02044911268504666,507152.3,0.6167121789647804,1
2018-12-10,15.360125541687012,15.51793531410724,15.044505996846555,14.965601110636442,243898,0.026362093653238494,-0.050406474442218574,-0.050406474442218574,16.107090568542482,17.022035179138182,0.9536250806018121,0.9023671599804958,29.5454836603584,-0.46439523512040815,-0.3766091068131808,-0.08778612830722732,0.023691726021597036,0.021480008768551235,503182.1,0.48471120097475645,0
2018-12-11,15.351357460021973,15.51793462037532,15.079574904231492,15.360124855010003,920375,-0.0005708339844776589,-0.036323748893216545,-0.0846837278610868,15.965062046051026,16.941376972198487,0.9615595238991975,0.9061457923529,33.02544059235187,-0.478743039934038,-0.3970358934373523,-0.0817071464966857,0.018815635623071217,0.020895317534662238,452690.2,2.033123314796742,0
2018-12-12,15.28998851776123,15.491633601029218,15.035739060607018,15.351358615085424,463289,-0.00399762316919261,-0.03486433230874508,-0.10056731520321271,15.79410171508789,16.860543479919432,0.9680821862223993,0.9068502765626327,31.880754945570104,-0.48942396457025694,-0.41551350766393325,-0.0739104569063237,0.017263657752819378,0.020633326576482664,430298.5,1.0766688705631091,1
2018-12-13,15.50916862487793,15.666978404483423,15.3075218663766,15.289988747028026,263630,0.014334877155865344,-0.005061889426183019,-0.07912541687693597,15.66084041595459,16.790931968688966,0.9903152201894514,0.9236633591154312,38.40750834427477,-0.4747302763007717,-0.4273568613913009,-0.04737341490947078,0.018966291408730702,0.020617333867584853,350502.1,0.7521495591609866,1
2018-12-16,15.859854698181152,16.000129673873964,15.342590098235307,15.509167258949127,492090,0.022611532686587443,0.05975394725019556,-0.04437407261791737,15.587195873260498,16.737101345062257,1.017492487240017,0.9475867040059534,45.94594197306286,-0.4298331383184326,-0.42785211677672724,-0.0019810215417053745,0.021072559821364502,0.019321881491472487,388866.1,1.265448440992928,1
2018-12-17,16.377120971679688,16.613835644429418,16.096570991625097,15.859856318875368,913141,0.032614817937635765,0.06621009881934725,0.012466206723174444,15.607360553741454,16.699577770233155,1.0493203456976397,0.9806907214667281,44.827618973790884,-0.34849552818630514,-0.4119807990586428,0.06348527087233768,0.02256582185819703,0.02077522895886258,459554.9,1.9870117803117755,1
2018-12-18,16.412189483642578,16.569999271250367,16.0878041844131,16.377121570957428,448039,0.002141311163514903,0.0691034669984869,0.030269621122366752,15.655580043792725,16.664508991241455,1.0483284194985698,0.9848588693653386,41.88862023736153,-0.27800053321752927,-0.3851847458904201,0.10718421267289086,0.021797907720781044,0.020791270350427275,474332.7,0.9445669674471104,0
2018-12-19,16.149173736572266,16.306983518813297,16.017666142108002,16.412188925500793,121301,-0.01602563432090831,0.056192666058119345,0.01936921396660951,15.68626537322998,16.630842990875244,1.0295104253516123,0.9710375923477088,40.705892109045784,-0.24058262771520766,-0.35626432225537763,0.11568169454016997,0.022507188982466366,0.020251491232982307,455908.5,0.26606435282518315,1
2018-12-20,16.20177459716797,16.31574905902768,15.877389345864849,16.14917189980712,176702,0.0032571858754966154,0.04465784008428697,0.03936989760958509,15.747635459899902,16.60156053543091,1.028838560457187,0.9759187735749467,44.41684665809761,-0.20432884247111005,-0.3258772262985241,0.12154838382741406,0.02158180705236265,0.020263305993473483,435523.2,0.40572350680744446,0
2018-12-23,15.886157035827637,16.20177489806394,15.430262524341211,16.20177489806394,150752,-0.019480431569236956,0.001658422359285705,0.06151146689165632,15.839691066741944,16.55614646911621,1.0029335148577017,0.9595322840047127,45.780051506654495,-0.19877381513640202,-0.30045654406609973,0.10168272892969771,0.01753771431308082,0.02033566605562397,419321.7,0.3595139483599346,0
2018-12-24,15.75464916229248,15.956295922642486,15.43026387653816,15.886158427975893,58125,-0.008278142614262851,-0.03800862254505066,0.025684921619601342,15.87914342880249,16.520551624298097,0.9921598877755462,0.9536394135363409,47.354473221277026,-0.2026470136588916,-0.2808946379846581,0.07824762432576648,0.016485818933981423,0.020240718586487922,400744.4,0.14504257576649854,0
2018-12-25,15.526700973510742,15.737115117346685,15.43026296914642,15.754648235824948,82905,-0.01446862995383702,-0.05395310059114111,0.011422020101179875,15.896677780151368,16.472332019805908,0.9767261555051094,0.9425927643300194,45.43146220100291,-0.22155610432823103,-0.2690269312533727,0.04747082692514165,0.01735158160338941,0.018336063134209407,316997.4,0.2615321135126029,1
2018-12-26,15.851088523864746,16.08780319065434,15.605606461392973,15.526701572463109,346312,0.02089223917607641,-0.01845823306937744,0.03669721566185147,15.952787780761719,16.421306953430175,0.9936249852819068,0.9652756975323259,53.731327532765185,-0.20796899352151677,-0.25681534370700154,0.04884635018548478,0.01827257883950263,0.018765840065026313,305299.7,1.1343345571580974,1
2018-12-27,15.96506118774414,16.131638359871534,15.693278612743452,15.851088389263118,103312,0.00719021054660085,-0.014610338392511912,0.02939503553626488,15.99837703704834,16.37308738708496,0.9979175481846035,0.9750794587670332,66.56977865643145,-0.1858619677820439,-0.24262466852201003,0.05676270073996614,0.017949981983586598,0.018851849930853846,289267.9,0.3571498946132633,0
2018-12-30,15.824786186218262,16.000130753773647,15.623141104076382,15.965061171378679,180679,-0.008786374187752188,-0.0038631652369397473,-0.0022111496372606565,15.99487018585205,16.329426708221437,0.9893663407294025,0.969096249916165,58.412695014251604,-0.1776135919793127,-0.22962245321347058,0.05200886123415788,0.0168601899201285,0.01870051749046355,258126.8,0.6999621891256546,1
2018-12-31,15.96506118774414,16.15794054669472,15.824786202439931,15.824786202439931,291705,0.008864258883197085,0.013355551322289383,-0.025160697331851334,15.953664207458496,16.28751947402954,1.0007143801033693,0.9802021242829788,60.606076588097274,-0.15793707415483027,-0.21528537740174253,0.05734830324691226,0.01296299170268169,0.018024646311094142,195983.2,1.4884183950461058,0
2019-01-02,16.00889778137207,16.087802667737215,15.868622799436189,15.965060804386052,305431,0.0027457830015447104,0.009955736306041851,-0.008686262064449668,15.894923782348632,16.21440107345581,1.0071704652745808,0.9873258783255235,59.40593028607452,-0.12213228759738648,-0.1847244824548804,0.06259219485749393,0.012078273832046562,0.017645327363875866,169592.3,1.800972096020869,1
2019-01-03,16.149173736572266,16.219311231767193,15.973829162480056,16.008898746182414,724625,0.008762374344311263,0.011532216924383665,-0.003246611059809279,15.889663696289062,16.190905017852785,1.016332003322626,0.9974225479530326,55.91401035609254,-0.09498644137937795,-0.16677687423977994,0.07179043286040199,0.012405107290313484,0.017276280342558892,224384.6,3.2293882913533283,1
2019-01-06,16.236845016479492,16.263145530415105,16.061500453263555,16.149172734871524,339346,0.005428839972702937,0.02603882450052253,0.0220750669819616,15.924732494354249,16.173721294403077,1.0195992317130536,1.0039028570436823,46.521714866222354,-0.06564214134270685,-0.14654992766036534,0.08090778631765849,0.010465101914189342,0.014196841452272449,243244.0,1.3950847708473797,0
2019-01-08,16.394655227661133,16.482325839405526,16.15794056264792,16.236845450985655,1389462,0.009719265720740111,0.026908386686721686,0.05590075159115648,16.05974750518799,16.148647136688233,1.020853859773633,1.0152339752606268,56.54206035024369,-0.010238528621446363,-0.10254422491334361,0.09230569629189725,0.007829639304665483,0.013278548394765827,368087.2,3.7748174888993695,1
2019-01-09,16.745342254638672,17.008357427433282,16.350817823237072,16.394654800175967,2526820,0.021390326426984574,0.04600219723581023,0.05641591928703038,16.149172878265382,16.1570636177063,1.0369164031413431,1.036409996943237,62.50003289643938,0.04266194838351822,-0.07350299025397125,0.11616493863748947,0.00793938265775077,0.013741945893247835,586138.0,4.31096431215857,1
2019-01-10,16.920686721801758,17.183703591304123,16.56999923467511,16.745343814343354,3632043,0.010471238180546294,0.04777414608416053,0.059857304824564084,16.244735431671142,16.180033683776855,1.0416104831607638,1.0457757414168753,75.4310189211809,0.09760960782339723,-0.03928047063849756,0.13689007846189477,0.008082062155397323,0.013625229586168772,939011.1,3.8679446920276024,1
2019-01-13,17.201236724853516,17.4554845014224,17.017124766736334,16.9206850899983,696064,0.016580296513041493,0.05939526474479617,0.08698067212017047,16.382380485534668,16.217557277679443,1.0499839592934546,1.0606552164627117,83.13250275110886,0.16192746537360492,0.000961116563922941,0.16096634880968197,0.006863437696383921,0.013264128588826274,990549.6,0.7027048418372992,0
2019-01-14,16.719039916992188,17.087262158894166,16.613834517711435,17.201236625692932,147280,-0.028032682508497664,0.02969757363719938,0.04722679859359702,16.45777835845947,16.24613830566406,1.0158746553053697,1.0291085550566348,74.4604167351417,0.17200777974595738,0.03517044920032983,0.13683733054562755,0.01339431800356818,0.013346580680825658,976107.1,0.15088508218001898,1
2019-01-15,16.815479278564453,17.078494444055117,16.6576695103862,16.71903960418671,156085,0.005768235619453943,0.025668368444449197,0.05326744951489126,16.542820167541503,16.268231601715087,1.0164820210980672,1.033639038971616,71.82536890473548,0.18563842777284023,0.06526404491483191,0.12037438285800832,0.013292931160650018,0.013385791270466265,991715.6,0.15738887237429763,0
2019-01-16,16.780410766601562,16.999590642538195,16.59630047347547,16.815480349412102,723911,-0.002085489885952585,0.002094224855462512,0.04819276103612968,16.619971466064452,16.272615184783934,1.009653404090657,1.0312055300301364,69.13579639001969,0.19140468464275884,0.0904921728604173,0.10091251178234154,0.01348185931822042,0.012785638723986298,1033563.6,0.7004029553672363,1
2019-01-17,16.78917694091797,17.008356800909613,16.499859592617383,16.780409545853146,1034954,0.000522405228235101,-0.007772130235963903,0.039630708962918426,16.683971786499022,16.265250720977782,1.006305761947169,1.0322113829616204,74.12277835002607,0.1944404532510653,0.1112818289385469,0.08315862431251839,0.013464589097080796,0.012786075063001931,1064596.5,0.9721561173646541,0
2019-01-20,16.438491821289062,16.657671712239583,16.175476621032384,16.789179312367924,121760,-0.020887570657155297,-0.044342445590693336,0.012419087858811961,16.704136466979982,16.260341091156008,0.9840970740261831,1.010956149636366,60.714341213095445,0.1666281774808951,0.12235109864701656,0.04427707883387853,0.015558135808318687,0.012912927157862467,1042837.9,0.11675831881445813,0
2019-01-21,16.28067970275879,16.64890193375763,16.131637331349506,16.438489469216808,51505,-0.009600157985655056,-0.026219221702310613,0.0026997046676744407,16.70851993560791,16.249820461273192,0.9743938879985808,1.0018990512270054,56.66665323734051,0.13035003541374834,0.12395088600036293,0.006399149413385416,0.015941782385518244,0.012970432840401227,1047988.4,0.049146536354791714,1
2019-01-22,16.315750122070312,16.631367999008912,16.087802855708723,16.280680540071742,200043,0.0021541127245185976,-0.02971840101704215,-0.004812855439478292,16.700629425048827,16.248593044281005,0.9769542037498752,1.0041331011002792,56.5055816199193,0.10323915943256168,0.11980854068680269,-0.01656938125424101,0.015625960116505664,0.012398190478023267,929046.5,0.21532076166262937,0
2019-01-23,16.236845016479492,16.482325398330186,16.07026784864532,16.315749902705697,415074,-0.004836131039055669,-0.03239287510195765,-0.03036648821067356,16.64977970123291,16.251398525238038,0.9751987898841185,0.9991044765325308,51.90838109994827,0.07452750561746058,0.11075233367293427,-0.036224828055473696,0.013642606124003512,0.011711122745243272,717871.9,0.5782006511189531,0
2019-01-27,16.613834381103516,16.83301424538082,16.219309956520505,16.236844746993008,475835,0.0232181414703041,0.010666584363133058,-0.03414884366432103,16.522655296325684,16.242806644439696,1.005518428069979,1.0228425877858265,57.28812909344467,0.062383627228395966,0.0915475476117903,-0.02916392038339434,0.014162497801882393,0.012401827892661733,332644.7,1.430460187701773,0
2019-01-28,16.4910945892334,16.66643917154055,16.263147301118053,16.61383646573235,413410,-0.007387806394032692,0.012924207730648618,-0.01363387663947857,16.499860763549805,16.23070791244507,0.9994687122247861,1.0160428416427034,51.890038217931924,0.06065667637015437,0.08536937336346312,-0.024712696993308747,0.011405591316316539,0.012495594217205303,359257.7,1.1507338604016002,1
2019-01-29,16.569997787475586,16.74534235182949,16.394654895331374,16.491092900737296,619412,0.0047845943648701095,0.015582959012184983,-0.014598542629813416,16.475312614440917,16.220187244415282,1.0057470941675288,1.0215663689813905,46.15383328075749,0.06490668024276047,0.0812768347393226,-0.016370154496562123,0.011341794808773085,0.012507199304573554,405590.4,1.5271860477960029,1
2019-01-30,17.11356544494629,17.27137522622172,16.72780838762965,16.56999860635422,3835282,0.03280432891074714,0.053995737939050104,0.019853785641994692,16.50862808227539,16.229655857086183,1.0366437089536467,1.0544626205043144,53.64239126206458,0.11085830062217639,0.08719312791589336,0.02366517270628303,0.01565703880311333,0.014288761734148827,716727.5,5.35110205761604,1
2019-01-31,17.674665451049805,18.03412032172634,17.096030699609052,17.113565491400536,5854817,0.03278685601247466,0.08855294443661954,0.052741627135619584,16.597176933288573,16.24964506149292,1.0649199874226887,1.0876954779113164,58.083834285517014,0.19035705439069162,0.10782591321085301,0.0825311411798386,0.018387351999389828,0.01570001461891171,1198713.8,4.8842492678402465,1
2019-02-03,18.034120559692383,18.305903147207534,17.727268388131506,17.674665684272725,2115895,0.02033730763606778,0.08548816281714555,0.097066613881017,16.756739807128906,16.282785053253175,1.076230863954815,1.1075574909766008,73.43752868159503,0.2791475732247939,0.1420902452136412,0.1370573280111527,0.01637387919335993,0.016088555240476345,1398127.3,1.5133779306076063,0
2019-02-04,17.54315757751465,18.016585242873056,17.36781300681316,18.034120034385158,502152,-0.027224115562090367,0.06379582523091676,0.07754454345919792,16.882987594604494,16.310138721466064,1.039102675353569,1.0755983058823275,61.369882609589716,0.3063664874285088,0.17494549365661471,0.1314209937718941,0.019330791684472423,0.017644603986514247,1443192.0,0.34794538772387873,1
2019-02-05,18.148094177246094,18.498781640067186,17.78863931882826,17.54315725874863,3764407,0.034482766118842934,0.09523817745849739,0.11230522908641327,17.06622200012207,16.337667751312257,1.0633925995522784,1.1108130275074557,68.13954900304071,0.37245754226835714,0.2144479033789632,0.15800963888939396,0.020943061099395144,0.01889018119901813,1799628.4,2.091769056322961,0
2019-02-06,17.525623321533203,17.972750485496086,17.31521083358769,18.14809506155558,1564249,-0.034299516502032446,0.024077850867049833,0.07937369013165263,17.19509983062744,16.34818838119507,1.0192219582416755,1.0720223496869237,58.40002123338097,0.3703379580858055,0.24562591432033165,0.12471204376547385,0.02506849936103127,0.02042946759204358,1914545.9,0.8170339504526897,1
2019-02-07,17.87630844116211,18.148092665390553,17.44671612596792,17.52562100755559,4078453,0.02000985147261658,0.011408588788894392,0.10097179735463713,17.359046173095702,16.36887891769409,1.029797850809804,1.0920911890818954,66.3999585775027,0.39243182095493623,0.2749870956472526,0.11744472530768363,0.025161820316184053,0.020734953350803,2322391.2,1.7561438400214398,1
2019-02-10,18.148094177246094,18.41110935630948,17.972749609730684,17.876309930376237,937570,0.01520368352216206,0.0063198877470327375,0.09234832615688271,17.51247215270996,16.39991479873657,1.0362953910215225,1.1065968573595395,70.76025127829541,0.42695058339237946,0.305379793196278,0.12157079019610145,0.024817577017983938,0.020689577440680566,2368564.7,0.3958388808209461,0
2019-02-11,17.858776092529297,17.98151628152363,17.622061437574807,18.14809344673712,1319509,-0.01594206432318057,0.01799097532015459,0.08293454966832958,17.64924030303955,16.433580837249757,1.0118722271266067,1.0867245714366203,66.23615895496448,0.426050158790261,0.3295138663150746,0.09653629247518636,0.025586456426588515,0.019900194445230064,2459174.6,0.5365658054535859,1
2019-02-12,18.27083396911621,18.586453514814586,17.963981818821644,17.858776418395312,4124881,0.023073130793060725,0.00676323313463989,0.10264552859060738,17.819323921203612,16.480397624969484,1.025338225507834,1.1086403608025837,70.0,0.45336013925661334,0.3542831209033824,0.09907701835323096,0.02595861448080719,0.020374980018965812,2809721.5,1.4680746828466806,1
2019-02-13,18.5952205657959,18.84947003403192,18.41111026579862,18.270835273740747,2063715,0.017754339907418037,0.06103048231947983,0.08657781603816228,17.967489433288574,16.535455627441408,1.0349370531057234,1.1245665668223987,71.79902978143637,0.495467343753063,0.3825199654733185,0.11294737827974449,0.02491273246333081,0.02052727253912227,2632564.8,0.7839180254936176,0
2019-02-14,18.560152053833008,18.928374314132675,18.41110967056386,18.595219964608816,2580518,-0.001885888464662533,0.038254185136807894,0.05009920019338243,18.056038093566894,16.594897193908693,1.0279194116479917,1.1184252506635401,69.20415824016663,0.5200134791563364,0.41001866820992217,0.10999481094641428,0.023550871243736626,0.02056409852660374,2305134.9,1.1194650690508396,1
2019-02-17,19.094951629638672,19.463173892652414,18.858236959370604,18.560152190635204,4038103,0.028814396253570518,0.05217393314939578,0.058823554297253944,18.162121200561522,16.67748420715332,1.0513613150565424,1.1449539626275556,73.75999665835316,0.5759807767114218,0.44321108991022207,0.13276968680119972,0.024298923074929375,0.020242752915526623,2497355.7,1.6169514819214579,0
2019-02-18,18.726728439331055,19.059881102603974,18.481246385407538,19.094950684111485,376094,-0.01928379801371538,0.048600886326406245,0.06746623899299675,18.280478286743165,16.744816265106202,1.024411295240098,1.118359744463418,68.69300339028779,0.5838919858059768,0.471347269089373,0.11254471671660377,0.023197423211679478,0.02078713303906243,2484749.9,0.15136090759073983,0
2019-02-19,18.5952205657959,18.674125457854675,18.454945573738026,18.726729834033737,1618977,-0.00702246919216043,0.017754339907418037,0.024637649782003335,18.325190925598143,16.80969352722168,1.014735433933218,1.1062200828160687,63.82977435513252,0.5729455302469866,0.49166692132089573,0.08127860892609085,0.021330556724291093,0.02100515976835211,2270206.9,0.7131407273936133,1
2019-02-20,18.647825241088867,18.76179804688535,18.33220566779117,18.59522086406603,1418517,0.002828935268976096,0.002828935268976096,0.06403206887237212,18.43741111755371,16.876850261688233,1.0114123464619622,1.104935159815981,60.03616999346155,0.562036337963491,0.5057408046494147,0.05629553331407622,0.016971965756010027,0.020851630697013113,2255633.7,0.6288773749035581,0
2019-02-21,18.42864418029785,18.6302892627526,18.191929515393717,18.647824053977292,1056562,-0.011753706287855437,-0.007085495482672899,0.030897639798154852,18.492644691467284,16.93523977279663,0.9965391369251277,1.0881832455599538,54.18993802317508,0.5295997484137338,0.5105125934022785,0.019087155011455303,0.017104279041676176,0.02122610308736758,1953444.6,0.5408712384267258,0
2019-02-24,18.253299713134766,18.498781775005043,18.060422025228664,18.428644281929213,155991,-0.009514778485470332,-0.04407719552415712,0.005797056972548509,18.503165245056152,16.983108673095703,0.9864960654778702,1.0747914333287683,58.083814653646954,0.4841635484125817,0.5052427844043392,-0.02107923599175754,0.01695886856450653,0.021136222543510202,1875286.7,0.08318248084412906,0
2019-02-25,18.20069694519043,18.481246916473484,17.972749675470514,18.253299646753568,994163,-0.0028818223976503354,-0.02808987676864161,0.01914581665000914,18.537357330322266,17.01958019256592,0.981838814501291,1.0693975256299457,50.68492538314247,0.4388516205025894,0.4919645516239893,-0.053112931121399864,0.01601063982301227,0.021021736224731,1842752.1,0.5394990460192665,0
2019-02-26,18.13055992126465,18.691659878342,17.67466537003441,18.200697415899317,1253503,-0.003853535067200542,-0.02498817601475234,-0.007677484677966695,18.52332992553711,17.05394760131836,0.9787959289257722,1.0631298010944434,59.19998978942428,0.392754687946514,0.47212257888849424,-0.07936789094198021,0.014241718592201247,0.021118233533461817,1555614.3,0.8057929269485373,0
2019-02-27,17.57822608947754,17.972750550943143,17.446718493058942,18.130560335529385,518227,-0.03046424568164041,-0.05735784938902999,-0.054691175763143196,18.421630477905275,17.082528648376464,0.9542166265120068,1.0290178024169852,45.72868524263088,0.30810220220649853,0.4393185035520951,-0.1312163013455966,0.015420867097978828,0.02142660230668077,1401065.5,0.3698806372721332,0
2019-02-28,16.841781616210938,17.779872931756966,16.640136522677135,17.578226166013344,2570645,-0.04189526687834799,-0.08610848137072591,-0.09258385559762672,18.249793434143065,17.095328788757325,0.9228477942496645,0.9851686284786092,33.481167753637166,0.17952018614155918,0.38735884006998794,-0.20783865392842876,0.019124073145497238,0.022191748354508357,1400078.2,1.8360724422392978,0
2019-03-03,16.569997787475586,16.87684993899007,16.438490200315005,16.84178035723541,1008049,-0.016137474937553353,-0.09221904817833593,-0.13223148668488482,17.99729804992676,17.109005603790283,0.9206936364285537,0.9684956666216015,33.63030302149336,0.05505271501046494,0.32089761505808334,-0.2658449000476184,0.013602823410822203,0.02173835461506828,1097072.8,0.9188533340722693,0
2019-03-04,16.534931182861328,16.920686579348082,16.219311610999597,16.569999095173838,1127378,-0.002116270929182762,-0.09152208661818761,-0.11704111925211536,17.778118324279784,17.12461124420166,0.9300720628166469,0.9655653461015067,25.615811852459146,-0.045889251799486885,0.2475402416865693,-0.2934294934860562,0.013940701230799688,0.021040328094080626,1172201.2,0.9617615132965228,0
2019-03-05,16.48232650756836,16.65767108258475,16.350818912410965,16.534930883399156,832632,-0.0031814269264993644,-0.0909091291639117,-0.1136256518577684,17.56682891845703,17.143723754882814,0.9382641900867372,0.9614204441945655,17.866709056026465,-0.1286482682488952,0.1723025396994764,-0.3009508079483716,0.014152987780551777,0.01913199072295151,1093566.7,0.7613911433111488,0
2019-03-06,15.991363525390625,16.41218848527228,15.772183649759379,16.48232597858589,1936864,-0.029787237981986014,-0.09027432893452325,-0.14245423696083115,17.301182746887207,17.14652925491333,0.9242930821170453,0.9326297635895211,15.690904931567005,-0.23118701454965773,0.09160462884964957,-0.3227916433993073,0.014140533532197675,0.018787164144335407,1145401.4,1.6909914725091135,1
2019-03-07,16.28067970275879,16.534929142543294,16.000129750037694,15.991362354988958,1594545,0.018092026793637528,-0.033316066330658534,-0.11655575182440503,17.086386299133302,17.15284162521362,0.95284511410026,0.9491535022877604,9.774435270299819,-0.2858096761114872,0.016121767857422205,-0.3019314439689094,0.01765258841741418,0.0186604745189919,1199199.7,1.3296742819398637,1
2019-03-10,16.456026077270508,16.62260158496984,16.36835378930729,16.28068150134407,158829,0.010770212160245762,-0.0068781970683921,-0.0984629444598979,16.906658935546876,17.16546642303467,0.9733458360995918,0.9586704882768493,15.649929366794083,-0.3113603733728212,-0.04937466038862648,-0.2619857129841947,0.019098407031805126,0.018439138802053053,1199483.5,0.1324144934048697,1
2019-03-11,16.771642684936523,16.876849756855414,16.561230213308423,16.45602481359921,1054066,0.01917939399123547,0.01431584440584488,-0.07851645816406694,16.763753509521486,17.181598052978515,1.000470609127637,0.9761398580750221,23.869342338727762,-0.30265306636065503,-0.1000303415830322,-0.20262272477762283,0.021190304946257968,0.018978602308401486,1205473.8,0.8743997588334147,0
2019-03-12,16.622600555419922,16.92945270818086,16.39465496192749,16.77164293406325,780473,-0.008886555259757789,0.008510573297231483,-0.08317224467381712,16.612957572937013,17.194748840332032,1.0005804494738864,0.9667254060978153,21.760356343647786,-0.3042714650292453,-0.14087856627227482,-0.16339289875697047,0.02114219338654125,0.017990756919676873,1158170.8,0.6738841973912656,0
2019-03-13,16.263145446777344,16.736574761699824,16.131637861146547,16.622600294532702,665315,-0.021624480925481637,0.016995543935649504,-0.07481304632254171,16.48144950866699,17.19983379364014,0.9867545593138001,0.9455408489348806,20.941149008946383,-0.3307464417122574,-0.17885214136027133,-0.1518943003519861,0.02028663360695566,0.017569879127708982,1172879.6,0.5672491873846215,0
2019-03-14,16.09657096862793,16.359586156500892,15.868623692106798,16.26314647391624,1200887,-0.01024245147991476,-0.011308418167557344,-0.04424773248845071,16.40692844390869,17.19878173828125,0.9810837551744194,0.9359134393106456,20.990554299310034,-0.36100774715146855,-0.21528326251851077,-0.14572448463295778,0.016438236809944485,0.01755297542434721,1035903.8,1.1592649819413732,0
2019-03-17,16.061500549316406,16.219310322712566,16.026432639789313,16.096570131053195,89857,-0.0021787509513594427,-0.02397453225350865,-0.03068782776443857,16.356078720092775,17.195274848937988,0.9819896825016811,0.934064775958402,21.090024059962772,-0.38340033902582604,-0.24890667781997383,-0.1344936612058522,0.0159144873995392,0.015474594200218557,944084.6,0.09517897018974783,0
2019-03-18,15.649443626403809,16.20177618328899,15.482866450875678,16.061501195121014,1561027,-0.025654945604078994,-0.06691050361695461,-0.05355253957000672,16.26752996444702,17.183526821136475,0.9620049055146017,0.9107236127541828,19.305838150657266,-0.42944579558109197,-0.28501450137219747,-0.1444312942088945,0.017437545665447748,0.015771059482734346,987449.5,1.5808676798155248,0
2019-03-19,15.377659797668457,15.745880357564051,15.307520637067817,15.649442356157426,1803149,-0.017366996247508593,-0.07489446393185106,-0.0670212854594684,16.157063293457032,17.16318691253662,0.9517608193003612,0.8959676239635922,20.745900236445593,-0.4823080878174544,-0.32447321866124884,-0.15783486915620554,0.017814332895234108,0.01587839865173169,1084501.2,1.6626528398493243,1
2019-03-20,15.38642692565918,15.56177149875441,15.211084024773731,15.37766120199322,448000,0.0005701210786346333,-0.05390829984195289,-0.0378289567847635,16.096569633483888,17.13600860595703,0.9558823572975773,0.8979002800168039,26.011537977867206,-0.5175286531450602,-0.3630843055580112,-0.15444434758704906,0.0159446264526661,0.0157951512186494,935614.8,0.4788295354028175,1
2019-03-21,15.8335542678833,15.912459159481191,15.5617716813849,15.386427106231855,1825886,0.02905985544171208,-0.016339921170617444,-0.027463560676752485,16.05185708999634,17.11426595687866,0.9864001516529145,0.9251670102461736,38.524594305340116,-0.5035570727183796,-0.3911788589900849,-0.11237821372829465,0.017873374112879856,0.01796835043077065,958748.9,1.9044465135761823,0
2019-03-24,15.6845121383667,16.017666502189336,15.561771937068794,15.833554528032652,1244567,-0.009413055779833202,-0.023471556084823764,-0.046883368759936705,15.974705696105957,17.083931465148925,0.9818341844125493,0.9180856391494528,37.20314691606875,-0.498761536303153,-0.4126953944526986,-0.08606614185045441,0.017322189120852795,0.017967736408207258,1067322.7,1.1660643964566668,0
2019-03-25,15.28998851776123,15.6056064000299,15.053273851902427,15.684511288649501,1117283,-0.025153706862223957,-0.022969194127521853,-0.08834281739772831,15.826540279388428,17.055350437164307,0.9660979751635314,0.8964921931151716,33.73205461470981,-0.5207924272363513,-0.4343148010094292,-0.08647762622692212,0.016179653354054715,0.018358851400355078,1073644.4,1.0406453011816577,0
2019-03-26,15.272454261779785,15.456564560205603,15.123411874964209,15.289989053689803,648736,-0.001146780192874397,-0.006841452943615156,-0.08122352992473925,15.691525650024413,17.024489936828612,0.9732931393931108,0.8970873323341867,38.736266445525246,-0.5335168844020615,-0.4541552176879557,-0.07936166671410577,0.016374368859549168,0.01840493645931199,1060470.7,0.6117434456227787,1
2019-03-27,15.351357460021973,15.675742713531024,15.079574904231492,15.272452577339315,696564,0.0051663731899100895,-0.002279246884715258,-0.05606467640219304,15.600346851348878,16.995908870697022,0.9840394964484154,0.9032383955935153,34.411757460309744,-0.5311119517302139,-0.4695465644964073,-0.06156538723380656,0.01614488614762237,0.0178713635235949,1063595.6,0.6549143302209974,1
2019-03-28,15.859854698181152,16.114102464545766,15.193547727535496,15.351357493242311,1531112,0.033123926628860545,0.001661056630298141,-0.014706006074718392,15.5766752243042,16.977322425842285,1.0181797122812903,0.934178800423784,41.00524464204778,-0.4826113051201375,-0.47215951262115335,-0.010451792498984147,0.020107951182765368,0.017945492175607862,1096618.1,1.3962125921503574,0
2019-03-31,15.535469055175781,15.780951119022758,15.360126157179158,15.859856008394651,588617,-0.02045325440734158,-0.009502564177711115,-0.03275108029448803,15.524072074890137,16.959261970520018,1.0007341488902308,0.9160462927090112,31.398410525318795,-0.4649892964759772,-0.4707254693921181,0.005736172916140925,0.021007058571878415,0.018138633316994373,1146494.1,0.5134060436944246,0
2019-04-01,15.482866287231445,15.596840759044388,15.368893487628249,15.535468989186018,253816,-0.0033859787404880715,0.012614644494086003,-0.010644297851670204,15.5074143409729,16.94330570220947,0.9984170118111441,0.9138043401537883,32.33695314813929,-0.4500800883261,-0.4665963931789145,0.016516304852814467,0.01947827790225919,0.01813737025560222,1015773.0,0.24987472594762805,1
2019-04-02,15.658210754394531,15.77218355325312,15.456563999168207,15.482866186078528,281693,0.011325065004771817,0.025258317098393546,0.018244060566914744,15.535469436645508,16.930154914855958,1.0079007150861818,0.9248710855359442,40.05765531700393,-0.4192823741520648,-0.4571335893735446,0.03785121522147977,0.018887367055548988,0.01842283903864764,863627.4,0.3261742274504028,0
2019-04-03,14.6587495803833,15.517935969607883,14.115184421541166,15.65821095719358,3804076,-0.06382984554801241,-0.04511704462894328,-0.04729345863024037,15.46270170211792,16.898593006134032,0.9480070082691628,0.8674538510432384,31.447945371009098,-0.47010406069863464,-0.45972768363856265,-0.010376377060071995,0.028133456543009756,0.02225949182597007,1199235.0,3.1720855378637216,0
2019-04-04,14.176554679870605,14.430802470665668,13.966142196113037,14.658749746122144,2768229,-0.032894681628096056,-0.1061359041645944,-0.10465114528162167,15.29700174331665,16.857387199401856,0.9267538121360563,0.8409698675233388,28.194725674018756,-0.5430300002196251,-0.47638814695477516,-0.06664185326484995,0.026714967794777653,0.022502193940564116,1293469.3,2.1401582550123144,0
2019-04-07,13.904770851135254,14.272993941007186,13.659289627325496,14.176554261717563,873868,-0.019171359676075528,-0.10496613898485707,-0.11347125569037797,15.119027614593506,16.80320592880249,0.9196868479632776,0.827507019199294,29.140447160311723,-0.6156580930172986,-0.5042421361672799,-0.1114159568500187,0.02684202877747766,0.02227697925041354,1256399.4,0.6955336018148369,0
2019-04-08,13.878469467163086,14.097649339779187,13.685590945151556,13.904770817767657,1059346,-0.0018915366713878612,-0.10362401833770851,-0.09231655399600125,14.977875709533691,16.750953426361082,0.9265979860100713,0.8285181812590112,30.95767678120943,-0.6676425143805815,-0.5369222118099403,-0.13072030257064127,0.02654732496165636,0.02139740736367093,1250605.7,0.8470663455316092,1
2019-04-09,13.983675956726074,14.159019690745815,13.782030871629592,13.87846971631423,560197,0.007580554167871956,-0.10694292112516701,-0.08438580223998149,14.848997879028321,16.699226989746094,0.9417252309312828,0.8373846265646031,32.60869308181425,-0.6923700474564107,-0.5680117789392344,-0.12435826851717635,0.02698555488564471,0.021724522905827756,1241751.8,0.45113443765493233,1
2019-04-10,14.097649574279785,14.202856650657807,13.948607191533274,13.98367593829099,438341,0.008150476162806841,-0.03827748083331706,-0.08166755865122,14.723627090454102,16.638908672332764,0.9574848294969273,0.8472700855508274,26.54027324322834,-0.6947613013439433,-0.5933616834201763,-0.10139961792376706,0.02716865006691435,0.021789183908068863,1215929.5,0.360498696676082,0
2019-04-11,13.974907875061035,14.150251600474286,13.878469035109957,14.09764890090273,221129,-0.008706536403251475,-0.014223964098688202,-0.11885019497286364,14.53513240814209,16.56491352081299,0.9614572115788064,0.8436450849865446,26.730290745129153,-0.6985086437707828,-0.6143910754902976,-0.08411756828048522,0.023010771213991525,0.021779452127967232,1084931.2,0.20381845411026986,1
2019-04-14,14.29052734375,14.334364322574732,14.167787147460267,14.334364322574732,873450,0.022584726247262488,0.027742743605390086,-0.08013544406057171,14.410638236999512,16.490041656494142,0.991665123273921,0.8666155999746716,36.097548551281605,-0.6683067619161029,-0.6251742127754587,-0.04313254914064424,0.025239051008363114,0.022739557580384113,1113414.5,0.7844787363555981,1
2019-04-15,14.693819046020508,14.904231525718423,14.36066469900817,14.29052720577553,2126029,0.028220911137117,0.05874924326393227,-0.05096260773508432,14.331733512878419,16.43305488586426,1.0252646013000954,0.8941623543568978,42.73127510539324,-0.6048568695477954,-0.6211107441299262,0.01625387458213079,0.02773959159024664,0.02341674157549812,1300635.8,1.6346074742829622,0
2019-04-16,14.676284790039062,14.983136961204229,14.37820001487402,14.693819582039312,821737,-0.0011933082833351927,0.04952981143558666,-0.06270997240728082,14.233540916442871,16.363618698120117,1.031105673296286,0.8968850387429952,41.3870472014124,-0.5496512037016554,-0.6068188360442721,0.05716763234261668,0.027205189700700762,0.023168122043880014,1354640.2,0.6066090464464291,1
2019-04-17,14.746421813964844,14.904231592497792,14.465871839777268,14.67628432041795,891365,0.004778935877108648,0.046019886951134126,0.005980880777093578,14.242308139801025,16.30803466796875,1.035395503960137,0.9042427315247782,34.00505966186904,-0.4945400937517501,-0.5843630875857677,0.0898229938340176,0.01819055711414601,0.023212465009937445,1063369.1,0.8382460991202395,0
2019-04-18,14.536008834838867,14.904231081385003,14.220389288596554,14.746421308263846,851692,-0.014268748160093714,0.040150601692276355,0.025355536876576545,14.278253555297852,16.241228675842287,1.0180522974005723,0.8950067217796264,35.156262835885926,-0.4625111701172653,-0.5599927040920673,0.09748153397480197,0.01504485423892696,0.02217325322845828,871715.4,0.9770298884245936,0
2019-04-21,14.386966705322266,14.52724169002543,14.246691720619102,14.536009085595593,103945,-0.010253304824594522,0.0067484816516896196,0.034678446653268136,14.326473140716553,16.166006126403808,1.0042225022175058,0.8899518281033031,34.17722634475139,-0.44403590215861044,-0.5368013437053759,0.09276544154676547,0.013825262291293057,0.02218478474773466,794723.1,0.13079398346417764,0
2019-04-22,14.159019470214844,14.465871627048731,14.053814067546481,14.386966738942597,321885,-0.01584400935765673,-0.03639622715719382,0.02021476530359112,14.354528141021728,16.09201099395752,0.9863800001723381,0.8798788091514165,28.678307215881844,-0.4426845639413557,-0.5179779877525719,0.07529342381121618,0.015077215448153778,0.02181370490876075,720977.0,0.4464566830842038,0
2019-04-23,13.852168083190918,14.12395149246634,13.632988211102786,14.159019402451387,822715,-0.021671796388826436,-0.056152951420476716,-0.00940438508029795,14.341377353668213,16.003637676239013,0.9658882645360304,0.8655637151644321,35.71430019221869,-0.46105915816118426,-0.5065942218342944,0.04553506367311011,0.016652275145002834,0.02217181947409487,747228.8,1.1010215345018821,0
2019-04-24,13.755727767944336,13.96614107085368,13.606686231036411,13.852167442308359,271155,-0.0069621098060171915,-0.06718199564061855,-0.02425381653401737,14.307185173034668,15.906847820281982,0.9614559119476774,0.8647676725997927,41.3668863475314,-0.47789421686406897,-0.5008542208402493,0.022960003976180365,0.016431992611360368,0.02205528496336928,730510.2,0.3711857822108439,0
2019-04-30,13.711893081665039,13.896004207432771,13.632988194035317,13.7557283871439,140629,-0.0031866497373876923,-0.01012657373801995,-0.06571088815532966,14.041538906097411,15.506888294219971,0.9765235259014788,0.8842452993471297,40.17857966666489,-0.4750486681974557,-0.4890864326567683,0.014037764459312596,0.008540824824362778,0.01962754491937657,340338.6,0.4132032041032078,0
2019-05-02,13.413808822631836,13.817099835258318,13.282300392974678,13.711893593195526,346255,-0.02173910321921846,-0.024856478049041564,-0.07720138484763595,13.82586603164673,15.307872943878174,0.9701966438795433,0.8762686280327536,25.961557570033435,-0.4754914540068782,-0.48250319608956194,0.007011742082683736,0.008959914615648441,0.01321623455938874,200658.4,1.7255943434214567,0
2019-05-05,13.063119888305664,13.50147962732404,12.712432431532902,13.413808181183274,239780,-0.026143874492566832,-0.05035050789916695,-0.09201709047723461,13.693481349945069,15.204069347381592,0.9539663110110467,0.8591857607223663,3.960366182013999,-0.5063187165577947,-0.48726630018320854,-0.019052416374586156,0.010658760536850857,0.013755161425305595,214241.9,1.1192021728709465,0
2019-05-06,12.212703704833984,12.808872435446359,12.011057771812869,13.06312107370434,1393053,-0.06510054188762271,-0.11217320443823686,-0.13746119704653015,13.498849773406983,15.084309482574463,0.9047218029563724,0.8096296167181013,2.693583949251746,-0.5925405840007514,-0.5083211569467172,-0.08421942705403418,0.02061725753796874,0.01952989246260544,321358.7,4.3348849743293085,0
2019-05-07,12.063660621643066,12.528321726423112,11.765575855371193,12.212703004779003,1038517,-0.012203938357394528,-0.12020458810504575,-0.12911390121797162,13.319999027252198,14.962971496582032,0.9056802929911096,0.8062342847073357,0.0,-0.6652302066222777,-0.5397029668818293,-0.12552723974044844,0.020467166064823652,0.019295452882078495,342938.9,3.0282857966827326,0
2019-05-08,11.327216148376465,11.835713397839706,10.958993886888617,12.06366067135216,2033750,-0.061046517832685665,-0.17391303440640615,-0.17654548421837435,13.07714786529541,14.837951297760009,0.8661839924925087,0.7633948866031433,0.0,-0.7733475019097309,-0.5864318738874096,-0.1869156280223213,0.025148276252609437,0.02236252218685528,519198.4,3.9170960465209443,1
2019-05-09,11.563929557800293,11.92338524644614,10.976528276204784,11.327215733292379,850391,0.020897756900114972,-0.13790857535634615,-0.15933713192926813,12.857968044281005,14.732394256591796,0.899359021423585,0.7849321268758593,7.180828058148592,-0.8303585866178302,-0.6352172164334937,-0.19514137018433653,0.027641876528666478,0.023450335904471705,604237.5,1.4073787211154554,1
2019-05-12,11.809412002563477,11.923385638894505,11.651602223627457,11.563929938417472,390362,0.021228289530490718,-0.09597308272922833,-0.14149129716832987,12.66333646774292,14.637182540893555,0.9325671818517475,0.8068090952319672,14.550270792925431,-0.845979969794147,-0.6773697671056245,-0.16861020268852256,0.02981000343011132,0.023355473390356624,643273.7,0.6068365611713957,0
2019-05-13,11.362284660339355,11.870781899284237,11.134337391542031,11.809411802340675,355567,-0.037861947921459804,-0.06963397008952399,-0.17399610896506268,12.423992156982422,14.533729610443116,0.9145437727883323,0.7817872607300373,13.959393385550257,-0.8842464258527958,-0.7187450988550588,-0.165501326997737,0.030134013993648394,0.022435515971645652,678830.4,0.5237935720026681,0
2019-05-14,11.309680938720703,11.563929554053033,11.143104605684286,11.362284475319221,617030,-0.004629678202154874,-0.06250007411263458,-0.17519186655243624,12.183770942687989,14.430276699066162,0.9282578433164106,0.7837466442658438,14.13882258457808,-0.9083466934255569,-0.7566654177691584,-0.15168127565639844,0.030055805349995707,0.022357159745383624,726470.5,0.8493531395975473,0
2019-05-15,10.739813804626465,11.309681141450413,10.432961647195192,11.309681141450413,421645,-0.0503875517958422,-0.051857608794213084,-0.21675192909815733,11.88656301498413,14.325245704650879,0.903525585241749,0.7497123627792048,12.114543302953066,-0.9623366266547482,-0.7977996595462764,-0.16453696710847177,0.03079451394525618,0.023462894120571218,768635.0,0.5485633623241201,0
2019-05-16,10.564470291137695,10.958993904477925,10.432961862621031,10.739814026388366,656021,-0.016326494730591667,-0.086429034496187,-0.21241830483573942,11.601629161834717,14.210921516418457,0.9106023079837002,0.7434050127524898,11.603382111910605,-1.0076571494726796,-0.8397711575315572,-0.16788599194112241,0.03088023221735199,0.023461913181388877,799611.6,0.8204245661268547,0
2019-05-19,10.415428161621094,10.73981428878655,10.196248278176471,10.56447054925183,564226,-0.014107865837971079,-0.11804007182066223,-0.202684484971682,11.33685998916626,14.09010955810547,0.9187224832602937,0.7392013609737704,11.201636050898188,-1.043570809881528,-0.8805310880015513,-0.16303972187997662,0.03098528031373632,0.0234318257474037,832056.2,0.6781104449435027,0
2019-05-20,9.968300819396973,10.345290479693167,9.731586984309862,10.415427974245265,761847,-0.04292932899981028,-0.12268517139058799,-0.18377608592507166,11.112419700622558,13.954042720794678,0.8970414264355505,0.7143665114728329,10.242087848936492,-1.0954840262780596,-0.9235216756568531,-0.17196235062120657,0.028225216762632708,0.024207167311716054,768935.6,0.9907812825937569,1
2019-05-21,10.275152206420898,10.573236953728893,9.95953266875134,9.968300063932121,1884360,0.030782717394205683,-0.09147284860688787,-0.1482558629022982,10.933568859100342,13.827093753814697,0.9397802619470016,0.7431172731859239,15.73426014883512,-1.0991944523956203,-0.9586562310046066,-0.14053822139101368,0.03245621309100807,0.026426591831338456,853519.9,2.207751688039142,0
2019-05-22,10.248849868774414,10.406659635267124,10.091040938386515,10.275152053926407,799524,-0.002559800294739012,-0.04571438060132427,-0.09520135093004412,10.825732231140137,13.706807842254639,0.9467119313457315,0.7477196723499536,16.635849707607505,-1.0916732410760996,-0.9852596330189053,-0.10641360805719435,0.02833196212299003,0.026510757765101884,730097.3,1.0950923938494224,1
2019-05-23,10.538168907165527,10.766115344231405,10.257618095530411,10.248850699768871,4145876,0.02822941521200284,-0.0024896074528442114,-0.08870346758060732,10.72315616607666,13.59563980102539,0.9827488049184296,0.7751138645472744,23.033728578817176,-1.0502602520387097,-0.9982597568228662,-0.05200049521584349,0.02928731482256488,0.02801885304130366,1059645.8,3.912511142874345,1
2019-05-26,10.862555503845215,11.002830497788814,10.687210925310799,10.53816937132441,2060865,0.030782064658227082,0.04292932899981028,-0.08017812389920231,10.628470516204834,13.491660900115967,1.0220243342900073,0.8051310794323215,33.755285978098996,-0.9799684067382302,-0.9946014868059391,0.014633080067708915,0.03050812243011805,0.029564902894146695,1226696.1,1.6800126779566673,0
2019-05-27,10.546935081481934,10.958993470065764,10.362823957740636,10.862554628526931,3782028,-0.029055816769042564,0.05804743181094785,-0.07175929870014974,10.546935558319092,13.38961072921753,0.9999999547890327,0.7876954225762082,32.45436861842448,-0.9389064145490185,-0.983462472354555,0.04455605780553651,0.029662584347827908,0.029693232127158777,1569342.2,2.409944752648594,1
2019-05-28,10.555702209472656,10.695977188558565,10.292686205634162,10.54693481425358,2351898,0.0008312488815935826,0.027303732092303523,-0.06666666666666665,10.471537685394287,13.293171577453613,1.0080374560649066,0.7940695076392495,39.26829378299639,-0.8953361778140643,-0.9658372134464569,0.07050103563239263,0.02976158792991626,0.029774947359833933,1742829.0,1.349471462776899,0
2019-05-29,10.494332313537598,10.713512181528998,10.240083700111768,10.55570240902164,1566902,-0.005813909365497749,0.023952194432187435,-0.02285714590164678,10.4469895362854,13.195329685211181,1.004531714814853,0.7953065640564663,34.35900239366168,-0.8558922954004249,-0.9438482298372506,0.0879559344368257,0.025484497168693547,0.029674006363624,1857354.7,0.8436202304277153,0
2019-05-30,10.152411460876465,10.42419486620708,9.950766382812498,10.494332357368881,838724,-0.03258147754860574,-0.036605737646391634,-0.0390042111819745,10.405783653259277,13.081706829071045,0.9756508302665459,0.7760769747809281,26.433929891425976,-0.8425109479051525,-0.923580773450831,0.08106982554567854,0.026973540152873385,0.029942625568060228,1875625.0,0.44717040986337886,0
2019-06-02,9.863094329833984,10.11734295022551,9.784189441418533,10.152411696620725,1151499,-0.028497380366960035,-0.09200976452156517,-0.053030352974096306,10.350550270080566,12.96527847290039,0.9529053115508623,0.7607313911883581,27.676260008310265,-0.8455051510856908,-0.9079656489778031,0.06246049789211228,0.02795967069052209,0.029999915742434324,1934352.3,0.595289182844304,1
2019-06-03,9.933231353759766,10.020903633661963,9.828025119540024,9.86309386427994,705619,0.007111056792149961,-0.05818787382124835,-0.003518098648163437,10.347043323516846,12.858143329620361,0.9600067423302882,0.772524547216495,29.610401278884666,-0.8326206741637048,-0.8928966540149835,0.06027597985127875,0.024723937065400707,0.02772412099227365,1928729.5,0.36584653265271255,0
2019-06-09,10.205015182495117,10.3014540255665,10.038438010884255,9.933231772232329,1265595,0.027361069027399765,0.03466669193529737,-0.06053274674797626,10.155041599273682,12.417854804992675,1.004921061399198,0.8218017799976312,55.13307450095769,-0.707675514036957,-0.8130657781190999,0.1053902640821428,0.018808383052022374,0.024684714781698657,1166226.5,1.0852051466846278,1
2019-06-10,10.468029975891113,10.58200360592981,10.34528978669931,10.20501480699163,2223840,0.02577309182715881,0.05383934019909087,-0.0074813303562814015,10.1471510887146,12.317558078765869,1.0316225593145436,0.8498462040083139,54.26354922285253,-0.6375060910179702,-0.777953840698874,0.1404477496809038,0.01934542850894611,0.02459600815696704,1010407.7,2.200933346014683,0
2019-06-11,10.450496673583984,10.6609091562751,10.301454289318222,10.468030629089135,1730982,-0.0016749381065500613,0.05207422453000965,-0.009966701769424713,10.136630535125732,12.213403797149658,1.0309635571081173,0.8556580005995464,54.47473567480171,-0.5766636886541736,-0.7376958102899339,0.1610321216357603,0.019341324313888797,0.024599641881480793,948316.1,1.8253217466201408,0
2019-06-12,10.389126777648926,10.494333021045016,10.222549598526442,10.450496877270421,1456741,-0.005872438205753894,0.04589598365859082,-0.010024986130175995,10.126109981536866,12.12801134109497,1.0259741200314458,0.8566224490940285,46.32034876657447,-0.5273190780602146,-0.69562046384399,0.1683013857837754,0.019343008098339335,0.022028032859750933,937300.0,1.5541886269070735,1
2019-06-13,10.441729545593262,10.546935789637198,10.336523301549326,10.389126841623746,1074828,0.005063252097135429,0.05119161869123556,0.02849747430270333,10.155041790008545,12.053314838409424,1.0282310759042652,0.8662952628035037,37.99996954224165,-0.4784532041912115,-0.6521870119134343,0.1737338077222228,0.015821360936128934,0.021784496613395883,960910.4,1.1185517400998053,1
2019-06-16,10.564470291137695,10.731046630599613,10.345290413048136,10.441729258409785,4024563,0.011754829026024094,0.0352233781346214,0.07111114806863217,10.225179386138915,11.986508827209473,1.0331819024572535,0.8813634097658412,50.561825218487584,-0.42492423266418733,-0.6067344560635849,0.18181022339939756,0.011456704088840345,0.021692755211447683,1248216.8,3.224249986060114,1
2019-06-17,10.617073059082031,10.68721055361448,10.494332861702686,10.564470356235137,2001340,0.004979214905688423,0.014237930492573936,0.06884383147518536,10.293563556671142,11.92128089904785,1.0314283290358883,0.8905983466868912,51.91258779500787,-0.3739469061598282,-0.5601769460828335,0.18623003992300535,0.011473229641505238,0.019082141443660203,1377788.9,1.4525737578521645,0
2019-06-18,10.494332313537598,10.608305945225707,10.371591286464671,10.617072504505682,846509,-0.011560695199270499,0.004194598718395559,0.056487253723880526,10.349673652648926,11.851494026184081,1.013977122926156,0.8854860231420578,50.0,-0.3395371866780792,-0.5160489942018827,0.17651180752380347,0.012740142399147237,0.018204855998440177,1462439.8,0.5788333988175103,0
2019-06-19,10.248849868774414,10.520633262611323,10.01213605514016,10.494331913564142,1217880,-0.023391906929277728,-0.01350228097863837,0.03177400221280324,10.381235504150391,11.774518032073974,0.9872476031082187,0.8704262748467821,53.072607026070806,-0.32829128026547316,-0.47849745141460076,0.1502061711491276,0.015685900678929447,0.019010254504824825,1584227.8,0.7687530795760559,0
2019-06-20,10.082274436950684,10.222549425774956,9.863094557886539,10.248850777153285,978960,-0.016253085366314424,-0.03442486295714098,0.015004491276094711,10.396139812469482,11.696665363311768,0.969809431079184,0.8619785318108828,57.57578354659285,-0.3290272423923568,-0.448603409610152,0.11957616721779518,0.01685756059870767,0.018136937041907226,1682123.8,0.5819785678081483,0
2019-06-23,10.012136459350586,10.22254893243244,9.950766363727924,10.08227395037787,265353,-0.0069565630293744185,-0.05228220786899751,-0.01890038571185859,10.37685194015503,11.61109754562378,0.9648529743984191,0.862290271872202,52.72728950841677,-0.33144930503659253,-0.42517258869544017,0.09372328365884763,0.014339660061386372,0.01642329537612509,1582099.6,0.16772205744821628,0
2019-06-24,9.871861457824707,10.073506535104213,9.731586476046816,10.012136439602596,748235,-0.014010496370619574,-0.07018992872238528,-0.05695135755623937,10.317235088348388,11.514658393859863,0.9568320749978202,0.8573299458965131,48.066309963742746,-0.3407597610187647,-0.4082900231601051,0.06753026214134039,0.010954817360166683,0.015532711074427176,1434539.1,0.5215856437792459,0
2019-06-25,9.573777198791504,9.906930715802037,9.424734813915611,9.871861968543291,1043779,-0.03019534464768381,-0.08771926476528535,-0.08389261316245278,10.229563140869141,11.412608242034912,0.9358930647333666,0.8388772308445123,40.46512357406273,-0.36794977698444065,-0.4002219739249722,0.03227219694053157,0.013238360743303285,0.016621501199027094,1365818.8,0.7642148431402467,1
2019-06-26,9.801724433898926,9.968300773669808,9.608845906712995,9.573777159597816,1604002,0.02380954041171912,-0.04362688892904598,-0.05654010739514048,10.170822906494141,11.313714294433593,0.9637100679081194,0.8663577830245744,46.887986470036246,-0.3668755111713793,-0.39355268137425364,0.026677170202874356,0.016782119115884897,0.01779881091944371,1380544.9,1.1618615229392395,1
2019-06-27,9.977067947387695,10.1962478210049,9.784189424495194,9.801724215714906,2093032,0.017889047449890505,-0.010434797249459393,-0.04450044374130224,10.124356746673584,11.22253547668457,0.9854520338455792,0.8890208427601408,44.34781087040213,-0.3478654156700607,-0.3844152282334151,0.036549812563354434,0.018130050992085683,0.0169814664338775,1482365.3,1.4119542598575399,0
2019-07-02,9.836792945861816,10.161179057948877,9.740353266521836,9.97706793096921,745314,-0.014059742026975686,0.02747251597869993,-0.06265661768948949,9.935862064361572,10.970390968322754,0.99002913709369,0.8966674910917736,34.78258127846874,-0.30362124864310935,-0.349335023214463,0.04571377457135367,0.017170234941926335,0.015930949367145543,869655.5,0.8570221196784243,0
2019-07-03,9.547475814819336,9.845559747449851,9.310761144551266,9.836793187743721,4998017,-0.02941173333979663,-0.025939172315463166,-0.068434415854991,9.865724658966064,10.886225929260254,0.9677419697845002,0.8770234860878099,28.20511747754834,-0.31786470539444345,-0.3430409596504591,0.025176254256015662,0.01792436233850253,0.017202053057315477,1247669.2,4.005883129919373,0
2019-07-04,8.793496131896973,9.503639277097674,8.600618448695913,9.547475418226952,9291420,-0.0789716253328504,-0.11862922270671894,-0.12782614806937287,9.736846828460694,10.786981296539306,0.9031153808637189,0.8151952701279007,16.993443838583985,-0.38554824643964736,-0.35154241700829675,-0.03400582943135061,0.029064410059205084,0.024340477965493226,2078915.2,4.469359789182358,0
2019-07-07,8.267465591430664,8.574316931056897,7.995682164116942,8.793496817692027,4942411,-0.059820409604573355,-0.1713531836179043,-0.1742556021887346,9.562379741668702,10.677216053009033,0.8645824381356282,0.7743091036451156,12.777775763377235,-0.47614549981494214,-0.37646303356962585,-0.09968246624531629,0.032418559489075786,0.025851400143022035,2546621.0,1.9407721054683833,1
2019-07-08,8.477877616882324,8.591851252013173,8.337602630907394,8.26746513791993,3670463,0.02545060794323173,-0.1502636183707564,-0.14120780026116286,9.422981357574463,10.571659049987794,0.8997022593138808,0.8019439121896494,18.91890302737022,-0.524915089462521,-0.4061534447482049,-0.11876164471431605,0.03529658502382792,0.02582790754990955,2838843.8,1.2929429227490432,1
2019-07-09,8.600618362426758,8.714591157672874,8.451575985745107,8.477877335716917,2793922,0.01447776803241596,-0.12566845619690492,-0.10164836888909301,9.325665473937988,10.469433555603027,0.922252506961837,0.8214979651715619,23.595499781527963,-0.5473516590351402,-0.434393087605592,-0.11295857142954818,0.03591534090912881,0.02635443204156549,3013858.1,0.9270250646505221,0
2019-07-10,8.100887298583984,8.591850545212468,7.74143246756723,8.600617940140877,7563688,-0.058104085402269745,-0.1515152846986002,-0.17352427593583986,9.155581760406495,10.357213439941406,0.8848031190782918,0.7821493054631704,21.31977607273633,-0.5985571285050195,-0.4672258957854775,-0.131331232719542,0.03666471335386085,0.028492482046578605,3609826.7,2.0953050183821844,0
2019-07-11,7.513485908508301,7.934311706702871,7.346909570040682,8.100888045170489,6233126,-0.07251074708549021,-0.14556328952549868,-0.24692445234117466,8.909223556518555,10.239206981658935,0.8433379026627923,0.7337956857368833,18.543032840520212,-0.6787124405059188,-0.5095232047295658,-0.16918923577635303,0.03788695080777342,0.031203458257004265,4023836.1,1.5490506683410887,0
2019-07-14,7.206634521484375,7.627459480000754,6.891015384544656,7.513485844709684,4965201,-0.040840082853745185,-0.1283139383181533,-0.2776801201026906,8.632180213928223,10.12207727432251,0.8348568198166557,0.711971893335178,17.796598255824264,-0.7582557449927965,-0.5592697127822119,-0.19898603221058453,0.036803457948050775,0.030970469255663127,4520356.2,1.0984092359801203,0
2019-07-15,7.206634521484375,7.364443462875582,6.996221624173751,7.206634521484375,3839268,0.0,-0.14994827158939805,-0.2776801201026906,8.35513687133789,10.021955890655518,0.8625393733771822,0.7190846377805203,19.178068243313206,-0.8119349066848756,-0.6098027515627447,-0.2021321551221309,0.036803457948050775,0.030791510228955953,4904283.0,0.7828398157284153,1
2019-07-16,7.241703033447266,7.373210619697498,7.110194611092192,7.206634288040215,3206276,0.004866142699250897,-0.15800204958705544,-0.2638146321364082,8.095627880096435,9.925516738891602,0.8945202448412195,0.7296046366101799,14.903819376803426,-0.8419409223647083,-0.6562303857231374,-0.1857105366415709,0.03825119548124719,0.031208872895527675,5150379.2,0.6225320263797275,0
2019-07-17,7.1364970207214355,7.241703260237358,7.040057340753188,7.241703260237358,1567202,-0.014527799916665307,-0.11904748730810288,-0.25252525807456294,7.854530000686646,9.841702356338502,0.9085835842625288,0.7251283123925414,10.29409823928178,-0.8642476431020842,-0.6978338371989268,-0.16641380590315746,0.03854288677222993,0.03118973538313327,4807297.7,0.3260047739502382,1
2019-07-18,7.180332660675049,7.259237553007451,7.136497352583631,7.136497352583631,697907,0.0061424589439795785,-0.044340703089093214,-0.18344961401307003,7.693213653564453,9.754030418395995,0.933333322589868,0.7361400726342845,11.380118525506987,-0.8683785824515677,-0.731942786249455,-0.13643579620211277,0.03529685341794372,0.031634144922054616,3947946.4,0.1767772227100145,1
2019-07-21,7.2154011726379395,7.303073458160916,7.101428372004903,7.180332425649725,950247,0.004883967584810245,0.001216469508399376,-0.12725355880322053,7.588007211685181,9.662150201797486,0.9508954026198808,0.7467697170859164,12.230183454708254,-0.8589215330394335,-0.7573385356074507,-0.10158299743198285,0.03293302189592284,0.031928398086425364,3548730.0,0.26777100540193255,1
2019-07-22,7.320608139038086,7.399512191490076,7.2329358548404965,7.215401063559032,1838123,0.014580889389644636,0.015815096105392,-0.13650462181002976,7.472280263900757,9.58131667137146,0.9797020294333161,0.7640503273325399,15.254220994032778,-0.8333313057468441,-0.7725370896353294,-0.0607942161115147,0.03167779599509157,0.0326423201237907,3365496.0,0.5461670434313397,0
2019-07-24,7.373210906982422,7.51348589407621,7.259237270942501,7.320608204874689,2115033,0.007185573513192933,0.033169478747579806,-0.08982675166074194,7.271511602401733,9.434203157424927,1.0139859922037529,0.7815403997506183,22.99997679408888,-0.7672805933035924,-0.7764855087173319,0.009204915413739467,0.0272280845361567,0.03178652055042653,2541238.3,0.8322844024505691,0
2019-07-25,7.232935905456543,7.364443496568349,7.15403101634751,7.373210892270436,991327,-0.019024954432408592,0.00732601778599884,-0.03733952608256863,7.243456602096558,9.367572469711304,0.9985475585458785,0.7721248945597378,26.953090475834358,-0.7411261068849493,-0.7694136283508555,0.028287521465906185,0.016517593561924306,0.03091939537839958,2017058.4,0.4914716400873669,1
2019-07-28,7.2504706382751465,7.3469094819042295,7.16279835417244,7.232935847012659,1169300,0.00242428981091547,0.004860362549236497,0.00608274454047697,7.247840213775635,9.304273319244384,1.0003629252883517,0.7792624302296366,20.085464821010817,-0.7107900364815656,-0.7576889099769976,0.04689887349543198,0.010133088261712355,0.030987969519648433,1637468.3,0.714090159791185,0
2019-07-29,7.154031276702881,7.276772312684366,7.066359824806023,7.250470960725799,745727,-0.01330111745617768,-0.022754511533941035,-0.007299280215289583,7.2425798892974855,9.247987928390502,0.9877738852800982,0.7735770561227313,14.285704195025573,-0.6866154570432945,-0.743474219390257,0.05685876234696252,0.01105901252283936,0.030782954217949337,1328114.2,0.5614931306359047,0
2019-07-30,7.013755798339844,7.2592370171723815,6.873480816149822,7.154030780529865,1166305,-0.01960789280022368,-0.041916236311285715,-0.03147702053710322,7.219785165786743,9.182760000228882,0.9714632274069268,0.763796048047104,17.368416231460557,-0.6710406485545981,-0.7289875052231253,0.05794685666852717,0.012330934722674112,0.030789281541364944,1124117.1,1.0375298089496192,1
2019-07-31,7.101428508758545,7.259237455192029,6.8822482087827455,7.013756221547246,1863418,0.012500108777590002,-0.03686079262516406,-0.004913967155183552,7.216278314590454,9.119811573028564,0.9840846207941154,0.7786814948853442,32.33086211951874,-0.6441971419439607,-0.7120294325672923,0.06783229062333163,0.012514470222213046,0.031272799413806576,1153738.7,1.6151126767265414,1
2019-08-01,7.2154011726379395,7.276772106945975,7.154031074434784,7.101428372004903,1051385,0.016049258784880616,-0.002424289810915581,0.004883967584810245,7.219785165786743,9.053356218338013,0.9993927806647795,0.7969863328720893,50.45042264024841,-0.6067327901652595,-0.6909701040868859,0.08423731392162637,0.013449068023021832,0.027958473442271325,1189086.5,0.8841955568413231,1
2019-08-04,7.224168300628662,7.33814193314185,7.110194668115474,7.215400905180375,2148873,0.0012150575942984077,-0.0036276731482277613,0.0012150575942984077,7.220661878585815,8.98058847427368,1.0004856095053067,0.804420369703326,50.892826358372744,-0.5697666719785239,-0.6667294176652134,0.0969627456866895,0.013368076906810971,0.025384642845330405,1308949.1,1.6416780453877082,1
2019-08-05,7.425814628601074,7.601158366799025,7.206634746827411,7.224168702594758,2956748,0.027912739512846674,0.03799023814492619,0.014371277298939278,7.231182527542114,8.918166065216065,1.0269156670181738,0.8326616228379422,58.01528365605381,-0.5182257991224164,-0.6370286939566541,0.11880289483423767,0.015462157706207971,0.025552686669121593,1420811.6,2.0810274916111324,1
2019-08-06,7.776501655578613,7.97814756993144,7.36444326754837,7.425814199449585,6209106,0.04722539472327281,0.1087499877625211,0.062275361265332174,7.276771879196167,8.862582054138183,1.0686746519856067,0.8774532758145298,72.95594816578111,-0.4439640327768588,-0.5984157617206951,0.1544517289438363,0.0211184703505398,0.027894948539647746,2041722.2,3.0411120572622465,1
2019-08-07,8.065818786621094,8.162258461393684,7.97814734313353,7.776501434512971,6209833,0.03720402101823428,0.13580229339394445,0.09393572059396438,7.346032667160034,8.814011783599854,1.0979829728608228,0.9151132293275446,77.00532457450959,-0.3576428887730847,-0.550261187131173,0.1926182983580883,0.02328710294518542,0.026381825335843885,2451202.2,2.533382598954913,1
2019-08-08,8.521714210510254,8.872401694027173,8.039518293595806,8.065819645833347,10276259,0.05652190260527079,0.18104510152894626,0.17818190592307803,7.474910497665405,8.781397838592529,1.1400423072853902,0.9704279850593927,81.70212234134515,-0.24956893428582916,-0.49012273656210426,0.2405538022762751,0.02526210437584383,0.02328064954026823,3379695.4,3.0405873263016545,0
2019-08-14,9.144184112548828,9.345829184310453,8.679522202993674,8.521713270864304,6987290,0.0730451510883634,0.13369570460923774,0.28765418130603604,8.093874549865722,8.682328605651856,1.1297659799657422,1.0531948890527274,90.07350882777794,0.058675810663105565,-0.22301066375630857,0.28168647441941413,0.026803360350892393,0.02443466987354409,3583949.4,1.949606208168006,1
2019-08-15,9.179253578186035,9.433502204701938,8.802263918277841,9.14418483094608,8435424,0.003835166178366878,0.07716045755967804,0.2721750819615363,8.290259790420532,8.66724905014038,1.1072335258772885,1.0590734759187936,90.14596634843944,0.1345301248163615,-0.15150250604177457,0.28603263085813607,0.027570327062603244,0.024472914428361085,4322353.3,1.9515813295502709,1
2019-08-18,9.503640174865723,9.643915170846705,9.328296429889496,9.17925403763347,3675605,0.035339103982329645,0.11522634297503309,0.3155341596954069,8.518206977844239,8.653221549987792,1.1156855192160258,1.0982776899869309,94.66665578891357,0.21830402965941254,-0.07754119890153714,0.2958452285609497,0.026429331837842424,0.024909016511090308,4475026.5,0.8213593818941631,1
2019-08-19,9.512407302856445,9.784189890878112,9.284460022763824,9.503639906828674,5035390,0.0009225020970289322,0.11625514161508965,0.2809917535806381,8.726866245269775,8.6341090965271,1.0900141053510997,1.1017242423636533,100.0,0.2821504322148023,-0.005602872678269255,0.28775330489307155,0.02779442568203076,0.025083355162721945,4682890.7,1.075273868766572,1
2019-08-20,9.924464225769043,10.038437858268757,9.74035310190102,9.51240667300644,5697536,0.04331783846018267,0.16460890151992036,0.27621193504788244,8.941662502288818,8.623588447570802,1.1099126390901755,1.150850865171411,100.0,0.36182779066330717,0.06788325999004603,0.29394453067326115,0.02747932139919273,0.025720920871648435,4631733.7,1.2301087171743055,1
2019-08-21,9.985835075378418,10.196247547746738,9.819257907674867,9.924464143859026,4747843,0.006183794733223502,0.09204221529994872,0.2380435687375082,9.13366413116455,8.61552261352539,1.0933000088437907,1.1590515774053907,100.0,0.4250253581839569,0.1393116796288282,0.28571367855512875,0.027700894389094125,0.025739216812180728,4485534.7,1.0584787138086347,1
2019-08-22,10.012136459350586,10.126110091296134,9.854326686486774,9.985835109241565,3152726,0.002633869253160226,0.09073536035041552,0.17489699983157392,9.282706356048584,8.606930751800537,1.0785794654407772,1.1632644374716372,100.0,0.47179364418584946,0.20580807254023248,0.265985571645617,0.02536391759802293,0.024638364281686073,3773181.4,0.8355617357808454,1
2019-08-25,10.055973052978516,10.43296187519561,9.661449439162777,10.012136910086793,7296483,0.00437834560145145,0.05811803350610312,0.1800411049429449,9.43613224029541,8.596760807037354,1.0656880167529,1.169739775096062,100.0,0.5065558342011176,0.26595762487240954,0.24059820932870807,0.025083149333569102,0.02458270717298315,4502829.7,1.6204217094863702,0
2019-08-26,9.59131145477295,9.792957384905053,9.38089896463025,10.055973415635883,5706530,-0.04620752221168056,0.008294866841205284,0.1255143293755976,9.543091964721679,8.576245574951171,1.0050528162391734,1.1183578374652077,83.06708898768068,0.4909514301203153,0.3109563859219907,0.17999504419832457,0.031888652784104195,0.027615359484470744,5073482.7,1.1247756890941996,0
2019-08-27,9.52994155883789,9.828026344327464,9.380899166093105,9.591311660754592,2310158,-0.006398488488716381,-0.039752540586197815,0.11831273889520255,9.643914699554443,8.556957759857177,0.988181859310533,1.1137067432476089,79.0940914459152,0.46823526508076085,0.3424121617537448,0.12582310332701607,0.03222628088512336,0.026889400149218947,5304498.5,0.43550921920328567,1
2019-08-28,9.608845710754395,9.74035330072819,9.4773381207806,9.529940822328172,2050798,0.008279605014296143,-0.03775241247009453,0.05081498715318933,9.690380859375,8.544157676696777,0.9915859706853808,1.1246100638991523,75.40983314222945,0.4513960337629861,0.364208936155593,0.08718709760739307,0.023982533266383943,0.026933053060474856,4810849.3,0.42628606138213476,0
2019-08-29,9.512407302856445,9.687751042887344,9.380898870754592,9.608846150847214,2667991,-0.010036419649241957,-0.049912339741177925,0.03629420647688941,9.723696231842041,8.532760334014892,0.9782707188760493,1.1148100884699996,72.1568821502659,0.425365697100359,0.37644028834454624,0.04892540875581275,0.02446832247209699,0.027533696218766515,4234106.0,0.6301190853511934,0
2019-09-02,8.907469749450684,9.643914243651777,8.67952248484466,9.696517780139647,9089653,-0.06359458065090495,-0.07129803974637516,-0.06359458065090495,9.664079189300537,8.503477916717529,0.921709101816185,1.0475090118055015,56.79010687736398,0.32753095018979295,0.37044782839572293,-0.04291687820592999,0.0297263044252035,0.032349915040997976,4271971.8,2.1277418076589365,0
2019-09-03,8.697057723999023,9.1354174849421,8.4340417002122,8.907470208586526,5303373,-0.02362197474368477,-0.08739653120605617,-0.12367483763839238,9.541338539123535,8.48594352722168,0.9115133781635981,1.024878105316176,40.79423360874619,0.25013843463532126,0.3463859496436426,-0.09624751500832135,0.024412526879037524,0.031892490196963344,4232555.5,1.2529955011812604,1
2019-09-04,9.33706283569336,9.565010118446349,8.618153075123836,8.697057968084865,10196804,0.07358869309654903,-0.028284653874382726,-0.06496925242483764,9.47646131515503,8.476650295257569,0.9852900281206509,1.101503838245771,52.601152980019805,0.2377072312490558,0.32465020596472527,-0.08694297471566947,0.03654098343910243,0.03467691353620514,4777451.6,2.134360502992851,1
2019-09-05,9.810491561889648,10.029671453082138,9.556242921550558,9.337063030358069,3717331,0.05070424549211383,0.03133636413399721,-0.020140046860090077,9.456296825408936,8.473318767547607,1.0374559664338154,1.1578098064082456,54.820931933667815,0.2630251642327508,0.3123251976183304,-0.04930003338557959,0.04073812028414287,0.034269680369776394,4833912.1,0.769010880441951,0
2019-09-08,9.705284118652344,9.898162633246367,9.573776534582,9.810490353129584,1748102,-0.010723972654540503,0.020276341167390965,-0.03487369471642532,9.421227931976318,8.4678830909729,1.0301506543230865,1.1461287330476446,52.941154229179844,0.2714710972895613,0.30415437755257657,-0.03268328026301526,0.04078451127543126,0.03447841637767673,4279074.0,0.40852343287356097,0
2019-09-09,9.696517944335938,9.863094279842699,9.529940772724316,9.70528450381166,3283437,-0.0009032372684030232,0.08858275324863318,0.01096893684029343,9.431748580932616,8.462272090911865,1.0280721396601458,1.1458527733644492,46.03659901562915,0.2742952976331665,0.2981825615686946,-0.02388726393552809,0.037836811158267675,0.03448877140272495,4036764.7,0.813383301731706,0
2019-09-10,9.608845710754395,9.74035330072819,9.48610468030195,9.696517994806836,1760187,-0.009041620309974796,0.10483867253627,0.008279605014296143,9.439638996124268,8.457713146209716,1.0179251256006294,1.1361044699252483,43.50453152348446,0.2663883214613012,0.2918237135472159,-0.02543539208591472,0.037909060968534566,0.034644775362100276,3981767.6,0.44206171148712947,0
2019-09-11,9.468570709228516,9.678983187274627,9.293226977523423,9.60884569459259,2308586,-0.01459852783033877,0.014084501287967566,-0.01459852783033877,9.42561149597168,8.4561350440979,1.004557711006357,1.1197279442500463,40.988377240691925,0.24596760415123775,0.2826524916680203,-0.03668488751678256,0.03814174251475842,0.031163974273140237,4007546.4,0.5760597057591149,0
2019-09-12,9.389665603637695,9.538707981164075,9.310760717170218,9.468570490105172,1746485,-0.008333370263995166,-0.04289550177961676,-0.012903326709096219,9.413337326049804,8.468058433532715,0.9974852996772354,1.108833350329221,39.08044791365809,0.22087099266002497,0.2702961918664213,-0.04942519920639632,0.03809981092582835,0.031249097802487625,3915395.8,0.44605579849679566,0
2019-09-15,9.258158683776855,9.42473502801373,9.170486395585929,9.389666279958341,2085930,-0.014005495553525593,-0.046070308649302616,-0.026728104777771877,9.387912464141845,8.487872295379638,0.9861786333372198,1.0907514111418148,43.87097566538589,0.18820077645824007,0.2538771087847851,-0.06567633232654502,0.038329888991685185,0.03038050342162909,4123988.8,0.5058039924841697,0
2019-09-16,9.074047088623047,9.293226961912445,8.968840013671855,9.258158215630337,3056037,-0.01988641601881691,-0.06419529766110488,0.018700859375091916,9.404570198059082,8.499795684814453,0.964855054247535,1.067560612643259,41.97530076674789,0.14577275017439106,0.2322562370627063,-0.08648348688831523,0.03259557967767617,0.030670719834712125,3520627.2,0.8680376610167643,0
2019-09-17,8.854866981506348,9.205554435066961,8.416507246503159,9.074046849007942,3550886,-0.024154614250515127,-0.07846714911908514,0.018145131665834313,9.420351123809814,8.504880657196045,0.939972073771835,1.0411512328528887,37.35294230564965,0.09338573812873996,0.20448213727591302,-0.11109639914717306,0.03264307787305363,0.02910450028169174,3345378.5,1.06143026865271,0
2019-09-18,8.714591979980469,8.854867810644482,8.600619173979894,8.854867810644482,1066842,-0.015841570722501808,-0.07962962440711174,-0.06666666666666665,9.358104038238526,8.517154750823975,0.9312347826409519,1.0231811250273917,36.811587805562475,0.040087529274625666,0.17160321567565556,-0.1315156864010299,0.021163540731383046,0.029064298851235373,2432382.3,0.43859963953857095,1
2019-09-19,8.758427619934082,8.925004793449492,8.644453984398504,8.714591477635034,2271791,0.005030142553353656,-0.0672268864888077,-0.10723865723940573,9.252897644042969,8.542053585052491,0.9465605215651307,1.025330446915039,37.71427239458287,0.0013696955615820627,0.13755651165284086,-0.1361868160912588,0.008607254118780121,0.02910835416906831,2287828.3,0.9929901645154053,0
2019-09-22,8.048285484313965,8.635687631292713,7.890475702706275,8.75842782933879,2029043,-0.08108100750913805,-0.13068183866657646,-0.1707315946736515,9.08719778060913,8.558886604309082,0.8856729740699529,0.9403425768325931,36.46409586855334,-0.08562991369966433,0.09291922658233982,-0.17854914028200414,0.02368409329934368,0.033416862904124545,2315922.4,0.8761273693799068,0
2019-09-23,7.539788246154785,8.013216756004185,7.2504708699193126,8.048285503544701,3906176,-0.06318081523701369,-0.16908208955537607,-0.222423112148312,8.871524810791016,8.56554967880249,0.8498863957392813,0.8802456968773179,33.33333333333333,-0.1933800435016586,0.03565937256554014,-0.22903941606719874,0.026613514460302724,0.03456609389837989,2378196.3,1.6424951968851353,0
2019-09-24,7.0312910079956055,7.443348583697421,6.785808938435708,7.539788266776273,5186977,-0.06744184605164583,-0.2059405270931043,-0.2682481101631118,8.613769340515137,8.561341438293457,0.8162850350454249,0.8212837974836291,15.485563555103568,-0.3161597819347044,-0.034704458334508775,-0.28145532360019565,0.029130748700942188,0.0367294986094761,2720875.3,1.9063633677000928,1
2019-09-25,7.364443302154541,7.531020471677226,7.066359381096568,7.031290635318874,2316150,0.047381383273724875,-0.15492964913647667,-0.2222222837733252,8.40335659980774,8.565900363922118,0.8763692477745181,0.859739547423657,11.780784114051428,-0.3821755218347018,-0.10419867103454739,-0.27797685080015444,0.03807482763655493,0.03897468011150901,2721631.7,0.8510152200240759,1
2019-09-26,7.487184524536133,7.644994302679441,7.27677204441497,7.364443493079684,2881309,0.016666734652662996,-0.14514512770586974,-0.2026143591699915,8.213108491897582,8.57203740119934,0.9116139804950111,0.8734428204301322,15.531318189820894,-0.4197506561893345,-0.16730906806550483,-0.25244158812382966,0.04000088897912408,0.039516667213473106,2835114.1,1.0162938415776634,1
2019-09-29,8.171026229858398,8.328836022040111,7.8028039388377035,7.487185190579227,3752938,0.09133496083624748,0.015250545694937667,-0.11742426232372183,8.104395246505737,8.59114990234375,1.0082215861055628,0.9510980861396986,30.40540242574089,-0.3898549056871765,-0.21181823558983917,-0.17803667009733734,0.05374675839886395,0.04567151560321651,3001814.9,1.2502229900984234,1
2019-09-30,8.27623176574707,8.381438842201138,8.188560316841848,8.171025525397878,2295050,0.012875437298711878,0.09767429741383826,-0.08792276644412278,8.02461371421814,8.61026237487793,1.0313557836538736,0.9612055249204186,32.95962763898601,-0.35359705379052464,-0.2401739992299763,-0.11342305456054835,0.054149840265634464,0.04381066600331165,2925716.2,0.7844404047118445,1
2019-10-01,8.925004005432129,9.161717815178973,8.416506806311713,8.276230996119187,7902192,0.0783898104896168,0.269326499967516,0.007920731510960621,8.031627416610718,8.64235029220581,1.1112323247183706,1.0327056534009311,43.84919620012065,-0.2694063979559864,-0.24602047897517834,-0.02338591898080808,0.060099874359007065,0.047071166455686556,3360846.8,2.351250286088613,1
2019-10-02,8.968840599060059,9.117882989513102,8.784730296140918,8.925005290424979,4186056,0.0049116609472947825,0.21785724067372958,0.029175045677831024,8.057052278518677,8.674262886047364,1.113166489309291,1.033959970649094,45.200001827464305,-0.1968779632895945,-0.2361919758380616,0.03931401254846709,0.0597568080441677,0.04400506259216404,3672768.2,1.1397550218388408,1
2019-10-03,9.503640174865723,9.86309506109322,8.819799151405974,8.96884070755707,6770389,0.05962861864907176,0.2693209501811389,0.08508519876736154,8.13157353401184,8.719676971435547,1.1687332267383372,1.0899073676695055,52.56410307493939,-0.09514799317855527,-0.20798317930616034,0.11283518612760507,0.06225387891616955,0.04459919592624527,4122628.0,1.6422507681993137,1
2019-10-07,10.958993911743164,11.493792513638473,10.450496661126673,9.503639654040454,19391935,0.15313645193832315,0.3412016561269906,0.3616557132698812,8.42264437675476,8.793847436904906,1.3011345868986643,1.246211512125153,65.55716649271693,0.10173587686651153,-0.14603936807162599,0.24777524493813752,0.06799554593883464,0.05619445701705437,5858917.2,3.30981550652397,0
2019-10-08,10.888856887817383,11.344750619458532,10.44172971624449,10.958994384992945,7185622,-0.0063999509891711215,0.31567810037452215,0.44418603445137705,8.757551240921021,8.868543949127197,1.2433677620905608,1.2278066106769439,67.21069468072557,0.24923526172407762,-0.06698444211248526,0.3162197038365629,0.06105344071978301,0.05625135971204363,6186861.8,1.1614324405953274,0
2019-10-09,10.345290184020996,10.695977646758713,9.994601885178417,10.888856169316888,12650492,-0.049919537872201936,0.15913563486631732,0.4713215783924871,9.08895115852356,8.93517463684082,1.1382270631214966,1.1578162268218124,62.91666924761698,0.3185957234979693,0.010131591009605645,0.30846413248836363,0.057823605848452704,0.05760166160798125,6933213.3,1.8246217810722771,1
2019-10-10,10.590771675109863,10.853787696850663,10.31022169784228,10.345290445000728,6520960,0.0237288163717273,0.18084066252886521,0.4380953509427423,9.411583995819091,9.004961500167846,1.1252910965693557,1.1761040482974257,64.06460774912341,0.38888981422251767,0.08588323565218806,0.30300657857032964,0.05800796611741652,0.057544948336024325,7353694.3,0.8867597338116163,1
2019-10-13,10.958993911743164,11.186941185772595,10.739814033508301,10.590771649420203,7603633,0.034768215945839565,0.15313645193832315,0.46370025686285943,9.758764934539794,9.079833354949951,1.1229898440278365,1.2069598067864067,73.57954462052302,0.46890559290654465,0.16248770710305938,0.3064178858034853,0.05753368858038742,0.057741637127514706,7825926.7,0.9715952233490763,0
2019-10-14,10.590771675109863,11.011597477116121,10.213782016077886,10.958993938326007,9149842,-0.03360000375935335,-0.03360000375935335,0.29613727543907276,10.000739479064942,9.147165422439576,1.058998856762549,1.1578200662173301,75.29069546827489,0.4968785106864555,0.2293658678197386,0.2675126428667169,0.05875870230695096,0.05832115614056861,8365617.1,1.0937438195683138,0
2019-10-15,10.213781356811523,10.450496011930548,10.055972422837003,10.590770991510047,4065247,-0.03559611422691056,-0.06199691464042878,0.23411011749132138,10.194494438171386,9.202924757003784,1.001891895547848,1.1098407980613378,76.96878115940085,0.48305887944536074,0.28010447014486306,0.20295440930049768,0.06203044372275015,0.05882462211746911,8542636.8,0.47587730757791313,1
2019-10-16,10.424195289611816,10.599539024638343,10.213781971475102,10.213781971475102,5517426,0.020600982677191126,0.007627152471053389,0.16797653908807408,10.344413566589356,9.255878629684448,1.0077125418960569,1.1262242847675714,76.47950851704121,0.48351174556879783,0.32078592522965005,0.1627258203391478,0.05889986746212973,0.05840557166839529,8304160.2,0.6644170954216417,1
2019-10-17,10.503098487854004,10.652140859513786,10.266384673873935,10.424194440597189,6488346,0.007569236382286348,-0.008278262429347483,0.17106535363720665,10.49783935546875,9.304624223709107,1.000500972838998,1.128804155367292,76.29967987127655,0.48465072207150506,0.3535588845980211,0.13109183747348396,0.05884460262458825,0.05809905815508731,8534389.2,0.7602589767056792,0
2019-10-20,10.292686462402344,10.459263631301027,10.178712830025573,10.503098936280297,1972515,-0.02003332880244668,-0.06080005652953557,0.08302569047420505,10.576743984222412,9.340043668746949,0.9731431977323263,1.1019955395758017,70.16665814575543,0.4632349925481769,0.37549410618805223,0.08774088636012467,0.05787558848297885,0.05850215037657666,8054601.8,0.24489292568131674,0
2019-10-21,10.240083694458008,10.38035867611828,10.126110062832826,10.292686394528188,2884014,-0.005110693708244796,-0.03311259947903822,-0.06560001977141394,10.504852962493896,9.374411058425903,0.9747955284113724,1.092344215613846,68.85522033503494,0.4369810236263856,0.38779148967571897,0.04918953395066661,0.02828524082543338,0.05463712769813969,6403809.7,0.45035910420636016,0
2019-10-22,10.231316566467285,10.3452902010711,9.99460190165055,10.240083962076394,6374247,-0.0008561578452203067,0.0017168185849276707,-0.06038653351076395,10.439098930358886,9.408603105545044,0.9800957568006823,1.0874426789708418,64.29942855233955,0.41073246199749924,0.392379684140075,0.01835277785742423,0.028339501304300935,0.051734565322709064,6322672.2,1.008157120655409,0
2019-10-23,9.898162841796875,10.064739174202666,9.77542181426824,10.231316342713301,2370181,-0.03256215585805522,-0.0504626432257228,-0.04322037702864434,10.394386196136475,9.436132078170777,0.952260446651093,1.0489639992105393,59.56678246701673,0.3589102722917872,0.3856858017704175,-0.026775529478630322,0.025753650771064188,0.049282096047235005,5294641.1,0.44765659375854583,1
2019-10-24,9.985835075378418,10.091041311562579,9.880628839194259,9.898162793839198,2107473,0.008857424855785334,-0.049248649155652524,-0.0571192183429986,10.33389253616333,9.452965097427368,0.9663188426271234,1.0563706702033704,55.46718787642345,0.321212492468554,0.37279113991004487,-0.05157864744149088,0.024359163230116606,0.04883836279548345,4853292.4,0.4342357365486571,1
2019-10-27,10.205015182495117,10.34529016736435,9.994601869086404,9.985835309610723,2495494,0.02194910144842277,-0.008517822847074696,-0.06879999526599945,10.258494663238526,9.47348032951355,0.994786810102358,1.0772192296322771,38.121549617595754,0.3055011066509046,0.3593331332582168,-0.05383202660731223,0.02224445639616722,0.0488540511233349,4342478.5,0.5746704330257478,1
2019-10-28,10.538168907165527,10.625840356466286,10.34529038093605,10.34529038093605,6305341,0.03264607829705879,0.02910964613197886,-0.004966849400404039,10.253234386444092,9.494170904159546,1.0277897207829512,1.1099619981086069,44.897958617359734,0.31628648774581514,0.3507238041557365,-0.03443731640992137,0.02324411071296392,0.045801291783180875,4058028.4,1.553794202130276,1
2019-10-29,10.678443908691406,10.809951500864452,10.538168920745521,10.538168920745521,5050177,0.013311136190889528,0.043701838303934704,0.04549368501705797,10.29970064163208,9.517491636276246,1.0367722597226194,1.1219809080777283,55.49133347774131,0.33232219684223097,0.3470434826930354,-0.014721285850804455,0.019883860950259614,0.04580095793230285,4156521.4,1.215000841809692,0
2019-10-30,10.511866569519043,10.695977697353454,10.37159158376042,10.67844374218606,4054948,-0.01559940199121923,0.062001781293260505,0.008410364298776507,10.308467769622803,9.529239683151244,1.0197312349848557,1.1031170291691994,48.664683063562876,0.32781041825909263,0.34319686980624686,-0.015386451547154234,0.019949768947376663,0.043590290203686356,4010273.6,1.0111399880546803,1
2019-10-31,10.529400825500488,10.68720975840386,10.389125846873126,10.511866035119656,5426625,0.0016680440020317988,0.05443367990948644,0.0025042455497203964,10.311098003387452,9.540110998153686,1.0211716368170798,1.1036979367995048,41.75083496835379,0.3219385618034849,0.3389452082056945,-0.017006646402209613,0.019821286653200116,0.04361261018198827,3904101.5,1.3899805115210246,0
2019-11-03,10.494332313537598,10.608305945225707,10.389126077234307,10.529401058972029,1821959,-0.0033305325292547483,0.028350485116254598,0.019591177859331177,10.331262588500977,9.549754915237427,1.0157841041827862,1.0989111664837616,47.87644382248512,0.31087180081354937,0.3333305267272655,-0.022458725913716115,0.018569826605220045,0.04200144850054435,3889045.9,0.46848482811683967,0
2019-11-04,10.275152206420898,10.520633418749025,10.152411182204423,10.494332069311502,4009601,-0.020885569521555847,-0.024958482167218632,0.0034246313808812268,10.334769439697265,9.554138498306274,0.9942313920378941,1.0754661143171038,51.45229358212257,0.2811741100022864,0.3228992433822697,-0.04172513337998329,0.019874377958175735,0.0240556120186716,4001604.6,1.001998298382604,0
2019-11-05,10.257617950439453,10.432961682665667,10.12611036029601,10.275152741714509,1480674,-0.0017064716540634572,-0.03940892154796394,0.002570674438749032,10.337399578094482,9.567464628219604,0.9922822343228281,1.0721354453910616,45.66208095144195,0.2533036809977638,0.3089801309053685,-0.05567644990760473,0.019882736256876345,0.024042969420959057,3512247.3,0.42157452865007544,0
2019-11-06,10.134878158569336,10.257618357951443,10.047205870920774,10.257618357951443,2000180,-0.01196572074171065,-0.03586312749087295,0.023915076015206038,10.361071109771729,9.579563360214234,0.9781689606406556,1.0579686962206891,40.62504400880516,0.2187900146940649,0.2909421076631078,-0.0721520929690429,0.016932751770739465,0.021481632888004858,3475247.2,0.5755504241539997,1
2019-11-07,10.538168907165527,10.739813993051666,10.16994664622965,10.134877899288371,7811934,0.039792362797691494,0.0008327237048288971,0.055311731829917,10.41630449295044,9.598149824142457,1.0116993905369762,1.0979375296537484,55.69108045783873,0.22142740121372384,0.277039166373231,-0.055611765159507165,0.020643576082057184,0.022712345363010356,4045693.3,1.9309259058268209,1
2019-11-11,10.722278594970703,10.853787015639748,10.590771010406492,10.538168311022739,3438841,0.01747074747302535,0.02172089415722578,0.0506871771599966,10.468030834197998,9.622347249984742,1.0242880217683448,1.1143100863448578,60.536386331525925,0.23565715319832847,0.26876276373825053,-0.03310561053992206,0.02029483434673896,0.021621694162601717,4140028.0,0.8306323049022857,1
2019-11-12,10.748580932617188,10.862554564365247,10.590771160026822,10.722278746448898,4159795,0.0024530548626875426,0.04607510591428965,0.019966659037756518,10.489072036743163,9.647070722579956,1.0247408822215127,1.1141807955713472,61.21672925170518,0.24621845985666013,0.26425390296193246,-0.01803544310527233,0.017846257730411656,0.020205764598675995,3925473.4,1.0596925710921898,1
2019-11-13,10.83625316619873,10.923925454258788,10.74858171424358,10.74858171424358,4707967,0.008156633338964436,0.056410291215270636,0.014778300926306276,10.504852962493896,9.685646390914917,1.031547343393387,1.1187950425655717,72.76597399243,0.25868087590195366,0.2631392975499367,-0.004458421647983046,0.017559266761858722,0.018323442683497095,3891252.4,1.2098847661488112,0
2019-11-14,10.792417526245117,10.8713215797458,10.669676493958145,10.836252832821648,2198955,-0.004045276469762493,0.06487886261561138,0.026688976203292025,10.532908058166504,9.72755358695984,1.0246379695565089,1.1094688330180744,70.00002364731449,0.2620000867000911,0.26291145537996763,-0.0009113686798765119,0.016658423853812516,0.0179101089637061,3705653.1,0.5934055187194938,0
2019-11-17,10.599538803100586,10.888856168873641,10.283919250544626,10.79241732565091,3123367,-0.017871688403037322,0.00582358249100845,0.00666115563102454,10.539921855926513,9.752803106307983,1.0056562987837097,1.0868197263456436,59.91189490642727,0.24622851511787047,0.2595748673275482,-0.013346352209677725,0.017900497413050005,0.018382660533481397,3475327.3,0.8987259991310746,0
2019-11-18,10.459263801574707,10.564470040226409,10.34529016734248,10.599538786443643,2268308,-0.01323406651286052,-0.024529748137617213,-0.003341662043392035,10.536415004730225,9.765778551101684,0.9926776609386702,1.071011773085392,47.80486665980394,0.21987581913978893,0.25163505768999633,-0.0317592385502074,0.018421212921057938,0.018040346688993975,3519962.2,0.6444126019307821,0
2019-11-19,10.380359649658203,10.52063464447441,10.169947157433896,10.45926454326855,4841836,-0.007543948925413324,-0.03425766482732573,0.010239015551668507,10.546935749053954,9.779280061721801,0.9842062089540374,1.061464605179798,41.41414307893635,0.19042906437000617,0.2393938590259983,-0.04896479465599213,0.01719778107706616,0.018091551512873682,3603185.7,1.343765324113048,0
2019-11-20,10.257617950439453,10.380358981050236,10.16994650237878,10.380358981050236,1825175,-0.011824416818042693,-0.053398089439641416,0.0,10.546935749053954,9.790502061843872,0.9725685445044593,1.0477111271357629,42.48704108358353,0.15539675269680053,0.22259443776015878,-0.06719768506335824,0.017675542518888684,0.018310437218440983,3637635.8,0.5017475911139867,0
2019-11-21,10.187479972839355,10.31022099761025,10.117342483285938,10.257617462392773,1624890,-0.006837647681847359,-0.056052089528103255,0.005190177271696461,10.552195930480957,9.802074747085571,0.9654369611743004,1.0393187397258294,40.200992664341705,0.12058382935286538,0.2021923160787001,-0.08160848672583473,0.017356859816329496,0.01671555871966406,3600106.8,0.45134494343334486,0
2019-11-24,10.108575820922852,10.240084250448302,10.01213697482143,10.187480711417145,760193,-0.0077452080521256406,-0.046319277781606605,-0.040765439425683336,10.50923662185669,9.814874849319459,0.9618753658947444,1.0299240668997178,39.215681046825054,0.08564022396638116,0.17888189765623633,-0.09324167368985517,0.010665978680597753,0.016746989808788283,2894932.7,0.26259436013832027,0
2019-11-25,10.03843879699707,10.169947232689085,9.950767342640654,10.108576294924173,870506,-0.006938368487142466,-0.04023466780848184,-0.06377746967835629,10.440852642059326,9.827850313186646,0.9614577603134445,1.0214277260132731,42.780765771897194,0.0516918221228746,0.15344388254956398,-0.10175206042668938,0.007505110097692686,0.01605310924222375,2638099.2,0.32997470299827997,0
2019-11-26,9.863094329833984,10.082274203830295,9.643914455837674,10.038438061810059,2163043,-0.017467304499135805,-0.049831155883047984,-0.08238172167417401,10.352303981781006,9.839949026107789,0.9527438865002438,1.0023521771977462,39.024386361296806,0.010517397974663112,0.12485858563458381,-0.1143411876599207,0.007495670857696791,0.014399938539502893,2438424.0,0.8870659901641388,1
2019-11-27,9.915698051452637,10.038438248060748,9.757888271693773,9.863094512831388,2281928,0.00533338928530136,-0.03333326515364787,-0.0849514219192995,10.260248470306397,9.85678204536438,0.9664189010772103,1.005977204915063,43.654816168654946,-0.017665314353923378,0.09635380563688238,-0.11401911999080576,0.006819820230568484,0.01402387187645572,2195820.1,1.0392144602374302,1
2019-11-28,9.933231353759766,10.064738937508235,9.81925772432884,9.915697399442221,1569792,0.0017682368115838898,-0.024956968726067452,-0.07961016800878706,10.174329853057861,9.878349332809448,0.9763032550762413,1.0055557886344468,27.45092741829413,-0.03814580486203134,0.06945388353709965,-0.10759968839913099,0.007486973915568145,0.013777693770157164,2132903.8,0.7359881866214502,0
2019-12-01,9.819258689880371,9.994602430821914,9.731587237462055,9.933232330518601,469692,-0.01147387590406368,-0.028620958695650178,-0.07361453434105703,10.09630184173584,9.900442667007447,0.9725599376684406,0.9917999649250416,14.482800010502672,-0.06284889961674445,0.04299332690633083,-0.10584222652307528,0.006815329648489836,0.013869593929122287,1867536.3,0.251503545071654,0
2019-12-02,9.319528579711914,9.880629372412661,9.074047348701225,9.819258437581324,2711431,-0.050892855148370164,-0.0716157394414969,-0.10896897176369136,9.982328319549561,9.911664686203004,0.9336026908131634,0.9402586623702736,9.045216516710212,-0.12135145957058135,0.010124369610948394,-0.13147582918152975,0.01534429215882744,0.017468620026749485,1911848.6,1.4182247485496497,0
2019-12-03,9.205554008483887,9.468570004518673,8.872400524987132,9.319527634635788,1782115,-0.012229649842605106,-0.06666673757353847,-0.1131758128643452,9.864847755432129,9.934810056686402,0.9331673672728301,0.9265958740991022,3.960366182013999,-0.1748958645375538,-0.026879677218752042,-0.14801618731880176,0.015286172276841993,0.017179319901603003,1605876.5,1.1097459860705352,1
2019-12-04,9.722819328308105,9.994601903399094,9.433501961995832,9.205554692748326,2588446,0.05619056923108645,-0.019451855244449923,-0.052136726549504187,9.811367893218994,9.978470678329467,0.9909749011682573,0.9743797062433057,26.171876161869477,-0.17359016354806478,-0.05622177448461459,-0.1173683890634502,0.026388765050835195,0.022019929584237027,1682203.6,1.5387233745071047,1
2019-12-05,9.757887840270996,10.003369058738707,9.556241926593886,9.722819094775609,3126384,0.003606825425706228,-0.017652212783949794,-0.04216863578762231,9.768408679962159,10.033002614974976,0.9989229730209032,0.9725790189376258,29.831929508476193,-0.16779145482651892,-0.07853571055299546,-0.08925574427352345,0.026515625436356896,0.021940747691003903,1832353.0,1.7062127221119512,0
2019-12-08,9.556241989135742,9.731586553865084,9.44226919260846,9.757887904132545,931006,-0.020664907655840947,-0.026785800135369797,-0.05464012355171555,9.713175296783447,10.0768385887146,0.9838432538430893,0.9483373088696795,28.97958223205316,-0.17742186255887127,-0.09831294095417062,-0.07910892160470065,0.02702899341703583,0.02000771541727377,1849434.3,0.5034004181711131,1
2019-12-09,9.600078582763672,9.775422319652002,9.512407132371951,9.556242439515367,809585,0.004587220968008898,0.030103454338076707,-0.043668166245585005,9.669339275360107,10.11909646987915,0.9928370811464927,0.9487090681801084,31.53527008411524,-0.17944821599071936,-0.11453999596148037,-0.06490822002923899,0.02719549065630269,0.01945649246404252,1843342.2,0.4391940899524787,1
2019-12-10,9.810491561889648,9.959533954788935,9.556242921550558,9.600079067010043,1675923,0.02191783924599955,0.06571441032753134,-0.005333292594112415,9.664078998565675,10.151885776519775,1.015150182789866,0.966371349900357,39.84065609747853,-0.16220573996299414,-0.12407314476178313,-0.03813259520121101,0.027891427578677675,0.020333553339432625,1794630.2,0.9338542280186748,0
2019-12-11,9.792957305908203,9.959533650234556,9.661449709656075,9.810491261892864,1628108,-0.0017872963725446,0.007213748937603848,-0.01237842710695014,9.65180492401123,10.182220287322998,1.0146244544940834,0.9617703241109964,40.81635552587729,-0.14824692315388965,-0.12890790044020445,-0.019339022713685206,0.027825686861324327,0.02013195233455805,1729248.2,0.9415120397407383,0
2019-12-12,9.59131145477295,9.792957384905053,9.494872605817106,9.792957384905053,938218,-0.020590904752908368,-0.017070946932858044,-0.0344218197291255,9.617612934112548,10.195546436309815,0.9972652799067936,0.9407353999796442,38.61005028544645,-0.15170681351476567,-0.1334676830551167,-0.018239130459648978,0.02847833020722606,0.020434494827495396,1666090.8,0.5631253710782149,0
2019-12-15,9.565010070800781,9.643914963368767,9.503639970405642,9.591311422955139,440872,-0.002742209352307068,0.0009175240303676002,-0.025892852720299175,9.59218807220459,10.20746982574463,0.9971666525719443,0.9370598428492556,39.37008413553161,-0.15478681735067212,-0.13773150991422778,-0.017055307436444345,0.02832766259731858,0.020238706592200704,1663208.8,0.2650731525711023,1
2019-12-16,9.635147094726562,9.740353334289065,9.538708250820486,9.565009601684894,1420719,0.007332665978041053,0.0036529400942459933,0.03386636054764969,9.623749923706054,10.210099964141845,1.0011842754758655,0.9436878315163874,44.628097687623274,-0.14984099716705224,-0.14015340736479268,-0.00968758980225956,0.02263236187792976,0.02031683377126746,1534137.6,0.9260701256523535,1
2019-12-17,9.836792945861816,9.924464393501504,9.64391442328672,9.635147027691293,1491438,0.020928154926209475,0.0026809445588169556,0.06857153157715179,9.686873817443848,10.187655944824218,1.0154765233080665,0.9655599874139197,48.26254112757381,-0.12817276818998558,-0.13775727952983124,0.00958451133984567,0.022490186388830147,0.021032971723845544,1505069.9,0.9909426798051041,1
2019-12-18,10.003369331359863,10.126110361991193,9.898163092006524,9.836792994743291,2534341,0.01693401359719826,0.021486055629458933,0.028854799578033274,9.714928817749023,10.169946193695068,1.0296904402514884,0.9836206741744145,51.44928307339054,-0.09644743247659804,-0.1294953101191846,0.03304787764258657,0.015156760604940072,0.021341044558968122,1499659.4,1.6899443967076793,0
2019-12-19,9.854327201843262,9.99460219123386,9.757888355663447,10.003369587096993,1394823,-0.014899192919865967,0.02742229238520122,0.009883220954258087,9.72457275390625,10.160126934051513,1.0133429458774825,0.9699019771905242,50.71427960942666,-0.08238168482809805,-0.1200725850609673,0.03769090023286925,0.016164229157337093,0.021531618959580605,1326503.3,1.0515036034965008,0
2019-12-22,9.78419017791748,9.863095072272449,9.714052679847493,9.854327675987468,1467324,-0.0071173833067631476,0.022914780590330253,0.023853329482540042,9.747367572784423,10.143995304107666,1.0037776973996415,0.9645302353359245,61.47185841408062,-0.0760176658174796,-0.11126160121226976,0.03524393539479016,0.014632383027970616,0.021522400903908785,1380135.1,1.0631741776584045,0
2019-12-23,9.635147094726562,9.792956872122751,9.52994085516406,9.784189476466326,946595,-0.015233052555264304,0.0,0.0036529400942459933,9.750874423980713,10.117518367767333,0.9881315947450274,0.9523231631011887,60.42553762706718,-0.0820547895729078,-0.10542023888439736,0.023365449311489567,0.015620667856133648,0.021713603222045002,1393836.1,0.6791293467000891,0
2019-12-24,9.503640174865723,9.573777672856213,9.459804029595434,9.635147774571662,796203,-0.013648667588356256,-0.0338680271943963,-0.031277880938804015,9.72018928527832,10.095775737762452,0.9777217187796362,0.9413481857880527,43.45551735999582,-0.09634021302178297,-0.10360423371187448,0.007264020690091508,0.014178152111664873,0.021585227587987095,1305864.1,0.609713522257025,0
2019-12-25,9.459802627563477,9.608844997730017,9.372130350016757,9.503638766336836,1500126,-0.00461271118178308,-0.054338361984930694,-0.03401982342389365,9.686873817443848,10.08069616317749,0.9765588781107618,0.9384076728865216,41.1458235957647,-0.10993161450559086,-0.10486970987061776,-0.005061904634973094,0.014177628346844207,0.021530761149055996,1293065.9,1.1601311271142485,0
2019-12-26,9.415966987609863,9.503639269801104,9.34582949629881,9.459803128705484,577292,-0.004633885259496595,-0.04448403277611923,-0.01828159454417766,9.669339370727538,10.060531597137452,0.9737963087856114,0.9359313567773111,45.402304958442606,-0.12282422666720194,-0.10846061322993461,-0.01436361343726733,0.012860186896134506,0.021517320158271173,1256973.3,0.45927148969671827,0
2019-12-29,9.319528579711914,9.45980356886088,9.205554942002157,9.415967425725606,1291597,-0.010242007860143176,-0.047491063619581775,-0.025664530332095703,9.644791221618652,10.03686019897461,0.9662758234540457,0.9285302768951609,41.11111513991221,-0.13921866216269052,-0.1146122230164858,-0.024606439146204723,0.013138900214495396,0.021491882254483917,1342045.8,0.9624090325382337,0
2019-12-30,9.310761451721191,9.398433740513944,9.205555206832834,9.319528847821449,383486,-0.0009407265523931896,-0.03366691134200861,-0.03366691134200861,9.612352657318116,10.017221698760986,0.9686246212193104,0.9294754305849919,31.847120960070285,-0.15117613993006707,-0.12192500639920206,-0.029251133530865003,0.012702858789820195,0.018210637314770163,1238322.5,0.30968184782235647,0
2019-12-31,9.126649856567383,9.46857076239071,8.94253872821711,9.310760984917655,1627070,-0.019774064249038825,-0.03966799156552314,-0.07219254214283122,9.541338348388672,9.994953022003173,0.9565377018737291,0.9131258382581405,28.409065625038636,-0.17350869403438374,-0.13224174392623841,-0.04126695010814532,0.010366606589701713,0.018554539634026757,1251885.7,1.2996953316105457,0
2020-01-02,8.591851234436035,9.117882430765874,8.28499907616498,9.126649826397587,2264947,-0.05859747339233312,-0.09175153301808325,-0.14110426698920508,9.400186538696289,9.962163715362548,0.914008588985686,0.8624483074080214,23.364472204770365,-0.23169040065041635,-0.152131475271074,-0.07955892537934234,0.01640867761323388,0.017913166896489845,1224946.3,1.8490173814150057,0
2020-01-05,7.785268783569336,7.995681250018687,7.732665248904589,8.591850741063332,1777066,-0.09387760901095754,-0.17318435867354942,-0.20996445276212328,9.193280696868896,9.919905834197998,0.846843367484786,0.784812770775536,16.50163345898403,-0.33897677199250964,-0.18950053461536115,-0.1494762373771485,0.029862392227635235,0.02640777280775395,1263170.6,1.4068297663039337,0
2020-01-06,7.118962287902832,7.45211580049274,7.013756047522579,7.785269313082647,5260884,-0.08558554806389362,-0.2361242066041398,-0.2724014805057612,8.926757907867431,9.862568378448486,0.7974857570214453,0.7218162667910182,11.320756376609708,-0.4723227176043814,-0.24606497121316523,-0.22625774639121615,0.03511185904519821,0.03122421045816305,1642526.6,3.202921645226324,1
2020-01-08,7.145263671875,7.294306055459573,6.847179322758295,7.11896232068504,6066962,0.0036945530694636464,-0.2325800946651766,-0.2584167525801767,8.677769565582276,9.801373348236083,0.8233986415373954,0.7290063767605492,6.267790639981129,-0.5693153256432044,-0.3107150420991731,-0.2586002835440313,0.03652102731621902,0.03119667414507237,2154563.3,2.8158662128887095,1
2020-01-09,7.338142395019531,7.452116034706453,7.232936151332734,7.1452638635412855,3368222,0.026993926606758478,-0.19596538594727309,-0.22785982423590523,8.461219787597656,9.737372817993164,0.8672676728922327,0.7536059810157187,7.062154097273577,-0.6234324243898062,-0.37325851855729975,-0.2501739058325064,0.040447578430429794,0.03152468020870587,2411765.2,1.3965795675300396,1
2020-01-12,7.6274590492248535,7.767734027474672,7.408279186683307,7.338141697558398,4552003,0.039426415928053515,-0.11224498177364961,-0.1936978656404137,8.277985429763794,9.676353120803833,0.9214148918165586,0.7882576166868149,15.675661055457326,-0.6356478264980883,-0.42573638014545745,-0.20991144635263081,0.045023305436405335,0.033635828701496805,2716952.9,1.6754074021673324,0
2020-01-13,7.601158618927002,7.785269759167981,7.531021121321383,7.627459971502878,4117088,-0.0034481247461465303,-0.023648530289782088,-0.19273733341152355,8.096504592895508,9.618138961791992,0.9388197748441766,0.7902941150177354,15.890399242192487,-0.640072488384483,-0.46860360179326266,-0.1714688865912204,0.04507084232421773,0.03362003097658435,3070932.5,1.340663788604927,1
2020-01-14,7.715131759643555,7.802803207894526,7.618692079631156,7.60115812442291,3778155,0.014994180023129244,0.08374387272057704,-0.1721542893876672,7.936064910888672,9.561853580474853,0.9721608689286316,0.8068657080670767,19.66757425205563,-0.6271529559775235,-0.5003134726301148,-0.1268394833474087,0.046380047779293054,0.034080150591818445,3319588.3,1.1381396301463047,0
2020-01-15,7.6625285148620605,7.75896819856279,7.574857063258099,7.715132054708358,1361706,-0.006818191369932558,0.07239268790361164,-0.17702450496725353,7.771241617202759,9.505217504501342,0.9860108451524597,0.8061392084119434,20.170431675674564,-0.6140800432084568,-0.5230667867457832,-0.09101325646267355,0.04618072106440125,0.033844927268155446,3417410.3,0.3984613729290861,0
2020-01-16,7.618691921234131,7.715131599241492,7.557321825123884,7.662528062500672,1428961,-0.005720904469445731,0.03823168195877624,-0.16522579029896178,7.620445823669433,9.452088298797607,0.9997698425425643,0.8060326649935442,20.1704379088916,-0.6003366057077599,-0.5385207505381786,-0.061815855169581324,0.046344387127555876,0.033044226185893706,3397599.4,0.420579600997104,0
2020-01-19,7.417047023773193,7.671295646025856,7.2767720371655,7.6186921079955345,1854398,-0.026467128418584673,-0.027586123254643158,-0.13673470112636965,7.50296540260315,9.395276880264282,0.988548743833985,0.7894442195049559,19.189174211402346,-0.5988131452900483,-0.5505792294885525,-0.04823391580149572,0.04419582846425653,0.032453166371833105,3356544.5,0.5524723417192889,0
2020-01-20,7.1627984046936035,7.39074567608452,7.031290813716852,7.417047027058896,2433066,-0.03427895471940112,-0.057670183745656245,-0.07995489894831176,7.440718364715576,9.335835285186768,0.9626487730889145,0.7672370158521181,18.298950393891417,-0.6110774106410402,-0.56267886571905,-0.04839854492199014,0.03530345003067063,0.03275908012101027,3422144.5,0.7109769911819913,0
2020-01-21,7.0751261711120605,7.1890998076313295,6.926084205724294,7.162798456466845,2114796,-0.012239941518400577,-0.08295458956115909,-0.006157655430379494,7.436334753036499,9.266574430465699,0.9514265301495545,0.7635104238575133,17.88411072576187,-0.6207161168212147,-0.574286315939483,-0.046429800881731764,0.02269746476389942,0.03271177455075112,3107535.7,0.6805379580997251,1
2020-01-22,7.206634521484375,7.268004618908463,7.136497028398312,7.075126094869354,1867734,0.0185874212263899,-0.05949654771182178,0.008589025181945598,7.442471837997436,9.196261548995972,0.9683119638681067,0.7836482774102026,21.994878827004342,-0.6107034271398435,-0.5815697381795552,-0.02913368896028834,0.023470422586185834,0.03359139071641822,2687612.9,0.6949415966860406,1
2020-01-23,7.346909523010254,7.399512224882297,7.232935887480999,7.2066345365449775,2496720,0.019464703129830063,-0.03567310517785727,0.0011947339692770509,7.443348550796509,9.128228120803833,0.9870435964232879,0.8048560384097067,29.479759972409468,-0.5847091154200106,-0.5821976136276462,-0.002511501792364368,0.022654133319769926,0.034408444896479255,2600462.7,0.9601060611251989,1
2020-01-26,7.399511814117432,7.487184093843764,7.338141719971894,7.346909115165492,1304031,0.00715978479691759,-0.002364176686430297,-0.029885081471605845,7.420553827285767,9.059493293762207,0.9971643608202176,0.8167688384086852,41.538443194291006,-0.5534836557743272,-0.5764548220569825,0.022971166282655275,0.018361123662656784,0.034645023042530934,2275665.5,0.5730328117203517,0
2020-01-27,7.232935905456543,7.355676936971135,7.13649706104821,7.399512243271822,1178242,-0.022511743050815936,0.009791913271910646,-0.04844297191135816,7.383731555938721,8.988303661346436,0.9795773113716609,0.8047053346185079,53.20197836233181,-0.5359998649391278,-0.5683638306334116,0.03236396569428379,0.01938797851889863,0.03468602826241673,1981780.9,0.5945369642022487,0
2020-01-28,7.1890997886657715,7.276772073789268,7.057592197085404,7.23293593122752,1448192,-0.006060625638573902,0.016109057958438644,-0.0681818518938796,7.331128358840942,8.92009488105774,0.9806266425544313,0.8059443183650634,51.21951801903504,-0.5196903758528171,-0.5586291396772927,0.038938763824475586,0.01810219487017481,0.03471300321775611,1748784.6,0.828113422316276,0
2020-01-30,7.899242877960205,8.030750468223502,7.758967892051389,7.609925510497056,5026733,0.09878053027084621,0.07517900597796445,0.03682403221268826,7.311840581893921,8.805069265365601,1.080335763545071,0.8971244450093733,56.709983108847865,-0.4239796321687699,-0.5224769580139756,0.09849732584520576,0.03789171603709425,0.042603547384855354,1972391.2,2.548547671476125,0
2020-02-02,7.680062770843506,7.794036402468688,7.548554348458368,7.8992426387138925,2526006,-0.027746976577747384,0.037914792728733104,0.03546097877326271,7.338142156600952,8.753518161773682,1.0465949837091917,0.8773686909546929,51.77864312598513,-0.37629673739247416,-0.4932409138896754,0.11694417649720124,0.03800895091455145,0.041144865564586165,2039552.0,1.2385102218526423,0
2020-02-03,7.618691921234131,7.715131599241492,7.548554429649605,7.680062853449229,1886896,-0.007990930730717771,0.0533332551013721,0.06364740298174398,7.383731508255005,8.702142400741577,1.0318213646740053,0.8754961215740256,47.77326348374072,-0.33954574245233715,-0.46250187960220773,0.12295613714987058,0.035909535804051755,0.03544355419004023,1984935.0,0.950608458211478,1
2020-02-04,7.636227130889893,7.741433374035316,7.539788283699478,7.618692338979873,1204352,0.0023016037184662164,0.06219517816807274,0.07930614185635632,7.439841604232788,8.652695426940918,1.0263964660948393,0.8825258204644344,49.38272102320722,-0.30548394060416495,-0.4310982918025992,0.12561435119843423,0.0353453526543267,0.029243724617873383,1893890.6,0.635914239185727,1
2020-02-05,7.715131759643555,7.802803207894526,7.574856773558105,7.636226870944272,2376308,0.010332933712052572,0.07317077053334509,0.07055959847044435,7.490691328048706,8.606229286193848,1.0299625791219613,0.8964590069683832,52.22673651625928,-0.2690216589068237,-0.3986829652234441,0.12966130631662037,0.03517173110392483,0.029278850630326106,1944748.0,1.2219104994580274,0
2020-02-09,7.9956817626953125,8.109655398356146,7.890475522724898,7.908010314105737,4011912,0.036363604899045665,0.041095887008895104,0.080568821775574,7.587130546569824,8.524869709014892,1.053847922296552,0.9379242188581518,70.92510042157294,-0.18751947133701208,-0.33064316325776794,0.14312369192075586,0.03632038597895735,0.028595686703158863,1965864.1,2.040788068717466,0
2020-02-10,7.758968353271484,7.881708555185369,7.662528667647812,7.995682197037489,3500496,-0.029605156439346914,0.01841214128194202,0.07272737581126654,7.639733791351318,8.481384449005127,1.0156071618693243,0.9148233286585208,65.98363387236952,-0.16519438690623023,-0.29755340798746044,0.1323590210812302,0.037051921780421285,0.02947791419360078,2198089.5,1.5925175021308278,1
2020-02-11,7.881707668304443,7.978147343076342,7.767734039277087,7.75896748020177,2515640,0.01581902508742772,0.03214683549963282,0.09634139182914492,7.708994579315186,8.442633428573608,1.0224041004585323,0.9335603322097649,65.84361928069282,-0.13602949634494,-0.26524862565895635,0.12921912931401636,0.036798295608497414,0.029498464478863146,2304834.3,1.0914624101177253,0
2020-02-12,7.758968353271484,7.899243347518734,7.671296063814495,7.881708555185369,2182450,-0.01557268046448157,0.005681898247963835,0.07926841765420467,7.765981435775757,8.4114222240448,0.9990969483300636,0.9224323956883036,59.751070400437634,-0.1214204876018865,-0.2364829980475424,0.11506251044565588,0.03758147619961156,0.029692218031653953,2523079.3,0.8649946119410516,0
2020-02-13,7.697597503662109,7.837872499503026,7.583623860515134,7.758968441421206,1878257,-0.007909666184357955,-0.0022727098548288582,-0.025527177403382506,7.745816898345947,8.381263093948364,0.9937747825288595,0.9184292889242563,57.02482626469258,-0.11348665408141567,-0.21188372925431706,0.09839707517290139,0.02011706519514744,0.02972243083091924,2208231.7,0.8505706172047072,0
2020-02-16,7.4082794189453125,7.671295429462126,7.259237040855946,7.697596779682353,2171416,-0.03758550438356312,-0.07346494785355107,-0.03538816804075984,7.718638563156128,8.334972295761109,0.9597909473709169,0.8888187214146973,53.90624302877721,-0.12905689777832574,-0.1953183629591188,0.06626146518079307,0.02167466883763338,0.03035882065088852,2172772.7,0.9993755904609809,1
2020-02-17,7.4696502685546875,7.574856504380197,7.373210591969342,7.408279337244512,1350053,0.008284089481348511,-0.037288215590518425,-0.01956263020218052,7.703734397888184,8.289207544326782,0.9696142004327583,0.9011295987717176,56.20155733286562,-0.13488939246913567,-0.18323256886112219,0.048343176391986514,0.021900219012148357,0.02927492007794744,2119088.4,0.6370914021331059,0
2020-02-18,7.224168300628662,7.452115565655039,7.101428108772035,7.469650356551614,1853995,-0.032863917198297954,-0.08342600301201408,-0.05396104950760039,7.6625285148620605,8.242566070556641,0.9427917020624242,0.8764465142031668,50.69929537984298,-0.15750441689085992,-0.17808693846706974,0.020582521576209822,0.023907392325756793,0.030170745826858296,2184052.7,0.8488783260587072,1
2020-02-19,7.259237289428711,7.373210925758875,7.1627984445823625,7.224168542565959,1873489,0.004854398089950029,-0.0644068954904381,-0.05909095066911807,7.616939067840576,8.195749244689942,0.9530386451531278,0.8857319901694161,32.53587383672378,-0.1706302925660994,-0.17659560928687568,0.00596531672077627,0.023570415290562835,0.029915681161806318,2133770.8,0.878017920200239,1
2020-02-20,7.3819780349731445,7.469650316779509,7.294305753166779,7.259237007665202,1304515,0.016908215099012525,-0.04100233462957892,-0.043181858074424095,7.583623695373535,8.147178974151611,0.9734103815668746,0.9060778041569721,41.414136419760716,-0.1691783089911203,-0.1751121492277246,0.005933840236604315,0.02461761865579837,0.029836981554292437,2264222.3,0.5761426340514357,0
2020-02-23,7.355677127838135,7.531020865905365,7.189099949595595,7.381978479521996,1136065,-0.0035628536159828528,-0.0071004734206780995,-0.08004378536464352,7.519623231887818,8.09843337059021,0.9781975640276164,0.9082839595310589,42.26806522624077,-0.1682108351469509,-0.1737318864115699,0.005521051264618992,0.02015319417320448,0.029810135914814323,1976637.6,0.5747462256106025,0
2020-02-25,7.0751261711120605,7.2066345991442375,6.891015458803356,7.031290864539547,2201508,-0.03814073835083209,-0.020631043369190527,-0.10233588089494561,7.398635959625244,8.00392300605774,0.9562744010816867,0.8839573001585944,33.023232634719264,-0.18393385550609498,-0.1744609240405647,-0.009472931465530271,0.019800030399980264,0.030601862899592967,1595174.8,1.3801045502975597,1
2020-02-26,7.083893299102783,7.206634326738989,6.978687062316684,7.07512590367773,1477939,0.001239147935837348,-0.024154602382439383,-0.08700577492161865,7.331128454208374,7.952897930145264,0.9662759755677631,0.8907310720349446,33.33330815331509,-0.19555271575292643,-0.17867928238303707,-0.016873433369889362,0.020039299905093802,0.030603898747871717,1524723.7,0.9693159488502737,0
2020-02-27,6.996221542358398,7.162798295516031,6.908549677026074,7.083893407690724,1393534,-0.012376210798585752,-0.052256521326285665,-0.09111621658186642,7.260990858078003,7.896086502075195,0.9635353740426428,0.8860365879375435,20.61853011067288,-0.20942104878343848,-0.18482763566311736,-0.024593413120321123,0.020065087161201766,0.01987515174420678,1476251.4,0.9439679447552091,0
2020-03-01,6.137036323547363,6.48772419707484,5.803882822793639,6.996221425566091,2553856,-0.12280703428402395,-0.16567350403115577,-0.17159761713995003,7.133866548538208,7.818759841918945,0.8602678900413263,0.7849117312242654,15.094310191887828,-0.2864389790255073,-0.20514990433559535,-0.08128907468991195,0.040793283115991674,0.0326469706557591,1514495.4,1.686275177857919,0
2020-03-04,6.084433555603027,6.1808728204384105,6.005528664551128,6.101967929386511,2135832,-0.008571363304874513,-0.14108904543019352,-0.16183569801974862,6.774411582946778,7.600456676483154,0.8981493788950421,0.8005352592073962,11.016972979849427,-0.41610596621090234,-0.29371931727352074,-0.1223866489373816,0.039810311306795944,0.03232964628603093,1220324.9,1.7502158646439159,1
2020-03-05,6.189639568328857,6.242242687724848,6.128269053340654,6.0844333295368775,1679567,0.017291011852524463,-0.11528822653000859,-0.16152018618795916,6.655177736282349,7.534176664352417,0.9300487250076741,0.8215416022317117,17.674431782679633,-0.4278746890315519,-0.320550391625127,-0.1073242974064249,0.03984641889092685,0.032873684144288484,1257830.1,1.3352892413689257,0
2020-03-08,5.795115947723389,5.970459678555932,5.619771798838414,6.189639551122828,1591428,-0.06373935287349641,-0.0557142499730775,-0.21215737898672582,6.499121618270874,7.4608829307556155,0.891676796973867,0.7767332635437126,12.252958224027253,-0.4636911032666102,-0.34917853395342363,-0.1145125693131866,0.042122170114772185,0.03299742098168362,1303366.4,1.2210135231351675,0
2020-03-09,5.409358978271484,5.6636075808566435,5.304152746453985,5.795115579654721,3356681,-0.06656587597758923,-0.1185714580967745,-0.2646008131869543,6.304489803314209,7.380750770568848,0.8580169287335252,0.7329009129859259,11.524158232190047,-0.5172408031134124,-0.38279098778542137,-0.134449815327991,0.04337552647190017,0.034818605309859856,1639034.5,2.0479623827320292,1
2020-03-10,5.488264083862305,5.611004692629927,5.269084216322483,5.409359197771194,3097425,0.014586775606457048,-0.10571425774290544,-0.2242874612934761,6.145803594589234,7.304125480651855,0.8930100025803254,0.7513923601669157,13.138686276276843,-0.5470067896914017,-0.4156341481666175,-0.13137264152478423,0.045350325109534094,0.03475801860922876,1728626.2,1.7918419841143216,1
2020-03-11,5.593470573425293,5.751279934706459,5.435660794091686,5.488264332571181,1885112,0.019169356276484084,-0.08069164987850297,-0.21039598745315113,5.996761322021484,7.229779663085938,0.932748574282052,0.7736709601240866,12.500004998970212,-0.5557014832595435,-0.44364761518520274,-0.11205386807434076,0.04679467997878205,0.035705523602811574,1769343.5,1.0654302005235274,0
2020-03-15,4.865793228149414,5.286618590681539,4.751819596659951,5.5934703217242,2757827,-0.13009406874027207,-0.21388100640840202,-0.3045112710211326,5.783718490600586,7.144562530517578,0.8412915040828942,0.6810484487140346,9.659092050384402,-0.6142291199146017,-0.4777639161310826,-0.13646520378351912,0.057583475710466604,0.043847027586675656,1905772.8,1.4470911747717252,0
2020-03-16,4.4975714683532715,4.751820108734805,4.383597824581559,4.865793752506518,4345838,-0.07567558721277323,-0.22390310928633927,-0.2671427654588884,5.619772005081177,7.062676935195923,0.8003120881570898,0.6368083248916873,8.629443936754399,-0.6824581594438737,-0.5187027647936409,-0.1637553946502328,0.05107469950347707,0.045374028103076516,2084971.0,2.0843637633329193,0
2020-03-17,4.225788116455078,4.462502363386129,4.050443966621287,4.497571109742401,4468891,-0.060428912316473626,-0.21880057629205563,-0.3114285310254665,5.428647184371949,6.991487321853637,0.7784237901148421,0.6044190487546653,8.651402836493318,-0.7498173819108933,-0.5649256882170914,-0.18489169369380187,0.05078903814017177,0.045433876806066364,2531860.1,1.7650623744969163,0
2020-03-18,3.892634391784668,4.6466132326663265,3.8049625307641053,4.225787881715216,5181712,-0.0788382463789703,-0.29073486036676466,-0.3657142981460103,5.2042069911956785,6.926960763931274,0.747978394858258,0.5619541562951589,7.674422634539837,-0.8206231395791503,-0.6160651784895033,-0.20455796108964708,0.050801870196065954,0.046883994651981474,3050031.3,1.6989045325534857,1
2020-03-19,4.138115882873535,4.278391288058231,3.5594811429005353,3.8926346553920848,3820136,0.06306307409885492,-0.26018813748054404,-0.3198847772669272,5.009575223922729,6.866817808151245,0.826041270547725,0.6026249710544805,13.616074897244047,-0.8471633363026996,-0.6622848100521426,-0.184878526250557,0.060387112465823664,0.050764391597378056,3218461.7,1.1869446822996215,1
2020-03-22,4.4362006187438965,4.488803738564681,4.208253766187161,4.138115855040346,3095660,0.07203392662444474,-0.08828829941236582,-0.2832861154883648,4.834231328964234,6.808778972625732,0.9176641159400997,0.6515412875905301,24.73958890293146,-0.8345238153608054,-0.6967326111138752,-0.13779120424693025,0.06779432588431566,0.05459329595973012,3360071.0,0.9213079128387466,1
2020-03-23,4.7167510986328125,4.865793483311359,4.506338197306499,4.436200702881875,4553462,0.06324116152536696,0.04873288436254475,-0.18608166925705982,4.726394844055176,6.750564813613892,0.9979595980148604,0.6987194744239061,30.528855079520056,-0.792730718616208,-0.7159322326143418,-0.07679848600186623,0.07262735466764664,0.057835683027445156,3656274.4,1.245383005170509,0
2020-03-24,4.611544609069824,4.760586567683128,4.436200464382681,4.716750845050657,2643160,-0.02230486353063732,0.09128628364319158,-0.1474877841175546,4.64661340713501,6.690772533416748,0.9924528263936621,0.6892394840861323,29.672904856486056,-0.759345411574996,-0.7246148684064726,-0.03473054316852342,0.07065740965993719,0.05763772767472028,3584922.3,0.7372991040837901,1
2020-03-25,4.778120994567871,4.935930768382339,4.672914757393176,4.611544661400816,1958477,0.03612160341470627,0.22747746478631692,-0.12939302454168322,4.575599098205567,6.632032318115234,1.0442612851378803,0.7204610540748648,33.10657364253129,-0.7112471783083896,-0.721941330386856,0.010694152078466468,0.07192616045010534,0.0588841855920069,3471027.5,0.5642355181570875,1
2020-03-26,4.848258972167969,4.900862091494171,4.734285337934981,4.778121061680602,1422339,0.014678987342479521,0.1716102471256329,-0.13322884092710552,4.501077938079834,6.575746927261353,1.0771328643636513,0.7372940330273867,32.494290112681824,-0.6598629440224837,-0.7095256531139815,0.049662709091497836,0.07172805344252974,0.05918799482719039,3424750.2,0.4153117503285349,0
2020-03-29,4.778120994567871,4.865793276932542,4.646613407125715,4.848258904070093,1422923,-0.014466631836858035,0.07707504804433052,-0.0180180762869957,4.49231071472168,6.518935508728028,1.0636221085308206,0.7329603104940329,35.500004691030384,-0.6176798875213123,-0.6911564999954477,0.0734766124741354,0.05867572790739439,0.059181132226583257,3291259.8,0.4323338437154065,0
2020-03-30,4.646613597869873,4.778121190710435,4.594010059070717,4.778121190710435,1542153,-0.0275228268282669,-0.014869875322289006,0.033138357125689355,4.50721492767334,6.463526840209961,1.0309278950379435,0.7188975481563766,38.27494652381723,-0.5880820157823852,-0.6705416031528352,0.08245958737045,0.0535508226375505,0.05382176752419559,3010891.3,0.5121915228224945,1
2020-03-31,4.795655727386475,4.865793642153164,4.734285626787749,4.646613755894958,1926263,0.03207543006909952,0.03992395909052848,0.13485475258741708,4.564201688766479,6.416183986663818,1.0507107385700452,0.7474311424601214,39.57783974367529,-0.5463016100336686,-0.6456936045290019,0.09939199449533331,0.04886201747305444,0.0546817600572321,2756628.5,0.6987749709473003,0
2020-04-01,4.734285354614258,4.839491593637313,4.672914839491259,4.795655451684825,2256002,-0.012797076408498254,-0.009174242344103245,0.21621628905244172,4.648366785049438,6.369367170333862,1.0184836037124179,0.7432897535982529,36.898396810665076,-0.5122376568045812,-0.6190024149841178,0.10676475817953657,0.0382619755379778,0.05462360749599589,2464057.5,0.9155638616387808,1
2020-04-02,4.786888599395752,4.874560467542618,4.699216731248886,4.7342854785076325,3577196,0.011111126778664548,-0.012658229093066353,0.1567797362097325,4.71324405670166,6.32097225189209,1.0156250221308567,0.7573025807798582,48.48485125950316,-0.47551563794674934,-0.5903050595766441,0.1147894216298948,0.035234657052099515,0.054854772087743434,2439763.5,1.4662060482501684,0
2020-04-05,4.611544609069824,4.7781209403466,4.558941073026987,4.786888335704546,1375365,-0.036630054509323995,-0.03486232049950666,0.03952571251738757,4.730778455734253,6.266264953613281,0.9747961466003754,0.7359319535971257,52.36362708608121,-0.4553133986061084,-0.5633067273825371,0.10799332877642864,0.03240801605654946,0.05474438350630445,2267734.0,0.6064930895775255,1
2020-04-06,4.707983493804932,4.743052239460458,4.646613397933971,4.611544652278445,1383999,0.02091249091365932,0.013207445517568361,-0.0018588228728927403,4.729901695251465,6.212434387207031,0.9953660344635623,0.757832308619606,60.78430327013073,-0.42660354622524377,-0.5359660911510784,0.10936254492583464,0.025990487891602104,0.053892937241446295,1950787.7,0.7094564928823367,1
2020-04-07,5.006068229675293,5.172644979891305,4.786888361188818,4.707983474756911,8680136,0.063314736821529,0.043875647930108785,0.08555129659366911,4.769354057312012,6.167897033691406,1.0496323337539533,0.811632911887186,75.29880244996556,-0.3754696539346192,-0.5038668037077866,0.1283971497731674,0.03133608385108578,0.05440345388147909,2554485.3,3.3979980233200013,1
2020-04-08,5.207714080810547,5.347989072438322,5.084973463136245,5.006068571319395,4941453,0.040280284223839447,0.1000000402879948,0.08990837333986934,4.812313365936279,6.128269319534302,1.0821643739314841,0.8497854466367171,74.79674958523032,-0.3150429222324904,-0.4661020274127274,0.15105910518023696,0.03176539015311496,0.05512482656035488,2852782.9,1.7321517876456705,0
2020-04-09,5.111274719238281,5.251549708236846,4.997301081650726,5.207713983201016,3579857,-0.018518559213461128,0.06776554605500462,0.05424952515535719,4.8386149406433105,6.086712818145752,1.0563507908646932,0.8397430389685072,67.26456917873688,-0.27180297698180134,-0.4272422173265422,0.15543924034474088,0.03283379537256088,0.05503820418152438,3068534.7,1.166634028938959,0
2020-04-12,5.067439079284668,5.207714070638447,4.997301165555329,5.111274805056499,1732670,-0.008576263723141464,0.0988593863579259,0.06055059824682463,4.86754674911499,6.030076742172241,1.0410663400831275,0.8403606282229837,60.204085596850334,-0.23832491734315298,-0.38945875732986435,0.15113383998671137,0.03248123907402651,0.0462829589451448,3099509.4,0.5590142749688064,1
2020-04-13,5.146343231201172,5.216480722493823,5.0849731353463135,5.067438762523151,2435650,0.015570814109844733,0.09310987134365756,0.10754706041414508,4.9175197124481205,5.979402351379394,1.0465323033019698,0.8606785308591848,65.80310574199301,-0.20308536656348686,-0.3521840791765889,0.14909871261310204,0.030269053097683792,0.0424525850088818,3188859.1,0.7637998179348846,1
2020-04-14,5.383057594299316,5.523332998089082,5.181412093275685,5.146343346841352,6979427,0.04599661399632193,0.07530647752447361,0.12248624594930257,4.9762598991394045,5.934689664840699,1.0817476786592806,0.9070495507440843,67.16418435475134,-0.15427847169906972,-0.3126029576810851,0.15832448598201537,0.03165125579044201,0.04007811922377372,3694175.5,1.889305746302524,1
2020-04-15,5.418126583099365,5.558401993163985,5.321687735117227,5.383057835096324,3856856,0.006514696933056507,0.04040400433352298,0.14444444668266643,5.044644021987915,5.890327653884888,1.074035464045345,0.9198344984299662,66.4974631902374,-0.11148376611242483,-0.27237911936735304,0.1608953532549282,0.030535138211703707,0.033851923809233686,3854260.9,1.0006733067810745,1
2020-04-16,5.470729351043701,5.5408672605629805,5.391824882169703,5.418126232443561,2786878,0.00970866352742994,0.07032582898596162,0.14285704324397064,5.11302809715271,5.84543960571289,1.0699587890178395,0.9358969932213523,70.25642241433411,-0.07248844815453737,-0.2324009851247899,0.15991253697025254,0.03055308407178572,0.032105084462352114,3775229.1,0.7382010273230835,0
2020-04-21,5.321687698364258,5.435660919560788,5.234015410909689,5.470729667321636,3915206,-0.02724347031552732,0.050172999635839766,0.15399245794950112,5.1840424060821535,5.797570724487304,1.0265517296156013,0.9179168226248537,69.54316416565459,-0.05299984429125271,-0.19652075695808247,0.14352091266682976,0.028930774236520303,0.03037567054853409,4029213.2,0.9717048479837205,1
2020-04-22,5.4356608390808105,5.602237597504739,5.25154970703607,5.321687619571758,4587156,0.021416728522341666,0.05621809406834122,0.15456242491788763,5.256810140609741,5.746370306015015,1.034022666538671,0.9459294388652661,68.91193009371226,-0.028035133807971846,-0.16282363232806035,0.1347884985200885,0.028943056047080737,0.027818502696764356,4349528.9,1.0546328362135953,1
2020-04-23,5.751279830932617,5.882787838653597,5.619771823211638,5.435660696012752,6307473,0.05806451160134918,0.06840391918214839,0.14886165490909842,5.3313313007354735,5.706216535568237,1.07876991815144,1.0078972284145702,76.12614290054194,0.01702118439711331,-0.12685466898302564,0.14387585338013895,0.027998360481548665,0.029066045156173403,4112262.6,1.5338205784815395,1
2020-04-26,6.172105312347412,6.30361332235971,6.049364698093739,5.751279931139523,4994414,0.07317075395139572,0.1391585666528934,0.18518513431650696,5.42777042388916,5.672024488449097,1.1371345562410347,1.0881661961997369,79.92425943635868,0.08569786886555786,-0.08434416141330894,0.1700420302788668,0.03289102894916604,0.03177242056428818,4117558.7,1.2129551425702807,0
2020-04-27,6.119502067565918,6.277311425541526,6.031830202023914,6.1721051868911205,3847446,-0.008522739344103636,0.11858980309425182,0.1972555582920985,5.5285931587219235,5.639235162734986,1.1068823282667806,1.0851652557432996,84.40002158148796,0.1343315039068056,-0.040609028349286036,0.17494053225609163,0.031805004369138315,0.03214287463244601,4144317.6,0.9283665904369878,1
2020-04-28,6.347448825836182,6.461422458412573,6.163338119896721,6.119501978735825,5207562,0.03724923298554117,0.1927510943167925,0.2525949945375965,5.656594133377075,5.612232189178467,1.1221326254225448,1.131002533728979,85.28303946946056,0.1890877228591803,0.00533032189240723,0.18375740096677307,0.03073606702972973,0.031965013519750125,4491806.8,1.1593468356653274,1
2020-04-29,6.470190048217773,6.627999408642925,6.312380269740185,6.347449016501329,5463594,0.01933709522509197,0.1903226194134484,0.25724028840330804,5.788978815078735,5.593470401763916,1.1176738169026748,1.1567398383260206,84.08165693661726,0.23962437114166146,0.05218913174225808,0.18743523939940337,0.030655264735134243,0.030379218789041134,4794601.2,1.139530436858857,0
2020-04-30,6.408819675445557,6.478957170533765,6.3562165541294,6.470190192673963,2364918,-0.009485095849560254,0.11432930823091492,0.1905538001734417,5.8915550231933596,5.572253789901733,1.0877976442918507,1.1501306144849113,79.91268335746788,0.271592206912298,0.09606974677626608,0.17552246013603195,0.03116173549748627,0.03072200450066402,4333150.3,0.5457733603193963,0
2020-05-03,6.031830310821533,6.356216428204196,5.786348664823677,6.408819548478215,4823174,-0.058823525035101576,-0.02272725341307058,0.11326862123090287,5.952925395965576,5.548407030105591,1.0132548133241233,1.0871283015274282,70.11496049307543,0.26346993853566936,0.12954978512814674,0.1339201534075226,0.03956045507987714,0.034418728310153676,4429782.1,1.0888061514357559,1
2020-05-04,6.0493645668029785,6.1984069470453855,5.9003221865605715,6.03183019371872,3290735,0.0029069544529440883,-0.01146130845100557,0.10576930033083909,6.010788917541504,5.524209575653076,1.006417734808304,1.0950642773337973,71.70543346527894,0.25550257560052625,0.15474034322262264,0.1007622323779036,0.039652795562638496,0.034488013066337524,4480167.8,0.7345115511075277,1
2020-05-05,6.0756659507751465,6.180872607910996,5.9879940848723,6.049364600030509,1977180,0.004347792843648612,-0.042817655174278935,0.14168028925159226,6.086186742782592,5.498083333969117,0.9982713655607228,1.1050516301267241,71.03175810787332,0.2484467455197681,0.17348162368205172,0.07496512183771636,0.03748359229090847,0.03259118995261271,4286365.2,0.46127194201744637,1
2020-05-06,6.215940952301025,6.312379789531455,6.084432952924868,6.075665557875336,3961602,0.023088004288317032,-0.03929546026036457,0.14354834422527407,6.164214754104615,5.4752886104583744,1.0083913686105708,1.1352718357947247,69.70955237091286,0.2512774001876812,0.18904077898317762,0.06223662120450357,0.03752420691052213,0.03261775599897382,4223809.8,0.9379214944763848,0
2020-05-07,5.996761798858643,6.286079180724199,5.795116287550458,6.2159416842783015,3763024,-0.03526081652388391,-0.06429543932491233,0.04268301580558265,6.188762950897217,5.448110303878784,0.9689758432239292,1.1007049168202865,62.595439972564776,0.23314721254249182,0.19786206569504047,0.03528514684745135,0.036985673454689415,0.03229783001476151,3969364.9,0.9480166461894194,0
2020-05-10,5.874020576477051,6.049364730105472,5.751279961573865,5.996761609432678,2184153,-0.020467916935595687,-0.026162827236926867,-0.04829547144538138,6.15895447731018,5.424088191986084,0.9537366444446315,1.0829507870384054,58.51852896356049,0.20649437869838483,0.19958852829570936,0.0069058504026754675,0.028671881944316763,0.03211279550425701,3688338.8,0.5921779745396492,0
2020-05-11,5.707444190979004,5.95292541881862,5.479496918504064,5.8740205294153816,4107171,-0.028358154917794143,-0.0565217010891238,-0.06733519688977141,6.117748689651489,5.396559209823608,0.9329321095901605,1.0576079996656902,58.08823705846078,0.1699711718155692,0.19366505699968134,-0.02369388518411214,0.029645821884098793,0.03258849387242386,3714311.3,1.1057691906437677,1
2020-05-12,6.031830310821533,6.128269155631013,5.94415844369817,5.70744419343887,3822883,0.056835618358781925,-0.007214952288155496,-0.04972368012326123,6.086186838150025,5.377271385192871,0.9910688697580283,1.1217269649865709,61.486493935647744,0.1652960857060375,0.18799126274095257,-0.02269517703491508,0.03328453502583818,0.03428356926658717,3575843.4,1.0690856875891153,0
2020-05-13,5.654840469360352,5.856485966146589,5.4794967408733735,6.0318301126859915,5640905,-0.06250007411263458,-0.09026798794363788,-0.12601632607098012,6.004651880264282,5.367627468109131,0.9417432654083296,1.0535083708691875,48.184814216478195,0.1296762891708294,0.17632826802692797,-0.046651978856098564,0.036640001885099534,0.03779684679976057,3593574.5,1.569719787359355,0
2020-05-14,5.5233330726623535,5.602237544178715,5.435660787340381,5.654840664540435,2092647,-0.02325572178570645,-0.07894739562381758,-0.13816687746353884,5.916103219985962,5.3553534030914305,0.9336099907796166,1.0313666824441419,36.2962949533626,0.08980063016396311,0.159022740454335,-0.0692221102903719,0.03676132778937319,0.03704657662200255,3566347.4,0.5867759826202013,0
2020-05-17,5.479496955871582,5.611004966422988,5.391825088188125,5.523333098739531,1027749,-0.007936533287796421,-0.06716415366084483,-0.09156977674902855,5.860869884490967,5.342202615737915,0.9349289548930998,1.025699950003619,36.431224435741335,0.05403874977169654,0.13802594231780732,-0.08398719254611078,0.03324382642862095,0.0370934752110988,3186804.9,0.32250138689067537,0
2020-05-18,5.374290466308594,5.52333284350953,5.295385580013411,5.479496702667223,1559136,-0.019200027011650023,-0.05837178840872104,-0.11159421672136949,5.793362474441528,5.327999753952026,0.9276634234467899,1.0086881971648425,28.2352966269344,0.017011815826615262,0.11382311701956892,-0.09681130119295366,0.03309431723432348,0.037307650269501606,3013645.0,0.5173588793636942,1
2020-05-19,5.444428443908691,5.532100315378143,5.37429094673313,5.37429094673313,1405555,0.01305064883258411,-0.09738368565491651,-0.10389601929742709,5.730238723754883,5.313095531463623,0.9501224480122694,1.0247187184320945,26.50602383321815,-0.006596704758574212,0.0897391526639403,-0.0963358574225145,0.03366026781108777,0.03685745835262197,2956482.5,0.47541461855431244,0
2020-05-20,5.339221954345703,5.400592052545807,5.277851438093159,5.4444281953051155,1964451,-0.019323697730051936,-0.05581386720364012,-0.1410436496554519,5.642566823959351,5.303977651596069,0.9462399154360758,1.006644881457792,25.98424994523647,-0.033410773276113304,0.06510916747592957,-0.09851994075204287,0.03157951372099922,0.03684103795060761,2756767.4,0.7125922194233725,0
2020-05-21,5.190179824829102,5.365523568349357,5.146343679922808,5.33922221584755,8144533,-0.0279145783395075,-0.06031742852557431,-0.13450292025657196,5.561908626556397,5.299594068527222,0.9331652447592531,0.9793542217982505,28.94736904880895,-0.06592759770826007,0.038901814439091645,-0.10482941214735171,0.031128792167021108,0.03462763297636881,3194918.3,2.549214795257832,1
2020-05-31,5.225248336791992,5.339221973942567,5.137576469004027,5.190179589676806,2091680,0.006756704612647102,-0.04639999275976392,-0.1104477301770298,5.497031402587891,5.294333753585815,0.9505582111704968,0.9869510650425029,29.565213484357656,-0.08785494241779457,0.013550463067714402,-0.10140540548550897,0.03167691544762552,0.02960152385422356,3185671.0,0.6565900873002893,0
2020-06-01,5.120041847229004,5.260316828889277,5.058671333726424,5.2252480834742085,2769008,-0.020134256361024727,-0.04730831365990984,-0.10291863119370115,5.43829116821289,5.28486517906189,0.9414799040470523,0.9688121974263602,27.19665329096621,-0.11242583054661015,-0.01164479565515051,-0.10078103489145965,0.03128585863816556,0.029728516713732694,3051854.7,0.9073197357659262,1
2020-06-02,5.216480731964111,5.286618641436519,5.093740121979142,5.1200418902878475,2776991,0.018835565726342818,-0.041868070136840796,-0.13517448881057326,5.356756210327148,5.291878929138184,0.973813354042022,0.9857520933143586,25.641020873214572,-0.12270218992169557,-0.03385627450845952,-0.08884591541323605,0.023574486019859585,0.028498269366196906,2947265.5,0.9422262772050907,1
2020-06-03,5.3041534423828125,5.3830579175723585,5.225248549140809,5.216481152979493,3044153,0.016806869405552316,-0.006568094052420426,-0.0620153705268377,5.321687507629394,5.308010568618775,0.9967051681968465,0.9992733386292096,31.963481546438928,-0.12236131863035205,-0.05155728333283803,-0.07080403529751401,0.01824335828168315,0.028369424833458858,2687590.3,1.1326700353100694,1
2020-06-04,5.330454349517822,5.383057467934487,5.260316858295601,5.3041529993357015,4495985,0.004958549450106764,0.02702691032354343,-0.03492071193373825,5.302399635314941,5.330103893280029,1.00529094676607,1.0000657503577435,35.096149194745095,-0.11860174518470767,-0.06496617570321196,-0.05363556948149571,0.01748386496828377,0.02855311402801184,2927924.1,1.535553807559424,1
2020-06-07,5.628539085388184,5.786348440080895,5.435660567155781,5.330454330693974,8544072,0.05592107470113228,0.07718116395665686,0.027199965748113897,5.317303848266602,5.3648219871521,1.058532528138869,1.049156728567629,47.98205414001088,-0.09052578426544322,-0.07007809741565821,-0.020447686849785013,0.025480029126410935,0.029481264101529257,3679556.4,2.3220386022619466,1
2020-06-08,5.698677062988281,5.7863489341929935,5.5847034213959255,5.628539566024511,5133969,0.012461133614968922,0.11301376688404186,0.06035896249249384,5.34974250793457,5.3960332107543945,1.0652245513753573,1.0560863583327678,40.206195104842756,-0.06190226357409845,-0.06844293064734626,0.006540667073247811,0.024360841895498614,0.029659604390611004,4037039.7,1.2717162528770771,1
2020-06-09,5.803882598876953,5.935390598632666,5.654840227023973,5.698676366293346,7741972,0.018461396342663416,0.11260501036906412,0.0660223857603317,5.385687923431396,5.423386850357056,1.0776492588116973,1.070158327078373,55.21471901339366,-0.030378524972107357,-0.06083004951229848,0.03045152454019112,0.024590350837166763,0.029998683386155866,4670681.4,1.6575679942545427,0
2020-06-10,5.654840469360352,5.786348474751797,5.567168605116862,5.803882847600495,2536170,-0.025679728522668754,0.06611555091437893,0.059113203705225326,5.417249774932861,5.442148637771607,1.0438581760669206,1.039082326806097,54.545436565687005,-0.017223645801249354,-0.05210876877008865,0.0348851229688393,0.025405871088815507,0.02984581171726034,4727853.3,0.5364316189759949,0
2020-06-11,5.5496344566345215,5.637306324422499,5.47949696240414,5.654840697980095,2368816,-0.018604594293308185,0.04111846622165061,0.06925668164440824,5.453195238113404,5.4609104347229005,1.017684901110286,1.0162471117173932,52.325580292276626,-0.015113338112167085,-0.04470968263850434,0.029596344526337255,0.024163250805041787,0.02916086189974845,4150281.6,0.5707603069632673,0
2020-06-14,5.409358978271484,5.523332605099978,5.312919723412575,5.549633954028151,2124685,-0.025276525771051328,-0.03894085193184427,0.035234811747249184,5.471606302261352,5.473535194396972,0.9886235740381866,0.9882751797793896,51.1363552083462,-0.024477798018772923,-0.04066330571455806,0.01618550769578514,0.026230758605886497,0.029327779814467582,4153582.1,0.511530757993203,0
2020-06-15,5.312920093536377,5.391824981922602,5.190179481198587,5.409359355113714,2094603,-0.017828153968425187,-0.06769237231520198,0.03767122458418193,5.49089412689209,5.482828416824341,0.9675874221496876,0.96901082609724,45.81003957015202,-0.03922880672197682,-0.040376405916041816,0.0011475991940649993,0.02600638046078335,0.028954040013826544,4086141.6,0.5126114572240962,1
2020-06-16,5.479496955871582,5.611004966422988,5.391825088188125,5.312920198246793,4904082,0.03135316537846289,-0.05589114484640667,0.050420242577688956,5.517195749282837,5.496855936050415,0.9931670371825841,0.9968420165307614,54.301074325549294,-0.03705063014393595,-0.039711250761620645,0.0026606206176846975,0.02707865062155959,0.026642541488105034,4298850.7,1.1407890950946493,0
2020-06-17,5.391824722290039,5.47949658402394,5.3041528605561385,5.47949658402394,3379374,-0.016000051517064406,-0.0465116122188437,0.01652879782977057,5.525962877273559,5.511760158538818,0.9757258313234086,0.9782400843289643,56.42456454007422,-0.04191564855062069,-0.04015213031942065,-0.001763518231200037,0.027507845612188494,0.023104319650882426,4332372.8,0.7800284407657624,0
2020-06-18,5.3041534423828125,5.3830579175723585,5.269084693842468,5.391825313733674,2172332,-0.016260038933533894,-0.04423372677424531,-0.004934083552819213,5.523332786560059,5.521930112838745,0.9603175559671914,0.9605614946213116,52.43244466892494,-0.05224332178434743,-0.04257036861240601,-0.009672953171941417,0.028064994776275186,0.022818807108136045,4100007.5,0.5298361039583465,0
2020-06-21,5.251549243927002,5.339221522352101,5.041136779032538,5.304152778203024,2178186,-0.009917548394335118,-0.029173463062514116,-0.0669782754889019,5.485633802413941,5.532275390625,0.9573277096287525,0.949256657184182,54.18992749882335,-0.06393578448776616,-0.04684345178747804,-0.017092332700288114,0.02002051819324192,0.022851224849143325,3463418.9,0.6289120845301156,0
2020-06-22,5.2427825927734375,5.409359346861093,5.120041980622903,5.251549570329402,2381746,-0.0016693457009285817,-0.013201309172382936,-0.08000005355203987,5.440044355392456,5.541393270492554,0.9637389422342701,0.9461127079160411,50.88758348601355,-0.07306726693160837,-0.05208821481630411,-0.020979052115304257,0.018987596810552836,0.022485048044088407,3188196.6,0.7470511699309885,0
2020-06-23,5.207714080810547,5.33045469848485,5.102507837089716,5.242782828717491,2772574,-0.006688912107709499,-0.049599968254349536,-0.10271891409067513,5.380427503585816,5.5533166599273684,0.9678996840566734,0.937766455565071,46.62575602164609,-0.08218637502075765,-0.05810784685719482,-0.024078528163562832,0.016586035927027273,0.022268013484432213,2691256.8,1.0302153254197073,1
2020-06-24,5.383057594299316,5.523332998089082,5.304153123848284,5.207713862127652,4021267,0.03366995782945881,-0.0016260038933534338,-0.04806198804964301,5.353249216079712,5.566818141937256,1.0055682776976025,0.9669900214175147,51.6666701918687,-0.07440686176362821,-0.0613676498384815,-0.013039211925146704,0.02071727181082648,0.023228703880260795,2839766.5,1.4160555101977574,0
2020-06-25,5.2427825927734375,5.365523204923972,5.137576353787265,5.383057578088334,2183937,-0.02605861057002823,-0.011570338278487857,-0.05529226587063696,5.322564029693604,5.571552429199219,0.9850107135442466,0.9409913411740012,36.41974355324332,-0.07865388868658929,-0.06482489760810306,-0.01382899107848623,0.021395257521247713,0.02311194380361136,2821278.6,0.7740947668195548,0
2020-06-28,5.155110836029053,5.2690844730352,5.128809066699772,5.242782703705919,2100963,-0.01672237122043363,-0.018363801502856103,-0.04700152888053932,5.29713921546936,5.570500364303589,0.9731877200762369,0.9254304818043994,31.09753084495425,-0.08807874919345782,-0.06947566792517401,-0.018603081268283805,0.020674118247199124,0.023385743850534636,2818906.4,0.745311373233251,1
2020-06-29,5.260316848754883,5.330454339849894,5.190179357659872,5.155110612112367,2144369,0.02040809908305863,0.003344456053854694,-0.009901004316908657,5.291878890991211,5.573481206893921,0.9940357587755724,0.9438117136285163,31.09755369572224,-0.08606665029400418,-0.07279386439894005,-0.01327278589506413,0.02147847660521095,0.02334391521733539,2823883.0,0.7593689256955759,1
2020-06-30,5.321687698364258,5.435660919560788,5.277851554636974,5.26031718075655,2403481,0.011666759127618276,0.02188553668368276,-0.02879995349540676,5.276097965240479,5.578566179275513,1.008640804894854,0.9539525977363925,37.66235417437764,-0.07861372269403688,-0.07395783605795941,-0.0046558866360774664,0.018959645447909568,0.0231194339756618,2573822.9,0.933817552093425,1
2020-07-05,5.558402061462402,5.724978825549876,5.330454778589296,5.321687800507037,8021725,0.044481070012978075,0.03257339608418386,0.030894427721977813,5.2927556991577145,5.586807355880738,1.0501905580767619,0.9949156481315871,50.29587188957978,-0.052995454467498426,-0.06976535973986722,0.016769905272368796,0.02339396547499737,0.024862007973646,3038058.0,2.6404120658657604,1
2020-07-06,5.602237701416016,5.698676967145471,5.4794970837937225,5.558401975577136,4316949,0.00788637444159268,0.06856189481098163,0.05619827221651663,5.322564125061035,5.591190958023072,1.0525448956149068,1.0019757406741925,56.96204623188646,-0.028823364727131207,-0.061576960737320025,0.03275359601018882,0.02237576204672211,0.024885026185929304,3252519.7,1.3272629832188256,0
2020-07-07,5.409358978271484,5.549633954028151,5.321687118423569,5.6022370699369,4151086,-0.034428871715989406,0.049319626741192835,0.030050129402666714,5.338345098495483,5.591015605926514,1.013302601923584,0.9675091896609138,53.25442987174862,-0.02494298327566913,-0.05425016524498985,0.029307181969320723,0.02541365012848554,0.022847809023519235,3449809.7,1.2032797055443376,0
2020-07-08,5.409358978271484,5.523332605099978,5.304152746453985,5.409358978271484,3274581,0.0,0.02833329888709657,0.0317725144139398,5.355002737045288,5.589788198471069,1.0101505533975113,0.9677216356338982,47.33331641236874,-0.02161854785613926,-0.047723841767219735,0.026105293911080477,0.02538317824858917,0.022608897730228977,3539093.2,0.925259894257659,0
2020-07-09,5.269084453582764,5.383057672115703,5.163877794706485,5.409359441347882,2532538,-0.025931820249345705,-0.009884692180952892,0.011784512709396955,5.36113977432251,5.5887361335754395,0.9828291511479237,0.9428042991558852,45.51283280484339,-0.029957558566935383,-0.04417058512716287,0.014213026560227486,0.026917804670927706,0.022636265673453487,3515089.6,0.7204760868684542,1
2020-07-12,5.505798816680908,5.646073807305089,5.277851538864168,5.26908456097638,6168846,0.04492514120497515,-0.009463735116645111,0.02280139497514866,5.373413896560669,5.590138893127442,1.0246370226951946,0.9849127046645976,56.64739793529995,-0.017266377781901987,-0.03878974365811069,0.021523365876208705,0.02859554913247598,0.02459345883156868,3729847.5,1.6539137323979063,0
2020-07-13,5.505798816680908,5.637306411364854,5.40935955160056,5.505798816680908,3390145,0.0,-0.01721435074251343,0.05016729556362076,5.399715518951416,5.585229272842407,1.0196460901240392,0.9857784788625024,58.682675879552455,-0.007126377135144857,-0.032457070353517525,0.02533069321837267,0.026823934466367955,0.02424388297851689,3850468.3,0.8804500481149268,0
2020-07-14,5.356756210327148,5.4794968220872216,5.277851322312315,5.50579859077631,2791756,-0.02707011485821198,-0.009724399537104578,0.03911562344863606,5.419880056381226,5.568922290802002,0.9883532761984729,0.9619017703254217,53.5519169533225,-0.01099015859242769,-0.02816368800129956,0.01717352940887187,0.027941132672467853,0.024344944272801424,3919547.6,0.7122648542398107,0
2020-07-15,5.111274719238281,5.418126466698863,4.821957345402521,5.356756368038212,5431088,-0.045826519156427103,-0.05510528331185993,-0.02833329888709646,5.404975843429566,5.548757743835449,0.9456609737584091,0.9211565822848903,47.34298844172121,-0.033474662913998365,-0.029225882983839324,-0.004248779930159041,0.03131696446313676,0.026149532757075676,4248219.5,1.278438649415361,0
2020-07-16,4.997300624847412,5.07620550797263,4.86579304370859,5.111274252016637,1953994,-0.02229856555388876,-0.05158084504615401,-0.060955676451392216,5.372537136077881,5.521754779815674,0.9301565532770979,0.9050203828526827,38.99999156973906,-0.05980120046305881,-0.03534094647968322,-0.02446025398337559,0.03145978214544853,0.02532917192179549,4203270.8,0.46487464000653966,0
2020-07-19,4.81318998336792,5.128809128883791,4.646613641788447,4.997301116747808,2432666,-0.03684201838169654,-0.12579624798759315,-0.13406948073461578,5.298015928268432,5.488614778518677,0.9084891492466748,0.8769407541964445,38.04877958186429,-0.09443279871253285,-0.04715931692625315,-0.0472734817862797,0.027238157258049525,0.026248295739398932,3644364.9,0.6675143863886956,1
2020-07-20,4.857025623321533,4.944697482973972,4.760586368677649,4.813189484469112,2692514,0.009107398649354836,-0.1178345259172544,-0.1330204318010504,5.2234947204589846,5.457578897476196,0.9298421618572537,0.8899597632143471,41.499983139473535,-0.11699279986653188,-0.0611260135143089,-0.05586678635222298,0.027349473464233127,0.026305373794473678,3481921.4,0.7732839690177957,1
2020-07-21,4.89209508895874,5.0148357105812185,4.821957590888752,4.857026339923746,2409055,0.007220358375055191,-0.08674300325122142,-0.0956238791676628,5.17176833152771,5.43478419303894,0.945923091553802,0.9001452339588213,39.06251903252589,-0.13053719895497107,-0.07500825060244133,-0.055528948352529736,0.027034599326110815,0.02638372672265817,3307718.3,0.7283132303013833,1
2020-07-22,4.9096293449401855,4.953465489201799,4.8394918485635685,4.892094970846031,1587301,0.0035842017913796376,-0.03945109300017169,-0.09238241265529457,5.12179536819458,5.411989488601685,0.9585758492867741,0.9071764376631678,37.433151969528325,-0.13826256016870353,-0.08765911251569378,-0.05060344765300975,0.02720032256992277,0.02642597659323818,3138990.3,0.505672476910808,1
2020-07-26,5.032370090484619,5.084973632145873,4.97976696687583,4.9096294687307775,2114915,0.02500000242807099,0.007017681798616504,-0.04492514120497504,5.098123931884766,5.391123571395874,0.9871023454355615,0.9334547843023442,32.75861476142859,-0.13294826734208698,-0.09671694348097241,-0.036231323861114564,0.02848104548485002,0.027130355791062512,3097228.0,0.6828412373903374,0
2020-07-27,5.0236029624938965,5.120042228594813,4.918396718412416,5.03236994047446,2071145,-0.0017421469075376006,0.04371590979227147,-0.08757963562455351,5.0499043464660645,5.367276811599732,0.9947917065022086,0.9359686744005659,30.58824658590467,-0.12796893966987177,-0.1029673427187523,-0.025001596951119476,0.022788007964904097,0.025849066527694402,2687457.9,0.7706706772969355,1
2020-07-28,5.102507591247559,5.198946434318941,4.944697815217239,5.023602703232399,3679393,0.015706780440803536,0.050541625052854755,-0.07324844929159036,5.009575223922729,5.34939172744751,1.0185509475695744,0.9538481852182933,38.853518851086946,-0.11631503518656316,-0.10563688121231449,-0.010678153974248678,0.023978778995632336,0.025585121263238104,2716382.7,1.35451937608055,1
2020-07-29,5.163877964019775,5.216481086156446,5.102507863886552,5.102507863886552,1607035,0.012027492693491793,0.05555551765018585,-0.03600653804918885,4.990287399291992,5.335188875198364,1.0347856848389958,0.9678903755450984,41.46343000278245,-0.10096331350201027,-0.10470216767025366,0.0037388541682433912,0.02358418683056954,0.02546523350477355,2597910.6,0.618587491039915,1
2020-08-04,5.207714080810547,5.260317202670962,5.163877936900642,5.163877936900642,2374651,0.008488991625326348,0.06071430548572154,0.018867966773391753,4.999931335449219,5.325194272994995,1.0415571197724578,0.9779387969411348,47.71241923001861,-0.08428813405072333,-0.1006193609463476,0.016331226895624273,0.018417776691294945,0.025109170163913175,2292266.9,1.0359400120465903,1
2020-08-05,5.251549243927002,5.321687150277563,5.181411755628847,5.207713522766858,3448986,0.008417352111933285,0.043553862196425985,0.05087719114103795,5.025356197357178,5.309588651657105,1.0450103510451216,0.9890689445947967,38.93125587482106,-0.06676616410038871,-0.09384872157715583,0.02708255747676712,0.016356428299631562,0.025038742793344285,2441766.1,1.4124964713041106,1
2020-08-06,5.374290466308594,5.444427957214347,5.295385580013411,5.251549439171105,6330606,0.02337238340162795,0.0698079658032138,0.11657559433132048,5.081466245651245,5.303977651596069,1.0576259304896396,1.0132566197165944,44.82757068572249,-0.042485934415408266,-0.08357616414480633,0.04109022972939806,0.008302240608395062,0.023442942485827543,2831560.1,2.235730754929058,1
2020-08-09,5.461962699890137,5.549634569460514,5.391825204233834,5.374290830319759,6971920,0.016313266677928873,0.0704467562692428,0.12454887486364763,5.141959953308105,5.302750244140625,1.0622336131529293,1.0300245058543793,54.34783122767301,-0.015984995836164195,-0.07005793048307792,0.05407293464691372,0.008420191079880457,0.023693405731740152,3259500.7,2.138953367919203,1
2020-08-10,5.488264083862305,5.523332829224483,5.409359197771194,5.461962315814461,5230588,0.004815372315284616,0.0628183164092464,0.12186373814546125,5.201576852798462,5.3029255867004395,1.055115446561095,1.034950235324193,69.02654654284633,0.007058129075111275,-0.054634718571440075,0.06169284764655135,0.008599205559862514,0.022367038832133028,3541654.0,1.4768771878901779,1
2020-08-11,5.532099723815918,5.628538981146037,5.461962234140346,5.488264001794893,4937674,0.007987159379321263,0.06228944945358483,0.12678561560196888,5.2638238906860355,5.306081771850586,1.050965959101439,1.042596017491548,79.04765654015476,0.02852828506656735,-0.03800211784383859,0.06653040291040593,0.00824885430346923,0.022420173916997656,3876691.3,1.2736825343818323,1
2020-08-12,5.5496344566345215,5.646073720227518,5.426893841731353,5.5321000830769265,6782049,0.0031696342607701045,0.056761385804813935,0.10278742557666098,5.315550327301025,5.308185892105103,1.0440376094515038,1.0454860793192127,98.83721812690044,0.046423305796781555,-0.021117033115714563,0.06754033891249611,0.007267884721812678,0.021480158690880775,4343404.7,1.5614591474747908,1
2020-08-13,5.611004829406738,5.707444090529792,5.435660680269147,5.549634314500717,9294116,0.011058453174127347,0.04404569581456497,0.11692840204498056,5.374290513992309,5.3136215496063235,1.0440456865512067,1.0559662138193577,98.86364549398293,0.064810222934228,-0.003931581905726051,0.06874180483995405,0.006018048677441749,0.019199890708593664,5065701.8,1.8347143923868556,1
2020-08-16,6.09320068359375,6.303613592232184,5.742513199283788,5.611005183641325,22232801,0.08593752257347376,0.11556980858113697,0.1941580829875782,5.473359823226929,5.331681966781616,1.1132468685388532,1.1428289837159609,99.28058088808702,0.11694311535102919,0.020243357545624997,0.0966997578054042,0.024511076768024036,0.026976408911320814,6921042.6,3.2123485267956595,1
2020-08-17,6.338681697845459,6.549094167093108,6.075665693233482,6.093200065670786,15612847,0.040287695580531135,0.154952021438568,0.2275041629587946,5.590840196609497,5.353950634002685,1.1337619168026807,1.1839260634173192,99.39394378899513,0.17603782005833502,0.051402250048167,0.124635570010168,0.02534072094894534,0.026911080791013745,8321623.8,1.87617794017557,1
2020-08-18,6.347448825836182,6.443888085558699,6.242242588712941,6.338681848435457,6932043,0.0013831153556271847,0.14738510560649365,0.21885509214596555,5.704813671112061,5.3784987735748295,1.1126478780504763,1.1801525096597425,99.34210997133137,0.22103033315809562,0.08532786667015274,0.13570246648794287,0.025825053447464674,0.023753615900776136,8777363.0,0.7897637365573237,0
2020-08-19,6.338681697845459,6.408819187594675,6.268544208096242,6.347448675037904,5177428,-0.0013812049897964362,0.14218003859112582,0.207011760420154,5.813526916503906,5.400942792892456,1.0903332501739522,1.1736250393518424,99.34210997133137,0.2530626413804935,0.1188748216122209,0.1341878197682726,0.02650193060653944,0.022637661296190235,8950207.2,0.5784701833494984,1
2020-08-23,6.45265531539917,6.531559782190241,6.338681685748006,6.338681685748006,6850638,0.01798065007625338,0.1499999575087554,0.20065250582394856,5.921363401412964,5.4239128303527835,1.0897245917822622,1.189667960607596,99.35897905228892,0.28436718692790386,0.1519732946753575,0.13239389225254636,0.026464565816747086,0.01948726176092924,9002210.4,0.7609950996035374,1
2020-08-24,6.557861804962158,6.663068043478346,6.408819424704677,6.45265556644597,9850617,0.016304371521583372,0.07625895576023489,0.20064199726117948,6.030953311920166,5.44846097946167,1.0873673639622707,1.2036172837949004,99.3788866037333,0.31404542905209265,0.18438772155070454,0.1296577075013881,0.02646465716173219,0.019440345531535407,9290080.1,1.060337143917629,0
2020-08-25,6.417586803436279,6.540327414716467,6.338681915729944,6.557861787756495,5078169,-0.021390356445104786,0.012448188653744863,0.16932908208745934,6.123885583877564,5.464241933822632,1.047959945615566,1.1744697400224213,90.11628771049973,0.3225287191524311,0.21201592107104988,0.1105127980813812,0.029158622153266124,0.02105180393498421,9274838.2,0.5475210338440191,0
2020-08-26,6.347448825836182,6.487724226719595,6.224708215859066,6.417586735304101,4120714,-0.0109290267118074,0.0,0.14738510560649365,6.20542049407959,5.47721736907959,1.0228877852664613,1.1588820377422466,85.71427683448658,0.3199045782070762,0.23359365249825514,0.08631092570882104,0.030335659635034175,0.021666051402694612,9193142.2,0.4482378179682677,0
2020-08-27,6.268544673919678,6.329914772984524,6.18963978306208,6.34744914672483,3023731,-0.012430844908168148,-0.011064922845017033,0.1295419045889965,6.277311515808106,5.486510610580444,0.9986034081841645,1.1425376015551894,80.00001919605022,0.3079086428040476,0.24845665055941363,0.05945199224463399,0.031352438772113224,0.022197819979011744,8817310.4,0.3429312185720489,1
2020-08-30,6.435121059417725,6.549094273078445,6.242242541433571,6.268544309541382,6728869,0.02657337454913411,-0.0027173706209907555,0.14687498141008049,6.359723138809204,5.502116222381591,1.011855535054414,1.1695719972691312,81.00559779552049,0.3082893322254048,0.2604231868926119,0.047866145332792875,0.03164567846984383,0.022227266301156196,8560785.7,0.7860106812392232,1
2020-08-31,6.470190048217773,6.5929306618817805,6.32114766545669,6.435121301456629,6576334,0.005449623787376234,-0.013368954600117666,0.06187049864270611,6.3974220752716064,5.520527334213257,1.0113745774610436,1.1720239130271157,81.11112722631549,0.30787185059683786,0.2699129196334571,0.037958930963380766,0.019151167385137318,0.022272152789452607,6995139.0,0.9401291382487181,0
2020-09-01,6.294846057891846,6.400052718927428,6.207174188739233,6.470190214249518,2527471,-0.027100284384108053,-0.019125685293218342,-0.00691557677813559,6.393038511276245,5.5382370758056645,0.9846407223714976,1.1366154918487514,72.30770560988393,0.29004869794906085,0.2739400752965778,0.01610862265248303,0.017612092326433543,0.02394143054804175,5686601.4,0.444460728335909,1
2020-09-02,6.303613185882568,6.400052446877275,6.2071739248878615,6.294845790313763,1940043,0.0013927470044690082,-0.006906024948982292,-0.006906024948982292,6.388654947280884,5.558050937652588,0.9866886281854195,1.13414095275364,72.16495510119404,0.27347866323055836,0.27384779288337396,-0.00036912965281560295,0.01761221030004254,0.02402081355134637,5187401.4,0.37399130130936076,1
2020-09-03,6.338681697845459,6.443887932469283,6.224708067976774,6.30361295297085,3337536,0.005563239832264699,0.011188725226380924,0.0,6.388654947280884,5.575234632492066,0.9921778136637831,1.136935414503289,71.7277506292445,0.2601773644683103,0.2711137072003612,-0.010936342732050908,0.01771255304957949,0.024038310374578365,5003412.2,0.6670519770487828,1
2020-09-06,6.3562164306640625,6.426353924389896,6.251010190075312,6.338682057232604,3307337,0.0027663059378046917,-0.012261560897628532,-0.01494561231326852,6.379011058807373,5.594522466659546,0.9964266203752948,1.136149951768684,60.86956693096482,0.24818991689403358,0.2665289491390957,-0.018339032245062115,0.01663033687852233,0.023863221962496253,4649082.1,0.7113956967978691,1
2020-09-07,6.461422443389893,6.531559934642319,6.391284952137466,6.356216206511253,3559151,0.01655167250414702,-0.0013550768621233278,-0.014705915501191602,6.3693671226501465,5.617667846679687,1.014452820659746,1.1501965975451727,55.7377085722132,0.24436216933227062,0.2620955931777307,-0.01773342384546006,0.016659714387225476,0.02386729089278722,4019935.5,0.8853751509197101,0
2020-09-08,6.268544673919678,6.478957158803343,6.084433540620247,6.461422785063038,4312023,-0.029850666963824768,-0.004178241013407136,-0.02322401458392387,6.354462909698486,5.638007755279541,0.9864790719530874,1.111836830669431,46.85316839696701,0.22319220693346775,0.2543149159288781,-0.031122708995410364,0.01795469170734222,0.02537533346966922,3943320.9,1.093500404696965,0
2020-09-10,6.610464572906494,6.7945756895514355,6.356215967644891,6.242242339616611,11726814,0.054545339751565614,0.04287687693064246,0.054545339751565614,6.380764484405518,5.6865780067443845,1.0359988351023393,1.1624679315163466,55.357140544691454,0.214025094893322,0.238216573672858,-0.024191478779536008,0.024355332121364152,0.02756520011858077,4401557.8,2.6642417373230907,1
2020-09-13,6.8559465408325195,6.987454129478818,6.750739884642081,6.610464900458068,5876220,0.037135357919041434,0.07862068820652923,0.06539511495264283,6.422847032546997,5.716035785675049,1.0674310794093091,1.199423306273589,59.23914151946455,0.2389740798196467,0.23836807490221576,0.0006060049174309301,0.0255654066228931,0.028268686820329732,4316292.9,1.3614043662328845,0
2020-09-14,6.733205318450928,6.864713321376836,6.601697733577435,6.8559463441430655,3645616,-0.017902884984673073,0.0420623906643145,0.040650316029836375,6.449148559570313,5.745844240188599,1.044045621876563,1.1718391653147076,59.890098724671844,0.24600633141160078,0.23989572620409277,0.006110605207508002,0.026726934991627007,0.02265001230733668,4023221.1,0.9061435872863164,0
2020-09-15,6.6367669105529785,6.768274503985278,6.531560250533716,6.733205756663006,2663961,-0.01432280813324971,0.05874126384793765,0.054317587676741885,6.483340644836426,5.775477361679077,1.0236646929602176,1.1491287204393963,58.91894943071036,0.24101934691302063,0.24012045034587837,0.00089889656714226,0.025327211010011258,0.02146416192385739,4036870.1,0.6599075357911566,1
2020-09-16,6.6630682945251465,6.812110680398151,6.522793304551706,6.63676694293135,3148214,0.003962981422527712,0.06293703580783072,0.05702366215103516,6.519286155700684,5.803532390594483,1.022054889966555,1.1481056443009905,62.56983953163608,0.23646362220207795,0.2393890847171183,-0.0029254625150403613,0.025292926893370826,0.02146474179383398,4157687.2,0.7572031873874494,0
2020-09-17,6.5490946769714355,6.663068315713512,6.400052708676928,6.663068315713512,11980051,-0.017105275304976186,-0.009283749312656187,0.03319506944125261,6.540327453613282,5.828080530166626,1.0013404869129772,1.1237138270606901,53.75723088531187,0.22110766757010758,0.23573280128771618,-0.014625133717608596,0.02631609629087885,0.021903491727728847,5021938.7,2.3855430573057372,0
2020-09-20,6.540327548980713,6.619232438306861,6.48772442878076,6.549094526654486,3553591,-0.001338677851390746,-0.046035801179610814,0.028965520656038413,6.558738565444946,5.847719039916992,0.9971929028302435,1.1184407979138395,52.35294136466728,0.20585753145098362,0.2297577473203697,-0.023900215869386066,0.026362140611856825,0.02157871500156978,5046564.1,0.7041604801968135,0
2020-09-21,6.347448825836182,6.636766605003733,6.145803747042848,6.540327345281216,5585715,-0.029490682492590237,-0.05729165744547571,-0.017639090858438955,6.547341203689575,5.862623262405395,0.9694696867576186,1.0826977176820782,51.74417391271352,0.1761771274435473,0.2190416233450052,-0.04286449590145791,0.027749060918478907,0.022275832194028972,5249220.5,1.0641037083506018,1
2020-09-22,6.6893696784973145,6.978687037663233,6.207173801185833,6.347448783071753,11705816,0.05386744533794485,0.007925962845055423,0.06713280776772357,6.589423704147339,5.888223476409912,1.0151676351130783,1.1360590686303003,60.47619220281951,0.1781912706421025,0.21087155280442468,-0.03268028216232219,0.030696401306593735,0.024920014231482192,5988599.8,1.9546832967532746,1
2020-09-23,7.013755798339844,7.171565571356041,6.873480816149822,6.6893696929992075,8979703,0.04849277815894282,0.05263153374892582,0.11888104228093366,6.663944816589355,5.920311412811279,1.0524930790062461,1.1846937279620802,65.84362747829988,0.2036155887407496,0.20942035999168968,-0.005804771250940088,0.03320678228738522,0.02672807396666261,6886570.1,1.3039441797013,1
2020-09-24,7.083893299102783,7.303073168100035,6.838412079935219,7.013755807912051,8425503,0.009999991841680655,0.08165993141187267,0.0716180717671,6.7112876892089846,5.9566075897216795,1.0555192426772149,1.1892496177398477,66.66666666666666,0.2268095350186048,0.2128981949970727,0.013911340021532104,0.029628190506291858,0.02641197579419567,6556439.0,1.2850730404111135,0
2020-09-27,7.048824787139893,7.197867169886404,6.969919897908813,7.083893533897609,3688805,-0.00495045739428801,0.07774797735297323,0.028132985745824124,6.730575513839722,5.98746810913086,1.0472841100505852,1.1772630198047267,63.90042739228419,0.2395992180709552,0.2182383996118492,0.02136081845910598,0.02786032784641729,0.026087088044846496,6337697.5,0.5820418219708341,0
2020-09-28,6.926084041595459,7.110194749541255,6.803343430280785,7.048824652910133,3339720,-0.01741293751099704,0.09116028055303782,0.028645899541484,6.749863386154175,6.015873813629151,1.0261072921568697,1.1513014162471624,66.0944170944241,0.23709786505633534,0.22201029270074643,0.015087572355588913,0.027819648168913715,0.0265576365852158,6307107.9,0.5295168646155554,0
2020-09-29,6.829644680023193,6.926083939373304,6.733205420673084,6.926083939373304,2705146,-0.013924081918886166,0.020969838455301204,0.029062007460820105,6.7691511631011965,6.045331583023072,1.0089366473675088,1.1297386398461062,63.11474386666007,0.2247429771267937,0.2225568295859559,0.0021861475408377906,0.027792062480215155,0.025907797034277754,6311226.4,0.42862445878981614,0
2020-09-30,6.820878028869629,6.9085498969934145,6.724438764907243,6.8296450066557854,2842468,-0.0012836174595154404,-0.027499926575126676,0.02368424386016721,6.7849321365356445,6.079523649215698,1.005297900054213,1.1219428400035207,55.825264122274454,0.21180271410277296,0.22040600648931932,-0.008603292386546363,0.027825772838961402,0.025931043446213286,6280651.8,0.4525753202876173,1
2020-10-01,7.066359519958496,7.232935856649743,6.926084116038725,6.820877876638222,4078330,0.035989720099063094,-0.0024751613842782794,0.07898264851872083,6.836658620834351,6.12090482711792,1.0335984158144367,1.1544632239096178,55.82525245911335,0.2188331943377344,0.22009144405900236,-0.001258249721267951,0.02868227599597324,0.026886149806195688,5490479.7,0.7428003057729181,0
2020-10-04,6.996221542358398,7.1452635043971355,6.855946557826679,7.066359452676688,2601411,-0.009925616918017965,-0.0074626971686777566,0.06970507057383313,6.882248020172119,6.164565458297729,1.0165605078242195,1.1349091172259724,57.50001291734234,0.21625252742736656,0.21932366073267523,-0.003071133305308671,0.02911798438416333,0.027110039067284857,5395261.7,0.4821658604623386,0
2020-10-05,6.794576168060303,6.943618550893241,6.715671278783467,6.996221671060319,3000339,-0.028822039593406235,-0.018987334364609088,0.07044205546079674,6.926960754394531,6.2033164691925045,0.980888503482535,1.0953134830060933,54.24527600002257,0.1956805502467187,0.21459503863548396,-0.01891448838876525,0.029025151591371732,0.027990095345927588,5136724.1,0.5840958053402168,0
2020-10-07,6.9436187744140625,7.066359810140817,6.855946904646704,6.899782630504157,3640631,0.02193552661229603,0.017994860049531658,-0.009999923855686932,6.930467700958252,6.282045879364014,1.0018975737314226,1.1053116942719663,60.56338603597473,0.1728265582899553,0.2002794046290009,-0.0274528463390456,0.019211845311316297,0.02718635358743659,3432235.3,1.0607171950011702,0
2020-10-11,6.847178936004639,6.94361819370961,6.794575818543495,6.94361819370961,2301704,-0.013888988082811582,-0.031017468518944602,-0.03341585666290681,6.906796264648437,6.318342056274414,0.9913683093637867,1.083698678390649,57.84751733611179,0.15963318799429427,0.19215016130205959,-0.03251697330776532,0.01919950326397845,0.024894958045712772,2819855.4,0.8162489466658468,0
2020-10-12,6.759507656097412,6.9260844181060035,6.663068390081396,6.847179526088131,1808986,-0.012804000118387893,-0.03383453265849423,-0.041044732956097896,6.87786455154419,6.353060150146485,0.9827916216494544,1.0639766500466008,61.137457739137965,0.14048359990117198,0.18181684902188205,-0.04133324912071007,0.01943693368948421,0.02366483107274481,2631873.5,0.6873377462860581,0
2020-10-13,6.6367669105529785,6.777041899842069,6.487724525407097,6.759507526180933,1988977,-0.018158237520999876,-0.02322576914350427,-0.041772108063510394,6.848932838439941,6.383745336532593,0.9690220457855606,1.0396352862906992,48.38710903666916,0.11408812411639158,0.16827110404078396,-0.05418297992439239,0.01949536267851132,0.02367481177179502,2496799.2,0.7966107166327191,1
2020-10-14,6.820878028869629,6.934851248404328,6.6192325231587,6.636766896783457,3724149,0.027741085501119533,0.0038710083099759984,-0.0012836174595154404,6.848056173324585,6.41688533782959,0.9960312614606137,1.06295775438878,43.529429455177876,0.1067946853003976,0.1559758202927067,-0.04918113499230911,0.021508079040679386,0.024240032483515136,2598699.5,1.4330818165009074,0
2020-10-15,6.777041912078857,6.882248154235638,6.715671395127846,6.820878055337072,1403630,-0.006426755705824627,-0.02398992049347659,-0.006426755705824627,6.843672561645508,6.448271894454956,0.9902639045093897,1.0509857560297076,39.52097485544634,0.09636652095355558,0.1440539604248765,-0.047687439471320925,0.02160553883717142,0.024298983648459904,2454815.7,0.571786305587014,0
2020-10-18,6.60169792175293,6.741972905911023,6.514025638601693,6.7770416519505465,1965538,-0.025873233868217382,-0.035851409251318356,-0.06575685781245044,6.797206401824951,6.475274868011475,0.9712369363949974,1.0195239671393717,36.06558156606973,0.07311055796688404,0.129865279933278,-0.05675472196639397,0.018674759081391455,0.024720633969915428,2243536.5,0.8760891565615269,0
2020-10-19,6.5490946769714355,6.680602689515951,6.4438884341568015,6.6016982164312,1253126,-0.007968138712945882,-0.031128447489244815,-0.06390976367455603,6.7524937152862545,6.4987709522247314,0.9698779374123125,1.0077435756878732,37.71429175254913,0.04986063515467887,0.11386435097755819,-0.06400371582287932,0.01864652353059622,0.024793555221300473,2108708.0,0.5942624583394192,0
2020-10-20,6.478956699371338,6.557861584633678,6.426353581880583,6.54909418935901,891026,-0.010709568430385286,-0.023778175926400302,-0.04645167864518429,6.720931768417358,6.519110832214356,0.9639967972620855,0.993840550670715,38.37209375863659,0.025481618953033802,0.09618780457265332,-0.07070618561961951,0.0170398653058576,0.023944799276060094,1897776.7,0.46951045399598385,0
2020-10-21,6.338681697845459,6.601697702457436,6.198406718347026,6.478956677343891,2829629,-0.02165086263649363,-0.07069417294712721,-0.06709682236809644,6.675342321395874,6.5361191844940185,0.9495665379629525,0.9697928570340408,35.29411080355452,-0.005099167297648144,0.07593041019859302,-0.08102957749624116,0.01774902028014228,0.02099004169752456,2180739.6,1.2975547378513235,0
2020-10-22,6.066898822784424,6.312380041225774,5.874020304528083,6.338681809370701,4169543,-0.04287687693064235,-0.10478658661218121,-0.12626268522404882,6.58767032623291,6.5468151664733885,0.9209475463010481,0.9266946856623288,20.000005725132382,-0.05068104778612614,0.05060811860164919,-0.10128916638777533,0.017930565613251813,0.01917640781051444,2233630.8,1.8667109174891394,0
2020-10-25,5.926623821258545,6.0581314073919055,5.70744395363305,6.066898802762087,1859959,-0.023121368201999948,-0.1022576477287731,-0.13444297620229007,6.495614814758301,6.554354953765869,0.9124038278552193,0.9042268633701849,19.191931122933198,-0.09700581412775477,0.0210853320557684,-0.11809114618352318,0.018202091332214874,0.019056236774548426,2189456.3,0.8495072498135725,1
2020-10-26,5.952925682067871,6.049364949152945,5.856486414982796,5.926624329805323,1415269,0.004437916358885907,-0.09103074918123755,-0.11932555077468754,6.4149566173553465,6.561193370819092,0.9279759844302807,0.9072931318475551,23.03373172591121,-0.13009651322968008,-0.009151037001321298,-0.12094547622835877,0.01913988156851715,0.019268086798697705,2150084.6,0.6582387502333629,1
2020-10-27,6.1633381843566895,6.268544422580242,5.9616926854019985,5.952925289857155,2892352,0.035346065703902196,-0.04871440413319528,-0.07133424038796665,6.367613744735718,6.562596120834351,0.9679196055904131,0.9391615864931666,32.17822715227402,-0.13775465036934875,-0.03487175967492679,-0.10288289069442197,0.02418392302007985,0.02143539291917484,2240422.1,1.2909853013858414,0
2020-10-28,6.119502067565918,6.277311425541526,6.005528433335098,6.163338209363135,2277489,-0.007112398424287791,-0.03457810957032925,-0.10282781165930699,6.297476148605346,6.5582125282287596,0.9717388241194304,0.9331051778553251,25.26315578547694,-0.14568166000488514,-0.057033739740918465,-0.08864792026396667,0.020890381617656193,0.02135010273493159,2095756.1,1.086714718377773,0
2020-11-01,5.891554832458496,6.005528467334563,5.812650362050201,6.119502102210629,1305138,-0.03724931090644923,-0.028901749550761968,-0.1306598204803987,6.20892744064331,6.549094648361206,0.9488844713972159,0.8995983641697334,23.414639711405115,-0.16841591525491584,-0.07931017484371794,-0.0891057404111979,0.02242447881643519,0.02248232240276534,2085906.9,0.6256933135414625,0
2020-11-02,5.891554832458496,6.137036475418299,5.540867368305111,5.891554832458496,3265243,0.0,-0.005917194992916208,-0.1075697642805612,6.1379131317138675,6.540152111053467,0.9598628566470797,0.9008284107798072,24.615380753460173,-0.1843083840091575,-0.10030981667680586,-0.08399856733235164,0.0223535363231551,0.020177723822515127,2215877.4,1.47356663324424,0
2020-11-03,5.742513179779053,5.821417654454562,5.637306516790947,5.891555151078329,1326482,-0.02529750752014126,-0.03534606570390231,-0.12315923604350432,6.057254981994629,6.525949268341065,0.9480388718732898,0.8799506314946934,24.242430069200125,-0.20654873058010992,-0.12155759945746666,-0.08499113112264325,0.02275274362563603,0.020510618709236848,2223213.0,0.5966508832037236,1
2020-11-04,5.821417808532715,5.900322703349093,5.7600477063888365,5.742513331768804,1319972,0.013740434942580038,-0.05547649108267505,-0.10148839100937734,5.991501092910767,6.511220388412475,0.9716125755898973,0.8940594022731361,19.354837766410057,-0.21532528550771346,-0.14031113666751605,-0.07501414884019741,0.02426834798120746,0.020621727888079235,2266107.6,0.5824842562639126,0
2020-11-05,5.812650203704834,5.88278769462486,5.733745317393594,5.821417181043627,1023331,-0.0015060944114043684,-0.05014327317371703,-0.08298752315003055,5.938897943496704,6.499121656417847,0.9787422277680129,0.8943747341557876,19.78021551108425,-0.22044706442008088,-0.156338322218029,-0.06410874220205187,0.024063901677035995,0.02059564421894795,2085477.8,0.4906937872942114,0
2020-11-08,5.812650203704834,5.865253321894854,5.742512712784809,5.812650203704834,601202,0.0,-0.013392836186290058,-0.04190750933982146,5.913473081588745,6.48842568397522,0.9829503108422328,0.8958490837092608,22.222218491852587,-0.2219476369078892,-0.16946018515600106,-0.05248745175188815,0.020834293470351775,0.019496299613336297,1728643.7,0.34778826891857473,1
2020-11-09,5.996761798858643,6.137036791750439,5.865253783996357,5.812650661661933,3517662,0.03167429463353222,0.017857249807899045,0.011834389985832416,5.920486879348755,6.482990026473999,1.0128832173880735,0.9249993867598454,32.203409100686216,-0.20590701645834208,-0.17674955141646928,-0.029157465041872804,0.02241461800834927,0.02142125228165055,1894414.0,1.8568602216833279,1
2020-11-10,6.1633381843566895,6.233475676505725,6.066898923625551,5.996761431476516,3608979,0.027777722558490092,0.07328237505130608,0.035346065703902196,5.9415281295776365,6.477554368972778,1.0373321559608304,0.9514915403688201,40.4255460722318,-0.1777049153660224,-0.1769406242063799,-0.0007642911596424939,0.023929666963146797,0.022667551658094164,2113785.0,1.7073538699536612,1
2020-11-11,6.259777069091797,6.3386819573158,6.189639576471542,6.1633382257651625,3677411,0.01564718369338891,0.07530111649374471,0.01564718369338891,5.951172018051148,6.473346109390259,1.051856180615278,0.9670079373650888,47.54098701712474,-0.1458909944701965,-0.17073069825914322,0.024839703788946732,0.021750065459895492,0.0228443322189054,2192290.9,1.6774283923725635,1
2020-11-12,6.347448825836182,6.443888085558699,6.25100998416609,6.259776961566814,3884714,0.014005571728308297,0.09200598752535982,0.03724923298554117,5.9739666938781735,6.474398164749146,1.0625182815867946,0.9803921019865354,59.87653740707739,-0.11230922406257271,-0.15904640341982912,0.04673717935725641,0.021817199936474303,0.022075440602297217,2353013.4,1.650952774004602,1
2020-11-15,6.45265531539917,6.557861549822207,6.347448662923719,6.347448662923719,5141909,0.016574610122851885,0.11010556102041247,0.09523809909217662,6.030076742172241,6.4773790073394775,1.0700784735079012,0.996183071592338,68.98733567182212,-0.07632630250670225,-0.14250238323720374,0.06617608073050149,0.016545648391789552,0.022502189076728366,2736690.5,1.8788785213380907,1
2020-11-16,6.522793292999268,6.601698183745804,6.461422775968357,6.4526557981367665,3627243,0.010869630279602083,0.08771925779022016,0.10714293229744265,6.093200588226319,6.481061239242553,1.07050362097106,1.0064390772153222,69.93864744084051,-0.04166968709161978,-0.12233584400808696,0.08066615691646718,0.016223506601025995,0.021961816985812337,2772890.5,1.3081089931246834,0
2020-11-17,6.505259037017822,6.619232677258339,6.435121540885952,6.522793411050791,3675398,-0.002688151409038886,0.05547656844937854,0.1328243981963515,6.169475173950195,6.484042091369629,1.054426649528542,1.00327217888922,63.82979626190863,-0.015440944014601499,-0.10095686400938989,0.08551591999478839,0.011628574966361898,0.021897325928248265,3007782.1,1.2219628542905419,0
2020-11-18,6.417586803436279,6.505258668636413,6.338681915729944,6.505258668636413,3999351,-0.013477131822522193,0.025210120520694268,0.1024095872365891,6.229092073440552,6.483165378570557,1.0302603859075108,0.9898847906377584,61.643837657676244,-0.0017091902198567155,-0.08110732925148326,0.07939813903162654,0.014228955821826749,0.02197645645488901,3275720.0,1.2209074646184657,0
2020-11-19,6.347448825836182,6.487724226719595,6.277311334420688,6.417586735304101,4646781,-0.0109290267118074,0.0,0.09200598752535982,6.282571935653687,6.484743461608887,1.0103264858479881,0.9788280544040763,70.31248472971544,0.0034737319500326436,-0.06419111701118009,0.06766484896121273,0.015336261481361198,0.021553512885300854,3638065.0,1.277267173621142,0
2020-11-22,6.242242813110352,6.35621644978389,6.198407088426064,6.347449054015568,1656780,-0.01657453500020467,-0.032608669145347324,0.0739064960646878,6.3255311965942385,6.4842174243927,0.9868329819432824,0.9626825265957193,64.28571983559047,-0.0008976631707753313,-0.05153242624309914,0.050634763072323806,0.017193622709373253,0.019484036809364228,3743622.8,0.44256061267711055,0
2020-11-23,6.189639568328857,6.321147575845048,6.137036448932868,6.242242687724848,2497901,-0.008426978308343491,-0.0510753153910265,0.03216365364169116,6.34481897354126,6.475800924301147,0.9755423431528115,0.955810661983379,69.76740165965796,-0.008508585847188499,-0.04292765816391701,0.03441907231672851,0.015463380660119803,0.018766362482656267,3641646.7,0.6859262322179688,1
2020-11-24,6.417586803436279,6.531560019170239,6.242242654983581,6.189639535863501,5409404,0.03682722274715022,-0.013477131822522193,0.041251771600802956,6.370243835449219,6.467033729553223,1.0074318925946926,0.9923540021306864,73.28763933855838,0.003809229510028267,-0.033580280629127955,0.03738951013915622,0.01722134292346856,0.020292369518498055,3821689.2,1.4154484357336017,1
2020-11-25,6.557861804962158,6.663068043478346,6.426353797790709,6.4175868202739075,6698977,0.021857904820355323,0.021857904820355323,0.04761906575590058,6.400052309036255,6.463526859283447,1.024657532205337,1.0145949645963364,76.39750419739407,0.024606558136579082,-0.02194291287598655,0.04654947101256563,0.01778354829296894,0.01939883402068616,4123845.8,1.624448954905152,0
2020-11-26,6.514025688171387,6.601697971989783,6.364983725395464,6.557861830080585,3504274,-0.006684513656204483,0.026243120174074264,0.026243120174074264,6.416709995269775,6.461072034835816,1.0151659796022183,1.0081957998688242,74.09636837050937,0.037123446653996695,-0.010129640969989901,0.0472530876239866,0.01779761754739752,0.019386995159587046,4085801.8,0.8576710696049916,1
2020-11-29,6.6893696784973145,6.750739774046193,6.575396046688794,6.514025533087493,5840503,0.026917915083498833,0.07162920103778703,0.03668479897465304,6.44038143157959,6.461598062515259,1.0386604814579525,1.0352500439950596,73.93936936705305,0.060494621254565395,0.003995211474921158,0.05649940977964424,0.018954269221552248,0.017543985099192597,4155661.2,1.4054329068019307,0
2020-11-30,6.619232177734375,6.689369668573282,6.5753960369338476,6.689369668573282,2422308,-0.010484919227650602,0.06940510907996278,0.014784905852928576,6.450025320053101,6.463000812530518,1.0262335183639064,1.0241731928767446,66.88310335243179,0.07252095888640486,0.0177003609572179,0.05482059792918696,0.01926580868033177,0.017901927518538537,4035167.7,0.6002992143300513,1
2020-12-01,6.680602550506592,6.750740044256934,6.6192324525012625,6.6192324525012625,3077584,0.00927152441919965,0.040983590113573776,0.026954117044530657,6.467559671401977,6.465806312561035,1.032940226287612,1.0332203328652567,65.99999347334932,0.08601249578336301,0.03136278792244692,0.05464970786091609,0.019338778409471978,0.01632100495248127,3975386.3,0.7741597338603295,0
2020-12-02,6.610464572906494,6.741972573088939,6.443887828415718,6.680602061523156,4505420,-0.01049875023545277,0.00802132913269582,0.030054563401766377,6.486847448348999,6.4710666275024415,1.0190565795699353,1.021541726183378,60.13511924361447,0.09000753649768622,0.043091737637494784,0.04691579886019144,0.01908094635386591,0.016744852136136173,4025993.2,1.1190828638259995,0
2020-12-03,6.522793292999268,6.584163810030178,6.4701901718523915,6.610465161577394,1642199,-0.013262499018080187,0.0013459579755421558,0.027624400286517803,6.504381895065308,6.46773509979248,1.0028306145350918,1.0085127470988342,52.739740826366486,0.0851181069052247,0.05149701149104077,0.03362109541418393,0.01928512562400298,0.017240008535672403,3725535.0,0.4407954830648484,1
2020-12-06,6.619232177734375,6.663067900482481,6.566628641552773,6.522792918804668,1131802,0.014784905852928576,-0.010484919227650602,0.06039325542291407,6.54208083152771,6.459844627380371,1.0117930897207592,1.02467358884739,53.69126512346074,0.08801048071444129,0.058799705335720875,0.02921077537872041,0.01829164378837415,0.01728972131620892,3673037.2,0.30813790832284516,1
2020-12-07,6.715671062469482,6.838412090291572,6.5753960798755795,6.619232220962386,5976513,0.01456949720837808,0.01456949720837808,0.08498580383132848,6.594683980941772,6.452480182647705,1.0183461530343767,1.0407891031621548,57.59491361475519,0.09696674751575163,0.06643311377172703,0.030533633744024596,0.017708393359438124,0.016386677008240282,4020898.4,1.4863625999602477,1
2020-12-08,6.820878028869629,6.917316874779571,6.715671369068643,6.715671369068643,2967439,0.015665890336424626,0.020997429094535836,0.06284156923555884,6.635013103485107,6.4479212474823,1.0280127442833376,1.0578413983472512,64.37500658614181,0.1112713100214533,0.07540075302167229,0.035870556999781006,0.014978580619878754,0.015743026269405925,3776701.9,0.7857223256090188,1
2020-12-09,6.934851169586182,6.9962216856015464,6.794576182182422,6.820877951346846,8415409,0.016709452981589434,0.04907167916899691,0.057486628391401284,6.67271203994751,6.448096590042114,1.0392852453499153,1.0754881030001582,70.30304788325326,0.1303024136939479,0.08638108515612741,0.04392132853782049,0.014460635767859293,0.015781877959999517,3948345.1,2.1313762568525227,0
2020-12-10,6.78580904006958,6.969920176944565,6.680602795584576,6.934851428782896,2789751,-0.02149175604088638,0.04032256354844166,0.04172279399998624,6.699890375137329,6.447219877243042,1.0128238911566505,1.052517080117225,68.23530390386874,0.13183849411758164,0.09547256694841827,0.03636592716916337,0.016485838404557893,0.016714069517943533,3876892.8,0.7195842505627187,1
2020-12-13,6.8559465408325195,6.926084032924527,6.680602392550074,6.785808630688084,2532719,0.010335908415457062,0.03576160447950438,0.02490172771743482,6.716548061370849,6.4479212474823,1.0207544825389396,1.0632801297797396,72.09303649268044,0.13713455725544854,0.10380496500982432,0.03332959224562422,0.014684445127619244,0.01651376998728407,3546114.4,0.7142237148355959,1
2020-12-14,7.259237289428711,7.539788100435605,6.952385545353411,6.855946700507062,14409872,0.05882349668193587,0.08093997188113455,0.09668872378388094,6.780548572540283,6.451778802871704,1.0705973435286653,1.1251528471803163,75.00000708187812,0.17189244926281333,0.11742246186042213,0.0544699874023912,0.02225047360098172,0.020653731624655346,4744870.8,3.036936643248537,1
2020-12-15,7.531020164489746,7.732665235460247,7.285538954058975,7.259236768719922,5486351,0.03743959099626348,0.10411300900183429,0.12729654362070475,6.865590333938599,6.462474775314331,1.096922449226505,1.1653461601516955,76.8116010571926,0.2188462128146167,0.13770721205126105,0.08113900076335565,0.023938571557261503,0.021731057203181192,4985747.5,1.1004069098966605,1
2020-12-16,7.6274590492248535,7.820337562370765,7.355676487892037,7.53102021070431,4532164,0.012805553912846435,0.09987350307908649,0.15384614274866415,6.967289781570434,6.479132432937622,1.094752663998657,1.1772346264215168,79.81221808135089,0.2608325059715124,0.16233227083531132,0.0985002351362011,0.022566709469794142,0.021179059697072716,4988421.9,0.9085366255809276,1
2020-12-17,8.013216972351074,8.35513706107629,7.627459902885554,7.627459902885554,6953671,0.050574892718096454,0.1808786432146503,0.22849469734867078,7.116332149505615,6.503505249023437,1.1260318945213605,1.23213815711986,81.8565627427559,0.32152801150369115,0.1941714189689873,0.12735659253470386,0.022824957133739464,0.022570456984619788,5519569.1,1.2598213509094398,1
2020-12-20,8.267465591430664,8.416507981230946,8.100888409369214,8.01321695637811,3206632,0.0317286577858622,0.20588244703943448,0.24900673815923535,7.2811554908752445,6.529982185363769,1.1354606561817646,1.2660778171740301,86.43412715678983,0.38569927449389674,0.23247699007396921,0.15322228441992752,0.022939143684273456,0.021931951480240613,5727052.1,0.5599096959498587,0
2020-12-21,7.566089153289795,8.223628758123851,7.44334812605636,8.267464899000425,6063023,-0.0848357250942604,0.04227053774753142,0.12663188576535145,7.366197299957276,6.544360389709473,1.0271363697159834,1.156123548022648,65.2567922713379,0.37563021454058276,0.26110763496729195,0.11452257957329082,0.041161916887364806,0.030924219444616527,5735703.1,1.0570670926115406,1
2020-12-22,7.723898887634277,7.846639078153144,7.4608828797862445,7.566089115704489,3411628,0.020857503942557365,0.025611234458512433,0.1323907061440739,7.45649938583374,6.56364821434021,1.0358612651814278,1.1767691740028297,68.62170686678337,0.37604947441614467,0.2840960028570625,0.09195347155908218,0.04123509665219352,0.030412018797999076,5780122.0,0.5902346005845551,1
2020-12-23,8.065818786621094,8.22362855544546,7.81157017912896,7.723898735641398,3262170,0.04426778547479682,0.05747126724210849,0.16308462710705873,7.569596147537231,6.592229251861572,1.0655547045591474,1.2235343278365807,73.78376753468719,0.39936815173735685,0.30715043263312136,0.09221771910423548,0.04239329205821026,0.03128182879504236,5264798.1,0.6196192024913548,1
2020-12-24,8.232397079467773,8.504179678482842,7.811571250266624,8.06581989262182,4611399,0.02065237234476247,0.027352324025789132,0.21317841849899155,7.71425495147705,6.620459632873535,1.0671668399929555,1.243478177646496,74.33862266376555,0.4263748635780731,0.33099531882211175,0.09537954475596133,0.04028903452752216,0.03107072910921127,5446962.9,0.8466000383443038,1
2020-12-27,8.521714210510254,8.714591908392103,8.276232135943498,8.232396827582567,4120814,0.035143728885971726,0.030752909252276917,0.2429668405021519,7.880831718444824,6.655353078842163,1.0813216821475156,1.280430070284533,75.74999717858317,0.4657544247492247,0.35794714000753436,0.10780728474169032,0.040373400844690537,0.031328601863435154,5605772.4,0.7351019103094517,1
2020-12-28,8.854866981506348,8.968839776834916,8.688289813986424,8.521713482571343,3961271,0.03909457214432277,0.1703360616172731,0.2198067962871635,8.040394687652588,6.700416460037231,1.1012975513633083,1.3215397929843222,77.23003567954949,0.5178759039827296,0.3899328928025734,0.12794301118015622,0.03886852769503821,0.03136293995478852,4560912.3,0.8685260183582132,1
2020-12-29,9.380898475646973,9.74035333659691,8.872401232921959,8.854867277709822,5110123,0.05940591713452692,0.2145289072421055,0.24563449184212383,8.22538251876831,6.757052536010742,1.1404817288730413,1.3883122005715982,79.49259065016668,0.5947727273708221,0.43090085971622316,0.16387186765459894,0.04050149760774311,0.03283870051148801,4523289.5,1.129736002968636,1
2020-12-30,9.740352630615234,9.950765930644188,9.433501329752058,9.380897795718619,3596092,0.03831766817447324,0.20760866172343428,0.27701146184522685,8.436671876907349,6.82228045463562,1.1545254779051308,1.4277267983020012,83.9034033263394,0.6769158950669851,0.48010386678637557,0.19681202828060956,0.04059353276661639,0.0324491431404453,4429682.3,0.8118171364117919,0
2020-12-31,9.40719985961914,9.600078384260554,9.31076101535087,9.740353370870718,1344204,-0.034203358300288866,0.14270482446496846,0.17396045708956676,8.576070165634155,6.883650817871094,1.0969126508917186,1.366600385248551,77.60910371395994,0.7069826470564049,0.5254796228403814,0.1815030242160235,0.0435265383133862,0.033887584540837165,3868735.6,0.3474530541709803,1
2021-01-03,9.556241989135742,9.731586553865084,9.29322681425143,9.407199610778711,2107582,0.01584341055156835,0.12139902290428295,0.15588530529125055,8.704947805404663,6.95343768119812,1.0977942892664485,1.3743190673838244,76.3052163658282,0.7343718374704498,0.5672580657663951,0.16711377170405461,0.04321981208801244,0.03388142785213828,3758830.6,0.5607015117946523,0
2021-01-04,9.503640174865723,9.731587461387283,9.310761637339409,9.556242880306128,1373481,-0.005504445610504782,0.07326741267986936,0.25608355681791894,8.898702907562257,7.0249780082702635,1.0679803869830715,1.3528355766633597,73.78437562452265,0.7432655389360345,0.6024595604003231,0.14080597853571142,0.027004917698118174,0.03431677891090225,3289876.4,0.41748711288971224,1
2021-01-05,9.985835075378418,10.397892624740168,9.486104408372606,9.503639199122386,4639420,0.050737916381552006,0.064485997935259,0.2928490158468322,9.12489652633667,7.105636196136475,1.0943504999269713,1.4053400427125702,76.01549018681663,0.7802289661771944,0.6380134415556974,0.142215524621497,0.028315189848929556,0.03507457099020783,3412655.6,1.3594750082604292,1
2021-01-06,10.415428161621094,10.783650432696454,10.178713486170547,9.985835790734809,3808639,0.04302024647912539,0.06930709355265097,0.291304508216492,9.35985746383667,7.190677995681763,1.112776364582772,1.44846260225752,76.24522274411413,0.8345669520501424,0.6773241436545865,0.15724280839555593,0.028230220209383573,0.035442652359654,3467302.5,1.0984443958956567,0
2021-01-10,10.310221672058105,10.64337518728264,10.05597304676897,10.415427913270346,4275683,-0.010101023974286027,0.09599262542674669,0.25239606065317055,9.567639923095703,7.274492387771606,1.0776138896249488,1.4173114937049833,73.06931526949501,0.8592361731301903,0.7137065495497072,0.14552962358048305,0.030492337373553606,0.03480717889244319,3433730.9,1.2452003737392467,0
2021-01-11,10.231316566467285,10.511866537119834,9.950766595814736,10.31022145473953,6056400,-0.00765309496736255,0.0706422648253382,0.20061718965516273,9.738600158691407,7.3612876224517825,1.0505941716208713,1.3898813755438615,85.02306951281516,0.8624776208451461,0.7434607638087951,0.11901685703635101,0.031608802478872926,0.035345113337763516,3627289.5,1.669676489841795,0
2021-01-12,9.915698051452637,10.205015423607302,9.687750777602028,10.231316774865485,4018412,-0.030848279687589297,0.043357899605320105,0.11980203340850482,9.844683265686035,7.441770486831665,1.0072135165601646,1.3324380359483845,77.65489749869081,0.8300108664799666,0.7607707843430295,0.06924008213693711,0.034269078509970366,0.03595296501136401,3633003.6,1.1060853339093857,0
2021-01-13,9.792957305908203,9.95076709029468,9.54747606938861,9.915698342220452,4976194,-0.01237842710695014,-0.019315136692552026,0.0439253053778319,9.885889148712158,7.522779369354248,0.9905995463426716,1.30177382920494,73.06794808630272,0.7853238528287179,0.7656813980401671,0.019642454788550756,0.03052662417812404,0.036139264406878625,3619610.7,1.37478707309601,0
2021-01-14,9.792957305908203,9.863094802056658,9.661449709656075,9.792957305908203,845815,0.0,-0.05976430791453968,0.005400695158368718,9.891149616241455,7.602210159301758,0.9900727100344314,1.2881723999600216,71.81374587817749,0.7413631002207168,0.7608177384762771,-0.019454638255560264,0.028153859756793426,0.036271868032886394,3344583.0,0.2528910181030042,0
2021-01-17,9.600078582763672,9.898163353526279,9.503639736501313,9.79295711139328,1245544,-0.019695656492668023,-0.06887757721242826,0.020503308744663995,9.910437488555909,7.677958726882935,0.96868363216552,1.2503425616434736,65.49119160904691,0.6830859959012603,0.7452713899612737,-0.062185394060013444,0.026467797900377767,0.0358626835696292,3334717.0,0.3735081567641272,0
2021-01-18,9.600078582763672,9.845559814407334,9.43350224174598,9.600078582763672,2349518,0.0,-0.061696652586478384,0.004587220968008898,9.914821147918701,7.753707294464111,0.9682553461671772,1.2381275457248442,61.838452096455214,0.629642840142127,0.7221456799974445,-0.09250283985531749,0.026040559151275854,0.03553687896703557,3358910.6,0.6994881018863676,1
2021-01-19,9.635147094726562,9.731586774737508,9.4861047129868,9.600078348205729,947588,0.0036529400942459933,-0.028293616371766528,0.01383753145543487,9.927971839904785,7.826475000381469,0.9705050789929486,1.2310966423909788,54.785483524125134,0.5833934929644347,0.6943952425908425,-0.11100174962640785,0.025956755134529493,0.028083211906389786,3316321.3,0.28573467836183425,0
2021-01-20,9.556241989135742,9.731586553865084,9.451035751961047,9.635146876042976,1774857,-0.008189299531711991,-0.024171995177559635,-0.0430202464791255,9.885012531280518,7.894333076477051,0.966740503251321,1.2105192289910751,46.125467623589095,0.5342154661773524,0.6623592873081445,-0.12814382113079215,0.019455047749236093,0.02837943439477835,3029865.0,0.5857874855810408,1
2021-01-21,9.608845710754395,9.819258189154414,9.459803329528166,9.556242173101957,3203439,0.005504645202419223,-0.018800408232427568,-0.07744112276044535,9.804354286193847,7.9613144493103025,0.9800590054446766,1.2069421163972263,54.81172595502432,0.4937940558473368,0.628646241015983,-0.13485218516864617,0.011198865560183478,0.02729645873196634,2969345.0,1.0788369152119406,0
2021-01-24,9.424734115600586,9.62637918837149,9.328295276810781,9.608845234093721,1170082,-0.019160636011435583,-0.018264899151753333,-0.08588443436257953,9.715805530548096,8.02286015510559,0.9700414531731483,1.1747349365927648,46.9135813522084,0.44181061217653905,0.5912791152480943,-0.14946850307155524,0.011743546082347884,0.027858640686201502,2658784.9,0.44008148233427985,0
2021-01-26,9.62637996673584,9.75788839692427,9.42473487766043,9.42473487766043,2662858,0.021395388841948693,-0.0009099111725571207,-0.02917778286667494,9.606215476989746,8.144373464584351,1.002099108623411,1.1819669135503135,40.00001061243289,0.3717663794387889,0.5161395839101462,-0.14437320447135737,0.01244272644012384,0.026213931727840936,1917589.5,1.3886486132720273,1
2021-01-27,9.766655921936035,9.941999661733695,9.60884613806569,9.626380093993005,1772823,0.01457203597665191,0.022018481013719393,-0.0026857447807211443,9.603585338592529,8.209601402282715,1.0169801774643683,1.1896626210403314,28.488418054263477,0.35969579662665474,0.48485082645344796,-0.12515502982679322,0.01306180439597495,0.022991029890412164,1597252.4,1.109920385782485,0
2021-01-31,9.521173477172852,9.77542209894684,9.424734633087846,9.766655539379018,1153173,-0.025134748958630437,-0.00912411711257044,-0.027752988218521235,9.576406955718994,8.271673135757446,0.9942323379946633,1.151057751062958,26.0638627183575,0.32655704473716085,0.4531920701101906,-0.12663502537302973,0.015254951773531436,0.02211556512409831,1627988.2,0.7083423577640182,1
2021-02-01,9.59131145477295,9.731587284306327,9.512407398048122,9.521173958058716,819797,0.007366526591312983,0.01767448684803008,-0.0009132350235615538,9.575530242919921,8.336550388336182,1.0016480770727758,1.1505132228544226,30.481331015852405,0.302467239678025,0.4230471040237575,-0.12057986434573248,0.014274950476898715,0.020731716253265583,1585413.5,0.5170871826182886,0
2021-02-02,9.582544326782227,9.731586707492104,9.459803296755014,9.591310886273206,1297658,-0.000914069784102356,0.016744261349550538,-0.0018264700471229967,9.573776817321777,8.403356418609619,1.0009157837735037,1.140323443328102,37.500026836492765,0.2794471686418003,0.3943271169473661,-0.1148799483055658,0.014277881588717947,0.020444169042527563,1480227.5,0.8766611889050838,0
2021-02-03,9.389665603637695,9.696517754099029,9.170485735052413,9.582544122102101,3521550,-0.020128132630230056,-0.02459017449094214,-0.025477710788994856,9.54922866821289,8.467356939315795,0.9832904761086785,1.1089252137274879,35.62502039573158,0.24284058044357693,0.36402980964660825,-0.12118922920303132,0.015512181637389579,0.020919923925967147,1737623.7,2.0266470812984423,0
2021-02-04,9.021444320678711,9.188020670701514,8.854867970655906,9.389666606102734,3863708,-0.03921559068262559,-0.07630161308166594,-0.0559631776869014,9.495748901367188,8.519434089660644,0.9500508505842875,1.0589253025183112,28.2178713669976,0.18201901349446814,0.32762765041618025,-0.1456086369217121,0.019399277326959733,0.01892174994582041,1946508.8,1.9849424775269446,0
2021-02-07,8.968840599060059,9.152951738084118,8.828565604775997,9.02144413996904,3291202,-0.005830964505104341,-0.058011008772922645,-0.0666058266476306,9.431748390197754,8.567653665542602,0.9509202565646485,1.0468257645767067,30.645207510314833,0.1280961896474455,0.28772135826243334,-0.15962516861498782,0.019007382544416505,0.015197416477349773,1955285.1,1.6832338158767741,0
2021-02-08,8.968840599060059,9.2055552789931,8.767195503802952,8.968840599060059,2350210,0.0,-0.0648994518265934,-0.0483720294863168,9.3861590385437,8.616749963760377,0.9555389549900072,1.0408611874291904,30.645207510314833,0.08438917734966545,0.24705492207987978,-0.16266574473021433,0.01857306057642623,0.01526843435209898,2073297.9,1.1335611732399864,1
2021-02-09,9.012676239013672,9.109115919261212,8.92500479054894,8.96884009672887,1351010,0.0048875481138785926,-0.05946939229655657,-0.04372090199391854,9.344953250885009,8.663216094970704,0.9644431595374895,1.0403383847536531,31.016085085986447,0.05268095178673882,0.2081801280212516,-0.1554991762345128,0.018776282401771448,0.01548889018392202,2208398.9,0.6117599497083611,1
2021-02-10,9.08281421661377,9.188020462045019,8.968840575037019,9.012676719659602,1301190,0.007782147692878105,-0.03267969275764704,-0.05646626790136822,9.290596675872802,8.71248773574829,0.9776351867906792,1.0425052513240265,35.48392756365082,0.03283302453844961,0.17311070732469122,-0.14027768278624161,0.017127388121237243,0.014639540592775436,2072232.1,0.6279171141109144,0
2021-02-11,8.854866981506348,9.074046849007942,8.767194700063772,9.082813408268326,2138844,-0.0250965427312686,-0.01846459760224195,-0.09335733210195296,9.199417781829833,8.755973024368286,0.962546455819843,1.0112944565798496,29.12625358014887,-0.0012753363573931864,0.13823349858827433,-0.13950883494566751,0.01650282851123023,0.015272624023400537,2108834.2,1.014230516557442,0
2021-02-14,8.705825805664062,8.898703513676983,8.609386115552645,8.854868203013565,2353383,-0.0168315544607911,-0.02932539501522191,-0.08563520804064717,9.117883014678956,8.797880249023438,0.9548077982190034,0.9895367474034904,29.70303747653476,-0.03987320195428978,0.1026121584797615,-0.1424853604340513,0.015831172219689525,0.015450516471364337,2228855.2,1.055870744766192,0
2021-02-15,8.661988258361816,8.802263236455964,8.50417848995349,8.705824398042443,1083974,-0.005035426653462904,-0.03421315579300188,-0.09689219256337167,9.024950695037841,8.840664148330688,0.9597823357776801,0.9797893136792658,28.985548372043894,-0.0731563117998526,0.0674584644238387,-0.14061477622369128,0.01488144538191478,0.015097902627959103,2255272.9,0.4806398374227793,1
2021-02-16,8.916236877441406,8.986374366584903,8.767194503985271,8.661988270270026,1127541,0.029352223934747457,-0.01070041339716643,-0.0695334586116716,8.95831995010376,8.886604242324829,0.9953023476615315,1.0033345285002615,30.985937071497403,-0.0781171910764975,0.038343333323771454,-0.11646052440026897,0.01935019720526722,0.016927223650032262,2238261.2,0.5037575596628311,0
2021-02-17,8.846099853515625,9.02144358559572,8.740893614267568,8.916237346347662,778218,-0.0078662136156602,-0.02606178629803524,-0.057889787886747035,8.903963375091553,8.929212818145752,0.993501374709402,0.9906920166062986,24.390249079238302,-0.08670867172234509,0.013332932314548147,-0.10004160403689323,0.01880757345459391,0.01686505705106087,1963928.0,0.3962558708873238,1
2021-02-18,8.881168365478516,9.003909392746786,8.767194733609017,8.846099619988273,844373,0.003964290765828604,0.002970274316610233,-0.015549168205656216,8.889935779571534,8.97041862487793,0.9990137820665516,0.9900506026383324,29.834261448388347,-0.08965426760769546,-0.007264507669900576,-0.08238975993779488,0.014811989132048746,0.016929819993212223,1661994.5,0.508048010989206,1
2021-02-21,9.188019752502441,9.293226825914017,8.942538532120086,8.881168436050709,1792032,0.034550790436162604,0.05538750230043199,0.02443784690134332,8.911853694915772,9.015481996536256,1.030988621115293,1.019137940271244,38.942284058116535,-0.06646219627256933,-0.019104045390434327,-0.047358150882135006,0.018528536254228085,0.018878395465706785,1512077.5,1.1851456026559486,1
2021-02-22,9.231856346130371,9.30199384110515,9.135417499566273,9.18802020274491,1068217,0.00477106001170613,0.06578952438759478,0.02932550134717271,8.938155269622802,9.064402942657471,1.0328592497722366,1.0184737378217,40.56603337932435,-0.044037429822905594,-0.02409072227692858,-0.019946707545977015,0.01851640844232728,0.018492416464412683,1383878.2,0.7719010242375377,0
2021-02-23,9.100348472595215,9.337062301839076,8.968840046477633,9.23185606260793,798917,-0.01424500865313827,0.020649024659676884,0.00972765816240373,8.946922492980956,9.109290981292725,1.0171484641489432,0.9990183090302116,41.95122624204132,-0.03645697388568436,-0.026563972598679736,-0.009893001287004627,0.019277991935043894,0.018729925127794117,1328668.9,0.6012912622550284,0
2021-02-24,9.08281421661377,9.19678785819052,8.968840575037019,9.100349008904768,721734,-0.0019267675336003265,0.026759178283983553,0.0,8.946922492980956,9.145762519836426,1.0151886555113698,0.9931172165157223,52.12119534010127,-0.03150115020819655,-0.027551408120583102,-0.003949742087613447,0.019150062610347903,0.017933086522749282,1270723.3,0.5679710130443032,1
2021-02-25,9.310761451721191,9.44226988491032,9.0565128175481,9.082814169743962,1239249,0.0250965427312686,0.04837123546858124,0.05148518562356652,8.99251194000244,9.181357345581056,1.0353905019912228,1.0140942239006108,60.54054816847943,-0.009075569880135248,-0.023856240472493535,0.014780670592358287,0.018355010740473868,0.018609748811307676,1180763.8,1.0495316675528161,0
2021-02-28,9.231856346130371,9.345829984490608,9.117882707770132,9.31076123700322,689498,-0.00847461359631696,0.00477106001170613,0.060422819409511996,9.045114994049072,9.213445291519164,1.020645547591618,1.0019982812106296,57.7319541384817,0.002303330157456429,-0.01862432634650354,0.02092765650395997,0.017407098915491435,0.017889100640541847,1014375.3,0.6797267244184672,1
2021-03-01,9.258158683776855,9.345830135862878,9.179253791626003,9.231856495656634,694662,0.002849084372668953,0.002849084372668953,0.06882604866608166,9.104732036590576,9.23834412574768,1.0168513083712603,1.0021448170537348,57.291689682737974,0.013290366179704804,-0.012241387841261872,0.025531754020966677,0.017025145528108514,0.017801026061974985,975444.1,0.7121494711998361,1
2021-03-02,9.459802627563477,9.696517275276737,9.1354165384083,9.258157559752748,4740551,0.021780134762646064,0.03949894402953058,0.06096358335850449,9.159088611602783,9.262190866470338,1.0328323077450903,1.0213353151475755,60.38644956686013,0.03783254244017442,-0.002226601784974613,0.040059144225149036,0.016051570759044967,0.018555420742843914,1336745.1,3.5463387896465823,0
2021-03-03,9.266924858093262,9.503639524695563,8.986374885324494,9.459803382424225,1818822,-0.020389195955126782,0.020270219899767072,0.04757181261190402,9.201171112060546,9.296207580566406,1.0071462366292185,0.9968500356495524,61.576354415837166,0.04124334231681814,0.006467387035383939,0.03477595528143421,0.01766528967327993,0.018570055488894437,1440805.5,1.2623646980803447,0
2021-03-07,9.494872093200684,9.643914474698043,9.301993569597359,9.231856076669763,2444828,0.024597937136432435,0.02849001730627654,0.03339700490028541,9.270431995391846,9.355649166107177,1.024210317051072,1.0148811615978366,72.94688706670226,0.06285975498586183,0.023662376591561965,0.03919737839429986,0.01604963792474624,0.016876588453921496,1421647.8,1.7197142639688958,0
2021-03-08,9.37213134765625,9.591311228749383,9.20555500591162,9.494872382066166,1214685,-0.012927056240423562,0.012310510952799891,0.01519466900984412,9.284459495544434,9.378443851470948,1.0094428600990601,0.9993269135141533,63.54168791230706,0.06756263098155912,0.0324424274695614,0.035120203511997725,0.01683877132222401,0.017240679055859277,1436294.6,0.8457074196338271,0
2021-03-09,9.100348472595215,9.468570727956658,8.898702553656868,9.372131048249457,1422999,-0.028999046746074675,-0.037998060754555585,0.0,9.284459495544434,9.390016536712647,0.9801699794115561,0.9691514851986787,56.744188870377016,0.04879659073421472,0.03571326012249207,0.013083330611722649,0.018904533804071127,0.018589673849808863,1498702.8,0.9494871164583131,0
2021-03-10,8.872401237487793,9.065279761549773,8.688290109088827,9.100348508096964,1670799,-0.025048187527528465,-0.04257330523845915,-0.023166055597735435,9.263418197631836,9.390367221832275,0.9577891279653115,0.9448407104740026,49.78903108515543,0.015353941121778902,0.031641396322349434,-0.01628745520057053,0.02053209724663125,0.019360059621876865,1593609.3,1.0484370290760727,0
2021-03-11,8.837332725524902,9.109116145558685,8.6795229438211,8.872401473002983,1147808,-0.003952539005418143,-0.046357571594332625,-0.05084747672369705,9.216075325012207,9.379495906829835,0.9589041336869929,0.9421969808729116,40.291281104589146,-0.013820026806619978,0.022549111696555553,-0.03636913850317553,0.018167460623820977,0.018534303933572475,1584465.2,0.7244135118903211,0
2021-03-14,8.714591979980469,8.933771868005284,8.609385734061147,8.837333018272137,1026960,-0.01388889038769825,-0.08217910737091194,-0.056030374255847115,9.164348888397218,9.358980693817138,0.950923200993998,0.9311475538930886,36.2790657669659,-0.04631091554829325,0.008777106247585792,-0.055088021795879044,0.01836030577286488,0.018404350795488394,1618211.4,0.6346266007024793,0
2021-03-15,8.539247512817383,8.802263523369438,8.32883503881768,8.71459124115047,1308192,-0.0201207890817946,-0.08886813510644531,-0.07765163630422822,9.09245777130127,9.341621646881103,0.9391572364262173,0.9141076180995181,35.45452972224625,-0.08522657316177984,-0.010023629634287334,-0.0752029435274925,0.018621118252332612,0.018932211852578477,1679564.4,0.7788876687312496,0
2021-03-16,8.188560485839844,8.460343069991506,7.995681956499866,8.539247960908082,1566390,-0.04106767328750682,-0.10019264531475125,-0.13438357984547733,8.965333557128906,9.314268016815186,0.913358151557964,0.8791415998613004,30.232552256482492,-0.14271983899207186,-0.03656287150584424,-0.10615696748622762,0.018091041639688974,0.019615523538728537,1362148.3,1.149940869140313,1
2021-03-17,8.223628997802734,8.355136588160416,8.135956713494368,8.18856025130036,341784,0.004282622327029584,-0.07312250903891238,-0.11258274738025587,8.861003971099853,9.288667793273925,0.9280696662166142,0.8853399842502278,23.728787778921387,-0.18334049543765651,-0.0659183962922067,-0.11742209914544982,0.0188178226401131,0.019679612326842254,1214444.5,0.2814323750488392,0
2021-03-18,8.153491020202637,8.267464648587648,8.065818741104993,8.223628509038825,691484,-0.008528835337639595,-0.0773810069804346,-0.12015138300363015,8.74966058731079,9.25202091217041,0.9318636921787858,0.8812659523366694,23.829760642852847,-0.2186714980404716,-0.09646901664185968,-0.12220248139861191,0.01841700708766445,0.019629851871727926,1283592.9,0.5387097420062078,0
2021-03-21,7.91677713394165,8.241163260206944,7.715132043062508,8.153491808735323,553075,-0.029032212787683087,-0.09154930579327092,-0.1662049729336652,8.591851091384887,9.202047891616822,0.9214285780487818,0.8603277473869628,20.463271248140217,-0.2627436591200176,-0.12972394513749128,-0.13301971398252635,0.013561034402968896,0.01813569984407363,1094417.6,0.5053601111678028,0
2021-03-22,7.776501655578613,7.943078824318537,7.6274592776975645,7.916776638030224,1224102,-0.017718760549874868,-0.08932237367448248,-0.1702525960091955,8.432288122177123,9.15137349128723,0.922229120127694,0.849763334758701,11.90476087700661,-0.3054689669677657,-0.16487294950354617,-0.14059601746421954,0.013448877222546134,0.018047401809214318,1095359.3,1.1175346756082685,0
2021-03-23,7.776501655578613,8.013216315544343,7.4959516906753905,7.776501655578613,910680,0.0,-0.050321278199481734,-0.14547210153580747,8.299903440475465,9.102277193069458,0.9369388103547783,0.8543468288902144,13.043474148295076,-0.33546208317933157,-0.19899077623870326,-0.1364713069406283,0.014025403228273914,0.018085043139045555,1044127.4,0.8721924163660488,1
2021-03-24,8.100887298583984,8.241162273019324,7.978147114005464,7.776501211176065,941954,0.04171356959368322,-0.014925490832763177,-0.08695661053334658,8.222752046585082,9.065980978012085,0.9851795667301304,0.8935477934744445,25.09361190181984,-0.3292611162884853,-0.22504484424865967,-0.10421627203982564,0.022380358039759823,0.02118233254368279,971242.9,0.969843897957967,1
2021-03-25,8.153491020202637,8.320067347162379,7.943078553694073,8.100887485523087,359938,0.0064935752936405855,0.0,-0.0773810069804346,8.154367876052856,9.033191652297974,0.9998924679553894,0.9026146387726038,19.02832973970885,-0.3164542371846153,-0.2433267228358508,-0.0731275143487645,0.02287177362753828,0.02015185386329566,892455.9,0.4033118050987169,1
2021-03-28,8.214861869812012,8.40774039991197,8.144724374522006,8.153491770459482,243620,0.007526941460695991,0.03765228335055437,-0.05734406284499127,8.10439486503601,9.00162974357605,1.0136305062395934,0.9125971744921513,22.500007931698562,-0.29791836114083914,-0.2542450504968485,-0.04367331064399066,0.023236635466454388,0.020382383682870764,814121.9,0.2992426564130015,0
2021-03-29,8.171026229858398,8.241163729471394,8.109656126723266,8.214862376142758,221067,-0.005336138409667068,0.0507329120153619,-0.04312104578375153,8.067572736740113,8.973048696517944,1.0128233728401548,0.9106187324079968,25.23365578602737,-0.2834977302636279,-0.26009558645020436,-0.023402143813423537,0.022676870268126547,0.020285295452531164,705409.4,0.3133882253341109,1
2021-03-30,8.197327613830566,8.311300412424117,8.127190121109214,8.17102542698141,309241,0.003218859324678025,0.054115073446948436,0.0010706555817574515,8.068449449539184,8.944993677139282,1.0159731017833598,0.9164151378642642,29.84293879522245,-0.26687065572371793,-0.2614506003049071,-0.005420055418810854,0.018633596253914683,0.019348950439961005,579694.5,0.5334551216200947,0
2021-03-31,8.039517402648926,8.153491031187487,7.995681263041045,8.197327170795369,355446,-0.019251421757913167,-0.007575700497127746,-0.022388120281569224,8.050038290023803,8.91308108329773,0.9986930636854342,0.9019908298281074,27.804868989376942,-0.26339133319299535,-0.26183874688252473,-0.0015525863104706161,0.01953378697314604,0.019309016228639345,581060.7,0.6117192231379613,1
2021-04-01,8.135956764221191,8.24116300438426,8.039517919764597,8.039517919764597,446127,0.0119956655035649,-0.0021505212844411536,-0.0021505212844411536,8.048284864425659,8.884675378799438,1.0108932401464878,0.9157292098296765,33.66336367077885,-0.24997058916808257,-0.25946511533963634,0.009494526171553774,0.0198578295948938,0.01971669218094804,556525.0,0.801629756075648,0
2021-04-04,8.013216972351074,8.144724570152324,7.89924333074103,8.135957174004263,327441,-0.015086091952931646,-0.024546352775807745,0.012181704344809363,8.057928848266602,8.852762804031372,0.9944511949959516,0.9051656697163528,34.69390473410252,-0.2463983020137821,-0.2568517526744655,0.010453450660683428,0.01799802306795186,0.018395958741083004,533961.6,0.6132294906600025,0
2021-04-05,7.846639156341553,8.065819025714807,7.627459286968298,8.013216325283942,531853,-0.0207878828920125,-0.039699673503858945,0.009019158468593025,8.064942598342896,8.821200904846192,0.972931804617407,0.8895205132478918,38.857127583893096,-0.2540798025060287,-0.2562973626407782,0.0022175601347494966,0.01838151330986179,0.018583350877167424,464736.7,1.1444179037291438,1
2021-04-06,8.02198314666748,8.197327716777817,7.715131821184143,7.84663941266202,863861,0.022346381276398652,-0.02139044276664559,0.03156708529892316,8.089490747451782,8.79314588546753,0.9916549010448443,0.9122995627680245,43.97905207537198,-0.24321502101377135,-0.2536808943153768,0.010465873301605477,0.019560377535821672,0.01916598845540385,460054.8,1.8777350002651858,0
2021-04-07,8.02198314666748,8.179792925324833,7.802803270134436,8.02198314666748,499464,0.0,-0.0021810085236793064,-0.009740186353449976,8.081600332260132,8.761057949066162,0.9926230965227677,0.915640918403301,45.901643729273566,-0.23193104667067743,-0.24933092478643695,0.01739987811575952,0.014155373496423384,0.018675594045636092,415805.8,1.2011953657212093,1
2021-04-08,8.092120170593262,8.16225849622941,7.978147377183487,8.021982681061942,478896,0.008743102876614506,-0.005388007200419986,-0.0075269414606958795,8.075463247299194,8.727567234039306,1.0020626585477481,0.9271908143007286,56.09752700285774,-0.21485226091296816,-0.2424351920117432,0.02758293109877505,0.01430281981225808,0.018922184562178045,427701.6,1.1196965360896476,1
2021-04-11,8.328835487365723,8.407740378391233,8.171025705314701,8.09212081428919,633375,0.029252570622058105,0.039387241865989964,0.01387407595647372,8.086860609054565,8.703720474243164,1.0299219796171863,0.956928190882642,67.99999875682889,-0.18013971391396488,-0.22997609639218755,0.04983638247822267,0.017067852691660532,0.020179746566300224,466677.1,1.357201799702621,1
2021-04-12,8.635686874389648,8.933770783592792,8.302533384698682,8.32883473395973,1512109,0.03684205162767329,0.10055868535899193,0.056866864878403645,8.13332667350769,8.684607982635498,1.0617656490447227,0.9943669180757881,73.33332124694257,-0.12641222640099592,-0.20926332239394924,0.08285109599295332,0.02012580005639512,0.021475876411688053,595781.3,2.5380269572072836,0
2021-04-13,8.469110488891602,8.889936296221098,8.284999354954614,8.63568766708001,1058940,-0.019289303551759507,0.055737756368868574,0.03315505831467336,8.160504961013794,8.662339305877685,1.0378169646795323,0.9776932292579475,60.93752036037077,-0.09616559056702023,-0.18664377602856347,0.09047818546154324,0.02163923377786194,0.019722912978906437,670751.2,1.578737391748237,0
2021-04-14,8.057051658630371,8.407739952524686,7.758967737561753,8.469110048611629,750445,-0.04865432217488508,0.004371551438307142,0.0021810085236793064,8.162258386611938,8.63568702697754,0.9871105859434527,0.93299486577738,47.63948147210978,-0.10424296957187451,-0.1701636147372257,0.06592064516535118,0.026518168837151072,0.022708173787878625,710251.1,1.0565911126360805,0
2021-04-15,7.846639156341553,8.144723912465954,7.7151315691595395,8.057051630274714,316868,-0.026115322478221126,-0.03033580929059687,-0.035560366932128495,8.133326625823974,8.612190923690797,0.9647515115681983,0.9111083609115852,41.599991471840646,-0.1261684892645647,-0.16136458964269348,0.035196100378128786,0.027411798701599065,0.023355395905968548,697325.2,0.454404917533455,1
2021-04-18,7.934311389923096,8.065818976299425,7.85540650365536,7.84663910826898,215488,0.011173221023001556,-0.04736845841667703,-0.009846929479163657,8.125436067581177,8.591500339508057,0.9764782251600466,0.9235070798329746,44.70587306858592,-0.134914989031369,-0.1560746695204286,0.021159680489059585,0.027412382043152966,0.02259296492913931,686129.9,0.3140629784534969,1
2021-04-19,8.118422508239746,8.241162699165093,7.960612735787339,7.934311385746885,287693,0.023204423077027192,-0.0598984624701856,0.03463691224777965,8.152614402770997,8.57449197769165,0.9958060208858119,0.9468109048747768,48.35164222161127,-0.12554324021905927,-0.14996838366015475,0.024425143441095476,0.027351259825735014,0.02272285596795383,661713.9,0.43476946759014734,1
2021-04-20,8.398972511291504,8.504178748055121,8.241162738093655,8.118422546588524,1117931,0.03455720649756966,-0.008281622691319601,0.0469945346096412,8.190313339233398,8.562217903137206,1.0254763356926264,0.9809342166139116,57.14285714285714,-0.09438995255606564,-0.13885269743933693,0.04446274488327129,0.028521266983639326,0.023818266281373405,687120.9,1.6269786001269937,1
2021-04-21,8.670755386352539,8.889935241897403,8.469109484476771,8.398971997590799,2324183,0.03235906233716723,0.07616976453971147,0.0808742960217479,8.255190563201904,8.553976726531982,1.0503398219543283,1.0136519730593074,59.934846841535176,-0.04722575193140344,-0.12052730833775023,0.0733015564063468,0.029705638788687178,0.023123031104434554,869592.8,2.6727256711417113,1
2021-04-22,8.723359107971191,8.85486753840587,8.548015370163183,8.670756404681235,1598756,0.0060667980210176164,0.11173190638199348,0.0780066192877178,8.318314456939698,8.551346569061279,1.0486931160306856,1.0201152575820343,63.545128113710696,-0.0055392494105213075,-0.09752969655230445,0.09199044714178314,0.029712330062748156,0.023120474960674955,981578.8,1.628759708339259,1
2021-04-25,8.86363410949707,8.977607748243537,8.723359119072155,8.723359119072155,567568,0.01608038827585334,0.11712707932716793,0.06421049172391524,8.371794319152832,8.55450273513794,1.0587496266145737,1.036136685431096,69.59459596027341,0.038374269773550296,-0.07034890328713352,0.10872317306068381,0.028944550652580784,0.023274785331217768,974998.1,0.5821221600329273,0
2021-04-26,8.653221130371094,8.907469745042814,8.58308363915854,8.863633604008756,1304403,-0.023738906246200564,0.06587469691169145,0.002030441380806103,8.373547744750976,8.554327392578125,1.0333996287052203,1.0115606678648716,61.9999949237143,0.05555705404989908,-0.045167711819727,0.10072476586962609,0.028248228842225033,0.024017948484061052,954227.5,1.36697276068862,1
2021-04-27,8.679522514343262,8.76719479675273,8.600618463500561,8.653221164062362,290817,0.0030394905637920466,0.03340289573213728,0.024844642861566735,8.394588947296143,8.549593105316163,1.0339425276015326,1.015197145340906,62.376229626196505,0.07048433670236953,-0.022037302115307696,0.09252163881767722,0.027373475180353,0.024017953265542603,877415.2,0.3314474150892303,0
2021-04-28,8.591851234436035,8.749660175282553,8.530480301118905,8.679522682438575,295926,-0.010100933520518662,-0.009100032050344375,0.0663765851907887,8.44806890487671,8.54450813293457,1.0170195498140795,1.0055407638175196,59.34427813959692,0.07438254053489857,-0.002753333585266443,0.07713587412016501,0.02138075543737647,0.023653415275247183,831963.3,0.3556959784163556,1
2021-05-04,8.697057723999023,8.767195218861524,8.583084085821236,8.591851481705271,244149,0.012244915175128046,-0.003015052303433685,0.1083799765368556,8.533110761642456,8.54082592010498,1.0192130357774718,1.0182923531465822,57.24138125049232,0.0849815650350969,0.014793646138806226,0.07018791889629068,0.018026588947419715,0.023658139896565927,824691.4,0.2960489220573902,1
2021-05-05,8.802264213562012,8.942539207227556,8.591851723063696,8.697057968312855,1007724,0.012096790995496987,-0.00692378489194434,0.1093923317329406,8.619906044006347,8.533110809326171,1.0211554706773704,1.0315422370868161,53.55806563321178,0.10070973365383828,0.03197686364181264,0.06873287001202565,0.018032851249681018,0.023305919802073003,903915.0,1.114843762964438,1
2021-05-06,9.293227195739746,9.529941030073735,8.91623753664297,8.802263899332203,3167886,0.0557768967467811,0.07396159831422278,0.14470849309796807,8.737386512756348,8.53433822631836,1.0636163550933548,1.0889218295896816,65.46052984691704,0.15104982179205706,0.05579145527186152,0.09525836652019554,0.022861613068016314,0.025074132807019242,1191934.3,2.657768972669047,1
2021-05-09,9.468570709228516,9.617613090204062,9.328295723864441,9.293226977523423,1991234,0.018867881931171393,0.09090917081916894,0.1273486961052741,8.84434633255005,8.541702671051025,1.070578915977218,1.1085109226897782,79.06139062549087,0.20275621304142355,0.08518440682577394,0.11757180621564961,0.021795219237741716,0.024987094789821997,1279264.6,1.5565458467310045,0
2021-05-10,9.310761451721191,9.424735092709806,9.205555206832834,9.468571237106183,1134654,-0.016666639808003536,0.08367349453209494,0.0738120309997441,8.908346939086915,8.546261615753174,1.0451727481412532,1.0894542983049837,80.81183018731224,0.2283675336431461,0.11382103218924838,0.11454650145389772,0.02228256994975808,0.02556104575632218,1160311.7,0.9778872349559175,1
2021-05-11,9.486104965209961,9.565009856006032,9.301993832054087,9.310761227943628,1169979,0.0188323494698015,0.0907257679839939,0.08743717274481932,8.984621524810791,8.549768486022948,1.0558157557348784,1.1095160039383198,81.49467831529373,0.25981842084709683,0.14302050992081808,0.11679791092627875,0.022563718581112155,0.025680189727073772,1117434.0,1.0470229114202718,1
2021-05-17,9.608845710754395,9.74035330072819,9.4773381207806,9.48610468030195,1371450,0.012939003520895165,0.09163341131588054,0.08407517639506978,9.059142684936523,8.55730827331543,1.060679365027765,1.1228817992590046,81.02191432768272,0.2912898202002072,0.1726743719766959,0.1186154482235113,0.022470345992602524,0.025234578066972935,1197822.2,1.1449528986856314,1
2021-05-18,9.819258689880371,9.959533682633605,9.486105164038987,9.60884620075052,2569266,0.021897841370319693,0.056603748413874166,0.13475185043136317,9.175746440887451,8.5685302734375,1.0701318691769213,1.1459676719962277,80.4511490351507,0.32941243831084144,0.20402198524352505,0.1253904530673164,0.019696959340942944,0.024530695409583435,1324308.5,1.9400811819904502,0
2021-05-19,9.687750816345215,9.906930695284677,9.512407080414622,9.819258409266938,2164405,-0.01339285150626357,0.023148172395552447,0.11616172437318006,9.276569271087647,8.573089237213134,1.0443247426113769,1.1300186605189737,73.2000241921413,0.3450359419239355,0.23222477657960716,0.11281116534432833,0.021235651681154724,0.024235195274312674,1511667.3,1.4317998411422936,0
2021-05-20,9.643914222717285,9.714051713812296,9.521173195248593,9.687750363677878,571577,-0.0045249505751085994,0.035781474235333066,0.12244892975620836,9.38177556991577,8.580629024505615,1.027941262381303,1.123916929070702,71.08433366505407,0.34984760888781885,0.2557493430412495,0.09409826584656933,0.02067864963913734,0.020641728062835065,1539232.4,0.3713389868872303,1
2021-05-23,9.696517944335938,9.810490742464065,9.58254431010295,9.643914406957304,403729,0.005454602810001985,0.022181177616910297,0.11491934997498765,9.481721591949462,8.58922088623047,1.0226537291043063,1.128917054616746,69.8744825100221,0.35382687437169125,0.2753648493073379,0.07846202506435335,0.020773944643870057,0.018932952523210183,1555190.4,0.25960101091159,0
2021-05-24,9.442269325256348,9.757888041214342,9.231856011846157,9.696517944359835,917017,-0.026220610381905707,-0.01733573318922288,0.07270914575686716,9.545722103118896,8.588168830871583,0.9891623937146937,1.0994508272024837,68.44263921191525,0.3326303762986136,0.28681795470559307,0.045812421593020514,0.02387740887116951,0.020662413684180626,1546119.7,0.5931086706934786,0
2021-05-25,9.056512832641602,9.486105209011242,8.644454412396785,9.442269900646721,2446337,-0.0408542141011502,-0.07767855816089742,-0.025471707310315228,9.522050666809083,8.58185646057129,0.9511094983152945,1.0553092881768749,57.54387839810689,0.2814601761034474,0.28574639898516396,-0.004286222881716539,0.021513645791807794,0.023149868118907437,1473964.8,1.6596983862843944,1
2021-05-26,9.249391555786133,9.380899155778737,9.1178831196886,9.056513017839375,915806,0.02129723953455409,-0.04524881666232372,-0.02314807167556565,9.500132751464843,8.584837322235108,0.9736065587462398,1.0774102302241417,62.62627076524818,0.25354837692954924,0.27930679457404106,-0.025758417644491827,0.021791989530567057,0.02246061182257735,1366422.0,0.6702219372931641,0
2021-05-27,9.170485496520996,9.29322652073391,9.047744472308082,9.249390380936097,573798,-0.008530945931873313,-0.04909093084642713,-0.015066002488363983,9.486105155944824,8.590799007415772,0.9667282141368597,1.0674775988362464,59.18365081684867,0.2224962175564329,0.26794467917051945,-0.045448461614086555,0.021335822825654327,0.02169406563518429,1310336.4,0.4379012900809289,0
2021-05-30,9.100348472595215,9.293226995904748,9.03021097977445,9.170485965415978,361776,-0.007648125494815861,-0.06148284107378621,-0.040665425275125844,9.447529506683349,8.596059322357178,0.9632516591938102,1.0586651547327564,55.86205810069948,0.19003705696453999,0.2523631547293236,-0.062326097764783595,0.02016950015419342,0.021809417671688536,1229516.1,0.2942425886086404,0
2021-05-31,8.986374855041504,9.258158267324022,8.802263727006215,9.100348490120956,795976,-0.012524093763764177,-0.048282298937969204,-0.06478102307504119,9.385282421112061,8.601494979858398,0.9574964771253746,1.0447456954964638,42.91497298178087,0.15334851371060232,0.23256022652557934,-0.07921171281497702,0.019391566315885508,0.02179900562380129,1171968.7,0.6791785480277759,0
2021-06-01,8.854866981506348,9.021443312921429,8.679522418621199,8.986374567565367,482858,-0.014634140646979321,-0.022265286304070542,-0.09821430912782814,9.288843250274658,8.607807369232178,0.9532798372116487,1.0287018054280885,35.53720122711796,0.11236571055202482,0.20852132333086845,-0.09615561277884363,0.016700721849311297,0.021347503778136,963327.9,0.5012395052608775,1
2021-06-02,8.872401237487793,9.074047157212789,8.723358855636018,8.854867282266632,929590,0.0019801828777401553,-0.04075839108168211,-0.08416293877849956,9.207308292388916,8.621484184265137,0.9636259540502223,1.029103695820796,38.93805267140154,0.08037489988724822,0.1828920386421444,-0.10251713875489618,0.017073238711693875,0.02134445090283719,839846.4,1.1068571586423421,0
2021-06-03,8.740894317626953,8.925005460152262,8.679523379381894,8.872401918242916,612600,-0.014822021270317953,-0.04684497664349574,-0.09363624398101456,9.117006301879883,8.631829490661621,0.9587461089968341,1.0126351924679842,30.769268631224563,0.04390434066085014,0.15509449904588554,-0.1111901583850354,0.01710926188676187,0.021502860224810023,843948.7,0.7258735039226911,1
2021-06-06,9.012676239013672,9.20555476340388,8.68829012387393,8.740893661836667,1065086,0.031093148081957844,-0.009633942463363798,-0.070524461383761,9.048622131347656,8.649013195037842,0.9960274733752607,1.0420467671600353,35.71428244965267,0.03651081544411383,0.1313777623255312,-0.09486694688141736,0.02108362733234145,0.022411834411686787,910084.4,1.1703156322644361,1
2021-06-07,9.249391555786133,9.389666552072892,9.03021166506184,9.01267687247353,2141204,0.02626470878292264,0.029268387418434072,-0.0204270565503043,9.029334354400635,8.67566548347473,1.024371364792605,1.0661304972401513,36.51454211202642,0.04918536294625042,0.11493928244967504,-0.06575391950342462,0.022289452546672323,0.02296418175755285,1032503.1,2.0737991004579066,0
2021-06-08,9.11788272857666,9.293227302518625,8.872401495604759,9.249391159033134,649282,-0.014218105744177811,0.02970295856726346,0.006776327386614822,9.035471343994141,8.702493104934693,1.0091208727740915,1.0477322554161432,36.51452563086428,0.048064314369149486,0.10156428883356994,-0.05349997446442045,0.01835278308597617,0.019531238252898857,852797.6,0.7613553321444619,1
2021-06-09,9.433502197265625,9.582544581944171,8.968840251571386,9.117882636249933,2429786,0.03461543409631407,0.06324116152536696,0.01990516244977414,9.05388240814209,8.735633115768433,1.0419289506987792,1.0798876363337064,45.588252349414134,0.07181587991647476,0.0956146070501509,-0.023798727133676145,0.02037521461968254,0.020649983681741004,1004195.6,2.41963418282255,1
2021-06-10,9.451035499572754,9.591310478726328,9.231855635619088,9.433501545230971,1457517,0.0018586206840776054,0.0812435382628669,0.03059270996701202,9.081937408447265,8.762636079788209,1.040640897919224,1.0785607679602716,44.776098805760185,0.09100490974681286,0.0946926675894833,-0.003687757842670447,0.02003162587582872,0.02027431252042259,1092567.5,1.3340292476208564,0
2021-06-13,9.161718368530273,9.363364283039033,9.021443385970189,9.451035729086662,842976,-0.0306122150377659,0.01653694480574308,0.006743686367600921,9.08807439804077,8.78280062675476,1.008103363513989,1.0431431564803177,44.11763176785582,0.08192252768175834,0.09213863960793832,-0.01021611192617998,0.022568624920452588,0.02098042562339968,1140687.5,0.7390069585228207,0
2021-06-14,9.047744750976562,9.161718383519311,8.863633627039023,9.161718383519311,638140,-0.012440200950206148,-0.021801088600625462,0.006829216110501912,9.094211387634278,8.799458284378051,0.9948905259975706,1.0282161081483052,49.79251014429956,0.06478119870705434,0.08666715142776153,-0.02188595272070719,0.022563095276094177,0.02082623487008499,1124903.9,0.5672840142166812,1
2021-06-15,9.196786880493164,9.53870776887429,8.960073062463788,9.047744506283813,2519286,0.016472848606887913,0.008653780078702766,0.03861378151709416,9.128403377532958,8.819973497390746,1.0074912884687495,1.0427227341685201,48.728776841798634,0.06250253592526889,0.081834228327263,-0.019331692401994116,0.02232524144691284,0.020520744623198514,1328546.7,1.8962720693220645,1
2021-06-16,10.301454544067383,11.116803979789688,9.582544792375398,9.196787728463915,11420629,0.12011452237925324,0.09200743569586911,0.16106725432361357,9.271308708190919,8.862056035995483,1.111111156827985,1.1624226367138075,68.27197361726859,0.14812661618562828,0.09509270589893606,0.053033910286692215,0.04290057273352551,0.034164756798125216,2377650.6,4.803325181588918,1
2021-06-17,10.915157318115234,11.292146960664333,10.529401116238482,10.301453851622522,6567034,0.05957438062970288,0.15491655053127973,0.24874605749478595,9.488735008239747,8.91956883430481,1.1503279740278154,1.2237314965422272,74.93975947826584,0.2624793035935937,0.1285700254378676,0.13390927815572612,0.0434412455935826,0.03630157441880304,2973094.0,2.2088215172476886,1
2021-06-20,11.353516578674316,11.984754809466644,10.546934627135455,10.91515685875558,8294526,0.04016059941083605,0.2392344014494796,0.2597275523476277,9.72281904220581,8.983920030593872,1.1677185936907606,1.2637597552083069,79.86725759554263,0.38404947772029097,0.1796659158943523,0.20438356182593867,0.04371638802395004,0.037055015240288196,3696038.0,2.244166861920792,1
2021-06-21,12.002289772033691,12.405580781691409,11.502559916887888,11.353517532703195,6851441,0.05714292914126595,0.32655043907358583,0.29763019541814417,9.998108863830566,9.063701486587524,1.2004559997794688,1.3242150339786338,85.12720593964056,0.5266741198514104,0.24906755668576394,0.27760656316564647,0.044953091068504626,0.03762265612255208,4167061.7,1.6441899576384962,0
2021-06-22,11.800644874572754,12.054893504124642,11.660369883937905,12.002289964584126,2330069,-0.016800535672017003,0.28312692551379004,0.2942308237402482,10.266385078430176,9.142781600952148,1.1494449881259647,1.290706197481936,81.39099174107983,0.6163294559703463,0.3225199365426804,0.29380951942766587,0.0452244891424103,0.036176774115394626,4335140.4,0.5374840916340333,1
2021-06-23,12.195168495178223,12.624760863038421,11.826946226696652,11.80064487497794,3893220,0.03343237804364074,0.18382976336108103,0.2927509041883818,10.542551708221435,9.226245307922364,1.1567568111302715,1.3217910523912164,85.05337747665007,0.7110205129098865,0.40022005181612164,0.3108004610937649,0.04520392177140895,0.03640809232992353,4481483.8,0.8687345918778062,0
2021-06-24,11.958454132080078,12.186400563801778,11.748040819260638,12.195167959357768,1776737,-0.01941050369182995,0.0955823891088905,0.2653062336524581,10.793293571472168,9.304974727630615,1.1079522717409962,1.2851678249668,80.10752604326072,0.7582226680095605,0.47182057505480945,0.28640209295475105,0.04697812040562265,0.036849291671883506,4513405.8,0.3936577118769157,0
2021-06-27,11.870781898498535,12.125030517954148,11.68667077157517,11.958454182216276,931347,-0.007331401919780878,0.04555992112574314,0.2956938230358255,11.064199924468994,9.380547962188722,1.0729001626449055,1.2654678539406752,77.63400101860861,0.7795699028816099,0.5333704406201696,0.2461994622614403,0.044437110580352414,0.03683957444990388,4522242.9,0.2059480263654126,0
2021-06-28,11.160638809204102,11.923385508304348,10.757348642748841,11.870781970533518,6899875,-0.05982277286926274,-0.0701241995332178,0.2335271513931121,11.275489330291748,9.437184028625488,0.9898141430741193,1.1826238394155415,69.19275014322982,0.7307613657820173,0.5728486256525391,0.1579127401294782,0.05114112930378411,0.04001312408134646,5148416.4,1.3401936564416195,0
2021-06-29,10.880088806152344,11.081734724906221,10.66090893226175,11.160638777178749,2584270,-0.025137450270354633,-0.07800896291726933,0.18303152476323503,11.443819522857666,9.482072067260741,0.9507392863388542,1.1474378942677108,63.68159006533873,0.661813236861887,0.5906415478944087,0.07117168896747827,0.05331914528677461,0.040442613644540555,5154914.8,0.5013215737338665,1
2021-06-30,11.213242530822754,11.309681376194767,11.046666191342934,10.880089015758234,1605546,0.03062049681818979,-0.08051762177322164,0.08851060623089091,11.534998321533203,9.536954708099366,0.9721061259185617,1.1757676191226727,65.72770672337401,0.6268283818484619,0.5978789146852194,0.028949467163242537,0.04021023720824824,0.040609197986367834,4173406.5,0.3847087505135193,1
2021-07-04,11.414888381958008,11.563929928924832,11.239543811681976,11.213242460582522,1190722,0.01798283151202451,-0.04545451645492249,0.045783221375417016,11.58497142791748,9.604111442565918,0.9853186477827984,1.1885418500421219,70.42925808853768,0.6083609606966167,0.5999753238874989,0.008385636809117858,0.03639582397973985,0.040105332781616466,3635775.3,0.3275015372924724,0
2021-07-05,11.309680938720703,11.616533090651552,10.967760877197309,11.41488801191774,1775436,-0.009216686113514005,-0.04726739692259041,-0.003860974672459716,11.58058786392212,9.6733722782135,0.9766068071513543,1.1691559689264228,70.54139349586455,0.5785666784453678,0.5956935947990727,-0.01712691635370489,0.03440316575410234,0.04022323264197357,2983866.3,0.595011914575395,0
2021-07-06,10.748580932617188,10.958993405334446,10.520633669121068,11.309680859863212,2000037,-0.049612363880442434,-0.036920635425195636,-0.1044558049529638,11.455216979980468,9.729657669067382,0.9383131678257843,1.104723444360142,63.11111232870355,0.5038701129075527,0.5773288984207687,-0.07345878551321605,0.031162228996687993,0.042345480414639106,2498725.9,0.8004227274388119,1
2021-07-07,10.801183700561523,10.95899347414273,10.687210068097858,10.748581000104354,1645419,0.004893926768017254,-0.007252248303911135,-0.08469547085217377,11.355270862579346,9.783312892913818,0.9512044081798361,1.1040415265042747,55.13512528238074,0.44380128535174457,0.550623375806964,-0.1068220904552194,0.03143115272213997,0.04202336666345583,2430260.9,0.6770544676911027,0
2021-07-08,10.669676780700684,10.827486564152872,10.520634393241373,10.801184376174241,1108105,-0.012175232225149824,-0.04847534052955038,-0.12508984316868554,11.202721691131591,9.828726978302003,0.9524182671740491,1.0855603990481342,47.20001044264865,0.3811906686128328,0.5167368343681378,-0.13554616575530498,0.02779126536976426,0.04184332822982391,2151749.4,0.5149786494654071,0
2021-07-11,10.58200454711914,10.766115683386971,10.345290706834732,10.669676835286642,799701,-0.008216953088974965,-0.07296469373763614,-0.11510263532043297,11.065076732635498,9.866951961517334,0.9563426266994085,1.0724694503825116,40.43479813366068,0.320798916994784,0.477549250893467,-0.15675033389868298,0.027726186638429504,0.041968757872861764,2054045.8,0.3893296829116468,1
2021-07-12,10.766115188598633,10.950226316405098,10.520633963558302,10.582004060792169,624093,0.017398465542108887,-0.04806198804964301,-0.0930576199062022,10.954610061645507,9.907807083129883,0.9827931006228294,1.0866294729264763,32.678128672413436,0.28451450274544854,0.4389423012638633,-0.15442779851841476,0.029231215049768295,0.04109949162384298,2023320.4,0.3084499123322238,1
2021-07-13,11.178174018859863,11.38858650560852,10.783650397179906,10.766115605231736,1988034,0.03827367839214668,0.03996742350788374,0.0015711654104693107,10.956363582611084,9.95409788131714,1.0202448955418764,1.1229720816629898,41.76334241411494,0.28571500222626334,0.4082968414563433,-0.12258183923007998,0.026758579714225215,0.04127882726368301,1532136.3,1.29755688185183,1
2021-07-14,11.335983276367188,11.53762835779224,11.134337358837275,11.178173500570287,1435385,0.014117623973384896,0.04951305251644422,0.041901723261399404,11.001953029632569,10.00775312423706,1.0303609955282433,1.132720115658467,37.87128759523759,0.2959883257548199,0.38583513831603866,-0.08984681256121874,0.025429084676394716,0.04126700298968066,1417247.8,1.0127974797350188,0
2021-07-15,11.327216148376465,11.458723740577176,11.17817376462639,11.335983544151148,1190512,-0.0007733892841038648,0.061626924712952835,0.01016419802215296,11.01335039138794,10.060706996917725,1.0284986626080612,1.1258866948263933,40.47619253170018,0.2999647675884223,0.3686610641705154,-0.06869629658209314,0.02371321733746193,0.03238800248241482,1375744.4,0.8653584197762317,0
2021-07-18,11.318448066711426,11.397352951692222,11.19570787772337,11.32721546195481,439686,-0.0007740720712119398,0.06959395229070986,-0.008448642861809574,11.003706359863282,10.115238933563232,1.028603244811783,1.1189501445344847,41.463408882144094,0.29896236344957394,0.3547213240263271,-0.05575896057675317,0.022974435142156573,0.029766043290377093,1300640.8,0.3380533656948175,1
2021-07-25,11.572696685791016,11.739273851136408,11.39735296129968,11.31844807625237,1152251,0.022463204988973473,0.074918527534106,0.023255806109421906,11.030007934570312,10.172751712799073,1.0492011206555714,1.1376171376748112,57.413242175221775,0.31505196670384095,0.3467874525618299,-0.031735485857988965,0.023824038272326473,0.028827609108101976,1238322.3,0.9304936202796316,1
2021-07-26,11.756808280944824,12.011056900764556,11.39735342217605,11.572697153757785,1751199,0.015909135109352768,0.05176464967432848,0.09380097285848343,11.130830669403077,10.231842594146729,1.0562381757600952,1.1490411597682781,66.33986010356617,0.3387544102719744,0.34518084410385885,-0.006426433831884459,0.01540298435474096,0.025959400949719262,1213438.5,1.4431707911031337,1
2021-07-27,11.914618492126465,12.186401076967945,11.756808709892772,11.756808709892772,925460,0.013422878676810246,0.051044113391168544,0.10308451577460498,11.24217414855957,10.284270420074463,1.059814439331831,1.1585283161039437,63.98601106031447,0.366053100452131,0.34935529537351334,0.016697805078617678,0.015379606755331125,0.025852840669460763,1141442.6,0.8107810239428596,0
2021-07-28,11.85324764251709,11.949686483274565,11.66913652026748,11.914617737898679,1133684,-0.0051508866733693814,0.04643960945479275,0.11092846448331506,11.360531234741211,10.331963958740234,1.0433708950395841,1.1472405139866888,59.25924135349826,0.3783737375138756,0.35515898380158584,0.02321475371228976,0.014384263338432894,0.02470381874983206,1144000.5,0.9909820843609771,0
2021-07-29,11.739274978637695,11.923386116062803,11.616533941652655,11.853248619529897,542058,-0.009615311121196846,0.03718061959076868,0.10936211814741759,11.476258277893066,10.380534229278565,1.0229183322974948,1.1308931428140536,59.04062180641443,0.37462287042926334,0.35905176112712134,0.015571109302142006,0.014593514989724193,0.02441770460502649,1118236.2,0.4847437419750854,1
2021-08-01,12.458184242248535,12.905311391998168,11.634068272606456,11.739274513234921,4642665,0.0612396647083453,0.07651523067607258,0.15716616662636218,11.645465183258057,10.439975814819336,1.0697884580994559,1.193315431302474,83.7370337289601,0.4247638375264646,0.37219417640699004,0.05256966111947459,0.021728314160617036,0.02798222937745935,1520093.4,3.0541971960407173,1
2021-08-02,13.23846435546875,13.492712968785998,12.975448346770428,12.458183724754857,2613513,0.06263192918387794,0.12602536667416464,0.18431367530445986,11.851494216918946,10.512568187713622,1.1170291368467105,1.2592987858990508,87.36559973004442,0.5214520249104861,0.4020457461076893,0.11940627880279686,0.02564978734917817,0.026938242698976645,1582641.3,1.6513615561529955,1
2021-08-03,13.74696159362793,14.246691425300298,13.001749707708747,13.238464366567138,2807788,0.038410590874093486,0.15378949000442876,0.2126836515617534,12.09259204864502,10.591122245788574,1.1368085137022614,1.2979702504231065,92.28913862586415,0.6318262873019957,0.4480018543465506,0.18382443295544515,0.02644791886145006,0.02645386244888092,1719881.6,1.6325472637186187,1
2021-08-04,13.773262977600098,14.088881687416874,13.413808126838113,13.74696162747491,1876238,0.0019132507058403636,0.16198221727824147,0.21594421764205718,12.337196731567383,10.672832489013672,1.1164013411862217,1.2904974374682565,94.60783150566563,0.713199665534697,0.5010414165841799,0.21215824895051716,0.026228712650882318,0.02617290314751737,1788454.2,1.049083616454925,0
2021-08-05,13.413808822631836,13.764496296174478,13.159560195287199,13.773263692039267,850705,-0.026097966440694065,0.14264371922809027,0.185127920680491,12.546732807159424,10.748230381011963,1.0691077134421514,1.248001610230549,85.28038440170039,0.7401516997590338,0.5488634732191507,0.1912882265398831,0.02948280078687572,0.027352881261392497,1829556.1,0.4649789093649547,0
2021-08-10,13.194628715515137,13.57161753405794,12.94914748826089,13.676824610414636,1402315,-0.016339886009624438,-0.04017854231649365,0.10743191015596021,13.024545097351075,10.984769306182862,1.0130586993167734,1.2011748583639748,77.51938180597787,0.7291729896394212,0.6438856695768477,0.08528732006257356,0.03175331133001317,0.024285520895704685,1586896.6,0.8836839148814106,0
2021-08-11,12.887776374816895,13.31736872555299,12.71243264350674,13.194628531688313,2342097,-0.023255852613527805,-0.06429025599985261,0.0872780830621469,13.127997970581054,11.057537002563476,0.9817015818937145,1.1655196244723498,71.2589160169724,0.6767852209767575,0.6504655798568297,0.026319641119927795,0.03323885639322266,0.024943483151699874,1707737.9,1.371461627688886,1
2021-08-15,13.089422225952148,13.299834702448113,12.800104861743984,12.887776308898207,1325856,0.015646287246982027,-0.024183034138102633,0.11501112715830875,13.2630126953125,11.1359157371521,0.9869116864057814,1.1754239646662088,70.84338543124679,0.6441137297107957,0.6491952098276229,-0.005081480116827186,0.03263067545445599,0.024605866571227975,1786117.7,0.7423116628876137,0
2021-08-16,13.063119888305664,13.22969705735136,12.800104713778516,13.089422074642258,909565,-0.002009434579498537,-0.026143874492566832,0.04855728846950713,13.323506259918213,11.215171165466309,0.9804566180603763,1.1647722264399805,68.76573610229367,0.6090778879128358,0.6411717454446655,-0.032093857531829695,0.027649587345987926,0.024721468927857357,1412807.7,0.6437995772531534,0
2021-08-17,12.791337966918945,13.063120550672384,12.624760789426936,13.063120550672384,967729,-0.02080528416722427,-0.046405227921740955,-0.03377479264542482,13.278793621063233,11.291270427703857,0.9632906672055607,1.1328519716908538,62.19512745157604,0.5530064866452626,0.623538693684785,-0.07053220703952234,0.01984325898599848,0.0246949659916877,1248229.3,0.7752814326662577,0
2021-08-18,12.607226371765137,12.922845087298382,12.449416595946085,12.791337498185746,2468926,-0.014393458731991826,-0.04451829273977925,-0.08290815494756965,13.164820098876953,11.366317615509033,0.9576451692523027,1.1091742108774894,60.14151354845992,0.48808686852711247,0.5964483286532505,-0.10836146012613801,0.013552920938463553,0.02508513879981045,1214343.1,2.033137092803508,0
2021-08-19,12.423114776611328,12.756268270712061,12.230236261899362,12.607225896085291,2479427,-0.014603655849802166,-0.03605444296143512,-0.09802674959336499,13.029805278778076,11.437331886291505,0.9534382525919342,1.0861899348659592,59.02775994194499,0.4169747114874909,0.5605536052200986,-0.14357889373260768,0.013138332818351046,0.025458538217984494,1274662.0,1.9451642866893342,0
2021-08-22,12.247772216796875,12.42311595770313,12.125031180110042,12.42311595770313,480237,-0.014114218774229359,-0.06430001222563897,-0.08692807697300853,12.91320161819458,11.507469444274902,0.9484690612698153,1.0643323691717714,46.75676589439457,0.3425207693033041,0.5169470380367397,-0.17442626873343559,0.012025064168505009,0.025788453375152752,1237615.2,0.3880341805756749,1
2021-08-23,12.668596267700195,12.843939995772251,12.300374020696452,12.247771320327258,1454002,0.034359232312158206,-0.030201331992570468,-0.05555562665201508,12.838680362701416,11.580587844848633,0.9867522136079231,1.0939510530405017,40.121566477699915,0.31385454778600597,0.47632853998659297,-0.162473992200587,0.018201133467523983,0.026361168519997057,1383015.4,1.05132741110475,1
2021-08-24,12.712432861328125,12.931612738247575,12.53708912701354,12.66859671872326,1408014,0.0034602565826251652,-0.00616863582174787,-0.05228760679221445,12.768542766571045,11.649848670959473,0.9956056140259153,1.0912101281639341,28.623182408289807,0.2913155036640127,0.43932593272207693,-0.14801042905806422,0.018350681132163132,0.026233139059502215,1523816.8,0.9240047753771975,1
2021-08-25,12.887776374816895,13.150792389834558,12.668596501652985,12.71243264350674,2015695,0.013793072923293348,0.022253110619166128,-0.023255852613527805,12.73785753250122,11.725246543884277,1.011769549308677,1.0991475809554705,32.76449675671823,0.28432439035769264,0.40832562424920005,-0.12400123389150741,0.018788014194984468,0.026240092840873606,1585154.8,1.2716076688535403,1
2021-08-26,13.063119888305664,13.238464452796894,12.800104713778516,12.887776159919282,1581545,0.013605412476848766,0.05151728235653574,0.013605412476848766,12.755391883850098,11.797838897705079,1.024125327332764,1.10724684423744,42.647031770268036,0.28959437513551833,0.3845793744264637,-0.0949849992909454,0.01778552748471293,0.02622146162686563,1509099.6,1.0480057114851795,1
2021-08-29,13.168327331542969,13.369972415828402,12.712432788820449,13.063120255449409,1343085,0.008053776137466828,0.07516102507879951,0.00602815802170209,12.76328239440918,11.872184734344483,1.0317351700461643,1.1091747328904793,45.07042199574695,0.2988156763435086,0.3674266348098727,-0.06861095846636411,0.01726879323575229,0.025993001663975838,1510822.5,0.8889760378866478,1
2021-08-30,13.282299995422363,13.580384757064083,12.931612532376143,13.16832719701099,1690336,0.008655060055075436,0.04844291464926265,0.016778542108682126,12.78520040512085,11.954596366882324,1.0388808602563953,1.1110621879479061,47.474729346993655,0.3117268721140114,0.3562866822707005,-0.044559810156689084,0.017409232668438152,0.02255089329015757,1588899.6,1.06384066054268,0
2021-08-31,13.063119888305664,13.317368503492128,12.949147091933153,13.282299757814851,462379,-0.016501668174355166,0.027586145846586696,0.021247341137385467,12.81237859725952,12.034903869628906,1.0195702374186613,1.0854361638294052,47.474729346993655,0.30080558535949464,0.34519046288845934,-0.044384877528964695,0.01683192647664088,0.018128279376999363,1538364.6,0.30056528861883586,1
2021-09-01,13.396273612976074,13.562850784790754,13.15079238915455,13.063120105451574,1022498,0.02550338108499295,0.03945577758105734,0.06258690198329986,12.891283321380616,12.118893604278565,1.0391730038822369,1.1054040121489748,59.66666908394732,0.3153974032849671,0.33923185096776093,-0.023834447682793802,0.017178308860176135,0.016854763412084646,1393721.8,0.73364569600619,1
2021-09-02,13.475178718566895,13.589152354778266,13.19462874395729,13.396273829181725,1107770,0.005890078679371635,0.03154367668554525,0.08468600354045352,12.996489715576171,12.182368087768555,1.0368321764927817,1.106121455326601,57.692309155159116,0.32952989124196996,0.33729145902260277,-0.007761567780632805,0.015564524837171113,0.01691623132397485,1256556.1,0.8815921549384066,0
2021-09-05,13.124490737915039,13.466410797095461,12.975448360696193,13.475178192485945,408731,-0.026024736886692046,-0.003328941673778507,0.07158187673639227,13.084161567687989,12.226554756164552,1.003082289225673,1.0734414558850074,51.08360050650645,0.30887191735295616,0.3316075506886734,-0.022735633335717265,0.01776760480940566,0.016910510343873517,1249405.5,0.32714038796851785,0
2021-09-06,12.843940734863281,13.1507929037255,12.537089402105957,13.12449155202742,492710,-0.02137606773886347,-0.03300326454832059,0.013840875773280636,13.101696014404297,12.25636323928833,0.9803265715173338,1.0479406071852901,50.92591908691264,0.2667869299616754,0.3186434265432738,-0.05185649658159841,0.01698388304417132,0.01751186403981584,1153276.3,0.42722632902453644,0
2021-09-07,12.65106201171875,12.914077179511919,12.537088382159457,12.843939689953098,547187,-0.015017098500072157,-0.03154360368044973,-0.004827624285518861,13.09555892944336,12.269338684082031,0.9660574306053309,1.031111972492206,50.76922510507081,0.21538771770954845,0.2979922847765287,-0.08260456706698027,0.017736082640906353,0.01774100826389808,1067193.6,0.5127345216463067,0
2021-09-08,12.642294883728027,12.966680988820597,12.598458742800958,12.651062279134411,418932,-0.0006929954167169683,-0.05628272092902897,-0.019047621866604247,13.071010780334472,12.286171684265137,0.9672010142282604,1.0289856929086363,54.09836708709523,0.17196374670124825,0.27278657716147264,-0.10082283046022439,0.017030885167965998,0.017453957534132696,907517.3,0.46162425774142263,0
2021-09-09,12.598459243774414,12.791337769860366,12.537089145699062,12.642295386444614,166529,-0.0034673799620063006,-0.0650618068303973,-0.035570418744087506,13.024544715881348,12.294237499237061,0.96728596036164,1.024745068131003,56.89653749638971,0.13248555600954326,0.24472637293108676,-0.1122408169215435,0.01614892398062257,0.01673098961673873,766015.7,0.2173963275165248,0
2021-09-12,12.414347648620605,12.677363658688977,12.309141411814227,12.598458772057981,183200,-0.01461381837186071,-0.05410823958623534,-0.05725705808636039,12.949146747589111,12.303355369567871,0.9587000511004267,1.0090213015652032,44.48669626132083,0.08535857786548817,0.21285281391796707,-0.1274942360524789,0.0159368066791123,0.016513038516283406,650027.2,0.2818343601621594,1
2021-09-13,12.65106201171875,12.712432106056513,12.423114752600165,12.414347357379105,238342,0.019067805236181457,-0.015017098500072157,-0.047524749773846686,12.88602294921875,12.318960971832276,0.9817662176743023,1.0269585268307801,48.77192058399421,0.06634618147138838,0.18355148742865135,-0.11720530595726297,0.01726819143780046,0.01720507392773004,504827.8,0.47212534650429316,0
2021-09-14,12.642294883728027,12.870242147664918,12.580924788093037,12.651062279134411,317490,-0.0006929954167169683,-0.0006929954167169683,-0.03221473952438936,12.843940448760986,12.348594093322754,0.9843003347892032,1.0237841480727012,44.73684425756883,0.04999497543718867,0.15684018503035882,-0.10684520959317015,0.01678701324712107,0.01659176197227895,490338.9,0.6474909496268805,1
2021-09-15,13.019285202026367,13.247231641709341,12.712433035688482,12.64229554100066,1542178,0.029819769414140662,0.029819769414140662,-0.028141289274992376,12.806241607666015,12.391378021240234,1.0166359187095784,1.0506729098014627,49.13497440529961,0.06668775991354181,0.1388097000069954,-0.0721219400934536,0.017639270873167905,0.0175544710003579,542306.9,2.8437366369485617,1
2021-09-16,13.308602333068848,13.326136288367456,13.0017501723469,13.019284963750383,467044,0.022222197805256583,0.05636745538112953,-0.01236171994279589,12.789583969116212,12.433285217285157,1.0405813328413138,1.0704011128584743,52.580641878721465,0.10208560709454595,0.13146488142450552,-0.02937927432995957,0.019210236026760148,0.0176791747239206,478234.3,0.9766008000680838,0
2021-09-19,13.071887969970703,13.773263756440373,12.747501846400771,13.308602642797485,3529385,-0.017786568204082753,0.05296615979842967,-0.004007985452141982,12.784323692321777,12.46642520904541,1.022493507249166,1.0485674722923763,46.29631059603694,0.10977239734996047,0.12712638460959652,-0.01735398725963605,0.018170001621882637,0.017890606994990954,790299.7,4.4658817408130105,0
2021-09-20,12.659829139709473,13.142025029172661,12.580925087488833,13.071887536462182,1413083,-0.031522518492189455,0.0006929954167169683,-0.014334509863788147,12.765912532806396,12.493428173065185,0.9916901049710073,1.0133190797865261,43.352610424090756,0.08167305399817693,0.1180357184873126,-0.03636266448913568,0.0196994920081962,0.017957818718460996,882337.0,1.601523000848882,0
2021-09-22,11.64283561706543,11.923386447090877,11.5726981185853,11.607766867825365,646081,-0.08033232608598873,-0.1057238983248252,-0.07905679118029496,12.66684331893921,12.548486175537109,0.9191584141296906,0.9278279032384625,24.81929163526752,-0.041047350438709884,0.07672973404755792,-0.11777708448626781,0.031864970614391114,0.025052860339910187,850333.2,0.7597974535158689,1
2021-09-23,11.88831615447998,12.046125087520654,11.704205035845174,11.64283410556369,648670,0.021084256918884936,-0.10671940922449685,-0.05636745538112953,12.595829010009766,12.572858963012695,0.9438295919254277,0.9455539260762784,32.50620072786518,-0.0991679877400955,0.041550189690027245,-0.14071817743012274,0.033149876826282794,0.025394901056993036,898547.3,0.7219096868912743,0
2021-09-26,11.686671257019043,11.967221238801589,11.651602509296225,11.88831718350392,527773,-0.016961602874680404,-0.10596913897470961,-0.058615757524916434,12.523061370849609,12.594952297210693,0.9332120087044001,0.9278853131986217,33.2487315951187,-0.1596596129133907,0.0013082291693436512,-0.16096784208273435,0.03323157631684005,0.025365951748600037,933004.6,0.5656703085922621,0
2021-09-27,10.529400825500488,11.748040329404319,10.520633430310072,11.686670235281053,2127978,-0.09902481263203966,-0.16828254873729476,-0.16770617235556629,12.310895252227784,12.59021800994873,0.8552912367274902,0.8363160047888135,25.992061393730225,-0.29755172275248576,-0.05846376121502223,-0.23908796153746353,0.043057270914690374,0.03257573657374902,1121968.2,1.896647338133113,0
2021-09-29,11.160638809204102,11.35351733289065,10.555702723416342,10.801183948768852,942033,0.059950038389160465,-0.04141575331996872,-0.14276101675174757,11.913741207122802,12.57373565673828,0.9367870776420385,0.887615193597863,35.61403040047328,-0.429243569240624,-0.1876168728210043,-0.2416266964196197,0.04756556018784585,0.035412550425244146,1030204.7,0.9144134170616772,1
2021-09-30,11.283379554748535,11.397353186950623,11.04666573102485,11.16063852712209,482901,0.010997645174504633,-0.05088496906296369,-0.15217396445065423,11.711218929290771,12.572858924865722,0.9634675624181038,0.89743944652342,38.543516256164864,-0.43575177576727064,-0.2372438534102576,-0.19850792235701303,0.046734777439417056,0.03553977686035417,1031790.4,0.46802238128984336,0
2021-10-03,11.283379554748535,11.581464310337866,11.108035826785649,11.283379554748535,728079,0.0,-0.03450868886452929,-0.13682097179311858,11.532368087768555,12.572157554626465,0.978409591930724,0.8974895124979031,35.44775884655154,-0.4358849657722814,-0.27697207588266237,-0.15891288988961905,0.04697002038930722,0.03532932248142703,751659.8,0.9686283608621878,0
2021-10-05,11.958454132080078,12.011056833206293,11.616533230340238,11.546395738102044,823852,0.059829111841535276,0.13572028743731135,-0.05540161718529246,11.32458562850952,12.57040412902832,1.055972776785298,0.9513181922659836,39.367304318834236,-0.3684478907287083,-0.3199152214112082,-0.04853266931750011,0.05173465129933995,0.03803073378719714,692736.7,1.1892714793369545,0
2021-10-06,11.85324764251709,12.072427510142585,11.748040570284592,11.958453878644747,432245,-0.008797666353944411,0.06205817114534695,0.018072231917733994,11.345626831054688,12.569176712036132,1.0447415395395314,0.9430408939327367,34.85400974472597,-0.3236163215083412,-0.32065544143063485,-0.0029608800777063404,0.044518056268129665,0.03805805238090341,671353.1,0.643841519462709,0
2021-10-10,11.835713386535645,11.993523165909682,11.756808496848627,11.853248178068263,238017,-0.001479278634030301,0.04895109919037188,-0.004424745040491951,11.340366554260253,12.568826026916504,1.0436799665959038,0.9416721467215095,36.52007341968292,-0.2862026814680192,-0.31376488943811176,0.027562207970092567,0.04405254123577301,0.03805802051902302,630287.8,0.3776322499023462,1
2021-10-11,11.923385620117188,12.054893211620184,11.835713335045272,11.835713335045272,1427309,0.007407431281774679,0.05672113237556653,0.02025507160184503,11.364037990570068,12.572508239746094,1.0492208517792063,0.9483696803175039,41.35803256658544,-0.24663463509410377,-0.30033883856931015,0.05370420347520638,0.04365448809510366,0.038004942446346536,720241.4,1.981709188058337,0
2021-10-12,11.905851364135742,12.00229021316836,11.835713867365671,11.923386156380715,129061,-0.0014705769435034988,0.055167142642582156,0.13072448864342934,11.501683044433594,12.561461582183838,1.035139928490531,0.9478078077333006,41.18853367993569,-0.21422212191540702,-0.2831154952385295,0.06889337332312251,0.02545687797988256,0.03770158230830318,520349.7,0.2480274323209949,1
2021-10-13,11.958454132080078,12.142565258231551,11.748040819260638,11.905850594849003,665753,0.00441822817499582,0.0,0.13572028743731135,11.644588375091553,12.535861377716065,1.0269537871909584,0.9539395636057052,54.7618979102038,-0.18219019281499627,-0.2629304347538229,0.08074024193882662,0.025250560284803554,0.03773063123551647,586925.0,1.1343067683264472,0
2021-10-14,11.923385620117188,12.072428003076517,11.87954947758123,11.958454366924979,340860,-0.0029325288683271777,0.005917194992916208,0.06834257643783381,11.72086305618286,12.49938985824585,1.0172788098422065,0.9539174115968011,50.56498277534632,-0.1578151986870413,-0.2419073875404666,0.08409218885342529,0.019445613251882633,0.036976346024298425,526807.7,0.64702926703615,1
2021-10-17,13.150792121887207,13.273533149355899,11.923385191619673,11.923385191619673,4512153,0.10294110589689676,0.11111106634667256,0.16550117436692835,11.907604312896728,12.486940441131592,1.1044028484927084,1.0531636779950442,67.72822970131661,-0.03900674789075431,-0.20132725961052417,0.16232051171976986,0.03618444578807945,0.04374300641895684,929732.9,4.85317127101773,0
2021-10-19,13.580385208129883,14.02751236544357,13.431342822358653,13.562851252447622,3073921,0.03266670800215099,0.140647971554422,0.20357426090613684,12.32404613494873,12.48501163482666,1.101942094294698,1.0877350863052224,94.84537180770701,0.1614465002410661,-0.08783673529869912,0.24928323553976522,0.03605465721540922,0.04336190086584529,1164317.1,2.6401063765189052,1
2021-10-20,14.018744468688965,14.0275118642693,13.369972245631677,13.58038472293055,1574625,0.03227885320194446,0.17228734699762693,0.17228734699762693,12.530075168609619,12.497110347747803,1.118807691098994,1.121758876940331,94.53553000701704,0.27834877528925084,-0.014599633181109128,0.29294840847035997,0.03357757941425419,0.04378755779286441,1239394.4,1.2704793566922685,0
2021-10-24,13.860936164855957,14.343132074539517,13.729427733430494,14.018745112019651,1411140,-0.01125694987774939,0.1625000319934069,0.16937877136198298,12.730844020843506,12.51043649673462,1.088768045713404,1.107949843994159,89.7297727958267,0.3541781144054017,0.05915591633619305,0.29502219806920865,0.03379180039422487,0.03908940263291458,1337283.9,1.055228437282465,1
2021-10-25,13.869702339172363,14.290527301383644,13.668057253805678,13.860935779538286,2174314,0.0006324373918287218,0.05466668552144904,0.17185182559004786,12.934242916107177,12.530075016021728,1.0723242503741945,1.1069129531497381,89.75745215101274,0.4102516434087633,0.1293750617507071,0.2808765816580562,0.03367504209954274,0.039037401423398205,1530913.6,1.4202721825712437,1
2021-10-26,14.334364891052246,14.685052374509002,13.808332829762197,13.869702930340901,3642779,0.033501984434628485,0.09000011240350969,0.20220592940206883,13.175340843200683,12.55497386932373,1.0879691889299163,1.1417279749244402,91.03777457374046,0.486575761229064,0.20081520164637848,0.28576055958268554,0.03390513189845116,0.03893853406511803,1752460.6,2.078665277838486,0
2021-10-27,14.027511596679688,14.509706638931675,13.808331727981567,14.334363747298994,863365,-0.021406828743706807,0.03292442605251966,0.1782031513458222,13.387506866455078,12.57426170349121,1.047806117793916,1.115573377384454,80.89005146149273,0.516350510839418,0.2639222634849864,0.2524282473544316,0.035781824540385775,0.030309040192870288,1825891.0,0.4728458599116815,0
2021-10-28,13.904770851135254,14.29052705997916,13.869702104876717,14.027511881092565,582459,-0.008750001359719928,-0.008130087384663587,0.1627565484266007,13.582138538360596,12.596530361175537,1.0237541615308543,1.103857209282956,80.46875221308629,0.5240026852674706,0.3159383478414832,0.2080643374259874,0.03653414271704954,0.03059667561830749,1817561.6,0.3204617659175898,0
2021-10-31,12.265305519104004,12.545856325705786,11.984755548607087,13.90477087237888,13788034,-0.11790667746943817,-0.11511709070543397,0.028676410365351845,13.616330528259278,12.589691944122315,0.9007790677267006,0.9742339664498498,54.30579622149798,0.39324287879957787,0.33139925403310216,0.0618436247664757,0.05598598669643151,0.04081085785444409,3162279.0,4.360157342220595,0
2021-11-01,11.958454132080078,12.537088861097606,11.748040819260638,12.26530545159596,3813156,-0.025017834781692505,-0.1378002325034997,-0.09066662895710209,13.497096729278564,12.58039873123169,0.8860019581944029,0.9505624096311358,50.33669787033928,0.26183616332795623,0.317486635892073,-0.05565047256411676,0.044340016532977984,0.04134812315889982,3092379.3,1.2330815951329128,0
2021-11-02,11.949687004089355,12.186400836667302,11.870782114528414,11.958454399841655,3239281,-0.0007331322170818222,-0.1663609029829739,-0.09133329054748118,13.376986217498779,12.57443702697754,0.8933018850283081,0.950315865310882,50.42158206684449,0.15519892403522917,0.2850290935207042,-0.12983016948547504,0.044324956861815014,0.04135193146276492,3416307.4,0.9481819463904214,0
2021-11-03,11.748041152954102,12.054893317290729,11.406121077607162,11.94968707594514,2376060,-0.016874571783030645,-0.16249998640280128,-0.13492577913613601,13.193751811981201,12.556025924682617,0.8904245979741521,0.9356496413295723,48.032783786502016,0.053796871803239554,0.2387826491772113,-0.18498577737397173,0.041902657720551205,0.04160270760838131,3346521.3,0.7100089277782275,0
2021-11-04,11.704205513000488,11.914617989702666,11.441189499070335,11.74804081856813,383490,-0.003731314810945352,-0.15825973413687,-0.16510315605352732,12.962297916412354,12.535861377716065,0.9029421780362787,0.9336578604647032,47.954170980235766,-0.029759110446649473,0.18507429725243915,-0.21483340769908862,0.03897108391017471,0.03939004353759742,3227407.8,0.11882291416659525,0
2021-11-10,11.835713386535645,12.27407314159252,11.616533509007207,12.160099504945148,1689174,0.011235950478576617,0.00746271079919536,-0.15624996600700314,12.047879409790038,12.426797504425048,0.9823897620454277,0.9524347187858396,17.829462593718787,-0.19910004590832742,-0.021436292566716874,-0.17766375334161055,0.037137430234770445,0.039381783207391316,2587165.4,0.652905299367408,1
2021-11-11,12.230237007141113,12.274073149897438,11.835713394543959,11.835713394543959,796736,0.03333331990400179,0.04494380191430625,-0.1204287263646221,11.880426025390625,12.410139846801759,1.0294443129398625,0.9855035606462559,27.536225029769327,-0.17851771927380256,-0.05285257790813401,-0.12566514136566853,0.04032062225322959,0.0400599187436143,2608593.1,0.3054274735296969,0
2021-11-14,11.441189765930176,12.361745418104766,11.134337603170353,12.230236990019893,6129142,-0.06451610387846296,-0.022471900957153124,-0.06719080514465903,11.798014450073243,12.37103816986084,0.9697555308435097,0.9248366716549283,22.465223623282796,-0.22330151429464706,-0.08694236518543663,-0.13635914910921043,0.025571620531736818,0.04272873027060571,1842703.9,3.3261675953472505,0
2021-11-15,11.055432319641113,11.660369227847204,10.871321195765978,11.441189358286561,4117307,-0.033716549955126074,-0.05543077594107071,-0.07551325635112771,11.707712268829345,12.322643241882325,0.9442863016949208,0.897164033935982,12.145740786166655,-0.28661646036202093,-0.1268771842207535,-0.15973927614126743,0.02640110589209683,0.03552075620608612,1873119.0,2.198102202796512,0
2021-11-16,10.915157318115234,11.12556979186619,10.783649731047099,11.055432300615871,868450,-0.012688332529218749,-0.0674157843527966,-0.08657378939047444,11.604259300231934,12.278456573486329,0.9406164612244637,0.888968190162031,12.631575090434254,-0.3441459315010622,-0.17033093367681523,-0.17381499782424698,0.02633121383963752,0.03548339736375096,1636035.9,0.5308257599970759,1
2021-11-17,10.923925399780273,11.125570490765917,10.801184364329295,10.91515800379701,727923,0.0008032941174827002,-0.07703701137209229,-0.07014920550960113,11.52184772491455,12.240056266784668,0.9481053439162067,0.8924734626771346,13.203478339489152,-0.3845975399073609,-0.21318425492292437,-0.17141328498443653,0.026314516023975835,0.034223761518135803,1471222.2,0.4947743447590718,1
2021-11-18,11.204475402832031,11.485026222073603,10.976528959585938,10.923925419695362,2780592,0.025682160284379085,-0.08387095063735484,-0.042696628114858415,11.471874713897705,12.211124534606933,0.9766908794129585,0.9175629460724926,30.293171496875033,-0.38952746032517815,-0.24845289600337514,-0.14107456432180301,0.02828185664770696,0.03382183651717112,1710932.4,1.6251910361858832,0
2021-11-21,10.967761039733887,11.300914546848734,10.958993644153397,11.204474867673072,746031,-0.021126768955047504,-0.041379326440863284,-0.0629213552725636,11.398230266571044,12.17763385772705,0.9622336786703067,0.9006479557417909,31.103684648432065,-0.4078340712663362,-0.28032913105596735,-0.12750494021036884,0.028736403566269282,0.033904284510357555,1785535.5,0.4178191920575088,0
2021-11-22,10.941458702087402,11.020363589013826,10.669676131679557,10.967760888466112,1485746,-0.002398150137589261,-0.010309286354295288,-0.06516861055334877,11.321955585479737,12.14449384689331,0.9663930068865209,0.9009398695431299,30.897006124788405,-0.4196273680693423,-0.30818877845864234,-0.11143858961069997,0.028689816102722823,0.033855996165146195,1934110.1,0.7681806738923498,1
2021-11-23,10.950226783752441,11.08173521557252,10.871321891881376,10.941459387743457,1027203,0.0008013631366508012,0.003212914355252172,-0.06441947113886226,11.246557712554932,12.115211429595947,0.9736514108248708,0.9038411626067381,33.69177919028223,-0.4233856041432116,-0.3312281435955562,-0.09215746054765539,0.028710601541237325,0.032338365313221956,2036830.4,0.5043144485667536,0
2021-11-24,10.932692527770996,11.00283002170802,10.87132159349744,10.950226483202812,430441,-0.0016012687524847857,0.000802562052547362,-0.0762962763015137,11.156255626678467,12.080844039916991,0.9799607407369858,0.9049609854781401,34.057991006152236,-0.4229039279928486,-0.3495633004750147,-0.07334062751783388,0.028122410961475764,0.03236579524678812,1910957.1,0.22524890799484718,1
2021-11-25,11.362284660339355,11.362284660339355,10.915157518338036,10.93269230952469,2037401,0.039294266392027266,0.0140844842648713,-0.07096774545701523,11.069460391998291,12.055243835449218,1.0264533462311078,0.9425180291192309,43.99999999999999,-0.38343767054203326,-0.3563381744884185,-0.02709949605361478,0.02913022324688218,0.03433200580002425,2035023.6,1.001168241980093,0
2021-11-29,11.020363807678223,11.222009726725094,11.002829852516028,11.029131203311755,690527,-0.030092614547373997,0.007211570937590617,-0.003172061566564688,11.05806303024292,11.976339054107665,0.9965907933006357,0.9201780074770378,39.285714285714285,-0.34380613661976156,-0.35252120355681893,0.00871506693705737,0.020346823765781598,0.02324980464429853,1079431.4,0.6397136492416285,1
2021-11-30,11.563929557800293,11.598998303509052,10.915157344135817,11.020363581262096,2552488,0.049323757328533224,0.056044754703933775,0.05943773605611069,11.122940254211425,11.946179885864257,1.0396468284024,0.9680022959878349,46.22870170449884,-0.2931256659860235,-0.3406420960426598,0.047516430056636305,0.02501038606620486,0.02611674432029202,1247835.2,2.0455329357594656,0
2021-12-02,11.309680938720703,11.590231740404718,11.274612193023307,11.520094249009926,645023,-0.021986351422219608,-0.004629678202154874,0.00938959943292672,11.197461223602295,11.897258930206299,1.010021889147682,0.9506123221380198,47.54096898985659,-0.2337837437158754,-0.30478021518956433,0.07099647147368893,0.025399511136207756,0.026298495182680254,961486.0,0.6708605221500885,1
2021-12-05,11.432422637939453,11.485026177626454,11.239544107226983,11.309681602739719,447540,0.01085279946302653,0.006172876291765217,0.042366130746484654,11.243927383422852,11.89305067062378,1.016764182841887,0.9612691440202057,57.81819289370621,-0.20856180542833336,-0.28553653323731815,0.07697472780898479,0.02426077978836945,0.026440111487558246,931636.9,0.48038028549534695,1
2021-12-06,11.914618492126465,11.967221195467767,11.36228509041343,11.432422585605094,2149275,0.04217792408993026,0.08114565907753324,0.08894241769183875,11.341243362426757,11.893576717376709,1.0505566375199464,1.0017691713140433,68.1528649181207,-0.1479584887103158,-0.2580209243319177,0.1100624356216019,0.026828250462063812,0.02813818766036197,997989.8,2.153604175112812,0
2021-12-07,11.458724021911621,12.054893571549071,11.406121318181789,11.914618580129648,1280039,-0.03826345514261431,-0.00909773233768163,0.04643714218902484,11.392093086242676,11.88901777267456,1.005848875633698,0.9638074600450244,58.35615425902697,-0.1351587710855835,-0.2334484936826509,0.09828972259706739,0.030699610623729688,0.029497002119483914,1023273.4,1.2509257056813945,1
2021-12-08,12.168867111206055,12.405580948256858,11.309681541658023,11.458723927843856,5778559,0.061974011062355894,0.052312455760136434,0.11307137562818625,11.515710544586181,11.921807098388673,1.0567187377705443,1.020723369433714,63.28501755416673,-0.06694064022692992,-0.2001469229915067,0.13320628276457677,0.035409077007374515,0.03259203829569699,1558085.2,3.7087567483472665,1
2021-12-09,12.203935623168945,12.44064945564985,12.054893239860462,12.168866876279,2290769,0.0028818222470847754,0.07906984196049271,0.07407409583456537,11.59987564086914,11.95529779434204,1.0520746946778945,1.0207972928072586,68.03067915280403,-0.009933042272519899,-0.16210414684770935,0.15217110457518945,0.03406018581589284,0.031746261456048745,1583422.0,1.4467204573385997,0
2021-12-12,12.160099029541016,12.493252530692052,12.107496329209448,12.203935170553887,1458363,-0.0035920046599317024,0.06365023535665193,0.07021601667721566,11.679657077789306,11.975286998748778,1.0411349364584808,1.015432785102482,67.68446991997241,0.031347291017995715,-0.12341385927456835,0.15476115029256407,0.03416902517725534,0.027879977667433054,1729258.3,0.8433459593630402,1
2021-12-13,12.274072647094727,12.40558023387166,12.019824032849101,12.160099015039123,2354357,0.00937275406037652,0.030169170352017494,0.1137629266415876,11.805027961730957,11.995100860595704,1.0397326195994028,1.023257143874084,68.64195939240356,0.07242411091065826,-0.08424626523752304,0.1566703761481813,0.03154513535523083,0.026489686926028187,1895641.3,1.2419844408327672,0
2021-12-15,13.150792121887207,13.229697008395306,12.580924797714033,12.800104666412153,4450998,0.0714285714285714,0.08069157150848638,0.13722520153337636,12.034728527069092,12.0522629737854,1.0927369148633317,1.091147127347884,72.46694504769918,0.1971042222834214,0.0021082680751446856,0.1949959542082767,0.03508367881746917,0.029909926470579655,2085492.3,2.134267290270024,0
2021-12-16,13.054353713989258,13.589152310367245,12.975448824861958,13.150792558419916,4117430,-0.007333277494170454,0.06968392140694424,0.15426366002027136,12.209195804595947,12.074180965423585,1.0692230612826412,1.0811792328914533,70.75268686404607,0.2602810533721982,0.05374282513455539,0.2065382282376428,0.03371696710505813,0.029894620783332673,2432733.0,1.6925120841456913,0
2021-12-19,12.694897651672363,13.150792181977927,12.659828905964616,13.054353340307834,1183091,-0.027535339565044503,0.04397979168032595,0.11042935112836716,12.335443305969239,12.09101396560669,1.0291399617174017,1.049944834054732,70.44966348843721,0.2781378470788969,0.09862182952342369,0.1795160175554732,0.036320105201806924,0.030256373764040355,2506288.1,0.4720490832638115,0
2021-12-20,12.624760627746582,12.747501660321172,12.44941689271494,12.69489812175924,2167551,-0.005524819959185856,0.028571444111084254,0.05960259122769229,12.40645751953125,12.106794910430908,1.0175959259822283,1.0427830586994917,64.64890932747568,0.2833635741760627,0.1355701784539515,0.14779339572211123,0.03489094363425969,0.030319662985384938,2508115.7,0.8642149164011851,1
2021-12-21,12.931612014770508,13.273532904633365,12.703664754861936,12.624759869808598,2619451,0.0243055211953509,0.05357140914685887,0.12853856939414876,12.553746318817138,12.126959438323974,1.030099835248939,1.0663523763346356,67.41070832393467,0.30870676361106497,0.17019749548537422,0.13850926812569075,0.03144325082442775,0.030496910380803665,2642056.9,0.991443825452813,1
2021-12-22,13.019285202026367,13.0981892564715,12.765036574756792,12.931612915614146,895827,0.006779757013720911,-0.009999923855686932,0.06988473808191897,12.63878812789917,12.149228115081787,1.0301055030179103,1.0716141864078188,72.72727272727272,0.33203838550093856,0.20256567348848709,0.12947271201245147,0.026224019165781844,0.03040413622476758,2153783.7,0.41593173910639214,0
2021-12-23,12.957913398742676,13.229696799523532,12.931612049023506,13.019284329560513,1372405,-0.004713914960103871,-0.007387597835903259,0.061781526784057794,12.714185905456542,12.169217300415038,1.0191697286085406,1.064810749850012,70.61608014890659,0.3416384766284839,0.23038023411648645,0.11125824251199745,0.026467944958062147,0.02969599770731148,2061947.3,0.6655868459877708,0
2021-12-26,12.800105094909668,13.063120277268256,12.72996760146673,12.957914037103846,471061,-0.0121785274354681,0.008287380184073045,0.05263164911847018,12.778186511993407,12.186751689910889,1.0017153124894278,1.050329523453453,63.11687453063203,0.33267790297103517,0.2508397678873962,0.08183813508363896,0.026959891888196467,0.029970740606427265,1963217.1,0.2399434071759053,1
2021-12-27,12.817639350891113,13.150792870612552,12.729967900083299,12.800105395171508,1702424,0.0013698525013219331,0.015277812295357407,0.04428576556657826,12.832543182373048,12.180088634490966,0.9988385909737357,1.052343684478187,73.13431915004156,0.32326505339781164,0.2653248249894793,0.05794022840833235,0.026949619897899856,0.028755910962196853,1898023.8,0.8969455493656086,0
2021-12-28,12.808871269226074,12.975448438221143,12.747501173335706,12.81763866466894,593588,-0.000684063689499026,-0.00949152707367329,0.04357140759289324,12.886023044586182,12.173250217437744,0.9940127551306436,1.0522145721508152,64.3136886873543,0.3115069333612066,0.27456124666382475,0.03694568669738185,0.026963626607167696,0.02709686494409116,1957382.6,0.3032559909340156,1
2021-12-29,12.966681480407715,12.975448876146483,12.843940448379582,12.808871701529384,471970,0.012320383885876529,-0.004040446215162752,-0.013999965916355106,12.867611980438232,12.160976142883301,1.0076991364147514,1.066253344144246,66.17098116856097,0.3113336432460354,0.2819157259802669,0.029417917265768534,0.014088937794436297,0.02710609143471583,1559479.8,0.30264579252645657,1
2021-12-30,13.142024993896484,13.150792389487977,12.81763888195503,12.966681262590951,1265460,0.013522620552815168,0.014208429203707462,0.006715865206967431,12.876379108428955,12.143441753387451,1.0206304802950106,1.0822323078406066,69.71829691202122,0.3216374296364304,0.2898600667114996,0.031777362924930774,0.01463294344279614,0.026322402356813237,1274282.8,0.9930762621923485,0
2022-01-02,13.019285202026367,13.23846508195203,12.984216454682455,13.142025399677609,386437,-0.009339488543593566,0.017123305276912415,0.025552592801822982,12.908817863464355,12.12660873413086,1.0085575100470405,1.0736130345644805,64.91229476348708,0.3162536044696207,0.29513877426312385,0.02111483020649685,0.011523638190859423,0.02658740110761633,1194617.4,0.3234818109965584,0
2022-01-03,12.975448608398438,13.142024943473361,12.887776325029618,13.019284750082846,335116,-0.0033670507211184253,0.012311881555346904,0.027777792466109563,12.943886661529541,12.10872365951538,1.00243836706039,1.0715785555319004,63.79310215484517,0.30493454190457037,0.29709792779141314,0.007836614113157225,0.011374128080751309,0.025322522186073226,1011373.9,0.3313472890688597,0
2022-01-04,12.800105094909668,13.063120277268256,12.800105094909668,12.975448828517019,678427,-0.013513483716877217,-0.0006843830445441013,-0.010169414278021316,12.930735969543457,12.078038463592529,0.989897645815252,1.0597834353230207,40.47621760890442,0.27860377623308175,0.2933990974797469,-0.01479532124666516,0.00957465310341623,0.02366987216900532,817271.5,0.8301121475543929,0
2022-01-05,12.800105094909668,13.019284970945074,12.756268952481612,12.800105094909668,1670902,0.0,-0.01284649320257758,-0.01683503385290197,12.908817958831786,12.053490333557129,0.9915784028972427,1.0619417895307843,42.71357690375599,0.25479928716016964,0.28567913541583145,-0.030879848255661813,0.009196681710302166,0.019644404390991427,894779.0,1.8673907188255423,0
2022-01-10,12.677363395690918,12.949146795547755,12.475717485583298,12.6072259059417,2278788,-0.009589116519641894,-0.026262717271316238,-0.009589116519641894,12.880762958526612,12.039638175964356,0.984209043867153,1.0529688027502107,51.829251306323805,0.20390893642055907,0.26093569008678086,-0.057026753666221786,0.008828700399343293,0.0197977604407467,938311.2,2.4286057759941477,1
2022-01-11,12.800105094909668,12.83517384163114,12.580925218874262,12.677364063332087,954380,0.009681957942490715,-0.013513483716877217,-0.0013679785724526328,12.879009532928468,12.056471195220947,0.9938734079032195,1.061679233305305,44.75530060938086,0.18839217819669152,0.246426987708763,-0.05803480951207149,0.009439256703457187,0.01980372205553375,863506.8,1.1052373878236974,0
2022-01-12,12.519554138183594,12.84394025057849,12.449416645563339,12.800104944769478,706043,-0.021917863536733306,-0.021917863536733306,-0.02258724636710019,12.850077819824218,12.067868537902832,0.9742784684828356,1.0374287803071525,32.72727872051475,0.15170812118051025,0.22748321440311248,-0.07577509322260223,0.011702903680527848,0.020529752655320387,874752.3,0.8071347740383191,0
2022-01-13,12.326676368713379,12.615993732854363,12.309141577623691,12.519554054070797,792720,-0.015406121283660923,-0.036986315556468474,-0.04935766430766153,12.786077308654786,12.079441242218017,0.9640702203770939,1.0204674306979753,30.00004834555469,0.10585192257840603,0.2031569560381712,-0.09730503345976516,0.011146426417927078,0.012507132027162159,906827.3,0.8741686537227099,0
2022-01-16,12.019824028015137,12.317908783101476,11.940919141538771,12.326676178511038,878517,-0.024893355801655637,-0.06095895784518457,-0.08539026264236516,12.67385721206665,12.08575361251831,0.9483950960541977,0.994544851184548,27.411186292060137,0.044240162334979516,0.17137359729753285,-0.12713343496255333,0.01066569684321677,0.013400272245615612,868133.0,1.0119613008605823,1
2022-01-17,12.046125411987305,12.230236535581207,11.835712938195655,12.01982406178956,385056,0.002188167140456221,-0.04979252893532837,-0.07474755909699227,12.576541233062745,12.092592010498047,0.9578249845290517,0.9961574327100093,27.777793038356123,-0.0024372050868493034,0.13661143682065643,-0.13904864190750574,0.011213920880557863,0.012256074245738203,867994.9,0.44361550972246494,1
2022-01-18,12.072427749633789,12.177633987848512,11.897083183171057,12.046125563001464,233751,0.0021834686878081655,-0.056849325836024645,-0.06959457711390127,12.486239147186279,12.099956455230712,0.9668586038858834,0.9977248921763663,29.000058195915727,-0.036881825504378796,0.10191278435564939,-0.13879460986002817,0.011582518310437065,0.012278714714151548,857858.4,0.2724820319996867,0
2022-01-19,11.975988388061523,12.125030771839556,11.967220992285197,12.072428069391357,201247,-0.007988398321554735,-0.04341734091506022,-0.0643835890984894,12.403827476501466,12.105392112731934,0.9655074944205355,0.9893102409682121,20.725427148706657,-0.07114121421328967,0.06730198464186159,-0.13844319885515127,0.01137390147620622,0.010627189282037602,810140.4,0.2484100286814483,0
2022-01-20,11.914618492126465,12.028592130839145,11.835713601009617,11.97598859139295,116486,-0.005124411776838089,-0.033428141070756756,-0.06917807285311606,12.315278816223145,12.10697021484375,0.9674664025008607,0.9841123155253614,11.1111916869869,-0.10206749376963842,0.033428088959561585,-0.1354955827292,0.011158192259195392,0.010334114848282094,654698.8,0.17792303880807478,0
2022-01-23,11.669137001037598,11.923385624514058,11.616533462754076,11.914618228782658,236934,-0.020603386608735175,-0.02917572055632245,-0.08835615688201126,12.202182006835937,12.095748214721679,0.9563155994969001,0.9647304816443802,10.309348294522039,-0.14471689164258805,-0.0022009071608683414,-0.1425159844817197,0.01159780775576536,0.010953939580982834,678392.2,0.34925814300341307,1
2022-01-24,11.765575408935547,11.791876759048353,11.528860749605762,11.669136567785364,664110,0.008264399320136118,-0.023289646542495546,-0.0719225250784632,12.111003208160401,12.102235927581788,0.9714781844833379,0.9721819570647298,15.500028282142651,-0.16878937434158736,-0.035518600597012145,-0.13327077374457522,0.012830802793621143,0.011215895544966343,516924.4,1.2847333188373387,1
2022-01-25,11.897083282470703,11.923385469322561,11.669136849155331,11.765575692630879,876378,0.011177343135744922,-0.01452437494756631,-0.07054799985963223,12.020701026916504,12.119068946838379,0.9897162616249253,0.9816829440164554,23.589756176746064,-0.1752353993725677,-0.06346196035212326,-0.11177343902044445,0.01305820854743622,0.011674707641258242,509124.2,1.7213442220974764,0
2022-01-26,11.695438385009766,12.002289711527615,11.660369638090444,11.897083470769648,669852,-0.016949103630975126,-0.02342604167280493,-0.06582628615026664,11.938289451599122,12.134674568176269,0.9796578004266074,0.9638032169137506,21.10093803125706,-0.1943743521216703,-0.08964443870603267,-0.10472991341563764,0.01251990131095983,0.012018352614858042,505505.1,1.325114227334205,1
2022-01-30,11.818178176879883,11.923385250143637,11.704205380369709,11.695437984913587,489348,0.010494672181543319,-0.008094284790596706,-0.041251848967506555,11.887439632415772,12.152559623718261,0.9941735598516084,0.9724846898767102,25.862050372445907,-0.19736295732153764,-0.11118814242913366,-0.08617481489240397,0.013183705112773813,0.011890379688908515,475167.9,1.0298422936397849,1
2022-01-31,12.011056900024414,12.098729183862313,11.41488821268325,11.818178377243958,658522,0.01632051237151444,0.029301215587443474,-0.0007293890468187403,11.886562919616699,12.168691253662109,1.0104735053563936,0.987045907373954,34.166675353765086,-0.18206896972219333,-0.1253643078877456,-0.05670466183444772,0.012387860533555995,0.012128389578317831,453168.4,1.4531507492578917,1
2022-02-01,12.22146987915039,12.352978310300811,11.96722124891879,12.011057392635598,1138526,0.01751827344399226,0.03874816610062326,0.014556088465474293,11.904097366333009,12.193765430450439,1.0266607793141016,1.0022720175205904,36.799988861172345,-0.15122655979559596,-0.13053675826931568,-0.020689801526280277,0.013580398654124318,0.013009769637566481,528515.4,2.1541964529321187,1
2022-02-02,12.317909240722656,12.537089117475356,12.142565506541473,12.221469559844348,720057,0.00789097895145896,0.035372195710523746,0.02033406172973895,11.928645515441895,12.221294441223144,1.0326326844717493,1.0079054473291817,44.97817796972467,-0.11764573047075366,-0.1279585527096033,0.010312822238849634,0.013730056577223676,0.013238072501087312,577146.0,1.2476167208990445,0
2022-02-03,12.151331901550293,12.379279170950129,12.098729200061017,12.317909073844351,206617,-0.013523182864642602,0.038980455587270146,0.01464125613745293,11.946179866790771,12.2453165435791,1.0171730241003507,0.992324849937988,45.575207182785796,-0.10328349260924874,-0.12302354068953239,0.01974004808028365,0.014282373494572644,0.013238496857823079,577683.0,0.35766501697297653,1
2022-02-06,12.423114776611328,12.493252266305712,12.011056397578209,12.151331376966974,653880,0.02236650905950155,0.05118695882542146,0.04267835221252714,11.997029495239257,12.275124988555909,1.035515898459794,1.0120560717869178,60.36035771176969,-0.06917332199939175,-0.11225349695150427,0.04308017495211253,0.015453393573065289,0.014359287974149546,631422.4,1.0355666824616927,0
2022-02-07,12.22146987915039,12.65982964410866,12.16886717557414,12.423115805805741,801466,-0.01623142835648339,0.01751827344399226,0.04733279573833782,12.052262783050537,12.29230869293213,1.0140394462969904,0.9942371432778555,54.132246635759444,-0.05774616223642148,-0.10135203000848772,0.04360586777206624,0.014714895799852136,0.014730170321075833,687875.6,1.1651321837843935,1
2022-02-08,12.230237007141113,12.361745435410086,12.18640086438479,12.221469611368873,341267,0.0007173546289778177,0.0007173546289778177,0.03949331690591795,12.098728942871094,12.309667739868164,1.010869576869685,0.9935472886510338,53.74999716724794,-0.04743581133185515,-0.09056878627316121,0.043132974941306065,0.014707181596438357,0.014638315914598143,655591.3,0.5205483965391242,0
2022-02-09,12.177634239196777,12.493252960355369,12.142565492401378,12.230236941337438,669282,-0.004301042401191557,-0.011387890492173258,0.02358149052713121,12.1267840385437,12.332813148498536,1.0041932140039318,0.9874173955744516,54.89363159719473,-0.043013554233162665,-0.0810577398651615,0.038044185631998836,0.014679807164652716,0.014398462014433505,634881.7,1.0541837951857804,0
2022-02-10,11.862013816833496,12.247770839554398,11.835712467681331,12.177633351078747,768947,-0.025918040907106366,-0.023809578000242526,0.01424276938923752,12.143441581726075,12.3387748336792,0.9768247112650436,0.9613607490798548,48.863603588013035,-0.06423633744427093,-0.07769345938098339,0.01345712193671246,0.01619154300431181,0.01470843473791185,644791.2,1.1925519454980156,0
2022-02-13,11.353516578674316,11.835712437805888,11.283379090375703,11.862013786891666,559825,-0.04286769902742538,-0.08609742541787635,-0.03931753196229448,12.096975421905517,12.33456657409668,0.9385417579765496,0.9204633588437046,43.87752232716014,-0.1206957183608921,-0.08629391117696514,-0.03440180718392696,0.020991797292272754,0.01706135991619931,651838.9,0.8588395077372645,0
2022-02-14,11.143105506896973,11.344750601939086,11.046666657455734,11.353517998098722,357974,-0.018532678427806704,-0.08823524362589874,-0.07226269930714235,12.010180282592774,12.331235065460206,0.9278050158037581,0.9036487787106432,38.43649316454727,-0.18033975507996125,-0.10510307995756436,-0.07523667512239689,0.020156192173013263,0.016706277659267764,621784.1,0.5757207365064497,1
2022-02-15,11.441189765930176,11.563929962150201,11.046666153885317,11.14310499893032,333245,0.026750555206419335,-0.06451610387846296,-0.06384503017524579,11.932152271270752,12.33141040802002,0.9588538183071402,0.9278086923851899,42.024545711474275,-0.20123545828364975,-0.12432955562278145,-0.0769059026608683,0.02157982351636257,0.01800969972952436,541256.0,0.6156883249331185,0
2022-02-16,11.388586044311523,11.59899852253738,11.30968115595061,11.44118958192042,280623,-0.004597749245912941,-0.06479486732698081,-0.07544488096557955,11.839219951629639,12.320889759063721,0.9619371961025113,0.92433146201423,44.33655864239905,-0.21950976242382403,-0.14336559698298995,-0.07614416544083408,0.02101717753755531,0.01798232777657014,497312.6,0.5642788861573184,0
2022-02-17,11.344749450683594,11.432421731173205,11.222009261323935,11.388585590928399,401031,-0.0038491691117200633,-0.043606791741874984,-0.06637811043279906,11.758561706542968,12.31861026763916,0.9648075788360143,0.9209439380094776,40.99999927481633,-0.23482263766722866,-0.16165700511983772,-0.07316563254739095,0.020937440133561837,0.017942723694497967,516754.0,0.7760578534467077,0
2022-02-20,11.134337425231934,11.222009709220753,11.134337425231934,11.344749903479261,366358,-0.018547084390566404,-0.019304957360442354,-0.10374027565178279,11.62968397140503,12.297919673919678,0.9574067062019012,0.9053838145360987,33.44370777439238,-0.26092886802025994,-0.18151137769992218,-0.07941749032033776,0.01849287484754591,0.018291729042697165,488001.8,0.7507308374682224,1
2022-02-21,11.975988388061523,12.037358486286049,10.958993888944276,11.134337623946408,1489411,0.07559057451611739,0.07474423361145077,-0.02008608567678538,11.605135822296143,12.293360729217529,1.031955900511986,0.9741834354212262,46.25668371430699,-0.2112686711991021,-0.18746283639975816,-0.023805834799343922,0.03275691506250264,0.024924741841163337,556796.3,2.674965692121158,0
2022-02-22,11.730506896972656,11.91461802363766,11.572697120944122,11.97598812049104,801907,-0.02049780637175469,0.025287329111874035,-0.04086021471837953,11.555162811279297,12.284768886566162,1.0151745231596565,0.9548821801442589,41.43221986985636,-0.18953605849218924,-0.1878774808182444,-0.0016585776739448388,0.033276244855285506,0.025345505076058043,602860.3,1.3301705220927633,1
2022-02-23,11.783109664916992,11.9496868374685,11.669136866145791,11.730506963346418,258326,0.004484270663351442,0.03464201956857749,-0.03239747282028793,11.515710353851318,12.274949626922607,1.0232203922162948,0.959931406893364,44.44444124698307,-0.16615289544144574,-0.18353256374288468,0.017379668301438944,0.033373767523892824,0.025236199520514577,561764.7,0.4598473346580873,0
2022-02-24,11.309680938720703,11.528860808355638,10.958993481746747,11.783109423687968,624387,-0.04017858949457753,-0.003091166721251648,-0.046563162599673635,11.460477066040038,12.255661792755127,0.9868420724154514,0.9228127480970766,34.16458244041645,-0.1837056672727133,-0.18356718444885042,-0.0001384828238628899,0.034747817383183,0.02654882752387286,547308.7,1.140831490528106,1
2022-02-27,11.809412002563477,11.879549496289513,11.353517457239361,11.30968131463437,393033,0.04418613279635997,0.060629972988040626,0.04015455658429956,11.506066608428956,12.228834190368651,1.0263639525528472,0.9657021935798664,44.597705518348896,-0.1554997407681853,-0.1779536957127174,0.022453954944532117,0.034895334661352195,0.028347608633631845,530629.5,0.7406919517290312,0
2022-02-28,11.607765197753906,11.862013802190495,11.528860314289998,11.809411103951097,226909,-0.017075092711288153,-0.03074678918983309,0.04169929922761062,11.552532577514649,12.199902420043946,1.0047809967094798,0.9514637738973074,42.23193894176355,-0.14771478858257403,-0.17190591428668872,0.02419112570411469,0.03479141522910924,0.02834025615785568,517523.0,0.4384520108285042,1
2022-03-01,11.800644874572754,11.870782369890179,11.686671235655716,11.607766344397389,507362,0.01661643507883581,0.005979108849780257,0.03141763365493433,11.588478088378906,12.182017364501952,1.0183084253666244,0.9686938149472265,45.45454963588287,-0.12454569468997612,-0.16243387036734622,0.0378881756773701,0.034218253672890026,0.0283093878536845,534934.7,0.9484559517264445,1
2022-03-02,12.063660621643066,12.133798115341758,11.625300867973811,11.800644602220538,976656,0.022288252029093902,0.023809585474824813,0.059276417169340734,11.65598554611206,12.170795364379883,1.0349755989245362,0.9911973918277875,52.46254163011633,-0.08399263338743346,-0.14674562297136368,0.06275298958393022,0.034555997316745635,0.02873724755921975,604538.0,1.6155411239657391,1
2022-03-03,12.633527755737305,12.659829106408333,12.361745181225329,12.063660419937463,2437190,0.047238326074247716,0.1170543027862243,0.11360130169962046,11.784863376617432,12.16483367919922,1.0720130859390125,1.0385286053963492,65.40084639945181,-0.005803624423364795,-0.1185572232617639,0.11275359883839911,0.03660421517680003,0.030465216931917432,808153.9,3.0157498466566826,1
2022-03-06,13.23846435546875,13.326135800964963,12.62476005647105,12.633527451852125,3966158,0.04788342665861678,0.1210096110284804,0.18897639346447104,11.995276069641113,12.169217262268067,1.103639822761064,1.087864902906779,73.0250228086939,0.1037787594948476,-0.0740900267104416,0.1778687862052892,0.03659132835791985,0.03184906658465959,1168133.9,3.395293981280742,0
2022-03-07,13.063119888305664,13.554083163892377,12.905310950810346,13.238464452796894,2839732,-0.013245076049221094,0.1253776817292418,0.0907759313901697,12.103989219665527,12.171321392059326,1.0792408726770695,1.0732704747101784,68.31680310522015,0.17446364684231952,-0.024379291999889377,0.19884293884220888,0.03150000519679531,0.03175778132822996,1303166.0,2.1791022786045677,0
2022-03-09,12.800105094909668,13.054353717666544,12.712432810053556,12.80887165451138,301158,-0.02013414832328464,0.061046517832685776,0.08630959559178808,12.338950061798096,12.176231002807617,1.0373739281544974,1.0512370446945527,65.83970135168546,0.24610858542056846,0.07007582694485204,0.17603275847571642,0.03156869484163252,0.032168368967534486,1227258.5,0.24539084471608874,1
2022-03-10,13.133257865905762,13.185861404421694,12.817639143124815,12.800105187689423,561263,0.02602734653550476,0.03955586435004377,0.1612403512588687,12.521307754516602,12.182718734741211,1.048872699512431,1.0780235636938673,71.18958145719037,0.28418118289590133,0.1128968981350619,0.17128428476083943,0.02673816417211723,0.03180737198399623,1220946.1,0.4596951495237996,1
2022-03-13,13.150792121887207,13.475178227227843,13.115723376339702,13.133257331061031,1015888,0.0013351033049433525,-0.006622538024610547,0.11358568225349042,12.655445766448974,12.186400947570801,1.0391409646550305,1.0791366686904098,65.09007833697763,0.312170353099928,0.15275158912803513,0.1594187639718929,0.024984631232105616,0.02973203019806678,1283231.6,0.7916637963092554,0
2022-03-14,12.940380096435547,13.150792577002417,12.940380096435547,13.150792577002417,181167,-0.015999950687492492,-0.009395901815154928,0.11480374352674705,12.788707256317139,12.182368049621582,1.0118599039823581,1.0622220609101949,65.68181773232413,0.3137566883736067,0.18495260897714944,0.12880407939645727,0.024851908341494675,0.02961920680390322,1278657.4,0.14168533338171743,0
2022-03-15,12.887776374816895,12.949147307854096,12.274072897178922,12.940379912262372,1029750,-0.00406508319126897,-0.013422789883888342,0.0921247535028038,12.897420406341553,12.179737873077393,0.999252251130783,1.0581324909548817,64.31817625569445,0.3072276605714581,0.20940761929601118,0.09782004127544694,0.025209144708985783,0.029388361632166026,1330896.2,0.7737267564517805,1
2022-03-16,13.510248184204102,13.589153077787396,12.80010581416429,12.887777267841901,1517207,0.048299395588794924,0.05547947333470282,0.11991281982566337,13.042079162597656,12.190433864593507,1.0358968087656661,1.1082663943113567,77.46170412707119,0.34826702631209727,0.23717950069922844,0.11108752561286883,0.027914166264465117,0.030700076697911406,1384951.3,1.0954948379773353,0
2022-03-17,13.299835205078125,13.764496317260157,13.238465106140373,13.51024768952604,1010697,-0.015574323747211904,0.012683626627388644,0.05274120279177197,13.108709907531738,12.200428466796875,1.014580023426758,1.0901121416574224,70.04715916204361,0.3596664395824689,0.26167688847587656,0.09798955110659235,0.026041510218001884,0.031068464846458674,1242302.0,0.8135678764100839,1
2022-03-20,13.369972229003906,13.413808370746203,13.194628498139581,13.299834736658177,499598,0.005273525787673039,0.016666684796265097,0.009933771017847093,13.121860694885253,12.21182580947876,1.0189082585075273,1.0948381050953246,74.57213708847368,0.3700938172489767,0.2833602742304966,0.08673354301848013,0.021399752912004112,0.03042980995174846,895646.0,0.5578074373134029,1
2022-03-21,14.04504680633545,14.202856584057605,13.413808531551698,13.369972389283891,3533006,0.0504918458893342,0.08536586264604273,0.07516787156709959,13.220053386688232,12.236724643707275,1.0624046965255023,1.1477782834280006,77.58621093852565,0.42789792481187483,0.31226780434677226,0.11563012046510257,0.02568482446322729,0.02798544681230021,964973.4,3.6612470354105096,1
2022-03-22,14.053813934326172,14.500941071952575,14.027511747803544,14.045046538818628,1472360,0.0006242149358139937,0.09047624086554995,0.07583900741103933,13.319122791290283,12.26425365447998,1.0551606254066763,1.1459167700100925,76.09195833442736,0.4690090856787972,0.3436160606131773,0.1253930250656199,0.02566514652192711,0.027227072989091397,1112209.4,1.3238154613690551,1
2022-03-23,14.869162559509277,14.904232143684538,13.896005009583135,14.053814793952188,1538630,0.05801618187014923,0.10058396831628813,0.161643787239093,13.526028537750244,12.305634803771973,1.0992999547509776,1.2083214557083655,77.53780139089665,0.5609159073335412,0.3870760299572501,0.17383987737629114,0.028059093813979242,0.029270511348779917,1235956.6,1.2448899904737754,0
2022-03-24,14.448336601257324,15.11464360543988,14.395733900777298,14.869161549516928,1596792,-0.02830192733233805,0.08635455841894046,0.10013347402288786,13.6575364112854,12.344210453033448,1.0579021110511904,1.170454494131442,65.61085137659023,0.5929603104522467,0.42825288605624945,0.16470742439599728,0.030898074445293126,0.028256994016460736,1339509.5,1.1920721726870918,0
2022-03-27,13.887237548828125,14.553544595164958,13.764496513101372,14.448337515339224,1299090,-0.038834854690495746,0.03868858595697744,0.05600008122060052,13.731180953979493,12.375421676635742,1.011365125503164,1.122162776485154,59.670802156751705,0.5665489034659714,0.4559120895381939,0.11063681392777752,0.03454693153946131,0.029459676979146723,1367829.7,0.9497454251797575,0
2022-03-28,12.370512008666992,13.931073341435239,12.370512008666992,13.887237198630759,5544852,-0.10921722443562021,-0.11922600335608047,-0.04403797133636944,13.674194145202637,12.382435436248779,0.9046611359549096,0.9990370692709706,44.00607305893865,0.41840745714232064,0.4484111630590193,-0.030003705916698653,0.050179849921240256,0.03925375415726351,1904198.2,2.91190906492822,1
2022-03-29,12.87024211883545,12.975448355161847,12.274072610214345,12.370511451154,1834883,0.04039688169886069,-0.08421712575828766,-0.0013605338478488438,13.672440719604491,12.398917770385742,0.9413273301219149,1.0380133457756648,50.58308594095627,0.3374385554817607,0.4262166415435676,-0.08877808606180687,0.052042573122678855,0.0400109265255305,1984711.5,0.9245086754422495,0
2022-03-30,12.624760627746582,13.098189130384457,12.624760627746582,12.870242692895761,1162402,-0.01907357210705518,-0.1509433986467067,-0.06554191635745177,13.58389196395874,12.409964427947997,0.9293920079196036,1.0173083654708026,45.71006012374898,0.2505733591026491,0.3910879850553839,-0.14051462595273478,0.049557468202403414,0.040145834248231475,1949231.0,0.5963387612858609,1
2022-03-31,12.633527755737305,13.142024994603126,12.265305501923454,12.624760360145341,1956961,0.0006944391461534138,-0.12560676675833338,-0.05009892521723969,13.517261219024657,12.423115215301515,0.9346218550512617,1.0169371801508067,45.62963120533774,0.18036041649032164,0.34894247134237144,-0.1685820548520498,0.04946131796573415,0.03877556745683753,2043857.4,0.9574841180211496,1
2022-04-03,12.747501373291016,13.150792372835499,12.712432627074316,12.633527739060526,297560,0.009021519543656487,-0.08207076256381074,-0.046557378358837886,13.45501413345337,12.439772872924804,0.9474164238591726,1.0247374693661797,48.3433701385931,0.13238679941668252,0.30563133695723366,-0.17324453754055114,0.04955345330937319,0.03723122946048318,2023653.6,0.14704097578755573,1
2022-04-04,12.800105094909668,12.887776543660907,12.756268952481612,12.747501556775026,369738,0.004126590778712913,0.034727187196592624,-0.08863919989673597,13.330519962310792,12.462392234802246,0.9602104892456739,1.027098558105428,49.246993873071006,0.09748825899618296,0.2640027213650235,-0.16651446236884054,0.04596739067503944,0.03713828074952826,1707326.8,0.2165595948004799,1
2022-04-05,12.984216690063477,13.150793033940566,12.85270825806113,12.800105554144112,924365,0.014383600274268549,0.00885566644167679,-0.07610725809100294,13.223560237884522,12.486765060424805,0.9819002187372093,1.0398383109821838,45.114009169205104,0.0837220852431475,0.22794659414064833,-0.14422450889750082,0.046465921269922834,0.03728428885521519,1652527.3,0.5593644353106905,1
2022-04-06,13.010518074035645,13.142025670256677,12.896544433795128,12.98421672201242,507085,0.002025642716845244,0.030555624590714814,-0.12499994387948721,13.037695789337159,12.509033756256104,0.9979154510320957,1.040089772523696,47.21754103602115,0.0740806397393392,0.19717340326038651,-0.12309276352104731,0.040806002888622496,0.03697069642282915,1549372.8,0.32728404680913464,0
2022-04-07,12.773802757263184,13.06312012333221,12.712432660250016,13.010517421922312,326654,-0.018194149950481964,0.011103391248907135,-0.11589803658425424,12.870242404937745,12.530601043701171,0.9925067730163682,1.0194086231549335,44.44444444444444,0.046799303721863694,0.16709858335268196,-0.12029927963081827,0.040494481940398806,0.036747185100897695,1422359.0,0.22965650725309153,0
2022-04-10,12.466952323913574,12.87024335323048,12.300375140008262,12.773803666936377,201748,-0.024021854664628695,-0.022008159964999607,-0.1022726960578565,12.728213882446289,12.543576526641846,0.9794738239830315,0.9938913592494512,34.21053234224864,0.0004136149655042942,0.13376158967524643,-0.13334797470974213,0.039644129950556536,0.03710789698400942,1312624.8,0.15369814740663135,1
2022-04-11,12.47571849822998,12.694898380513191,12.370512255066627,12.466951938378374,190172,0.0007031529509895496,-0.025342494790038028,0.008504618845952328,12.738734531402589,12.552869758605958,0.9793530485681886,0.9938538946185526,34.21051978712413,-0.03523386647894533,0.09996249844440808,-0.1351963649233534,0.01886809573791541,0.036963826318019886,777156.8,0.24470222740121425,0
2022-04-12,12.379279136657715,12.615993801018318,12.274072897865736,12.475717979857482,512092,-0.007730164926849525,-0.046590223179863166,-0.03814714421411047,12.689638233184814,12.556025943756104,0.9755423211581024,0.9859233480489674,20.901636969046095,-0.0704544478331659,0.06587910918889328,-0.13633355702205918,0.012897565432624726,0.036988057143733793,644877.7,0.7940916548982854,0
2022-04-13,12.072427749633789,12.537088844108368,12.072427749633789,12.379279068733853,539752,-0.024787500438153365,-0.07210245733980025,-0.043749968367628345,12.634404945373536,12.551116313934326,0.9555200899314589,0.9618608773652194,21.473687151439293,-0.12172419403757395,0.028358448543599833,-0.1500826425811738,0.013747642103372775,0.035401588083287826,582612.7,0.9264336324971976,0
2022-04-14,11.537628173828125,12.054892798599345,11.239543418122349,12.072427589454907,1666848,-0.044299256694403266,-0.09677420318175567,-0.08674533377357685,12.524814987182618,12.538842239379882,0.9211815252868215,0.9201509958864215,21.61016148398413,-0.20316770273450047,-0.01794678171202023,-0.18522092102248022,0.018458735596875147,0.036421219064483014,553601.4,3.0109172411774967,0
2022-04-17,11.195708274841309,11.590231877634427,11.07296724539473,11.537628340413077,447423,-0.029635198312459532,-0.10196911129866282,-0.12173311875071258,12.369635677337646,12.514294109344483,0.9050960405691588,0.8946336227211904,30.177516697202705,-0.2919370795218139,-0.07274484127397897,-0.21919223824783496,0.0183412624589127,0.0366662165474688,568587.7,0.7869023547290946,1
2022-04-18,11.502559661865234,11.546395803789705,11.090501265542994,11.195708340603668,286482,0.02740794771452504,-0.07800423170038784,-0.10136990465495788,12.239881134033203,12.49991590499878,0.9397607326334376,0.9202109637605884,25.31644480275277,-0.33368064493991767,-0.12493200200716671,-0.20874864293275097,0.021860483160437344,0.03504978686901911,560262.1,0.5113356766413434,1
2022-04-19,12.089962005615234,12.212703037974,11.50255986721344,11.50255986721344,1252704,0.05106709819532007,-0.02337108064602489,-0.06887243996263515,12.150455665588378,12.49711040496826,0.9950212846630543,0.9674205967492162,41.40845260314033,-0.31572478250464187,-0.16309055810666173,-0.15263422439798013,0.028541237533164808,0.037531211133725435,593096.0,2.1121437338980535,0
2022-04-20,11.625300407409668,12.098728889172264,11.572696871167228,12.08996149378105,531515,-0.03843366902143719,-0.03703706922062011,-0.10646906285694935,12.011933898925781,12.48606372833252,0.967812552519067,0.9310620753144431,35.87223469022037,-0.33512581797483243,-0.19749761008029587,-0.13762820789453656,0.029990473598552045,0.03486457293904431,595539.0,0.8924940264197643,1
2022-04-21,12.239004135131836,12.274072881348637,11.669136800082594,11.625300658285376,1076713,0.0527903543319197,0.06079030722230305,-0.04186682950206522,11.958454036712647,12.493603534698487,1.0234603986065336,0.9796216200666563,43.75,-0.29755053907506657,-0.21750819587925002,-0.08004234319581655,0.03586851230322791,0.03744419894251879,670544.9,1.6057284158003438,0
2022-04-26,12.168867111206055,12.317909497391888,12.107497011990086,12.23900460633999,228155,-0.0057306152650487,0.08692248962502913,-0.023910030692565143,11.928645515441895,12.509910545349122,1.0201382122935239,0.97273813966081,42.27467565708342,-0.27031530493314726,-0.22806961769002948,-0.04224568724311778,0.035176408493280235,0.03671446454437082,673185.6,0.33891842012069184,1
2022-04-27,12.458184242248535,12.572157878622258,11.923385643360954,12.168866871494037,808796,0.023775190278481517,0.08307929786719659,-0.001405470633529693,11.92689208984375,12.536212120056152,1.0445457331551782,0.9937758010904439,43.72383675615031,-0.22281721297317425,-0.22701913674665844,0.00420192377348419,0.03610786244550997,0.0280409796857635,735048.0,1.1003308627463784,1
2022-04-28,12.896543502807617,13.054353275764663,12.361744924382405,12.458183765575685,1067223,0.03518644868587728,0.06671497369617563,0.04178469201959989,11.97861852645874,12.565319194793702,1.0766302870670217,1.026360198485937,48.76189276429706,-0.14809555076081082,-0.21123441954948893,0.06313886878867811,0.037550221936534296,0.02767480617827907,790561.1,1.3499563790831601,1
2022-05-08,13.063119888305664,13.238464452796894,12.537088703146521,12.896543555364815,1286169,0.012916358981131859,0.12368020012451186,0.08206237877066003,12.077687740325928,12.598809871673584,1.0815911264777527,1.0368534823020075,53.191488914038906,-0.07457709462010342,-0.18390295456361183,0.10932585994350841,0.03612238516112256,0.027409365057764232,865202.8,1.4865520546165591,0
2022-05-09,12.887776374816895,13.150792389834558,12.537088912196584,13.06312010612705,1270140,-0.013422789883888342,0.05300858080624149,0.11702129594117405,12.212702560424805,12.62967041015625,1.0552763658209168,1.0204364766679175,54.7808650121194,-0.030114799920703206,-0.1531453236350301,0.1230305237143269,0.03221572458413374,0.02762738235870783,825532.0,1.5385714908689185,0
2022-05-10,12.703665733337402,12.931613010803176,12.624760842206566,12.887776867274388,681498,-0.014285679400773077,0.04394810274810723,0.13469067087829845,12.363498306274414,12.66105697631836,1.027513849125563,1.0033653396472932,52.490424649598445,-0.00962336892186677,-0.12444093269239745,0.11481756377053068,0.030344474832816448,0.02777823877214328,848939.5,0.8027639189836261,1
2022-05-11,12.765036582946777,12.87024282504601,12.712433043844717,12.703665647976893,340552,0.00483095595378602,0.02463058297513654,0.10975617238196711,12.489745998382569,12.676837940216064,1.0220413277099358,1.0069574639311993,54.247115922526795,0.0114365193671091,-0.09726544228049613,0.10870196164760523,0.030001840888164523,0.027783935562507755,854346.5,0.39861110216990414,0
2022-05-12,12.274072647094727,12.870242157507164,11.96722049647542,12.765035920864648,758830,-0.038461616044872526,-0.0482664874954577,0.01522838875705168,12.508157062530518,12.687709255218506,0.9812854592194867,0.9673986375473059,52.1335748640179,-0.011359113116816033,-0.08008417644776011,0.06872506333094408,0.030031729573705118,0.02885881630814911,804959.1,0.9426938586072262,0
2022-05-15,12.195168495178223,12.502020664281162,12.054893504538557,12.274073386439259,165433,-0.006428522478655885,-0.0664428865805976,0.049019644034775656,12.565143871307374,12.69595043182373,0.9705554206208499,0.9605557741159539,57.70021730958273,-0.03538383885548768,-0.07114410892930563,0.03576027007381795,0.02678352259465941,0.028852264582154785,768350.9,0.21530917709603775,0
2022-05-16,12.133797645568848,12.440648959594323,12.098728900077226,12.195167741152973,1920083,-0.005032390461324088,-0.058503399447661475,-0.00859600081848122,12.554623222351074,12.712432765960694,0.9664804296131303,0.9544827389812262,61.75823829038889,-0.058699075356273056,-0.06865510221469912,0.00995602685842606,0.02095532061834373,0.0286328336827823,852687.9,2.251800453600901,1
2022-05-17,12.22146987915039,12.458184553558207,12.142565823786017,12.133798427821676,498576,0.0072254570368215365,-0.037957221506672356,0.004322733370627052,12.559883499145508,12.720673923492432,0.9730559905258563,0.9607564782066997,59.53488725076017,-0.06930326679789012,-0.06878473513133732,-0.0005185316665528017,0.021007799940157026,0.02822792070049532,879730.0,0.5667375217396247,1
2022-05-18,12.36174488067627,12.475717676181347,12.133797617456432,12.22146906292994,684285,0.011477752096348492,-0.03159346231794413,-0.007741044737901492,12.550239562988281,12.73575351715088,0.9849807900983899,0.9706331756522343,54.089707945041766,-0.06563158456577867,-0.0681541050182256,0.0025225204524469275,0.01982929514148925,0.02835696799372391,867278.9,0.7890022459903037,0
2022-05-19,12.133797645568848,12.44941635499344,12.116262854770614,12.361744909316808,638662,-0.01843972977178543,-0.01142856210477794,-0.05914343305031444,12.473964977264405,12.7424165725708,0.9727298150735904,0.9522367736499794,58.238637065971155,-0.08019079718946465,-0.07056144345247341,-0.009629353736991239,0.01594742033201805,0.02860905934682197,824422.8,0.7746777502999674,0
2022-05-22,12.028592109680176,12.239004594885044,11.870782327724077,12.13379835228261,116081,-0.008670454128357097,-0.013659211479030264,-0.0791945406205462,12.370512199401855,12.741715202331543,0.9723600701239993,0.9440324099756305,45.91837754059645,-0.09907619686934765,-0.07626439413584826,-0.022811802733499392,0.014503736271545019,0.028115033128314842,707414.0,0.16409203097478986,0
2022-05-23,11.835713386535645,12.054893264064082,11.818178595003028,12.028591912870036,330204,-0.016035020672893974,-0.024566443890059464,-0.08163262285781225,12.26530590057373,12.72575891494751,0.9649749857426718,0.9300595324522115,43.831161607153895,-0.12812971360022196,-0.08663745802872301,-0.04149225557149895,0.014632791270115998,0.026420241701090027,613420.4,0.5382996718074586,0
2022-05-24,11.686671257019043,12.002289986524406,11.616533761573407,11.835713643867244,241090,-0.01259257677582426,-0.043758944498460406,-0.08005519805590655,12.163606452941895,12.694723052978516,0.9607899846342447,0.9205928485597835,34.93150735962473,-0.16132167335251424,-0.10157430109348126,-0.05974737225903298,0.014566536365455,0.025622409709675158,569379.6,0.4234257778114987,0
2022-05-25,11.195708274841309,11.660369369859655,11.134337342065589,11.686670720417899,917062,-0.04201050678848017,-0.09432621503600958,-0.12293958563361929,12.006673622131348,12.65737482070923,0.932457117365527,0.8845205608135717,17.449676678706425,-0.22465348457600776,-0.12619013778998656,-0.0984633467860212,0.017199503748140606,0.026741987701244366,627030.6,1.462547441863284,0
2022-05-26,10.97652816772461,11.309680830612878,10.897623281633498,11.195708035264431,1158229,-0.019577154185879797,-0.09537570278064289,-0.10571425774290544,11.876919174194336,12.615642986297608,0.9241898514872394,0.870072827809624,10.855285050885712,-0.2891967243122604,-0.15879145509444131,-0.1304052692178191,0.014973346336918198,0.02402871780307473,666970.5,1.7365520663957401,0
2022-05-29,10.722278594970703,11.116803020873004,10.608305800937629,10.976528041043222,623277,-0.023163022849201242,-0.10860069930031124,-0.12077651086082797,11.729630184173583,12.574086456298827,0.9141190665531751,0.8527282385273814,10.543147312205008,-0.3567511176664766,-0.19838338760884838,-0.15836773005762822,0.01533539113284406,0.023120694040109666,712754.9,0.8744618942640731,1
2022-05-30,10.888856887817383,11.03789927834168,10.608306899115137,10.722279704946736,230515,0.015535717652851666,-0.07999995165440632,-0.10260108122094036,11.605136108398437,12.52919843673706,0.9382791193579629,0.869078492355105,16.720315041819845,-0.3923245122591741,-0.23717161253891353,-0.15515289972026056,0.017676024772027298,0.019547624352198,543798.1,0.4238981342523999,1
2022-05-31,11.195708274841309,11.292147117624781,10.976528402611258,10.888856119277294,428465,0.028180312238949234,-0.04201050678848017,-0.08393111585203128,11.50255994796753,12.490096759796142,0.9733231841855828,0.8963668168591546,23.598840220327332,-0.39124629752209295,-0.2679865495355494,-0.12325974798654354,0.020963665860900583,0.020959531257380856,536787.0,0.7982030116228597,0
2022-06-01,10.941458702087402,11.371051882452946,10.783649764339406,11.19570815378581,468605,-0.022709556779471396,-0.022709556779471396,-0.1148936652793281,11.360531330108643,12.450118331909179,0.9631115292195376,0.8788236714220508,25.64104620218454,-0.4062249123207362,-0.2956342220925868,-0.11059069022814944,0.020108556520844388,0.02028996491393196,515219.0,0.9095258521133731,0
2022-06-02,10.783649444580078,11.002829307941035,10.608305721112277,10.941458377648686,415229,-0.014423054713647798,-0.01757192440061983,-0.11127169254234526,11.225516510009765,12.408035793304443,0.9606372619882858,0.8690859394844019,24.922136009778455,-0.4259197232339833,-0.3216913223208661,-0.10422840091311719,0.020004327256907182,0.017839007747197787,492875.7,0.8424619026663315,0
2022-06-06,11.371051788330078,11.695437892705412,11.371051788330078,11.467490629272525,754146,0.054471572612667885,0.044283335292264026,-0.0392592810446194,11.054556083679199,12.314928150177002,1.0286303404908452,0.9233551060682919,36.92723225490173,-0.39295024741405804,-0.35431191090814784,-0.0386383365059102,0.028747853317353834,0.022334748182605862,523661.8,1.440139418227566,0
2022-06-07,11.371051788330078,11.572696865601971,11.309680856725937,11.371051788330078,1157501,0.0,0.01566167223942383,-0.027006789336989634,11.022994136810302,12.274949741363525,1.0315755998052714,0.9263623907161481,34.084521025155794,-0.3543548692868921,-0.3543205025838967,-3.436670299539202e-05,0.02858693156852956,0.022284376911443693,615302.9,1.8811889233741625,1
2022-06-08,11.67790412902832,11.818179123138403,11.397354140808154,11.371052788438742,1122098,0.026985396462019473,0.06730779204060044,0.043069705136082215,11.071213722229004,12.227606887817382,1.0547989066077905,0.9550441256549765,42.85715993366964,-0.2955998436411118,-0.34257637079533976,0.046976527154227954,0.02618137703137548,0.023339655117352993,635806.5,1.7648419762931018,0
2022-06-09,11.528861045837402,11.870781950508839,11.520094486311109,11.677903427147653,712904,-0.012762828119168623,0.06910569608991435,0.050319451621950284,11.126447010040284,12.177107830047607,1.0361673439359382,0.9467651273801958,42.276419648563426,-0.25808752142513214,-0.32567860092129824,0.0675910794961661,0.025565653521810335,0.022023477995457456,591274.0,1.2057083517962908,1
2022-06-12,11.660369873046875,11.704206016605546,11.406121243732462,11.528861442370864,1400208,0.011406922738214087,0.08130090216419661,0.08748991828249864,11.220256137847901,12.11293197631836,1.0392249276479877,0.9626381041224144,47.23757976884501,-0.215265624396757,-0.30359600561639005,0.08833038121963305,0.02356124069259211,0.022233112459656486,668967.1,2.093089480783136,1
2022-06-13,11.800293922424316,11.940218894275947,11.679026858948102,12.40663368788348,1651111,0.011999966630636516,0.03774867462434406,0.08370364713183642,11.311399841308594,12.059971122741699,1.0432213596879767,0.9784678422796798,51.795206995313315,-0.16810050313476665,-0.27649690512006536,0.10839640198529871,0.02347310053519931,0.022436389530297588,811026.7,2.03582816693951,1
2022-06-14,11.884248733520508,11.94021890021211,11.660369845985338,11.800293928290914,952951,0.007114637283453629,0.04513188003568103,0.061500392987772656,11.380253887176513,12.019911346435547,1.0442867840507413,0.9887135096919605,62.484398543760335,-0.12253484766388567,-0.24570449362882946,0.12316964596494379,0.02241355410017908,0.02243422449553598,863475.3,1.103622767205964,1
2022-06-15,11.902905464172363,11.940218611191703,11.753652876095002,11.884248445854894,725150,0.0015698704285136422,0.01926727027881192,0.08787189974052878,11.47639856338501,12.010559215545655,1.0371638278708886,0.9910367411340888,68.11396591122269,-0.08395056531801615,-0.2133537079666668,0.12940314264865066,0.020131870597375236,0.02224908482351294,889129.8,0.8155727094064331,0
2022-06-16,11.753652572631836,11.912233665773586,11.511116678460267,11.9029051568557,955342,-0.012539198264640228,0.019498155620116142,0.08995128532662822,11.573398876190186,11.988227424621583,1.0155748279628107,0.9804328994036288,71.03056320871687,-0.06467022644835296,-0.18361701166300406,0.1189467852146511,0.019899589928349542,0.022053073601433205,943141.1,1.0129364524565836,1
2022-06-19,11.781637191772461,11.921561266864694,11.660369244871923,11.753652554677128,692634,0.002380929584883784,0.010399954722353888,0.09254638258794445,11.673197650909424,11.9713649559021,1.0092896174729458,0.9841515345302292,69.29509825341012,-0.046595173938701606,-0.1562126441181436,0.10961747017944198,0.019796249343818094,0.021998671231519384,1012404.5,0.6841474924301502,0
2022-06-20,11.249924659729004,11.874919633965906,11.175297477977216,11.781637213603426,1236710,-0.045130614989126516,-0.04664030119194196,-0.010652236121673875,11.661084938049317,11.943692893981934,0.9647408212439371,0.9419134232258685,51.06794496955652,-0.0743186234011155,-0.13983383997473797,0.06551521657362247,0.01946483683892961,0.023935408091667852,1060660.9,1.1659805692846792,1
2022-06-21,11.287238121032715,11.473803856583752,11.221939446378151,11.249924973922507,697137,0.0033167743280344553,-0.05023545247785621,-0.007370792856943975,11.65270357131958,11.914487628936767,0.968636853409163,0.9473540510142754,57.447600423962065,-0.0922157663984251,-0.13031022525947542,0.03809445886105031,0.019510035329230915,0.023838221050250585,1014624.5,0.6870886717204246,0
2022-06-22,11.203283309936523,11.389849045359428,11.100671488242225,11.287238113280731,229043,-0.007438029586684269,-0.058777426767077645,-0.040642637056080066,11.6052414894104,11.882551193237305,0.9653640831308287,0.94283484478591,59.33531856320049,-0.11188410249346781,-0.12662500070627392,0.014740898212806108,0.01698180138009285,0.021919850596874665,925319.0,0.24752869010579054,0
2022-06-23,11.026044845581055,11.231267592867727,11.007388717436214,11.203282955842681,244931,-0.01582022514759318,-0.0619048183153722,-0.04361369247640412,11.554959869384765,11.843387756347656,0.9542261479241405,0.9309874060039507,54.99825767938626,-0.1401574159353931,-0.12933148375209777,-0.010825932183295334,0.017183260985611713,0.021756384881729006,878521.7,0.2787990325110922,1
2022-06-26,11.203283309936523,11.567086271607288,11.156641653676898,11.026045194073065,513665,0.01607452779647467,-0.049089432344752826,-0.03920000549613045,11.50925121307373,11.807243061065673,0.9734154813833894,0.9488483680732631,45.83625641302382,-0.14657295590928143,-0.1327797781835345,-0.013793177725746925,0.017712974399929516,0.02127901485442885,789867.4,0.6503180154035981,0
2022-06-27,11.109999656677246,11.427161841976725,11.063358001848105,11.20328296633553,2943940,-0.00832645668940113,-0.012437861344320233,-0.0584980569369794,11.440221786499023,11.773966999053956,0.9711349888153844,0.9436071680487927,43.80782269298512,-0.1573704600700836,-0.13769791456084432,-0.019672545509239275,0.016837004400085454,0.021173072730282644,919150.3,3.202892932744514,1
2022-06-28,11.260000228881836,12.069999694824219,10.949999809265137,11.90999984741211,1050410,0.013501402055799083,-0.0024131582818407438,-0.05252738466150808,11.377796936035157,11.74982795715332,0.9896467912184088,0.9583119233696289,39.290375307575076,-0.15207078993393708,-0.14057248963546287,-0.011498300298474207,0.017493042098061837,0.02043064009871649,928896.2,1.1308152622435101,0
2022-06-29,11.199999809265137,11.550000190734863,11.199999809265137,11.260000228881836,1078257,-0.00532863396066352,-0.0002930837845075418,-0.05905328384090469,11.307506370544434,11.724313583374023,0.9904924606932483,0.9552797892703583,41.169255006724796,-0.1509719845267874,-0.14265238861372778,-0.008319595913059613,0.017329865281501988,0.019750502589750578,964206.9,1.1182838455107509,0
2022-07-03,11.0,11.369999885559082,10.680000305175781,11.199999809265137,1084231,-0.017857126131349377,-0.0023621204108826843,-0.06412071209138015,11.23214111328125,11.696728000640869,0.9793324254975074,0.9404339401067807,32.896538641658424,-0.16434501938248935,-0.1469909147674801,-0.017354104615009247,0.01763410441266169,0.019909159068679592,977095.8,1.1096465668975344,0
2022-07-04,10.899999618530273,11.149999618530273,10.760000228881836,11.0,650315,-0.009090943769975102,-0.027070965092640176,-0.0748314991279706,11.14397735595703,11.673279438018799,0.9781067629954993,0.9337564200707794,26.19014350576994,-0.18092682903759005,-0.1537780976215021,-0.02714873141608795,0.017365966717911047,0.0200408825243051,972863.9,0.6684542411328038,0
2022-07-05,10.819999694824219,11.149999618530273,10.800000190734863,10.899999618530273,217592,-0.007339442798700024,-0.026102607634081565,-0.03821580836392391,11.100984859466553,11.658926868438721,0.9746882670141902,0.9280442202716342,21.795072694388367,-0.19823819143864974,-0.16267011638493162,-0.03556807505371812,0.011370749459208154,0.015587758833511933,870952.1,0.24983233865559312,1
2022-07-06,11.0,11.069999694824219,10.760000228881836,10.819999694824219,73057,0.01663588819340589,-0.02309060600326962,-0.025448042998000853,11.07226104736328,11.655012702941894,0.9934736864445145,0.9437999151406709,27.956197615511897,-0.1951831012666112,-0.16917271336126755,-0.026010387905343657,0.012968781004847883,0.016154127728880596,808544.1,0.09035623412501557,1
2022-07-07,11.039999961853027,11.350000381469727,11.0,11.0,436540,0.0036363601684570312,-0.014285700905079524,-0.014574597782301524,11.055932712554931,11.64576150894165,0.9985588958330209,0.9479843764082309,31.59481785407371,-0.1873743231063223,-0.1728130353102785,-0.014561287796043793,0.01297298826563124,0.014769020578582277,829293.8,0.5263996909177423,0
2022-07-17,10.960000038146973,11.199999809265137,10.8100004196167,11.039999961853027,122904,-0.007246369925949403,-0.0036363601684570312,-0.005989891058764463,11.049328231811524,11.623162269592285,0.9919155090888357,0.9429447670037068,29.363552093588098,-0.1855027748934006,-0.17535098322690293,-0.010151791666497684,0.01217203312838735,0.01462197467993999,817091.1,0.15041652026316282,1
2022-07-18,11.380000114440918,11.649999618530273,11.050000190734863,10.960000038146973,313782,0.03832117471095886,0.04403674428525961,0.015773662025279522,11.066999912261963,11.61825626373291,1.0282822991470488,0.9794929511035384,53.46123901566559,-0.14841819086389307,-0.16996442475430096,0.021546233890407884,0.016725958295610143,0.017006030010033285,797102.8,0.3936531147550855,1
2022-07-19,11.680000305175781,11.779999732971191,11.25,11.380000114440918,779748,0.026362055159750986,0.07948249857742118,0.05130519046919657,11.123999977111817,11.607076187133789,1.0499820504501944,1.0062827293339236,59.169329841705654,-0.09374030279509782,-0.15471960036246032,0.060979297567362506,0.017968584144776287,0.01786869348094562,580683.6,1.3428104392822529,1
2022-07-20,11.779999732971191,12.0,11.739999771118164,11.680000305175781,317373,0.008561594621799617,0.07090906663374463,0.04618112731077573,11.175999927520753,11.599298839569093,1.0540443637587271,1.015578604870983,63.363766183427124,-0.04185607371142197,-0.13214689503225266,0.09029082132083069,0.017780689478668843,0.017903446281722114,507379.9,0.6255135451759125,1
2022-07-21,11.8100004196167,12.1899995803833,11.75,11.779999732971191,864599,0.0025467476507268216,0.06974641851669272,0.05446434113748322,11.236999988555908,11.586335163116456,1.0509922961328069,1.0193042280713795,69.49630179865449,0.0016641727812576335,-0.10538468146955061,0.10704885425080825,0.017460371633709258,0.017910112460112683,486014.1,1.7789586763017782,1
2022-07-24,11.890000343322754,11.989999771118164,11.8100004196167,11.8100004196167,232595,0.006773913705639956,0.08485404214770598,0.08090912212025025,11.326000022888184,11.566204299926758,1.0497969556149398,1.0279950133163431,67.94601801891613,0.04212402736282783,-0.07588293970307493,0.11800696706590276,0.015425431831587929,0.01773178221115784,400850.5,0.580253735494904,0
2022-07-25,11.550000190734863,11.970000267028809,11.550000190734863,11.890000343322754,1333179,-0.02859547037598109,0.014938495130436769,0.059633082105762014,11.391000080108643,11.535941905975342,1.0139583978147688,1.0012186507936764,60.18518927329193,0.046220778439806764,-0.051462196074498597,0.09768297451430535,0.01870029119055903,0.018894416841956658,469136.9,2.841769641228392,1
2022-07-26,11.739999771118164,12.0,11.550000190734863,11.550000190734863,677786,0.016450179848110702,0.005136940443040583,0.08502773588191781,11.483000087738038,11.512986373901366,1.0223808831678542,1.0197180288279861,60.90907672220517,0.06406041286471442,-0.028357674286655997,0.09241808715137043,0.018329131352715404,0.016105676659175894,515156.3,1.3156900148556856,1
2022-07-27,11.899999618530273,12.0,11.710000038146973,11.739999771118164,888099,0.013628607370651524,0.010186747731683932,0.08181814713911573,11.573000049591064,11.496913051605224,1.0282553847349862,1.0350604170976807,65.21738589598732,0.09007082181893011,-0.004671975065538774,0.09474279688446889,0.018202211251077603,0.016305212881149545,596660.5,1.488449461628514,1
2022-07-28,12.180000305175781,12.300000190734863,11.899999618530273,11.899999618530273,1450187,0.023529470220276405,0.03132937107643996,0.10326090102009466,11.68700008392334,11.485212326049805,1.042183641457367,1.060494134492413,74.78991125222991,0.13175913635228653,0.02261424721802629,0.10914488913426024,0.018745927464751403,0.01674890057064799,698025.2,2.077556798808983,1
2022-07-31,12.399999618530273,12.600000381469727,12.229999542236328,12.180000305175781,2419315,0.018062340545345057,0.04289312535587331,0.13138682257037337,11.83100004196167,11.487730865478516,1.0480939544037275,1.0794124413023283,80.0,0.18046919539841078,0.05418523685410319,0.12628395854430757,0.017840400899153227,0.016312331662971555,927666.3,2.6079582712016163,0
2022-08-01,12.100000381469727,12.550000190734863,12.069999694824219,12.399999618530273,838859,-0.024193487604002417,0.047619063346515,0.06326891562286963,11.90300006866455,11.485827503204346,1.016550475650571,1.05347223594417,73.52943032671067,0.19264415499497822,0.08187702048227821,0.11076713451270001,0.018742107534846217,0.017450732695680253,980174.0,0.8558266185391573,1
2022-08-02,12.149999618530273,12.210000038146973,12.100000381469727,12.100000381469727,148577,0.004132168221838928,0.034923326695521784,0.040239666187869894,11.95,11.486151542663574,1.0167363697514873,1.0577955177938352,72.2007798778265,0.2039761091453247,0.10629683821488752,0.0976792709304372,0.017367773412011026,0.017208181661389682,917056.9,0.16201502872940599,0
2022-08-03,12.140000343322754,12.300000190734863,12.109999656677246,12.149999618530273,198118,-0.0008229856396266833,0.020168128780337025,0.030560324152126395,11.986000061035156,11.484522151947022,1.0128483465295675,1.057074920724029,71.48440293970388,0.2097322437577258,0.12698391932345518,0.08274832443427063,0.01735282182376444,0.0171171285777987,905131.4,0.2188831367467751,1
2022-08-04,12.630000114440918,12.720000267028809,12.279999732971191,12.140000343322754,2886600,0.04036241822576825,0.03694579622251015,0.06943265585851965,12.068000030517577,11.489887256622314,1.0465694466773412,1.09922750609772,78.11450395405919,0.2509402256229354,0.1517751805833512,0.09916504503958418,0.02095337319789797,0.018787066820487034,1107331.5,2.6068074465505586,1
2022-08-07,12.9399995803833,13.100000381469727,12.699999809265137,12.630000114440918,860556,0.02454469225126421,0.043548385360114406,0.08830943706828487,12.172999954223632,11.506011295318604,1.0630082665771756,1.124629486992433,77.2727484924593,0.30509526595577796,0.18243919765783656,0.1226560682979414,0.021679409296770136,0.018316826280542618,1170127.6,0.7354377420035216,1
2022-08-08,13.069999694824219,13.210000038146973,12.850000381469727,12.9399995803833,877716,0.010046377021371455,0.0801652299813127,0.13160168649249582,12.324999904632568,11.526839447021484,1.0604462309092295,1.1338754005289355,75.83645139126716,0.35441793898157314,0.2168349459225839,0.13758299305898924,0.01729083124954384,0.01785381271990574,1124581.3,0.7804824782343437,0
2022-08-09,12.869999885559082,13.199999809265137,12.8100004196167,13.069999694824219,308105,-0.015302204585692314,0.05925928309748407,0.09625214109636149,12.43799991607666,11.547525177001953,1.0347322698502388,1.1145245139790618,69.53407321218353,0.3730677072628943,0.248081498190646,0.12498620907224828,0.01929879338107761,0.018326225546375287,1087613.2,0.2832854547922,0
2022-08-10,12.760000228881836,12.989999771118164,12.699999809265137,12.869999885559082,238441,-0.008546981946804255,0.05107082932663132,0.07226896116974646,12.523999977111817,11.568991756439209,1.0188438400032993,1.1029483378946763,66.55054198349244,0.37465296384793234,0.2733957913221033,0.10125717252582905,0.020019358126381698,0.01862733982837893,1022647.4,0.23316052042962218,0
2022-08-11,12.680000305175781,12.970000267028809,12.649999618530273,12.760000228881836,195460,-0.006269586384879289,0.0039588432527164485,0.041050902091318564,12.573999977111816,11.5986775970459,1.0084301199504466,1.0932281028662516,63.7630843796905,0.3652436642517056,0.29176536590802377,0.07347829834368186,0.019527275749798973,0.01886876398504287,897174.7,0.21786169404910774,1
2022-08-14,12.6899995803833,12.960000038146973,12.65999984741211,12.680000305175781,302699,0.0007885863538534821,-0.01931993880270244,0.023387094417298027,12.60299997329712,11.632947025299073,1.006903087143578,1.090867133907287,72.44097533282921,0.3545070478979788,0.3043137023060148,0.050193345591964034,0.01891944775913536,0.01863088196196105,685513.1,0.4415655951724336,0
2022-08-15,12.3100004196167,12.84000015258789,12.25,12.6899995803833,649293,-0.029944773312208683,-0.05814837742563095,0.017355374506315968,12.623999977111817,11.664701461791992,0.9751267777198653,1.055320657792949,60.43959230170262,0.3117418792645541,0.30579933769772266,0.0059425415668314385,0.01988305424745946,0.018941504393580864,666556.5,0.9741004701026845,0
2022-08-16,12.279999732971191,12.449999809265137,12.270000457763672,12.3100004196167,349229,-0.0024370987508416375,-0.04584305810677636,0.010699598232303709,12.636999988555909,11.69252431869507,0.9717496038689549,1.050243676922426,57.3077068385533,0.2722905740869912,0.29909758497557637,-0.02680701088858517,0.019909569984267027,0.018242263705697787,686621.7,0.5086192294825521,1
2022-08-17,12.619999885559082,12.729999542236328,12.260000228881836,12.279999732971191,344814,0.027687309444723196,-0.01097181354322141,0.03953867616654039,12.684999942779541,11.721010150909423,0.9948758330694785,1.0766989980449686,58.27068410483697,0.2654009246632967,0.29235825291312045,-0.026957328249823775,0.02155441229066393,0.019050973540513928,701291.3,0.4916844113138149,0
2022-08-21,13.300000190734863,13.529999732971191,12.890000343322754,12.930000305175781,1644349,0.053882750502549426,0.04806939562823365,0.02782075904371073,12.719999980926513,11.804907989501952,1.0455975008394696,1.1266500511958661,71.27661625150787,0.30169631241628103,0.2885651106230489,0.013131201793232128,0.02340751840128422,0.022153452245589227,491010.6,3.348907335198059,0
2022-08-22,13.130000114440918,13.420000076293945,13.029999732971191,13.300000190734863,531071,-0.012781960440299223,0.06661248309281143,0.004590697859041315,12.726000022888183,11.85183500289917,1.031746038883084,1.1078453346025392,66.66668829195171,0.3197322105437621,0.2947985306071916,0.02493367993657053,0.023753540624384187,0.021117323883500693,456346.1,1.1637461128735405,0
2022-08-24,12.789999961853027,13.100000381469727,12.75,12.869999885559082,262261,-0.025894908577643094,0.013470687625637412,0.0023510762094884896,12.755000019073487,11.915392932891846,1.0027440174619524,1.0734014424775595,52.877696360941876,0.3075498509170984,0.30301610625919834,0.004533744657900074,0.02459424227810517,0.022092927462466737,427917.6,0.6128773390017144,1
2022-08-25,12.850000381469727,13.079999923706055,12.75,12.789999961853027,561118,0.0046911977948127515,0.018225079080534057,0.01340694575729251,12.77200002670288,11.938834857940673,1.0061071370657508,1.076319467885346,48.22135951753875,0.2910704595651534,0.30062697692038937,-0.009556517355235938,0.024502946026084257,0.021605598769222235,464483.4,1.208047478123007,1
2022-08-28,12.899999618530273,12.989999771118164,12.739999771118164,12.850000381469727,188172,0.00389099109542812,-0.030075230561518396,0.016548466910243143,12.793000030517579,11.966257629394532,1.0083639168105565,1.0780312456955674,46.53060906730608,0.27883075636757404,0.2962677328098263,-0.017436976442252283,0.02451118237458304,0.021312568149016133,453030.7,0.4153625791806162,0
2022-08-29,12.880000114440918,13.09000015258789,12.859999656677246,12.899999618530273,316106,-0.0015503492000594754,-0.019040365409063398,0.046303791664855876,12.85,11.990650234222413,1.0023346392561026,1.0741702795800196,50.220269499291255,0.2644682848025983,0.28990784320838076,-0.025439558405782436,0.021918643822229113,0.020419905498341235,419712.0,0.7531497788960049,1
2022-08-30,12.949999809265137,13.029999732971191,12.699999809265137,12.880000114440918,175527,0.0054347588666350255,-0.013709086337159282,0.05456026798559521,12.917000007629394,12.013644351959229,1.0025547574217117,1.0779410002388827,54.260082973994614,0.2557857737926241,0.28308342932522945,-0.027297655532605325,0.02177276436996484,0.020424696310724143,402341.8,0.43626339594842,0
2022-08-31,12.84000015258789,13.100000381469727,12.800000190734863,12.949999809265137,228086,-0.008494182107905979,0.003909319068333916,0.01743266790996989,12.939000034332276,12.032759380340575,0.9923487223524461,1.0670869205251627,53.53982226198213,0.2372933976961118,0.2739254229994059,-0.036632025303294125,0.020660572645115553,0.020579399054986076,390669.0,0.5838343968935339,0
2022-09-01,12.779999732971191,13.029999732971191,12.699999809265137,12.84000015258789,341323,-0.004672929821157856,-0.005447521122215582,0.012678276455073245,12.955000019073486,12.050301265716552,0.9864916799811159,1.060554375460359,51.94805570119849,0.21531451232120347,0.26220324086376545,-0.046888728542561986,0.02076136843082874,0.018650127857580977,424801.3,0.8034885957269905,1
2022-09-04,13.1899995803833,13.1899995803833,12.699999809265137,12.779999732971191,1029391,0.032081365882531854,0.022480617862690178,-0.00827072246421412,12.94399995803833,12.079028205871582,1.019004915261314,1.0919752281041681,68.80339964493973,0.22834740178033286,0.25543207304707893,-0.027084671266746074,0.014984771499291838,0.019223465814057768,363305.5,2.8334032928210555,1
2022-09-05,14.329999923706055,14.680000305175781,13.1899995803833,13.1899995803833,4341668,0.08642914174297678,0.11257762394267479,0.09139373943685869,13.063999938964844,12.129995460510253,1.0969075314341685,1.1813689436536077,79.71014933434911,0.32689630379508117,0.2697249191966794,0.057171384598401764,0.03071010204751034,0.027072954766269527,744365.2,5.832712222441351,1
2022-09-06,14.800000190734863,14.800000190734863,14.140000343322754,14.329999923706055,2238187,0.03279834400077619,0.1428571744183451,0.12718964674320232,13.230999946594238,12.20099697113037,1.1185851598876695,1.2130156433735846,80.44693228539263,0.4378745668027211,0.30335484871788776,0.13451971808483332,0.031363848655596514,0.027314629521264018,968183.9,2.3117374705363307,0
2022-09-07,14.270000457763672,14.800000190734863,14.1899995803833,14.800000190734863,808074,-0.0358107923068125,0.11137073895498095,0.11571544177676607,13.378999996185303,12.26065221786499,1.0665969401175286,1.1638859176652006,70.07300133862472,0.4775541438303481,0.33819470774037985,0.13935943608996826,0.03283389487917768,0.028790454250389515,1022765.2,0.7900875000439984,1
2022-09-08,14.649999618530273,14.829999923706055,14.270000457763672,14.270000457763672,1093919,0.026629232556181215,0.14632237281935612,0.1400777574805543,13.558999919891358,12.329586544036864,1.0804631392495545,1.1881987742415956,67.71653484179137,0.5335132424307503,0.37725841467845395,0.15625482775229632,0.03306202305867637,0.028992183192318617,1076045.3,1.0166105460429964,1
2022-09-11,14.8100004196167,15.380000114440918,14.699999809265137,14.649999618530273,1410174,0.010921556672537136,0.12282038595685241,0.14806208198198667,13.75,12.405265655517578,1.0770909396084871,1.1938479054682356,72.10527161151919,0.5840395147264985,0.41861463468806287,0.16542488003843564,0.032905265246404636,0.028954732565559266,1198245.5,1.1768656756899984,0
2022-09-12,14.640000343322754,15.039999961853027,14.59000015258789,14.8100004196167,609347,-0.011478735413725571,0.021632967290102112,0.13664597928912614,13.926000022888184,12.473999996185302,1.0512710268031789,1.1736412015231554,69.01763841371985,0.6034086448865938,0.45557343672776907,0.14783520815882478,0.03358204214582648,0.027953381451365823,1227569.6,0.4963848892967046,0
2022-09-13,14.520000457763672,14.800000190734863,14.430000305175781,14.640000343322754,524629,-0.00819671330225158,-0.0189189006326147,0.12123557309825372,14.083000087738037,12.542200012207031,1.0310303463255763,1.1576916684179566,73.06667914496845,0.6021347970769799,0.4848857087976113,0.11724908827936864,0.03421132193058306,0.02810737285442832,1262479.8,0.4155543716422235,0
2022-09-14,14.180000305175781,14.5,14.0600004196167,14.520000457763672,715900,-0.02341598773201803,-0.006306948121990064,0.1043613813600941,14.217000102996826,12.60060001373291,0.9973974961276644,1.1253432606162836,66.50124474650714,0.5671523138621293,0.5013390298105149,0.06581328405161435,0.03550643326715547,0.02861616063248423,1311261.2,0.5459629248543311,0
2022-09-15,13.989999771118164,14.289999961853027,13.899999618530273,14.180000305175781,610995,-0.013399191112024589,-0.04505118529677632,0.09467919119163093,14.338000106811524,12.656400012969971,0.9757288092411133,1.1053695961554275,63.06954595498017,0.5181243734258167,0.5046960985335753,0.01342827489224141,0.03602498592238792,0.02892471152720873,1338228.4,0.45657004439600896,0
2022-09-18,13.720000267028809,14.100000381469727,13.699999809265137,13.989999771118164,641111,-0.01929946451084008,-0.07359892786661382,0.04018200936365046,14.391000175476075,12.710800018310547,0.9533736432308071,1.0793970676326006,59.502264005526996,0.45226919613752337,0.49421071805436495,-0.041941521916841584,0.03613508779848052,0.027057700962801943,1299400.4,0.4933898742835542,1
2022-09-19,13.729999542236328,13.899999618530273,13.3100004196167,13.720000267028809,537680,0.000728810132136104,-0.06215852320669335,-0.04187022921592265,14.331000137329102,12.767400016784668,0.9580628993556912,1.0753951097471826,58.944951770542446,0.39631685758191004,0.474631945959874,-0.07831508837796397,0.021914288947961505,0.02683978723390856,919001.6,0.5850697104335836,1
2022-09-20,13.949999809265137,14.0,13.729999542236328,13.729999542236328,479163,0.016023326610612232,-0.0392562417719321,-0.05743245746725367,14.24600009918213,12.830000019073486,0.9792222176150353,1.0872953849202356,62.41610280053807,0.36551300272061304,0.45280815731202184,-0.0872951545914088,0.01926149134192903,0.026997730636057222,743099.2,0.6448170042438479,0
2022-09-21,13.729999542236328,14.050000190734863,13.600000381469727,13.949999809265137,178553,-0.015770628676474385,-0.03173489092064408,-0.037841688731940715,14.192000007629394,12.884600009918213,0.9674464159283609,1.0656131763242436,60.25917695230826,0.319663659203389,0.4261792576902953,-0.10651559848690628,0.016649446431379236,0.026510633225968798,680147.1,0.26252115167439516,0
2022-09-22,13.670000076293945,13.75,13.550000190734863,13.729999542236328,162705,-0.004369953965243201,-0.022873459618265812,-0.06689416844740126,14.094000053405761,12.93720001220703,0.9699162781676478,1.0566428642515748,55.607482778713006,0.2753126359827718,0.39600593334879064,-0.12069329736601886,0.012813750630317422,0.02657333813135421,587025.7,0.27716844424358256,0
2022-09-25,13.380000114440918,13.649999618530273,13.3100004196167,13.670000076293945,312172,-0.021214335057388567,-0.024781351747125036,-0.09655639869406507,13.951000022888184,12.98560001373291,0.9590710409640544,1.0303721122082083,36.151603660664264,0.21429331728907997,0.35966341013684855,-0.14537009284776858,0.011862762058153634,0.02713709422529064,477225.5,0.654139395317308,1
2022-09-26,13.75,14.029999732971191,13.460000038146973,13.380000114440918,751743,0.027653204962214017,0.0014566976278582722,-0.06079237175214136,13.861999988555908,13.033000011444091,0.991920358631628,1.0550141938100455,34.23422649399714,0.19355973006894445,0.3264426741232678,-0.13288294405432333,0.016773150500310807,0.02770616897545086,491465.1,1.5295958960259843,1
2022-09-27,13.760000228881836,13.989999771118164,13.649999618530273,13.75,143517,0.0007272893732244157,-0.01362004179076115,-0.05234161190921127,13.785999965667724,13.074600009918212,0.9981140478129525,1.0524222705431667,40.92526110657465,0.1759073967438134,0.29633561864737695,-0.12042822190356356,0.016887749679802517,0.027710015137198868,453353.9,0.31656725573553024,1
2022-09-28,13.899999618530273,13.920000076293945,13.720000267028809,13.760000228881836,437390,0.010174374078467219,0.012381652000132304,-0.01974616929615336,13.757999897003174,13.117000007629395,1.0103212474625785,1.0596934977849701,35.408558578616905,0.17124062084287317,0.2713166190864762,-0.10007599824360303,0.016195837091271717,0.027602719694084846,425502.9,1.0279365898563793,1
2022-09-29,14.029999732971191,14.229999542236328,13.899999618530273,13.899999618530273,1485490,0.009352526475440603,0.0263350149720587,0.0028591824522832265,13.761999893188477,13.161399993896485,1.0194739021844754,1.0659959988661931,34.645649779115416,0.17600323437055287,0.25225394214329155,-0.07625070777273868,0.01599380762256543,0.027540130517595834,512952.4,2.8959607168228474,0
2022-10-02,13.930000305175781,14.25,13.869999885559082,14.029999732971191,246007,-0.007127543100404088,0.041106142453709804,0.015306124931472098,13.782999897003174,13.202199993133545,1.0106653420351959,1.0551271994380302,35.627520047444364,0.16975172953966577,0.23575349962256642,-0.06600177008290065,0.014742168696063533,0.026901120990064052,473442.0,0.5196138069710756,0
2022-10-03,13.739999771118164,13.989999771118164,13.710000038146973,13.930000305175781,197428,-0.013639664744804159,-0.0007272893732244157,0.0007283488139291361,13.783999919891357,13.24599998474121,0.9968078823977866,1.0372942614333398,34.645649779115416,0.14776259649047319,0.2181553189961478,-0.0703927225056746,0.015518217935524384,0.018608230045391125,439416.8,0.44929552079028384,1
2022-10-04,13.880000114440918,14.069999694824219,13.829999923706055,13.739999771118164,562364,0.010189253686673228,0.00872092177056838,-0.005017899339161747,13.776999950408936,13.288799991607666,1.0074762404299002,1.0444886011683985,43.58973731969334,0.1400188575689576,0.20252802671070977,-0.06250916914175217,0.014955921686824162,0.017004735631251176,447736.9,1.256014413822046,0
2022-10-05,13.869999885559082,14.180000305175781,13.84000015258789,13.880000114440918,152751,-0.0007204775792063467,-0.002158254229820189,0.010196675017510648,13.79099998474121,13.328199996948243,1.0057283663915075,1.0406506421523458,47.222223448655875,0.1315584300977779,0.1883341073881234,-0.056775677290345494,0.013961808236638031,0.01515843562534945,445156.7,0.3431398426666385,0
2022-10-09,13.630000114440918,14.0,13.609999656677246,13.869999885559082,190224,-0.01730351644545025,-0.0285103083494902,-0.0029261127746732507,13.786999988555909,13.357199993133545,0.9886124701352498,1.0204234511310462,47.88731952937721,0.10428536780070097,0.1715243594706389,-0.06723899166993794,0.015079397075114555,0.014038157144318851,447908.6,0.42469378797370716,1
2022-10-10,13.710000038146973,13.979999542236328,13.630000114440918,13.630000114440918,211687,0.005869400075888098,-0.015793270797493486,0.024663671217004524,13.819999980926514,13.383400001525878,0.9920405251135053,1.0244033680965867,49.54546577674395,0.08811090700546131,0.15484166897760338,-0.06673076197214206,0.013198833639918793,0.01380841012005349,437860.1,0.483458072567014,0
2022-10-11,13.210000038146973,13.779999732971191,13.149999618530273,13.710000038146973,898825,-0.03646973002252296,-0.03857348921397108,-0.03927272449840202,13.76599998474121,13.405599994659424,0.9596106387323456,0.9854090860095501,35.08064702199758,0.034548455875224704,0.13078302635712766,-0.09623457048190295,0.015073546666289274,0.015562854954956231,452568.3,1.9860538177331466,0
2022-10-12,13.09000015258789,13.5,13.020000457763672,13.210000038146973,234640,-0.009084018562646068,-0.05691642329535007,-0.048691865199800954,13.698999977111816,13.424400005340576,0.9555442130417229,0.9750901453607124,36.55462993015735,-0.01738278252924985,0.10114986457985217,-0.11853264710910202,0.015058567925145667,0.0155736771039989,461680.6,0.5082301487218653,1
2022-10-13,13.1899995803833,13.300000190734863,13.050000190734863,13.09000015258789,334371,0.007639375601965925,-0.049026698686837844,-0.05107914083684306,13.627999973297118,13.445399990081787,0.9678602587487495,0.9810046253821465,40.08263078643086,-0.04989439350600833,0.07094101296268009,-0.12083540646868841,0.014796105953904433,0.015190088639611164,451378.7,0.7407770902791824,1
2022-10-16,13.569999694824219,13.850000381469727,13.149999618530273,13.1899995803833,768351,0.02880971391432552,-0.00440208504130013,-0.032786888588882124,13.581999969482421,13.464199981689454,0.9991164574668557,1.007857853662204,53.78485329179213,-0.04448445686851166,0.04785591899644174,-0.09234037586495339,0.01787177583279372,0.016608580549465072,379664.8,2.0237614864480458,1
2022-10-17,13.960000038146973,14.09000015258789,13.520000457763672,13.569999694824219,756905,0.028739893300919084,0.018234865011261592,0.0021536060526894385,13.584999942779541,13.484599990844726,1.0276039821087186,1.0352550351975598,54.1501988203839,-0.008627818646795404,0.03655917146779431,-0.045186990114589716,0.02041110656365509,0.017340067032585182,430754.6,1.7571605735609093,1
2022-10-18,14.140000343322754,14.329999923706055,14.010000228881836,13.960000038146973,688820,0.012894004633518197,0.07040123410220955,0.029112123643946664,13.625,13.506000003814698,1.037798190335615,1.046942124931807,57.03703965342766,0.03392231049987515,0.036031799274210484,-0.0021094887743353316,0.020105122140309656,0.017541863594599336,479893.8,1.4353592398984942,0
2022-10-19,14.119999885559082,14.300000190734863,13.899999618530273,14.140000343322754,404704,-0.001414459496326459,0.0786859985458106,0.017291049649809764,13.648999977111817,13.531000003814697,1.0345080159159712,1.0435296638517724,54.263569616538035,0.06527724912082178,0.04188088924353275,0.02339635987728903,0.019982185282931764,0.01721859908328455,464127.8,0.8719667298532862,1
2022-10-20,14.739999771118164,14.899999618530273,14.100000381469727,14.119999885559082,2512324,0.0439093406929254,0.11751328582603482,0.06272529868330379,13.735999965667725,13.570599994659425,1.0730925893971952,1.086171560352449,61.56351609394964,0.13855786427732042,0.061216284250290284,0.07734158002703014,0.023927391733309874,0.019256202245086427,700085.1,3.588598014727067,1
2022-10-23,14.75,14.960000038146973,14.699999809265137,14.739999771118164,585506,0.0006784415900351615,0.0869565461837003,0.08217167103120171,13.847999954223633,13.611999988555908,1.0651357631974325,1.0836027044079377,63.75837744874963,0.19519018370643693,0.08801106414151963,0.1071791195649173,0.022589819833505612,0.019177352600934866,739613.3,0.7916380086729106,0
2022-10-24,14.520000457763672,14.800000190734863,14.5,14.75,393913,-0.015593189304157873,0.04011464312940172,0.059080993243102675,13.928999996185302,13.648600006103516,1.0424294968583692,1.0638454091460277,62.91391669561373,0.21898830315248574,0.11420651194371287,0.10478179120877287,0.023817552271908727,0.01882661344863216,757835.9,0.5197866714944488,1
2022-10-25,14.579999923706055,14.800000190734863,14.5,14.520000457763672,405064,0.00413219449385771,0.031117367022630793,0.10370930216524488,14.065999984741211,13.693999996185303,1.036542011909742,1.064699863280821,61.90476036009968,0.23992424241584942,0.13935005803814018,0.10057418437770924,0.01867723844160622,0.01800540356906748,708459.8,0.5717529773742984,0
2022-10-27,16.200000762939453,17.0,15.720000267028809,15.520000457763672,6302404,0.11111116925312126,0.0990502723536022,0.22820328114587252,14.516000080108643,13.811600017547608,1.1160099664878347,1.1729271585013603,79.81438977130185,0.3906427877807541,0.20788745300972278,0.18275533477103134,0.03622515417091047,0.03015775921521169,1281799.1,4.916842272708726,0
2022-10-30,15.800000190734863,16.389999389648438,15.449999809265137,16.200000762939453,4734224,-0.024691392183120553,0.07118645360914333,0.16433312793376098,14.739000129699708,13.875200023651123,1.071985891288324,1.1387223365286843,72.57019082544922,0.4616574366354076,0.25864144973485975,0.20301598690054784,0.0388526987409345,0.031031378554588502,1678386.4,2.820699691084246,1
2022-10-31,16.639999389648438,16.93000030517578,15.449999809265137,15.800000190734863,3929532,0.05316450561856012,0.14600543147718903,0.19197703038525238,15.007000064849853,13.942000007629394,1.1088158404572461,1.193515950404722,84.50703387539258,0.5790431239803304,0.3227217845839539,0.2563213393963765,0.04047793950652685,0.032540323127925076,1995649.1,1.96904956888463,1
2022-11-01,16.899999618530273,17.059999465942383,16.459999084472656,16.639999389648438,3317197,0.015625014328040088,0.1591220649495384,0.19519089166860293,15.282999992370605,14.017399997711182,1.1058038099173517,1.2056443863548,87.27983376581494,0.6851539443011951,0.3952082165274021,0.289945727773793,0.040445720670368904,0.03210430143461232,2258486.8,1.4687697089927647,1
2022-11-02,17.530000686645508,17.700000762939453,16.559999465942383,16.899999618530273,4353499,0.037278170552409895,0.20233201497778874,0.24150147512210163,15.624000072479248,14.105400009155273,1.1219918462189185,1.2427864984521855,88.47517175853585,0.810737675692252,0.47831410836037214,0.33242356733187983,0.04015824029203648,0.03264082296503421,2653366.3,1.6407455691285444,0
2022-11-03,17.219999313354492,17.600000381469727,17.100000381469727,17.530000686645508,1449962,-0.017684047983362428,0.06296287051717164,0.1682496323436644,15.872000026702882,14.193999996185303,1.0849293903971617,1.213188623219842,82.76478742150597,0.8751608579646817,0.5576834582812341,0.31747739968344757,0.0412293698858292,0.03321045099927996,2547130.1,0.5692532156092066,0
2022-11-06,16.709999084472656,17.219999313354492,16.5,17.219999313354492,980074,-0.02961673921126806,0.05759486599699004,0.13288129386255298,16.067999935150148,14.27119997024536,1.0399551376595464,1.170889562146985,74.1651793099391,0.8749777391167264,0.6211423144483326,0.2538354246683938,0.043560262206545054,0.033877618895088855,2586586.9,0.37890627219986306,1
2022-11-07,17.209999084472656,17.489999771118164,16.760000228881836,16.709999084472656,1120283,0.029922203913500756,0.03425479060887526,0.18526160756907384,16.336999797821044,14.357399959564209,1.05343694053103,1.1986849382856528,75.54074178686105,0.9047490535336653,0.6778636622653992,0.22688539126826612,0.042563910366995465,0.034120744216202425,2659223.9,0.4212819386889536,0
2022-11-08,17.139999389648438,17.469999313354492,16.90999984741211,17.209999084472656,1131300,-0.00406738515677052,0.014201170209199976,0.17558295468712615,16.592999744415284,14.442599945068359,1.0329656875585296,1.1867668878761088,74.91747808949836,0.9121796056574425,0.724726850943808,0.18745275471363454,0.04293646956975108,0.03242703044148956,2731847.5,0.4141153559999231,0
2022-11-09,16.75,17.170000076293945,16.600000381469727,17.139999389648438,506619,-0.022753757499196503,-0.044495188596296975,0.14883402521598632,16.80999975204468,14.518599948883057,0.9964307107120939,1.153692508848872,67.23841850422038,0.8764949917008984,0.7550804790952261,0.12141451260567226,0.044517401420408526,0.03306778026260468,2782509.4,0.1820727002755139,1
2022-11-10,17.549999237060547,17.639999389648438,16.600000381469727,16.75,2337395,0.04776114848122659,0.019163759399812186,0.0833332352186964,16.944999599456786,14.61279993057251,1.0357037268754588,1.2010018148775792,71.14802781040726,0.90236601686569,0.7845375866493189,0.11782843021637102,0.032057431836942624,0.03393716187789365,2386008.5,0.9796255964720998,0
2022-11-13,17.520000457763672,18.0,17.450000762939453,17.549999237060547,1283801,-0.0017093322279767564,0.04847405252365866,0.10886077508008007,17.116999626159668,14.70759994506836,1.0235438943977135,1.1912209009763244,73.36448570364972,0.9099589001492863,0.8096218493493125,0.10033705079997379,0.03018303630613488,0.03396541000445474,2040966.2,0.6290162963012322,1
2022-11-14,17.549999237060547,17.700000762939453,17.219999313354492,17.520000457763672,627700,0.001712259047549347,0.019755965756828475,0.054687492835979956,17.207999610900877,14.794799938201905,1.0198744557120412,1.186227546865598,73.23943346665871,0.9079309033478733,0.8292836601490247,0.07864724319884864,0.026291988568668465,0.03385981123303686,1710783.0,0.3669080181414007,0
2022-11-15,17.239999771118164,17.690000534057617,17.209999084472656,17.549999237060547,255757,-0.01766378800107027,0.005834328181488768,0.020118352678250462,17.241999626159668,14.852999935150146,0.999884012580625,1.160708264080652,69.85074852059468,0.8712659239171963,0.837680112902659,0.03358581101453728,0.02698645582281919,0.034502259893549055,1404639.0,0.18208023556230463,1
2022-11-16,17.559999465942383,17.700000762939453,17.18000030517578,17.239999771118164,947518,0.018561467463607872,0.04835817707118695,0.0017112822659344218,17.244999504089357,14.908199920654297,1.018266162418754,1.1778752337238378,62.592585920794136,0.8581378852162658,0.8417716673653803,0.016366217850885434,0.024857414826600033,0.034428104626226426,1064040.9,0.8904902057806238,0
2022-11-17,17.149999618530273,17.700000762939453,17.020000457763672,17.559999465942383,891540,-0.023348511382776715,-0.02279200204667753,-0.004065023090328079,17.237999534606935,14.965799903869629,0.994895004150569,1.145946072290856,62.47689630134574,0.8053664951559831,0.8344906329235009,-0.029124137767517766,0.02537560828543647,0.03438097614424934,1008198.7,0.8842899718081366,0
2022-11-20,16.950000762939453,17.31999969482422,16.860000610351562,17.149999618530273,389834,-0.011661741110170376,-0.03253422830657715,0.014362758325331848,17.261999702453615,15.011799926757812,0.9819256780852677,1.1291118217427674,53.24949257293115,0.738889098564119,0.8153703260516245,-0.07648122748750552,0.023631942068428745,0.03463176343124824,949174.7,0.41070837644534774,0
2022-11-21,16.5,17.049999237060547,16.399999618530273,16.950000762939453,969788,-0.026548716382559845,-0.05982901895763337,-0.04125503325059654,17.19099979400635,15.045599918365479,0.9598045603928594,1.0966661409000515,45.96774348607385,0.6424877828395488,0.7807938174092094,-0.13830603456966062,0.02286682283690654,0.03510013059825211,934125.2,1.0381777517617554,0
2022-11-22,15.960000038146973,16.600000381469727,15.600000381469727,16.5,6430348,-0.032727270415334964,-0.07424592517196837,-0.06884477208407114,17.0729998588562,15.071999912261964,0.9348093580559667,1.0589172061474448,33.880883827687555,0.5165609683452459,0.7279472475964167,-0.21138627925117082,0.024609734467132802,0.03620752006051262,1464030.0,4.392224203055949,0
2022-11-23,15.819999694824219,16.25,15.720000267028809,15.960000038146973,2171140,-0.008771951315045823,-0.09908882824813825,-0.05552240627915117,16.979999828338624,15.097999897003174,0.9316843259575048,1.0478208903660382,35.106371322212,0.4008455054610529,0.662526899169344,-0.26168139370829113,0.023994504230611027,0.03632590865485195,1630482.1,1.3315938887032246,1
2022-11-24,16.18000030517578,16.299999237060547,15.8100004196167,15.819999694824219,3165308,0.022756044076874593,-0.056559727984275,-0.07806262059497537,16.842999935150146,15.137999897003175,0.9606364880052791,1.0688334268240343,44.17583173059993,0.33433519997628736,0.5968885593307327,-0.26255335935444535,0.018510576859722957,0.026836006019013193,1713273.4,1.8475206584074673,1
2022-11-27,16.610000610351562,16.790000915527344,16.110000610351562,16.18000030517578,3485246,0.02657603813754128,-0.02005900514950354,-0.051940629202943844,16.751999950408937,15.190399913787841,0.9915234395607846,1.0934538066555572,43.30358207226815,0.3127179171748793,0.5400544308995621,-0.22733651372468278,0.021489819978987586,0.02677397997583157,1933417.9,1.802634598552129,0
2022-11-28,16.40999984741211,16.850000381469727,16.360000610351562,16.610000610351562,1458490,-0.012040984683336475,-0.005454554702296388,-0.06495723300324063,16.638000011444092,15.244199905395508,0.9862964200099076,1.0764749838792116,42.08242896259194,0.2762630858318822,0.4872961618860261,-0.2110330760541439,0.021444623635350105,0.024166524974551472,2016496.9,0.7232790687652434,1
2022-11-29,16.700000762939453,16.700000762939453,16.309999465942383,16.40999984741211,840709,0.017672207082505054,0.0463659600892079,-0.03132244868607026,16.58400011062622,15.30359992980957,1.0069947329678866,1.09124655894917,49.445684526956214,0.2676872871769369,0.4433743869442083,-0.17568709976727137,0.02229281459628096,0.024242279253544878,2074992.1,0.4051625064018316,0
2022-11-30,16.440000534057617,16.770000457763672,16.3799991607666,16.700000762939453,1218208,-0.015568875269684201,0.03919095140287787,-0.06378126229770131,16.472000217437746,15.35339994430542,0.9980573286208282,1.0707726362690904,36.02016505054475,0.23717703023246628,0.40213491560185993,-0.16495788536939365,0.021219757244329836,0.02276375083338792,2102061.1,0.5795302524745831,1
2022-12-01,17.530000686645508,17.639999389648438,16.649999618530273,16.440000534057617,6311697,0.06630171029069087,0.08343636316483116,0.022157497175956165,16.51000032424927,15.429399967193604,1.0617807596828512,1.1361427355514964,50.09940584012629,0.29752168975326754,0.3812122704321415,-0.08369058067887397,0.03026006631149422,0.02721580402112719,2644076.8,2.3871080446679915,1
2022-12-04,18.760000228881836,19.100000381469727,17.65999984741211,17.530000686645508,3512144,0.0701654018287261,0.12944006860483603,0.10678462445263603,16.691000270843507,15.53119997024536,1.123959015305544,1.2078912295780238,59.71108114189843,0.43952933018581675,0.3928756823828766,0.046653647802940124,0.03641334345230961,0.030239576763946865,2956307.8,1.1880170258320193,1
2022-12-05,18.950000762939453,19.25,18.489999771118164,18.760000228881836,3647191,0.010127960114046486,0.15478372572489119,0.14848489472360327,16.93600034713745,15.642599983215332,1.1189183026996343,1.211435489194443,63.99345570535815,0.5609367340371598,0.4264878927137333,0.13444884132342655,0.03400287353315588,0.029743131933162147,3224048.1,1.1312458396634963,1
2022-12-06,19.670000076293945,19.979999542236328,18.760000228881836,18.950000762939453,4459655,0.037994685190862576,0.17784426213593352,0.23245614218543076,17.307000350952148,15.760999984741211,1.1365343316244745,1.248017263837141,66.20583654349866,0.7070998961365795,0.4826102933983026,0.22448960273827695,0.030247853952655994,0.030527229639178095,3026978.8,1.4733023567921917,1
2022-12-07,19.8700008392334,20.579999923706055,19.6200008392334,19.670000076293945,3345151,0.010167806922405154,0.2086374813717362,0.25600513416787263,17.712000465393068,15.883199996948242,1.121838319621591,1.2510074067600465,71.58730081840355,0.8295115524189143,0.551990545202425,0.2775210072164893,0.02869329422308829,0.029695278828294418,3144379.9,1.0638507770641836,0
2022-12-08,19.489999771118164,20.190000534057617,19.399999618530273,19.8700008392334,1815369,-0.01912436094944303,0.11180827197375987,0.2045735107238258,18.043000411987304,15.995,1.0801972690844428,1.2185057687476188,69.59874185734986,0.8856515221076329,0.6187227405834665,0.2669287815241663,0.0316991571465765,0.028853182460580967,3009386.0,0.6032356766463325,0
2022-12-11,18.969999313354492,19.809999465942383,18.760000228881836,19.489999771118164,2787515,-0.026680372697297283,0.011193980912076684,0.14208299917413303,18.279000282287598,16.093799991607668,1.037802889676438,1.178714742524864,68.85494231512345,0.8780614160067337,0.67059047566812,0.20747094033861369,0.03466249970543357,0.029715499859539512,2939612.9,0.9482592078705329,1
2022-12-12,19.520000457763672,19.649999618530273,18.790000915527344,18.969999313354492,1617612,0.0289932084510931,0.03007913835755449,0.18951862518402263,18.590000343322753,16.205599994659423,1.0500269014128858,1.204521922310591,77.13412413600604,0.9059830889460017,0.7176689983236965,0.1883140906223052,0.03366462892323686,0.030207939582450747,2955525.1,0.5473179706712692,1
2022-12-13,21.299999237060547,22.420000076293945,19.770000457763672,19.520000457763672,4236233,0.09118845991568181,0.08286726763824759,0.2754489978425261,19.050000190734863,16.35679998397827,1.1181101849762705,1.3022106559916495,83.41461270144615,1.0595286545380986,0.786040929566577,0.27348772497152163,0.040845261556771345,0.035165023110348435,3295077.5,1.2856246931976563,1
2022-12-14,22.770000457763672,23.399999618530273,21.5,21.299999237060547,3479948,0.06901414428904884,0.14594864096856064,0.3850364792016052,19.68300018310547,16.534599990844725,1.1568358606889548,1.3771122658166217,85.39203265477377,1.285018540861067,0.8858364518254751,0.39918208903559194,0.04018109397379536,0.037455830913638334,3521251.5,0.9882702215391318,0
2022-12-15,21.700000762939453,23.489999771118164,21.549999237060547,22.770000457763672,2096649,-0.0469916413400594,0.11339153503204469,0.2378779185941895,20.100000190734864,16.691200008392332,1.079602017762274,1.3000863180615352,75.57787844654864,1.3616842192664613,0.9810060053136724,0.3806782139527889,0.04560877189435558,0.03902760546977775,3099746.7,0.6763936550041331,0
2022-12-18,21.34000015258789,22.3799991607666,21.0,21.700000762939453,1279738,-0.01658988929467653,0.12493415524611895,0.13752664670728687,20.358000183105467,16.845400009155274,1.048236563545046,1.266814687747982,74.38179103542763,1.3775141554333423,1.0603076353376064,0.3172065200957359,0.043744600532184715,0.03920362376294842,2876506.1,0.444893198731614,1
2022-12-19,23.010000228881836,23.110000610351562,21.40999984741211,21.34000015258789,4832829,0.07825679776724015,0.1787909676882251,0.21424798429995473,20.764000129699706,17.03140001296997,1.1081679871485635,1.3510339849547872,77.45864881074608,1.5074377393660718,1.1497336561432996,0.35770408322277225,0.048187122698932654,0.040713589029978695,2995069.9,1.6135947277891578,0
2022-12-20,22.600000381469727,23.299999237060547,22.510000228881836,23.010000228881836,2195245,-0.017818333043625234,0.06103291976401892,0.1489578186990952,21.057000160217285,17.219200019836425,1.0732773049110582,1.3124884057003026,76.4604731599744,1.5593444028888541,1.2316558054924105,0.3276885973964436,0.0491736464167472,0.039872659349610325,2768628.9,0.7928996912515073,0
2022-12-21,21.899999618530273,22.799999237060547,21.899999618530273,22.600000381469727,1095912,-0.03097348456300908,-0.03820820473179931,0.10216400068230658,21.260000038146973,17.395400009155274,1.0301034609235629,1.2589534938549392,69.42221088927853,1.5264011934726334,1.2906048830884551,0.23579631038417825,0.05130172143334791,0.04095971375295943,2543705.0,0.4308329778806898,0
2022-12-22,21.700000762939453,22.34000015258789,21.56999969482422,21.899999618530273,896477,-0.009132367994271307,0.0,0.11339153503204469,21.4810001373291,17.565600032806397,1.0101950851548005,1.2353691716998816,64.38355985424278,1.467241776606837,1.3259322617921314,0.14130951481470566,0.05074566265592432,0.04134967483572606,2451815.8,0.36563798960753907,0
2022-12-25,20.81999969482422,21.469999313354492,20.510000228881836,21.700000762939453,2219620,-0.04055304318782105,-0.024367406468861375,0.09752242743453143,21.666000175476075,17.710600032806397,0.9609526228283959,1.1755671550516693,58.570111384926946,1.3339715867158155,1.3275401267768683,0.006431459938947226,0.05209016911088915,0.043097436189078304,2395026.3,0.9267622656168745,1
2022-12-26,22.0,22.290000915527344,20.809999465942383,20.81999969482422,1127209,0.05667628830317062,-0.043893968658639926,0.12704915389743032,21.91400012969971,17.871400032043457,1.003924425928233,1.231017153695511,60.24625756375818,1.3084867433483716,1.323729450091169,-0.015242706742797374,0.053884553973087494,0.04379497212386073,2345986.0,0.48048411201089863,1
2022-12-27,22.209999084472656,22.989999771118164,22.010000228881836,22.0,631655,0.009545412930575203,-0.017256694266113426,0.04272299906136956,22.005000114440918,18.032800006866456,1.0093160176762375,1.231644507564861,60.28118468107815,1.2903605196041958,1.3170556639937743,-0.02669514438957843,0.04644481625142626,0.0438129812227014,1985528.2,0.3181294529082992,1
2022-12-28,22.31999969482422,22.59000015258789,22.100000381469727,22.209999084472656,281442,0.004952751683293233,0.019178086009580042,-0.019762878958837327,21.960000038146973,18.19680000305176,1.0163934269604684,1.2265892734481316,62.73627039776708,1.2702290765323418,1.307690346501488,-0.037461269969146116,0.04072163674156752,0.04329041680175084,1665677.6,0.16896547086903252,1
2022-12-29,23.25,23.5,22.299999237060547,22.31999969482422,1702223,0.04166668090911485,0.07142853375875124,0.07142853375875124,22.114999961853027,18.367000007629393,1.0513226335114074,1.2658572434443447,68.57638805529787,1.3141690918999558,1.3089860955811816,0.005182996318774169,0.039285338189196085,0.04212694918117775,1626235.0,1.0467263341398998,1
2023-01-02,25.450000762939453,25.520000457763672,23.399999618530273,23.25,2974334,0.09462368872857874,0.22238237924980542,0.19259609095425168,22.526000022888184,18.581000022888183,1.1298055907431526,1.369678743425542,72.51328554293677,1.5091173802783011,1.3490123525206055,0.16010502775769564,0.04671483282853586,0.04411918647867858,1795694.6,1.656369629891408,1
2023-01-03,25.709999084472656,25.940000534057617,25.200000762939453,25.450000762939453,885503,0.010216043761845928,0.16863632202148438,0.11734023592932519,22.795999908447264,18.804799995422364,1.1278294081298703,1.3672040697444918,68.92703549272457,1.6653973312351695,1.4122893482635184,0.25310798297165116,0.041774283829517915,0.04411854576581661,1400962.0,0.6320678219680477,1
2023-01-04,26.5,27.700000762939453,23.5,25.709999084472656,2320890,0.030727380150101125,0.1931562851133366,0.17256635188944403,23.185999870300293,19.043199996948243,1.1429310854928763,1.3915728451230225,67.00090759879265,1.8318800173404775,1.4962074820789102,0.33567253526156726,0.04074236432469201,0.04395985748893095,1413526.5,1.641914743020382,0
2023-01-05,25.56999969482422,27.0,25.110000610351562,26.5,3106022,-0.035094351138708735,0.14560932098729573,0.16757991507856662,23.552999877929686,19.262999992370606,1.085636641928766,1.3274152367207388,67.8670280589781,1.8672509861857094,1.5704161829002703,0.2968348032854391,0.041296052242219036,0.04541202750482449,1614537.5,1.9237843654916655,1
2023-01-09,25.739999771118164,26.649999618530273,25.5,25.56999969482422,2477134,0.006648419175709019,0.10709676434916826,0.1861750629556871,23.95699977874756,19.45379997253418,1.0744250118477823,1.3231348018103992,70.676687416251,1.8872453298436191,1.6337820122889402,0.253463317554679,0.040507524854389645,0.04479467434968411,1772603.2,1.3974554485741648,0
2023-01-10,24.690000534057617,25.899999618530273,24.600000381469727,25.739999771118164,2224836,-0.04079251151504315,-0.02986248354021881,0.18587900556960468,24.3439998626709,19.631599979400633,1.0142129754082556,1.2576662401416463,58.38323467277931,1.797642721720699,1.666554154175292,0.131088567545407,0.04054599945395718,0.04558879055557766,1773124.8,1.2547543184777519,0
2023-01-11,24.059999465942383,25.959999084472656,23.299999237060547,24.690000534057617,3746833,-0.02551644611129944,-0.06417735034174998,0.09363633936101734,24.549999809265138,19.779999980926515,0.980040719057854,1.2163801561750753,57.12890061113377,1.6566987957152506,1.6645830824832837,-0.0078842867680331,0.0401447611902284,0.04628372629423529,2035087.2,1.84111668531943,1
2023-01-12,24.25,24.850000381469727,23.770000457763672,24.059999465942383,1737402,0.007896946727973475,-0.08490566037735847,0.0918505627923929,24.75399990081787,19.92699998855591,0.9796396581224347,1.2169418384065234,62.076053604133676,1.542549622265831,1.6401763904397932,-0.09762676817396221,0.040148840385503516,0.042313236938460695,2145661.9,0.8097277581337489,1
2023-01-15,24.270000457763672,24.979999542236328,24.190000534057617,24.25,687965,0.0008247611448937153,-0.05084079986609025,0.08736562677425308,24.948999977111818,20.061799983978272,0.9727844995803014,1.209761859710801,63.45549148463976,1.4371330742023822,1.5995677271923112,-0.16243465298992898,0.04022231832584813,0.03975172505018297,2186314.2,0.3146688614106792,1
2023-01-16,24.739999771118164,25.299999237060547,24.219999313354492,24.270000457763672,654038,0.019365443118652514,-0.03885003919549601,0.06408601166099626,25.09799995422363,20.212199993133545,0.9857359078907313,1.2240132088304487,71.44419868726854,1.3756569994436028,1.5547855816425697,-0.179128582198967,0.038810744357543336,0.03800903489509778,2081495.7,0.31421539809090165,1
2023-01-17,24.989999771118164,25.799999237060547,24.729999542236328,24.739999771118164,773753,0.010105093060342352,0.01215063712318365,-0.018074694618129383,25.051999855041505,20.377800006866455,0.997525144328513,1.226334528884256,68.20949701526692,1.3317580007073069,1.5101800654555173,-0.17842206474821043,0.023933360495256937,0.037594382583136424,1861437.6,0.4156749600416366,0
2023-01-18,24.510000228881836,25.440000534057617,24.399999618530273,24.989999771118164,565631,-0.019207664931277013,0.01870327402028593,-0.046674402890801714,24.931999969482423,20.52380002975464,0.9830739715579525,1.194223301403646,63.56132518421769,1.24389690715196,1.456923433794806,-0.21302652664284594,0.024132338825229714,0.03425599590411416,1829450.4,0.30918083376297056,1
2023-01-19,24.530000686645508,24.989999771118164,24.229999542236328,24.510000228881836,569838,0.0008160121410405452,0.01154642006785589,-0.07433959673035817,24.73500003814697,20.67160005569458,0.991712175007669,1.1866522485223887,63.17044487592801,1.1624798828244778,1.3980347236007404,-0.23555484077626265,0.020920202497680975,0.033891164174442476,1654345.2,0.3444492721349813,1
2023-01-22,25.030000686645508,25.25,24.549999237060547,24.530000686645508,398392,0.020383203669138483,0.031314388732890164,-0.021118459703697856,24.6810001373291,20.83720006942749,1.014140454089158,1.2012170830652882,61.18090744256449,1.1253300217949764,1.3434937832395877,-0.21816376144461125,0.02012912674827354,0.03298427638953815,1383582.2,0.28794241498625817,0
2023-01-23,24.649999618530273,25.350000381469727,24.510000228881836,25.030000686645508,312859,-0.015181824118685738,-0.003637839669382581,-0.042346548651136184,24.572000122070314,20.979200077056884,1.0031743242744777,1.17497328439552,43.485334076391474,1.053086256047056,1.2854122778010812,-0.23232602175402528,0.020276504291951696,0.033169222493246095,1167154.7,0.26805272685788784,0
2023-01-24,24.299999237060547,24.979999542236328,24.229999542236328,24.649999618530273,774852,-0.014198798656638423,-0.027611066041508203,-0.01579592096237903,24.532999992370605,21.11480005264282,0.9905025575599186,1.150851496413723,38.68379544416401,0.9565637737507053,1.219642576991006,-0.26307880324030064,0.016284911889428384,0.03167442951671186,1022156.3,0.7580562776945169,1
2023-01-25,24.5,24.600000381469727,24.309999465942383,24.299999237060547,401730,0.008230484329992294,-0.0004080060705202726,0.018287636900426785,24.577000045776366,21.25380006790161,0.996866987604958,1.1527350366394449,32.26951361961132,0.8859942114595576,1.1529129038847163,-0.26691869242515875,0.01409829415411229,0.029555507560564107,687646.0,0.5842104803925275,1
2023-01-29,26.299999237060547,26.299999237060547,24.549999237060547,24.5,1788165,0.07346935661471621,0.07215648189437895,0.08453605101280615,24.78199996948242,21.43500005722046,1.0612541065873398,1.2269652048916742,55.60675347688153,0.9641975509518375,1.1151698332981406,-0.1509722823463031,0.026759527975993992,0.03321204928391007,692722.3,2.5813590814096785,0
2023-01-30,24.940000534057617,26.5,24.799999237060547,26.299999237060547,1149582,-0.05171097880058084,-0.003595691175346638,0.027606100686315527,24.848999977111816,21.582600078582765,1.0036621416165488,1.155560518345819,44.80520027406369,0.9059900423264473,1.073333875103802,-0.16734383277735465,0.03288188322201454,0.0358845354129052,738884.0,1.5558355574081995,0
2023-01-31,23.700000762939453,25.200000762939453,23.600000381469727,24.940000534057617,1678347,-0.049719316141346614,-0.03853950792261562,-0.04203714704123884,24.745000076293945,21.71360010147095,0.9577692741914511,1.0914818663043324,43.726238223211965,0.7511438353959754,1.0088958671622366,-0.25775203176626116,0.03619975133176046,0.03692891435330365,841314.9,1.9949093971829097,1
2023-02-01,24.0,24.450000762939453,23.5,23.700000762939453,1177814,0.012658195249076298,-0.012345648003272758,-0.03961583754243736,24.646000099182128,21.85460008621216,0.9737888461988781,1.0981669719566889,49.603178107269194,0.6451971014650084,0.936156114022791,-0.29095901255778256,0.03631675992393545,0.029950104487413136,881721.0,1.3358125756333352,0
2023-02-02,22.649999618530273,24.5,22.5,24.0,1733677,-0.0562500158945719,-0.07551021965182558,-0.07588741709434155,24.460000038146973,21.977600078582764,0.9260016182831609,1.030594766377734,40.825685163648124,0.447145389447833,0.8383539691077995,-0.39120857965996647,0.039822905247292935,0.0320764798268257,998525.6,1.7362369076967081,1
2023-02-05,22.989999771118164,23.299999237060547,22.0,22.649999618530273,1346787,0.015011044517180938,-0.1258554966525668,-0.06278030462370687,24.305999946594238,22.11820007324219,0.9458569827051913,1.039415490184061,42.92034940774076,0.31400351454739805,0.7334838781957193,-0.4194803636483212,0.04038741435338448,0.03131734969197906,1076220.5,1.2514043358215161,1
2023-02-06,23.56999969482422,23.93000030517578,23.200000762939453,22.989999771118164,896019,0.02522835708918514,-0.0549318688811794,-0.05833004202034464,24.15999984741211,22.273200073242187,0.9755794637287182,1.0582224205465625,43.606556693595365,0.2523794923478526,0.637263001026146,-0.38488350867829335,0.040762824078057314,0.031334790170485134,1125983.2,0.7957658693309101,1
2023-02-07,25.299999237060547,25.700000762939453,23.559999465942383,23.56999969482422,1517971,0.07339836930995891,0.06751048196686438,0.02636915328962708,24.224999809265135,22.455600051879884,1.0443756217238138,1.126667698863943,51.45813495021964,0.33922810519215574,0.577656021859348,-0.2384279166671922,0.04744131290313776,0.035730021662476595,1246494.4,1.2177920735143295,0
2023-02-08,24.989999771118164,25.600000381469727,24.809999465942383,25.299999237060547,1004754,-0.01225294368737695,0.041249990463256836,0.028395084597586218,24.293999862670898,22.623200035095216,1.0286490455413524,1.1046182561419846,52.29445307958422,0.37867674070505686,0.5378601656284897,-0.15918342492343285,0.04736407225971636,0.03457733335718999,1269484.6,0.7914660800138891,1
2023-02-09,25.489999771118164,25.649999618530273,25.0,24.989999771118164,378145,0.020008003384532458,0.1253863223143037,0.040408153923190415,24.392999839782714,22.804800033569336,1.044971915653701,1.1177471292708612,54.38756492221538,0.4451544267541401,0.5193190178536198,-0.0741645910994797,0.047631980285383124,0.03422492071145562,1267126.1,0.29842728359868836,1
2023-02-12,26.290000915527344,27.0,25.299999237060547,25.489999771118164,1995021,0.03138490198480248,0.14354072106407312,-0.0003801643278800171,24.392000007629395,22.996600036621093,1.077812434704177,1.1432125128784973,55.60498333869846,0.5559828541043856,0.526651785103773,0.029331069000612664,0.0424903962207583,0.034784187692267515,1287811.7,1.5491558276726327,0
2023-02-13,26.170000076293945,26.889999389648438,26.0,26.290000915527344,1467736,-0.004564504946917847,0.11030973335314331,0.04931834466309093,24.51499996185303,23.191200027465822,1.0675096927194048,1.128445274298021,56.92167814723828,0.6269055395926095,0.5467025360015403,0.08020300359106924,0.03844231510727308,0.03483595615895554,1319627.1,1.112235418626974,1
2023-02-14,27.020000457763672,27.450000762939453,26.170000076293945,26.170000076293945,1679543,0.03247995334320608,0.06798424002256853,0.14008437079950742,24.84699993133545,23.381000022888184,1.0874552474114902,1.155639212664693,61.846695684507246,0.743133821735185,0.5859887931482692,0.1571450285869158,0.033837827199170806,0.03525441397236019,1319746.7,1.2726252696824323,1
2023-02-15,27.399999618530273,27.5,26.850000381469727,27.020000457763672,1956932,0.014063625252730638,0.0964385702074888,0.14166665077209473,25.186999893188478,23.55380001068115,1.0878627758258845,1.1632942287913182,62.435678091185345,0.8560404280136247,0.6399991201213404,0.21604130789228426,0.0338358911970857,0.03529564592524922,1397658.5,1.4001503228435273,1
2023-02-16,27.969999313354492,28.940000534057617,27.350000381469727,27.399999618530273,2483476,0.020802908859850255,0.0972930390154938,0.23487857767873233,25.7189998626709,23.734199981689454,1.0875228221432802,1.1784681739823921,58.00575423214758,0.9802146344797009,0.7080422229930126,0.27217241148668836,0.023200379657991946,0.03497168950824924,1472638.4,1.6864126319128987,0
2023-02-19,27.649999618530273,28.5,27.549999237060547,27.969999313354492,372715,-0.011440818830175337,0.051730644946447635,0.20269682008724366,26.184999847412108,23.89379997253418,1.0559480534525554,1.1572039462251225,64.43024100438264,1.0408045398505692,0.774594686364524,0.2662098534860452,0.02543029807679102,0.035196175243672356,1375231.2,0.27101988378390485,0
2023-02-20,26.010000228881836,27.899999618530273,25.950000762939453,27.649999618530273,1296842,-0.05931281780377873,-0.006113864996012963,0.10352144953966302,26.42899990081787,24.01659996032715,0.9841462153880794,1.0830009356798036,61.7977512766476,0.9455880808973802,0.8087933652710954,0.13679471562628487,0.03525242287260081,0.03795564867706419,1415313.5,0.9162931039660118,1
2023-02-21,26.899999618530273,27.049999237060547,25.5,26.010000228881836,1075056,0.03421758484493087,-0.004441185684692317,0.06324112370430335,26.588999938964843,24.16479995727539,1.0116965542246543,1.1131894187450695,63.969170775521036,0.93120946088154,0.8332765843931844,0.09793287648835558,0.029124273685433213,0.03834260216663256,1371022.0,0.7841274611202446,0
2023-02-22,26.309999465942383,27.350000381469727,26.1299991607666,26.899999618530273,1327145,-0.021933091485304868,-0.03978102802055283,0.05282111672324974,26.720999908447265,24.311599960327147,0.9846188225024112,1.0821994236856611,69.02287034191508,0.8622665474332685,0.8390745770012012,0.02319197043206722,0.029966934049166186,0.03858545976974174,1403261.1,0.9457577068159303,1
2023-02-23,27.420000076293945,27.489999771118164,26.100000381469727,26.309999465942383,644615,0.04218930569681034,-0.019663898840281524,0.07571597969814814,26.913999938964842,24.469599952697752,1.0188006293555993,1.120574105391981,71.31857827436156,0.8869721021393566,0.8486540820288324,0.03831802011052421,0.0319121107853054,0.039486191381979105,1429908.1,0.45080869183131417,1
2023-02-26,27.690000534057617,29.0,27.049999237060547,27.420000076293945,1391634,0.009846843800598748,0.0014466877424670344,0.05325217077886868,27.05399990081787,24.597399978637696,1.0235085619712936,1.1257287582470414,70.43651225405279,0.9177588598402053,0.862475037591107,0.055283822249098336,0.030851817788729592,0.036225522898085845,1369569.4,1.0161106111161655,1
2023-02-27,27.780000686645508,28.100000381469727,27.510000228881836,27.690000534057617,1418155,0.003250276303794042,0.06805076671234467,0.06152084851577744,27.214999961853028,24.697599983215333,1.0207606366189395,1.12480567769844,64.6919507858886,0.9386002478767708,0.8777000796482398,0.06090016822853095,0.030663158229984985,0.03384691287018809,1364611.3,1.0392373271421687,1
2023-02-28,28.84000015258789,28.84000015258789,27.75,27.780000686645508,3565572,0.038156927276533414,0.07211897998397121,0.06735750051777956,27.39699993133545,24.8403999710083,1.0526700085728,1.1610119074671745,70.9466820333788,1.0287910335318529,0.9079182704249624,0.12087276310689044,0.031246320975451734,0.031886459461415086,1553214.2,2.295608680373898,1
2023-03-01,29.360000610351562,29.489999771118164,28.110000610351562,28.84000015258789,2133947,0.018030528953274283,0.11592554946104539,0.07153288390908452,27.59300003051758,25.000799980163574,1.0640380015902475,1.1743624457476047,71.00977428053513,1.1292107336412656,0.9521767630682231,0.1770339705730425,0.03137111845135314,0.031929552725243886,1570915.7,1.358409620579895,1
2023-03-02,29.600000381469727,30.0,28.6200008392334,29.360000610351562,1531672,0.008174378955344563,0.07950402257877842,0.058276764681112425,27.756000137329103,25.132599983215332,1.0664360943585895,1.177753213007724,69.13294573361372,1.2141639193587324,1.004574194326325,0.20958972503240725,0.03102302290332174,0.027813134477322195,1475735.3,1.037904290830476,0
2023-03-05,29.5,30.0,29.399999618530273,29.600000381469727,361255,-0.0033783912223301904,0.06536653777655776,0.06690779048799356,27.941000175476074,25.270599975585938,1.055796135239721,1.1673644483510526,69.29316481770232,1.2589088188280115,1.0554411192266624,0.20346769960134914,0.030618117415928514,0.02807501149674749,1474589.3,0.24498685837473524,0
2023-03-06,29.200000762939453,30.59000015258789,29.200000762939453,29.5,1137619,-0.010169465663069421,0.051115912210058845,0.12264515593949898,28.260000228881836,25.416599998474123,1.0332625805535887,1.1488555024941363,63.49010421018987,1.2556872616799915,1.0954903477173283,0.1601969139626631,0.02134523227551586,0.02837225989049151,1458667.0,0.7799031581574136,1
2023-03-07,30.18000030517578,31.200000762939453,29.459999084472656,29.200000762939453,1687841,0.03356162728187795,0.046463250537384315,0.12193311275685126,28.588000297546387,25.586199989318846,1.0556877008206142,1.1795421093313838,66.013831795991,1.3170300249853781,1.1397982831709383,0.1772317418144398,0.021269692175030063,0.024965869162115815,1519945.5,1.1104615264165723,0
2023-03-08,29.399999618530273,30.5,29.399999618530273,30.18000030517578,895925,-0.025844952907828178,0.0013623640104629686,0.11744584626798704,28.897000312805176,25.757799987792968,1.0174066269951973,1.1414018135269084,58.042746925499685,1.2878594283556524,1.1694105122078813,0.11844891614777109,0.021982510546571028,0.025751931468030446,1476823.5,0.6066567873547516,1
2023-03-09,30.0,30.360000610351562,29.399999618530273,29.399999618530273,911739,0.020408176505266162,0.01351350045186761,0.09409190067568973,29.155000305175783,25.917799987792968,1.0289830110094085,1.1575056530311103,62.8135243288868,1.2981917898786044,1.195166767742026,0.10302502213657849,0.01953345910559597,0.02576151671587333,1503535.9,0.6063965615985625,0
2023-03-12,27.799999237060547,30.290000915527344,27.75,30.0,1456367,-0.07333335876464842,-0.057627144506422145,0.003972506351801464,29.166000175476075,26.029599990844726,0.9531646118700872,1.0680148464378445,59.19834913413638,1.1159941001264428,1.1793322342189092,-0.06333813409246636,0.03258159768198781,0.03097820704035559,1510009.2,0.9644755806785813,0
2023-03-13,27.670000076293945,28.600000381469727,27.399999618530273,27.799999237060547,1390678,-0.0046762289328877715,-0.05239728242019015,-0.003959705098367516,29.155000114440917,26.13659999847412,0.9490653393133952,1.0586686898031628,54.29208669440579,0.950158437494494,1.1334974748740263,-0.18333903737953228,0.0326140792102644,0.03097970235159275,1507261.5,0.9226521078127452,1
2023-03-14,27.799999237060547,28.299999237060547,27.040000915527344,27.670000076293945,694060,0.004698198785983321,-0.07886020689360529,-0.03606105790654868,29.051000022888182,26.22759998321533,0.9569377720270552,1.0599520831052591,58.754405000256625,0.8197724988269748,1.070752479664616,-0.25097998083764117,0.02987658881635265,0.030213687568457676,1220110.3,0.5688502096900583,0
2023-03-15,25.969999313354492,28.799999237060547,25.020000457763672,27.799999237060547,1304140,-0.06582733719166645,-0.11666667856056423,-0.11546325703419247,28.711999893188477,26.237999954223632,0.9044998401353266,0.9897857824019853,42.14517424240232,0.5622932367396629,0.9690606310796255,-0.40676739433996256,0.03462954508670903,0.03360676553762369,1137129.6,1.1468701544661224,1
2023-03-16,26.8799991607666,27.75,25.549999237060547,25.969999313354492,1814228,0.03504042631776905,-0.10400002797444663,-0.09189193194760592,28.439999771118163,26.26139995574951,0.9451476574224238,1.023555454243088,45.896649134001784,0.4267491504335972,0.8605983349504199,-0.43384918451682275,0.037278314696934926,0.03426248305173733,1165385.2,1.5567625193798584,1
2023-03-19,26.940000534057617,27.100000381469727,25.799999237060547,26.8799991607666,751864,0.002232194016530853,-0.030935205992971948,-0.08677964291330109,28.183999824523926,26.270199966430663,0.9558615065919828,1.025496591898153,45.7317066079162,0.3204768373744642,0.7525740354352288,-0.43209719806076463,0.03741349934532693,0.03418828073548618,1204446.1,0.6242404703705712,1
2023-03-20,27.780000686645508,28.229999542236328,26.969999313354492,26.940000534057617,769334,0.03118040593673932,0.003975446694913565,-0.048630138328496386,28.04199981689453,26.31439998626709,0.9906569027901079,1.0556957673799623,44.4906477470388,0.3005714551286047,0.6621735193739041,-0.3616020642452994,0.03942600297868927,0.03194191647215713,1167617.6,0.6588920893278758,1
2023-03-21,30.1200008392334,30.579999923706055,27.850000381469727,27.780000686645508,1345236,0.08423326474980186,0.08345329733246998,-0.001988053854727556,28.035999870300294,26.402000007629393,1.0743330353322185,1.140822696406697,53.321679166968856,0.4682174332891016,0.6233823021569436,-0.15516486886784198,0.04729706540087087,0.036132444060864466,1133357.1,1.1869480501776535,1
2023-03-22,30.299999237060547,31.0,30.010000228881836,30.1200008392334,983425,0.0059760422580297234,0.1667308447512914,0.0306122323199971,28.12599983215332,26.514199981689455,1.0772950088132311,1.1427838387726403,53.075566376156324,0.6085870327197007,0.620423248269495,-0.011836215549794304,0.04636568032057746,0.035518724174737934,1142107.1,0.8610619792136831,1
2023-03-23,32.4900016784668,32.54999923706055,30.049999237060547,30.299999237060547,1071675,0.07227731011714389,0.2087054573233924,0.08300005594889326,28.375,26.68280002593994,1.1450220855847328,1.2176383905317782,61.098743160732695,0.8863287993063409,0.6736043584768643,0.2127244408294766,0.05106881695540685,0.037631330431391774,1158100.7,0.9253728971927917,0
2023-03-26,31.950000762939453,33.0,31.889999389648438,32.4900016784668,1021644,-0.016620525935067465,0.18596882440845475,0.14928063452413642,28.79000015258789,26.83680004119873,1.1097603540675047,1.1905294488870188,60.02917366329113,1.0507551382788094,0.7490345144372533,0.30172062384155607,0.0434712988402386,0.03806991274308493,1114628.4,0.9165781169760254,1
2023-03-27,31.979999542236328,32.5,31.559999465942383,31.950000762939453,407640,0.0009389289070587115,0.1511878600352179,0.15576434600861977,29.221000099182127,26.991000022888183,1.094418378347407,1.1848393729434814,57.05328736564107,1.1699978405142097,0.8332271796526446,0.33677066086156515,0.043226612490649595,0.03808817374257208,1016324.6,0.40109232817940255,1
2023-03-28,34.33000183105469,35.099998474121094,31.739999771118164,31.979999542236328,1700381,0.07348349976411628,0.13977426542224625,0.2348921860864266,29.874000358581544,27.182800064086916,1.1491598520113535,1.262931035438488,67.20167804043339,1.4375528713962389,0.9540923180013636,0.48346055339487526,0.046667987463109156,0.04032576465711607,1116956.7,1.5223338559140207,1
2023-03-29,35.0099983215332,36.290000915527344,34.709999084472656,34.33000183105469,1265560,0.01980764503960475,0.15544551825307518,0.348093925575504,30.778000259399413,27.383200035095214,1.1375007481469288,1.278521074113443,67.38375563700282,1.685038124217808,1.1002814792446527,0.5847566449731554,0.03513312473445992,0.040347457986743385,1113098.7,1.1369701536799928,0
2023-03-30,34.83000183105469,36.0,33.599998474121094,35.0099983215332,832172,-0.005141288177891945,0.0720221616405381,0.2957590371465382,31.573000526428224,27.589600067138672,1.1031578009793586,1.2624322841323057,78.369673546158,1.8453754185074445,1.249300267097211,0.5960751514102334,0.036856749018005154,0.040481999433267524,1014893.1,0.8199602500007144,1
2023-04-02,37.90999984741211,38.400001525878906,34.650001525878906,34.83000183105469,2069415,0.08842945318513507,0.18654143793905575,0.4072011542644993,32.67000045776367,27.857200050354002,1.1603917758257396,1.3608689954082573,83.37680407083552,2.1956637339308855,1.4385729604639461,0.7570907734669394,0.04037471719525088,0.04405858885732436,1146648.2,1.8047514486134457,1
2023-04-03,38.5,40.400001525878906,38.02000045776367,37.90999984741211,1526964,0.015563180030668589,0.20387744062199364,0.3858890946143081,33.74200038909912,28.126600036621095,1.141011189497764,1.3688110169687286,83.86077171830915,2.4921498766037793,1.6492883436919128,0.8428615329118665,0.04085765084990939,0.043704297927778954,1222411.2,1.2491410419014486,0
2023-04-04,38.41999816894531,39.29999923706055,37.81999969482422,38.5,967971,-0.0020779696377840606,0.11913766733885933,0.2755643126975147,34.572000122070314,28.402000007629393,1.111303888501912,1.3527215744885877,94.30605417006902,2.689657108680983,1.8573620966897268,0.832295011991256,0.03806315868409035,0.04362639452840259,1184684.7,0.8170705673838786,1
2023-04-05,38.88999938964844,39.16999816894531,37.84000015258789,38.41999816894531,516551,0.012233244224436834,0.11082551425684595,0.28349836200924017,35.4310001373291,28.69380001068115,1.097626350904925,1.3553450353446317,94.1219741859047,2.851240853883816,2.056137848128545,0.795103005755271,0.03776109274342748,0.04266040879914724,1137997.3,0.4539123247480464,1
2023-04-06,40.20000076293945,40.77000045776367,39.060001373291016,38.88999938964844,1479645,0.03368478770508054,0.15417739447538104,0.23730374534214227,36.202000045776366,29.007800025939943,1.1104359071904242,1.385834180013341,94.61642458354399,3.04984656604163,2.254879591711162,0.7949669743304679,0.0343075771994066,0.042852819260294696,1178794.3,1.255218997920163,1
2023-04-09,40.540000915527344,41.70000076293945,40.25,40.20000076293945,851391,0.008457715077989203,0.06937486359010814,0.26885758834008855,37.06100006103516,29.292600059509276,1.0938722875465496,1.3839673102820662,94.42897416910454,3.197815765049299,2.4434668263787893,0.7543489386705096,0.03200787374465287,0.03748506086429572,1161769.0,0.7328401773502305,0
2023-04-10,39.79999923706055,41.5,39.79999923706055,40.540000915527344,730810,-0.018253617704862113,0.033766213949624646,0.24452782385116234,37.84300003051758,29.589800033569336,1.0517136380563061,1.3450580670334995,87.931027524266,3.2182722313451464,2.598427907372061,0.6198443239730853,0.034087964239563895,0.03806806916325801,1194086.0,0.6120245945434416,1
2023-04-11,40.869998931884766,41.119998931884766,39.90999984741211,39.79999923706055,925110,0.02688441495817595,0.0637688932770375,0.19050383780970392,38.496999740600586,29.933199996948243,1.0616411462522757,1.3653735295942817,88.71794327196469,3.2829800112911727,2.7353383281558834,0.5476416831352893,0.02919612129115477,0.03795197163992587,1116558.9,0.8285366763902917,1
2023-04-12,41.58000183105469,41.900001525878906,40.61000061035156,40.869998931884766,640814,0.017372227005761243,0.06916951616415457,0.18766077762079036,39.15400009155273,30.284800033569336,1.0619605080918757,1.372966035270668,87.34592716092222,3.352902520170801,2.858851166558867,0.49405135361193375,0.029189141793558755,0.03215123901639424,1054084.3,0.6079342989929742,0
2023-04-13,41.540000915527344,42.25,41.400001525878906,41.58000183105469,586236,-0.0009620229380911116,0.03333333649643211,0.19264997794200434,39.825,30.662600059509277,1.0430634253741957,1.3547448955700905,91.08825416666531,3.3662844410438737,2.9603378214558687,0.40594661958800504,0.028853512869641426,0.03252308508573196,1029490.7,0.5694427351310701,1
2023-04-18,41.849998474121094,42.59000015258789,41.45000076293945,41.540000915527344,443570,0.007462627630272278,0.032313703231614976,0.10393032557550752,40.2189998626709,31.039800033569335,1.0405529380894427,1.3482689459616557,91.29706402402333,3.3631357861052606,3.0408974143857472,0.3222383717195134,0.014942305860431949,0.032372339100016176,866906.2,0.5116701207120217,1
2023-04-19,42.5,42.939998626708984,42.0,41.849998474121094,406491,0.015531697719913806,0.06783921644966506,0.10389610389610393,40.6189998626709,31.41840003967285,1.0463083813902014,1.3527105118762928,89.85364960461128,3.374194531039926,3.1075568377165834,0.26663769332334253,0.014941015300699894,0.03234686666335078,754858.9,0.5384993142427015,0
2023-04-26,42.130001068115234,43.29999923706055,42.0,42.5,424953,-0.00870585722081807,0.030829512335697196,0.09656436949465297,40.99000015258789,31.755000076293946,1.0278116836126767,1.3267202319916396,85.81489435517048,3.3148908462538884,3.1490236394240445,0.1658672068298439,0.015667325708060557,0.029479141932004214,700557.1,0.6065929529513012,0
2023-04-27,41.540000915527344,42.70000076293945,41.25,42.130001068115234,782876,-0.014004275756698603,-0.0009620229380911116,0.06814095056489688,41.255000305175784,32.08600009918213,1.0069082682885304,1.2946456643745443,82.41543539860061,3.183585772254922,3.15593606599022,0.02764970626470209,0.0172515090520315,0.030213123403495776,727189.6,1.0765775528142867,0
2023-04-30,40.25,42.20000076293945,39.900001525878906,41.540000915527344,814628,-0.031054426747620822,-0.031054426747620822,0.001243762092329126,41.260000228881836,32.38120010375977,0.9755210803858687,1.2430051965654785,63.668210815279274,2.9415251908489353,3.113053890961963,-0.1715287001130279,0.018143526927774493,0.028948834951727995,660687.9,1.2329997264971857,0
2023-05-02,40.029998779296875,41.38999938964844,39.709999084472656,40.540000915527344,1619874,-0.005465868837344678,-0.058117675781250044,0.005778883081539288,41.25400009155273,32.93760005950928,0.9703301180603214,1.2153283392528162,59.92601094078523,2.4949780809281705,2.9262868956151635,-0.431308814686993,0.01694303704825799,0.028508871419386694,664455.2,2.4378979952297763,1
2023-05-03,40.04999923706055,40.9900016784668,39.90999984741211,40.029998779296875,483396,0.0004996367317906536,-0.049371036751026165,-0.020063609401870908,41.172000122070315,33.19820003509521,0.9727484484192372,1.2063906836732718,57.57179317986578,2.293130406533784,2.799655597798888,-0.5065251912651041,0.014254466090208669,0.024579372233565426,620283.8,0.7793142429320256,1
2023-05-07,41.70000076293945,41.88999938964844,39.5,40.04999923706055,788704,0.041198540756826496,0.0038517054377893434,0.0028859770707163612,41.18400001525879,33.4842000579834,1.0125291556791347,1.2453635054959964,59.37499105931181,2.240479154795956,2.687820309198302,-0.4473411544023458,0.01903084956556556,0.025565242034687154,635072.8,1.2419111635705387,1
2023-05-08,44.0,44.70000076293945,42.11000061035156,41.70000076293945,2232373,0.05515585599472339,0.0931677018633541,0.059220005542973464,41.429999923706056,33.80480007171631,1.0620323456680336,1.301590303940705,67.3694616071661,2.3571713707236057,2.621690521503363,-0.2645191507797571,0.025680459017687375,0.027296315400980996,799686.5,2.7915601926504947,0
2023-05-09,43.79999923706055,44.900001525878906,43.29999923706055,44.0,1059610,-0.004545471884987551,0.08819873880895779,0.04659500200807121,41.625,34.12780006408691,1.0522522339233764,1.2834111532185106,71.23140943663192,2.405780067404251,2.5785084306835406,-0.17272836327928953,0.02588759047232458,0.02074264148578027,861290.5,1.2302585480740817,1
2023-05-10,44.29999923706055,44.36000061035156,42.939998626708984,43.79999923706055,505580,0.011415525312999053,0.10667001219025951,0.04235292322495399,41.804999923706056,34.493600044250485,1.05968183992125,1.2842961935034272,69.37851943295965,2.4563335469414582,2.5540734539351244,-0.09773990699366619,0.02573132472635481,0.020677876912115367,871199.4,0.5803263868179891,1
2023-05-11,44.709999084472656,46.279998779296875,44.400001525878906,44.29999923706055,1679758,0.009255075721742001,0.11635455521057647,0.06123897343809981,42.0629997253418,34.84980003356934,1.0629294005756826,1.2829341643683867,68.30407097208267,2.5006551093702427,2.543389785022148,-0.04273467565190536,0.02533483568398925,0.02056402201144821,996679.9,1.6853535422957762,0
2023-05-14,43.970001220703125,45.20000076293945,43.65999984741211,44.709999084472656,340908,-0.01655105969408366,0.054436460820910026,0.058497839470857294,42.305999755859375,35.20300006866455,1.0393325172421504,1.249041307131161,63.13513678473395,2.4478513174753402,2.5242820915127866,-0.07643077403744636,0.0255726980910004,0.02123434986080367,952483.1,0.3579150118254067,0
2023-05-15,43.5,45.16999816894531,43.20000076293945,43.970001220703125,703626,-0.010689133674206652,-0.011363636363636354,0.08074534161490687,42.63099975585938,35.52460006713867,1.0203842332836959,1.2245035811181113,58.76727355868551,2.341092108869397,2.487644094984109,-0.1465519861147122,0.02297356843547736,0.02053675797777008,941382.9,0.7474386883381884,0
2023-05-16,42.939998626708984,43.869998931884766,42.400001525878906,43.5,589371,-0.012873594788299192,-0.01963471747332568,0.06683226401761444,42.89999961853027,35.8296000289917,1.0009323778213144,1.198450403910841,52.36050676515022,2.1860972676891635,2.42733472952512,-0.2412374618359565,0.02381852871632306,0.020852752744423705,1000320.0,0.589182461612284,0
2023-05-17,40.70000076293945,43.29999923706055,40.349998474121094,42.939998626708984,1462621,-0.052165764681143645,-0.08126407530746416,0.016737496979118083,42.96699981689453,36.08800003051758,0.9472386002370197,1.1277987344414147,43.610366429035054,1.8610604854074992,2.314079880701596,-0.45301939529409685,0.030200651254910317,0.023843366657819467,984594.7,1.4855056603493804,0
2023-05-18,40.2400016784668,41.70000076293945,39.5,40.70000076293945,1218756,-0.011302188595817442,-0.09997757766803994,0.004744130961940929,42.986000061035156,36.316000061035155,0.9361187740504034,1.1080515918833764,44.122969820781684,1.548498287588913,2.1609635620790595,-0.6124652744901464,0.030497967480368766,0.023214868484920114,1058130.7,1.1518010015208897,0
2023-05-21,38.79999923706055,40.9900016784668,37.20000076293945,40.2400016784668,725719,-0.0357853474488502,-0.11758021014582776,-0.06954439982783545,42.69599990844726,36.50480003356934,0.9087502182934962,1.0628739015521402,43.532558483785834,1.1710946810081637,1.9629897858648804,-0.7918951048567167,0.028865109311470044,0.024085098507484654,1051832.2,0.6899570102531564,0
2023-05-22,37.77000045776367,39.5,36.5,38.79999923706055,2781053,-0.026546360813147984,-0.13172412740773165,-0.14159089868718933,42.07299995422363,36.66820003509522,0.8977253939309837,1.0300478458613709,39.86928430492267,0.779897141537937,1.7263712569994918,-0.9464741154615548,0.019382722251781472,0.024634296369064557,1106700.2,2.51292355418387,1
2023-05-23,38.25,38.45000076293945,36.0,37.77000045776367,3455106,0.012708486534785512,-0.10922214198189961,-0.12671231355557921,41.51800003051758,36.843200035095215,0.9212871518831482,1.0381834358460917,42.8800048828125,0.502806187868849,1.4816582431733634,-0.9788520553045144,0.02110600755744094,0.024795308331721725,1346249.8,2.566467233644157,1
2023-05-24,38.810001373291016,39.25,38.29999923706055,38.25,823605,0.014640558778850066,-0.04643733057050525,-0.12392771914941036,40.969000244140624,37.03540004730225,0.9473016461718909,1.047916353643331,45.245407297889805,0.32465462502461406,1.2502575195436136,-0.9256028945189996,0.02154491227613912,0.02475876534747999,1378052.3,0.597658739076884,0
2023-05-25,37.939998626708984,39.4900016784668,37.90999984741211,38.810001373291016,712314,-0.022416972836820537,-0.05715713110888332,-0.15142027726220253,40.292000198364256,37.19060001373291,0.9416260905371793,1.0201502157184705,34.66557307882108,0.11197549343898316,1.0226011143226874,-0.9106256208837042,0.02020754346541776,0.02507669290037743,1281307.9,0.5559272677550806,0
2023-05-28,37.400001525878906,38.47999954223633,36.90999984741211,37.939998626708984,875747,-0.014232923573432421,-0.03608241594614281,-0.1494200480424539,39.635000228881836,37.35060005187988,0.9436104783626493,1.0013226420440478,18.571435837518592,-0.09900622161243433,0.7982796471356631,-0.8972858687480975,0.020215065411057446,0.025081101058801073,1334791.8,0.6560925831279455,1
2023-05-29,37.79999923706055,38.0,36.900001525878906,37.400001525878906,899732,0.010695125531074101,0.0007942488465262354,-0.13103450029745867,39.06500015258789,37.506600036621094,0.9676180491338474,1.007822601892813,21.962608825857245,-0.23126836075660862,0.5923700455572088,-0.8236384063138175,0.02188560784879913,0.02452423884138084,1354402.4,0.664301835259595,1
2023-05-30,39.4900016784668,39.599998474121094,38.099998474121094,37.79999923706055,969869,0.04470906019885068,0.032418344535079635,-0.08034459847644859,38.720000457763675,37.74040008544922,1.0198863949276822,1.0463588512325321,29.77292764715621,-0.19744199740118518,0.4344076369655301,-0.6318496343667153,0.028661609115914123,0.026735695165350376,1392452.2,0.696518702760497,0
2023-05-31,39.189998626708984,39.9900016784668,38.720001220703125,39.4900016784668,706524,-0.007596936920906683,0.009791219787987027,-0.03710078889250157,38.569000244140625,37.97080005645752,1.0161009717295615,1.0321088459668661,26.570461620365165,-0.19262167699341148,0.30900177417374175,-0.5016234511671532,0.02413294961121502,0.02676028149000085,1316842.5,0.536528855956578,0
2023-06-01,38.5,39.349998474121094,38.15999984741211,39.189998626708984,461246,-0.017606497853733805,0.014760184332130777,-0.043240596567815426,38.39500007629395,38.18480007171631,1.0027347290922624,1.0082545915571564,26.683718434446092,-0.2416925793516569,0.19886290346866203,-0.4405554828203189,0.024439442748964393,0.027021789294402056,1241091.5,0.3716454427413289,0
2023-06-04,38.0,38.900001525878906,37.93000030517578,38.5,244862,-0.012987012987012991,0.01604273929523581,-0.020618537443073293,38.31500015258789,38.42540008544922,0.9917786728087324,0.9889291956751725,26.61565050632312,-0.3172701515200558,0.09563629247091847,-0.41290644399097426,0.02211230806299035,0.025153859660529156,1193005.8,0.20524795436870466,0
2023-06-05,37.060001373291016,38.400001525878906,37.029998779296875,38.0,696516,-0.0247368059660259,-0.01957666345781328,-0.018797963353657132,38.24400024414062,38.629000129699705,0.969040925026377,0.959382879413377,25.782547162103896,-0.44785338026103716,-0.013061642075472654,-0.4347917381855645,0.02189420018984151,0.021249631473274612,984552.1,0.7074445323919374,0
2023-06-06,36.04999923706055,37.47999954223633,36.0099983215332,37.060001373291016,1232539,-0.027253159708687247,-0.08711071904770318,-0.05751635981541059,38.02400016784668,38.81120010375977,0.9480853954851557,0.9288555659367067,28.68927605391903,-0.625628406463818,-0.13557499495314174,-0.4900534115106763,0.022610905638095237,0.02163980675301533,762295.4,1.6168784437109287,0
2023-06-07,34.310001373291016,36.400001525878906,33.599998474121094,36.04999923706055,2635798,-0.04826623857402912,-0.12452149590258277,-0.11594949344930694,37.57400016784668,38.941800117492676,0.9131314531331489,0.8810584325781834,25.67678786907736,-0.8965844143426054,-0.2877768788310345,-0.608807535511571,0.024958621719261737,0.022697865294627844,943514.7,2.7935950547458352,1
2023-06-08,34.560001373291016,35.189998626708984,33.810001373291016,34.310001373291016,1338068,0.007286505100364549,-0.1023376266677658,-0.08908796456936396,37.23600044250488,39.03060012817383,0.9281340896601985,0.8854591335976983,30.72728243741122,-1.0787113787565588,-0.44596377881613936,-0.6327475999404194,0.02534165192210014,0.022602857195670473,1006090.1,1.329968359692636,1
2023-06-11,35.58000183105469,35.93000030517578,34.7599983215332,34.560001373291016,564723,0.029513900961588346,-0.0636841623406661,-0.048663091459097196,37.05400047302246,39.13620018005371,0.960220256297537,0.9091327637165069,40.03640449391402,-1.1277428798432538,-0.5823195990215623,-0.5454232808216916,0.02797668724012207,0.024445450746791223,974987.7,0.5792103838848429,0
2023-06-12,35.4900016784668,35.9900016784668,35.400001525878906,35.58000183105469,135515,-0.0025295151196236265,-0.0423637246801537,-0.06111104775708409,36.82300071716308,39.19620018005371,0.9637998258497446,0.9054449542414335,36.98114280388106,-1.16048560221342,-0.6979527996599338,-0.46253280255348617,0.027480239282271092,0.024505668507731004,898566.0,0.15081251683237515,0
2023-06-13,35.400001525878906,36.09000015258789,34.79999923706055,35.4900016784668,1078151,-0.002535929792375824,-0.018030450067622272,-0.10357052364518116,36.4140007019043,39.2652001953125,0.9721535904739969,0.9015617225887715,33.16880805597701,-1.1800933244795218,-0.7943809046238515,-0.3857124198556703,0.021131580341971316,0.024547242548801498,909394.2,1.1855705699464545,1
2023-06-14,35.900001525878906,36.400001525878906,35.599998474121094,35.400001525878906,913533,0.014124293176498215,0.046342176885648456,-0.08394991620611747,36.08500099182129,39.34360023498535,0.9948732309586381,0.9124737266406975,39.549193382906175,-1.1421211031839675,-0.8639289443358746,-0.2781921588480929,0.022551363721898553,0.022876079337155866,930095.1,0.9821931112205623,1
2023-06-15,36.02000045776367,36.150001525878906,35.2599983215332,35.900001525878906,939600,0.003342588489815501,0.042245342200738056,-0.06441557252561891,35.83700103759766,39.37740020751953,1.0051064378956829,0.9147379021453345,42.61241410294373,-1.0897825978797329,-0.9090996750446463,-0.18068292283508658,0.022584331493101358,0.02293194180223825,977930.5,0.9608044743465921,1
2023-06-18,38.5,39.5,36.279998779296875,36.02000045776367,3843533,0.0688506249505556,0.08206852216619898,0.013157894736842035,35.887001037597656,39.447200241088865,1.0728118507217916,0.975988150355415,53.06480140696165,-0.838522750207936,-0.8949842900773043,0.056461539869368305,0.03255879020224296,0.02715221923112352,1337797.6,2.873030270049819,0
2023-06-19,38.33000183105469,38.79999923706055,37.0,38.5,1162460,-0.0044155368557223795,0.08002254207587245,0.03426876445501037,36.014001083374026,39.517200241088865,1.0643083433667648,0.9699574260627968,44.14141355759135,-0.645672036874295,-0.8451218394367025,0.19944980256240752,0.03133091629219964,0.026457283361780253,1384392.0,0.8396899144173038,0
2023-06-20,36.5099983215332,38.400001525878906,36.5099983215332,38.33000183105469,726899,-0.047482479065444005,0.031355840333589846,0.012760030352504392,36.06000099182129,39.48920021057129,1.0124791269366291,0.9245565401894225,38.266196432221975,-0.6324055524080734,-0.8025785820309768,0.17017302962290337,0.034091028075881664,0.02841410871010097,1333828.0,0.5449720653637501,0
2023-06-21,35.70000076293945,37.099998474121094,35.70000076293945,36.5099983215332,860734,-0.02218563669766105,-0.005571051655674175,0.04051295056870785,36.199000930786134,39.43320022583008,0.9862150845322835,0.9053285190775551,37.868284486574346,-0.6794198720741136,-0.7779468400396041,0.09852696796549054,0.030661285023958405,0.028475912104599165,1156321.6,0.7443724998304969,1
2023-06-22,35.970001220703125,36.400001525878906,35.0,35.70000076293945,545567,0.0075630378709672375,-0.001388096513745829,0.040798605074761296,36.34000091552734,39.38420028686524,0.9898183906025682,0.9133104381631748,41.025644484978656,-0.6869732783489866,-0.7597521277014807,0.07277884935249412,0.030664305286715272,0.02823159104785531,1077071.5,0.5065281181425746,0
2023-06-25,35.59000015258789,37.0,35.52000045776367,35.970001220703125,632947,-0.01056438852430508,-0.07558441162109375,0.00028100958456045433,36.34100074768067,39.318200302124026,0.9793346198607173,0.9051787690970501,43.16278501998546,-0.7153759094584515,-0.7508768840528749,0.03550097459442336,0.029622178566104277,0.02816172317317053,1083893.9,0.5839566031324653,1
2023-06-26,36.0,36.290000915527344,35.5,35.59000015258789,272934,0.011520085576124828,-0.06078793946644001,0.01437019716577348,36.39200057983398,39.23420028686523,0.989228386085177,0.9175668099969411,49.753698284062345,-0.6967697105687876,-0.7400554493560575,0.043285738787269934,0.029799565363307412,0.028182052932862293,1097635.8,0.24865624827470095,1
2023-07-04,36.400001525878906,36.599998474121094,35.900001525878906,36.0,278816,0.011111153496636383,-0.0030127855576871365,0.028248586352996652,36.492000579833984,39.151400299072264,0.9974789254495979,0.9297241285835042,61.86152001589962,-0.6423428551227985,-0.7205129305094058,0.07817007538660725,0.029890185147911384,0.02617739004192897,1017702.3,0.2739661686919642,1
2023-07-05,37.459999084472656,37.5,36.150001525878906,36.400001525878906,326655,0.029120810828541677,0.04929967181850259,0.04345396914451971,36.64800033569336,39.10460029602051,1.0221566999929448,0.9579435360776412,65.07275485015812,-0.5078223756106581,-0.6779748195296563,0.1701524439189982,0.03086039513297531,0.027161875924024102,959014.5,0.34061528788146583,0
2023-07-06,36.599998474121094,38.18000030517578,36.220001220703125,37.459999084472656,256919,-0.022957838530968777,0.017514518544285318,0.016102110188408236,36.7060001373291,39.019200286865235,0.9971121434421779,0.93799970796535,55.391103286366054,-0.46524572524473484,-0.635429000672672,0.1701832754279372,0.032084061577797536,0.027350377214869683,890746.4,0.28843114044581036,0
2023-07-09,36.0,37.47999954223633,35.91999816894531,36.599998474121094,804018,-0.016393401615722336,0.011520085576124828,-0.06493506493506496,36.4560001373291,38.907600250244144,0.9874917671820453,0.9252690931452165,52.557665266923664,-0.4744491312954011,-0.6032330267972179,0.1287838955018168,0.022152713179204583,0.027431742058909372,586794.9,1.3701857326980857,1
2023-07-10,39.0,40.0,36.0,36.0,1236444,0.08333333333333326,0.08333333333333326,0.017479732244690016,36.522999954223636,38.85680023193359,1.0678202789716325,1.0036853206443057,63.975152336176784,-0.23693671003828598,-0.5299737634454316,0.2930370534071456,0.0360660479731695,0.03288961171189793,594193.3,2.080878394286842,1
2023-07-11,41.150001525878906,42.0,39.75,39.0,3805451,0.0551282442533052,0.1304945000242086,0.12708856252149103,36.9870002746582,38.84280029296875,1.1125530921758207,1.0593984268772663,68.06607171736478,0.1233587469716042,-0.39930726136202443,0.5226660083336286,0.034904859831330654,0.03403236137705758,902048.5,4.218676711950632,0
2023-07-12,40.560001373291016,41.95000076293945,40.400001525878906,41.150001525878906,746616,-0.01433779175480332,0.0827550017240477,0.1361344679688854,37.47300033569336,38.80400032043457,1.0823793400566664,1.0452530934531439,65.13333638509114,0.35717017551112207,-0.24801177398739516,0.6051819494985172,0.03411597520525689,0.03190209304009755,890636.7,0.838294671665787,0
2023-07-13,40.099998474121094,41.54999923706055,40.099998474121094,40.560001373291016,717163,-0.011341293974236333,0.09562841928736043,0.11481782355461467,37.886000061035155,38.76340026855469,1.0584384313339794,1.0344809329498028,56.16332072543885,0.49959006431330977,-0.09849140632725419,0.5980814706405639,0.034985107077512456,0.03222122376486848,907796.3,0.7900043214540531,1
2023-07-16,40.599998474121094,41.29999923706055,40.349998474121094,40.099998474121094,492276,0.012468828404636367,0.12777773539225268,0.14076983141481958,38.386999893188474,38.744600219726564,1.0576496883603894,1.0478879184163028,58.52740705584016,0.6453653040949163,0.0502799357571799,0.5950853683377364,0.03412139027036771,0.0318438607234005,893729.2,0.5508111405557746,1
2023-07-17,40.97999954223633,41.130001068115234,40.0,40.599998474121094,996156,0.009359632571352305,0.05076921903170062,0.13833332061767578,38.88499984741211,38.75920021057129,1.0538768086163088,1.0572973466841387,68.82898140857745,0.7825355594533008,0.1967310604964041,0.5858044989568967,0.03414401729260152,0.03176569119552163,966051.4,1.0311625240644544,0
2023-07-18,40.650001525878906,41.22999954223633,40.5,40.97999954223633,465509,-0.0080526603231732,-0.012150667836198115,0.11675823686376563,39.30999984741211,38.767200241088865,1.0340880611464824,1.048566862530209,71.7295845933162,0.8547627205009718,0.32833739249731764,0.5264253280036542,0.034827025165042345,0.031882855510957354,984720.7,0.47273201426556793,0
2023-07-24,38.4900016784668,40.45000076293945,36.41999816894531,40.209999084472656,440325,-0.05313652561702842,-0.040149547554055975,0.05163943396560722,39.818000411987306,38.74840034484863,0.966648281687176,0.9933313720287246,61.240314662215994,0.7557313886826336,0.5055398195567813,0.2501915691258523,0.03857560433573612,0.0345829863911684,970395.8,0.4537581469334471,1
2023-07-25,40.70000076293945,41.130001068115234,38.880001068115234,38.4900016784668,1353053,0.05741748475186581,0.0024631106546002535,0.1305555767483182,40.28800048828125,38.72840034484863,1.0102263768284565,1.0509083876569942,65.98639632315103,0.8091228771205792,0.5662564310695409,0.24286644605103824,0.04087114121101569,0.033530980840375146,1025299.3,1.3196663647385694,0
2023-07-26,39.369998931884766,40.900001525878906,39.349998474121094,40.70000076293945,910595,-0.0326781770546245,-0.03928747262898824,0.009487152099609375,40.32500038146973,38.63580032348633,0.9763173852312272,1.0190030645735615,59.500950745501136,0.7356360296630768,0.6001323507882481,0.13550367887482873,0.034716911108461944,0.03445638429506365,992714.4,0.9172779200140544,0
2023-07-27,38.400001525878906,39.650001525878906,38.150001525878906,39.369998931884766,1322035,-0.024637984056948614,-0.05535055142784162,-0.06682867309908957,40.05000038146973,38.52780036926269,0.9588015270942608,0.9966829447266929,53.024460701501674,0.5922988372481797,0.5985656480802344,-0.0062668108320547145,0.029843234254946636,0.033084734540307824,744372.8,1.7760388343045312,1
2023-07-30,39.06999969482422,39.68000030517578,38.5,38.400001525878906,805625,0.01744786828963485,-0.038868432269278386,-0.03673574033574789,39.90100021362305,38.42320037841797,0.9791734414087417,1.016833561755297,58.045607381874845,0.5266949212008285,0.5841915027043533,-0.05749658150352477,0.030598135798000598,0.03267894602642483,750273.7,1.0737748104458413,1
2023-07-31,40.0,40.0,39.130001068115234,39.06999969482422,724458,0.023803437738418642,0.03923092376423498,-0.0024937276290828425,39.89100036621094,38.32900039672852,1.0027324367097443,1.043596221815743,62.75510179256708,0.5434816788848664,0.576049537940456,-0.032567859055589565,0.031576549233398865,0.03294618239948475,751003.2,0.9646536792386504,0
2023-08-01,39.220001220703125,40.400001525878906,39.0,40.0,827699,-0.01949996948242183,-0.03636362443471952,-0.033990081410904316,39.75300064086914,38.23400039672852,0.9865922216795365,1.0257885864346796,50.81724084571787,0.4882180487631018,0.5584832401049852,-0.07026519134188336,0.03181372631319775,0.03323949503556647,784545.5,1.0550044579951068,1
2023-08-02,39.779998779296875,39.939998626708984,39.0,39.220001220703125,609304,0.014278366679350007,0.010414017234835704,-0.029282595811224055,39.6330005645752,38.15960037231445,1.0037089852554102,1.0424637153212446,44.229135172101735,0.4840287643245986,0.543592344948908,-0.05956358062430933,0.03206305930749994,0.03327200158081518,745860.3,0.8169143739115756,1
2023-08-03,40.0,40.18000030517578,39.5099983215332,39.779998779296875,343900,0.00553044815118553,0.04166662527455389,-0.01599019683837155,39.568000411987306,38.100800399780276,1.0109179029396143,1.0498467113628058,47.56521061282303,0.49278051903058895,0.5334299797652442,-0.04064946073465525,0.032089669370674326,0.03324604946708388,733699.4,0.4687205686688581,1
2023-08-06,41.5,41.68000030517578,39.709999084472656,40.0,1397758,0.03750000000000009,0.06219606665360922,0.02091017078018953,39.65300025939941,38.11680038452148,1.0465790666158425,1.0887587515570265,55.58214623379057,0.6136796941531628,0.549479922642828,0.06419977151033485,0.03435017354375863,0.03361355927780773,873475.2,1.6002263143819082,1
2023-08-07,43.5,43.5,41.0099983215332,41.5,2418477,0.04819277108433728,0.08749999999999991,0.1301636295936055,40.15400009155273,38.18200035095215,1.0833291801767757,1.139280278669717,60.32764570031246,0.8609519288599898,0.6117743238862603,0.24917760497372954,0.030847802067659177,0.034185456861786326,1071290.4,2.25753633188536,0
2023-08-08,43.13999938964844,44.0,43.04999923706055,43.5,627863,-0.008275876100035884,0.09994895581176211,0.059950825085261394,40.397999954223636,38.26880035400391,1.067874633361351,1.127289044615554,57.70328442337502,1.0161543212790605,0.6926503233648204,0.3235039979142401,0.027034357820012407,0.03391245889558069,998771.4,0.62863534138042,1
2023-08-09,45.029998779296875,46.0,43.20000076293945,43.13999938964844,1683537,0.043810834872240356,0.13197587131984312,0.14376428755318615,40.96399993896485,38.41400032043457,1.0992578568106202,1.1722288333335305,64.05647908697955,1.2769407131317223,0.8095084013182008,0.4674323118135215,0.025605775366884093,0.03035638712683256,1076065.6,1.564530080693965,0
2023-08-10,44.599998474121094,45.5,44.11000061035156,45.029998779296875,1027370,-0.00954919646530128,0.1149999618530273,0.16145824744469928,41.58399963378906,38.541000289916994,1.0725278680957226,1.157209157484925,62.33603467682522,1.4324064862429253,0.9340880183031457,0.49831846793977963,0.023441151948465057,0.028415173887774165,1046599.1,0.9816270623584523,1
2023-08-13,47.150001525878906,49.9900016784668,44.599998474121094,44.599998474121094,2617861,0.05717495827353991,0.1361446150814194,0.2068083412891626,42.39199981689453,38.70780029296875,1.1122381989416825,1.2181007747537562,76.4024422439634,1.7413054808578252,1.0955315108140817,0.6457739700437435,0.02694555542850329,0.030363812384639248,1227822.7,2.1321164692589574,1
2023-08-14,47.77000045776367,49.47999954223633,47.5,47.150001525878906,2286769,0.013149499720471303,0.09816093006353266,0.1942500114440917,43.1689998626709,38.90440032958984,1.1065811255699567,1.227881680557118,73.8690103318813,2.0129350298277373,1.2790122146168128,0.7339228152109245,0.0269581790353439,0.03003520811162992,1384053.8,1.6522255131989811,0
2023-08-15,46.0099983215332,48.09000015258789,46.0099983215332,47.77000045776367,1333351,-0.03684325139972722,0.06652756079021716,0.17312587683566494,43.847999572753906,39.07660026550293,1.0493066678034433,1.1774309435550134,71.78477795405041,2.062411742172351,1.4356921201279205,0.6267196220444307,0.030037319915772933,0.031730253131222776,1434619.0,0.9294112234676942,1
2023-08-16,47.290000915527344,47.400001525878906,45.720001220703125,46.0099983215332,1137145,0.027820096515741133,0.050188811847570625,0.1887883953415046,44.59899978637695,39.26640029907227,1.0603377013394901,1.2043375648224277,78.58520143069518,2.1797807494598658,1.5845098459943094,0.5952709034655563,0.030230818601328036,0.032076787026760735,1487403.1,0.7645170297144063,0
2023-08-17,46.900001525878906,47.5,46.54999923706055,47.290000915527344,490889,-0.008246973611717223,0.05156957691584618,0.17250003814697257,45.28899993896484,39.41460029602051,1.0355715866785573,1.1899144269798458,75.63850569831175,2.215784655716476,1.710764807938743,0.505019847777733,0.031154540988519823,0.03208182973154078,1502102.0,0.32680137567222467,0
2023-08-20,46.72999954223633,47.5,46.709999084472656,46.900001525878906,611569,-0.0036247756526995856,-0.008907783033942351,0.12602408535509224,45.81199989318848,39.56540031433106,1.0200384102677942,1.1810824399850737,73.19089173704312,2.205180325390856,1.8096479114291657,0.39553241396169025,0.030782631294871615,0.03213758804922393,1423483.1,0.42962856390778364,1
2023-08-21,46.83000183105469,47.25,46.66999816894531,46.72999954223633,291446,0.002140001921634438,-0.019677593001911187,0.07655176623114235,46.14500007629395,39.73200035095215,1.0148445498673353,1.1786469701350548,77.51263703800959,2.1797192198233546,1.8836621731080037,0.29605704671535094,0.028159433223538647,0.028859789736001146,1210780.0,0.24070929483473463,1
2023-08-22,48.619998931884766,49.459999084472656,46.70000076293945,46.83000183105469,1623794,0.038223297690393565,0.0567268138571102,0.12702827120464155,46.69300003051758,39.94440032958985,1.0412695457586305,1.217191859953102,79.34925255028571,2.2777227466406913,1.9624742878145414,0.31524845882614994,0.0290433479041321,0.02749545526973864,1310373.1,1.2391844734907942,0
2023-08-23,47.5099983215332,49.09000015258789,47.27000045776367,48.619998931884766,637904,-0.022830124120460038,0.004652091388173796,0.05507438617512328,46.94099998474121,40.15340026855469,1.012121564026692,1.1832123308057594,73.54230210042621,2.2400021249836044,2.0179798552483543,0.22202226973525008,0.028679822856983922,0.026783350845034613,1205809.8,0.5290253902398205,1
2023-08-24,51.0,51.0,47.79999923706055,47.5099983215332,2160460,0.07345825724613864,0.08742000726500532,0.14349779696948817,47.5810001373291,40.452400283813475,1.0718564101805956,1.2607410102289287,76.47713117915757,2.463326533933568,2.1070491909853972,0.3562773429481707,0.035064297424491166,0.029036408811075935,1319118.8,1.6378054804464919,0
2023-08-27,50.95000076293945,52.70000076293945,50.900001525878906,51.0,1131470,-0.000980377197265625,0.0903060402748117,0.08059383062744696,47.96100006103516,40.78520027160644,1.062321484082911,1.2492276714014194,73.2957987062482,2.60623515982477,2.206886384753272,0.39934877507149835,0.03178499206077737,0.02923576033736244,1170479.7,0.966672040531758,0
2023-08-28,50.720001220703125,51.95000076293945,50.310001373291016,50.95000076293945,854252,-0.004514220584735051,0.08306639413942607,0.061754254441503065,48.2560001373291,41.10840026855469,1.0510610302628036,1.2338111162039234,73.89658856563128,2.6701523800474547,2.299539583812108,0.3706127962353465,0.031971277241742826,0.0294090345642165,1027228.0,0.8316089514693914,1
2023-08-29,51.119998931884766,51.79999923706055,50.5,50.720001220703125,563864,0.007886390014879785,0.05141917019583708,0.11106282974933346,48.76700019836426,41.41920021057129,1.048249814914788,1.2342101892840889,71.18996997885061,2.7217095366119395,2.3839735743720745,0.337735962239865,0.028139009632596895,0.028470828791147457,950279.3,0.5933666028503409,1
2023-08-30,51.689998626708984,52.0099983215332,50.86000061035156,51.119998931884766,235450,0.011150229004967649,0.08798148711533971,0.09304287642204145,49.206999969482425,41.743200149536136,1.0504602731068036,1.238285479827626,74.43141710818725,2.7765567484748033,2.4624902091926204,0.31406653928218287,0.027514288653761508,0.02847616287977781,860109.8,0.2737441196461196,0
2023-09-03,49.54999923706055,51.689998626708984,49.0099983215332,50.720001220703125,489965,-0.04140064705946167,-0.02747794906604306,0.060346666433741314,49.967999649047854,42.342000045776366,0.9916346378697737,1.1702328464288776,56.602367715217646,2.594280165676061,2.5409116131646052,0.05336855251145556,0.03145760947837734,0.030450328170614733,798860.5,0.6133298617217899,1
2023-09-04,51.599998474121094,52.45000076293945,49.560001373291016,49.54999923706055,920033,0.041372336400103515,0.017350103159279318,0.10185770780609382,50.444999313354494,42.65360000610352,1.0228962072849277,1.2097454486077939,70.29774860841123,2.57656251744892,2.5480417940214686,0.0285207234274516,0.033273336458063046,0.030027525752357166,861719.2,1.0676714642078302,0
2023-09-05,51.060001373291016,52.599998474121094,50.97999954223633,51.599998474121094,647517,-0.010465060403071602,-0.00117366118637241,0.0501851603251704,50.688999557495116,42.90480003356934,1.0073191781063875,1.1900766658588533,64.46662284984052,2.490241941507321,2.5364818235186393,-0.04623988201131812,0.03227016817277437,0.030097708774089807,764091.5,0.8474338479095763,0
2023-09-06,50.790000915527344,51.5,49.900001525878906,51.060001373291016,878118,-0.005287905415233829,-0.01741144776731718,0.06903815428062288,51.01699981689453,43.15400001525879,0.9955505242922572,1.176947696565059,65.06584269968366,2.37269453704193,2.5037243662232975,-0.1310298291813674,0.03101957490090328,0.02908449210957576,788112.9,1.1142033076733042,0
2023-09-07,49.810001373291016,50.779998779296875,49.41999816894531,50.790000915527344,859906,-0.019295127477281238,-0.03637061914036399,-0.023333306406058463,50.897999954223636,43.420000076293945,0.9786239423570448,1.1471672336658014,61.224501711887896,2.175383136589595,2.438056120296557,-0.26267298370696235,0.0213358183208852,0.029445735959662014,658057.5,1.306733834049456,0
2023-09-11,49.15999984741211,50.849998474121094,49.15999984741211,50.22999954223633,559287,-0.01304961871025867,-0.04728679648959122,-0.03075712412747822,50.62799987792969,43.96600006103515,0.9710041867334853,1.1181367370051054,52.16346594709063,1.7808658744625347,2.2358896905249015,-0.45502381606236675,0.021622162333534214,0.026995153131813047,515414.0,1.0851218632012325,0
2023-09-12,48.5,49.5,48.11000061035156,49.15999984741211,715062,-0.013425546164782087,-0.05013711916251784,-0.05125193635813263,50.36599998474121,44.224200057983396,0.9629511975279648,1.0966846191996804,54.11472191542911,1.5393662372398609,2.0965849998678934,-0.5572187626280325,0.021489793735072888,0.025709168997669302,530533.8,1.3478161052132775,1
2023-09-13,50.95000076293945,51.0,47.900001525878906,48.5,1035136,0.050515479648236106,0.0031502233614488784,-0.014316074355381403,50.292000198364256,44.52320007324219,1.0130836029980888,1.1443472319852337,49.77252382104444,1.5280561408783555,1.9828792280699858,-0.45482308719163034,0.027539138147945976,0.027315528178174172,610502.4,1.6955477980102944,1
2023-09-14,50.970001220703125,51.599998474121094,50.560001373291016,50.95000076293945,587566,0.0003925506862449968,0.023288492580410214,-0.013929143453949022,50.220000457763675,44.81460006713867,1.0149343041836534,1.1373525847456585,50.09124300362989,1.5033766871873482,1.8869787198934582,-0.38360203270611004,0.027541165755804682,0.027178273363899223,669259.0,0.877935149172443,0
2023-09-17,50.880001068115234,51.970001220703125,50.560001373291016,50.970001220703125,802902,-0.0017657475070127493,0.02148162347568161,0.026841611534474508,50.35300064086914,45.083000106811525,1.0104661176203737,1.1285850752516324,50.73937111060265,1.4597289356596121,1.8015287630466892,-0.34179982738707704,0.023671420127308482,0.02715214234128468,700552.7,1.1460979309622246,1
2023-09-18,51.0,51.400001525878906,50.349998474121094,50.880001068115234,510497,0.002358469523696005,0.037428807125693186,-0.011627877749298965,50.29300079345703,45.371000137329105,1.014057606334656,1.1240660299670058,49.43074494832966,1.4184694561154672,1.7249169016604449,-0.3064474455449777,0.019467700247064706,0.027151141887360786,659599.1,0.7739504192774066,0
2023-09-19,50.4900016784668,51.72999954223633,50.4900016784668,51.0,518589,-0.009999967088886286,0.041030962442614394,-0.011163330973241625,50.23600082397461,45.66080017089844,1.0050561519692263,1.1057625247366167,44.27482138619167,1.3292951321780535,1.6457925477639666,-0.31649741558591304,0.01944312125615939,0.02613176796110892,646706.3,0.8018926056542204,0
2023-09-25,54.900001525878906,54.900001525878906,51.849998474121094,51.900001525878906,2035342,0.08734402259473306,0.0764706181544883,0.11676162929786837,50.91600112915039,46.5720002746582,1.0782465297426431,1.1788199175922518,68.8976388300143,1.3663703986139595,1.3976426831949602,-0.03127228458100073,0.03186379056155934,0.027519858087761397,620509.4,3.2801146928636373,0
2023-09-26,53.599998474121094,55.5,53.0,54.900001525878906,1254564,-0.023679472051471917,0.06159629020136603,0.105154607713837,51.4260009765625,46.832000274658206,1.0422742864752288,1.144516530572477,62.55583979229506,1.4660220520761058,1.4113185569711895,0.054703495104916344,0.03290452224715345,0.02820108144636112,674459.6,1.8601025176304111,0
2023-10-02,51.4900016784668,52.0,50.29999923706055,51.5099983215332,330692,-0.03936561297987795,0.019805901500424827,0.011989005454912105,52.01500053405762,47.5602001953125,0.989906779771211,1.0826279424185774,59.98287145089271,1.396021826184736,1.4465956110057583,-0.05057378482102237,0.033027197301770964,0.027973477393790195,464968.4,0.7112139233547914,0
2023-10-03,49.099998474121094,51.93000030517578,49.099998474121094,51.4900016784668,299251,-0.046416840676569815,-0.1056466828880468,-0.037254931879978526,51.82500038146973,47.77240013122559,0.9474191628115651,1.0277900699828506,52.23880002163559,1.062501116263178,1.3697767120572424,-0.3072755957940645,0.03634818327492593,0.028401303045565034,443843.8,0.6742259326366619,1
2023-10-04,51.099998474121094,51.2400016784668,49.209999084472656,49.099998474121094,342543,0.04073319882187221,-0.04664179237256949,0.012081536450303743,51.886000061035155,47.98040008544922,0.9848513744364672,1.0650181820725988,50.57914170789436,0.9486316014669356,1.2855476899391811,-0.3369160884722455,0.038756233657985556,0.029877302226388427,426239.2,0.8036403033789478,1
2023-10-08,51.4900016784668,51.5,45.79999923706055,51.099998474121094,1303307,0.00763215686871721,-0.03936561297987795,0.019805901500424827,51.986000061035156,48.22280014038086,0.9904590008466506,1.0677522153125663,51.951953155988136,0.8797183443354442,1.2043818208184338,-0.32466347648298965,0.038790635598745474,0.029886319006154016,556569.9,2.3416771190824366,1
2023-10-09,51.52000045776367,51.70000076293945,49.04999923706055,51.4900016784668,686962,0.0005826136787527858,-0.038805934245719764,0.020400054368311826,52.08899993896485,48.48520011901856,0.9890763984359865,1.062592303038772,52.41327031124587,0.8180942609502893,1.1271243088448049,-0.3090300478945156,0.03878669267966347,0.02950044003643386,625266.1,1.0986714296521114,1
2023-10-10,51.599998474121094,52.9900016784668,50.599998474121094,51.52000045776367,972991,0.0015527565148800715,0.0021362748508182428,0.021984487200516156,52.19999961853027,48.73580009460449,0.9885057251188909,1.0587699057767945,52.269282975486675,0.7668718805607924,1.0550738231880024,-0.28820194262721,0.03877786538838907,0.029496685465590974,722565.2,1.3465788277653008,1
2023-10-11,56.09000015258789,56.09000015258789,52.0,51.599998474121094,2930373,0.08701553897755754,0.14236256406710446,0.02167574851793108,52.318999481201175,49.05760009765625,1.072077079240433,1.143349858960337,66.27906099921088,1.0761778773349135,1.0592946340173848,0.016883243317528773,0.03869838527431665,0.03479067254808991,812068.3,3.608530218455763,1
2023-10-12,57.2599983215332,58.9900016784668,55.29999923706055,56.09000015258789,935434,0.020859300512790835,0.12054794581905437,0.06828358118665268,52.68499946594238,49.41840003967285,1.086836839745026,1.1586777045708714,68.42677090597073,1.3995806874033363,1.1273518446945752,0.27222884270876113,0.03786556165413149,0.03456620084963296,780155.3,1.1990356279063925,1
2023-10-15,59.70000076293945,61.70000076293945,57.5099983215332,57.2599983215332,706023,0.04261268796594897,0.15944841361126016,0.11380601609090601,53.29499969482422,49.816800079345704,1.1201801501977917,1.198390917679423,72.12877652185486,1.8316533893365943,1.268212153622979,0.5634412357136154,0.039327381426708254,0.03410742021921644,850757.6,0.8298756308494923,1
2023-10-16,60.040000915527344,62.20000076293945,59.58000183105469,59.70000076293945,1332177,0.005695144861689094,0.16537267822325452,0.12014930270036439,53.93899993896484,50.21760009765625,1.113109271278039,1.195596778794085,72.57682464679789,2.176420864398594,1.449853895778102,0.7265669686204919,0.03918298218020836,0.034061718988644164,983975.3,1.3538723990327806,1
2023-10-17,66.9000015258789,71.0,59.720001220703125,60.040000915527344,2385690,0.11425717031555638,0.29651169581780534,0.29928140114737256,55.47999992370605,50.72560012817383,1.2058399714830064,1.3188607203628044,75.42372223838619,2.9689718309920394,1.7536774828208896,1.2152943481711498,0.04624593728759115,0.04128851848514029,1189475.1,2.0056661967955445,1
2023-10-18,67.5199966430664,68.8499984741211,64.5,66.9000015258789,1380433,0.009267490329543104,0.2037795767406707,0.3751527238570864,57.32199974060059,51.206000061035155,1.1779072075052308,1.3185954099633974,80.36649057809645,3.6055401836144867,2.1240500229796093,1.4814901606348774,0.039175013608586405,0.041209894705199854,1297593.3,1.0638410355540522,0
2023-10-22,71.58999633789062,72.0,65.5999984741211,65.5,551351,0.06027843449607406,0.19916240239534866,0.3903669451195546,60.9739990234375,52.224799957275394,1.1741069551690795,1.3708046061728856,83.32715688710502,4.700110936466928,2.9495241692643344,1.7505867672025932,0.04072568192123927,0.041963932163037794,1188143.4,0.46404415493954687,1
2023-10-23,74.9000015258789,75.0,72.5,71.58999633789062,1196656,0.046235582585669066,0.247501671947985,0.4538043645260108,63.31199913024902,52.83080001831055,1.183030113640708,1.417733623187978,91.5218067614716,5.409608665273794,3.4415410684662264,1.9680675968075674,0.03906181949587263,0.04216891437622946,1239112.8,0.9657361299148874,1
2023-10-24,78.01000213623047,79.94999694824219,72.51000213623047,74.9000015258789,2415464,0.041522036675486707,0.16606876467788845,0.5118217915327026,65.95299949645997,53.448000030517576,1.182812043907384,1.459549507777439,100.0,6.151926209007804,3.9836180965745425,2.168308112433262,0.036809623502195854,0.04211668255540046,1383360.1,1.7460847685284546,1
2023-10-25,81.6500015258789,83.70999908447266,79.0,78.01000213623047,1892121,0.04666067542584895,0.20927140973522995,0.4556962257756694,68.50899963378906,54.125600051879886,1.1918142428342893,1.5085283386718416,100.0,6.9537769286687166,4.577649862993377,2.3761270656753393,0.03348217394545505,0.03975162475637115,1279534.9,1.4787568514153073,0
2023-10-26,79.0,83.0,78.0,81.6500015258789,1021319,-0.032455621265836565,0.17002375485325905,0.3796717135126295,70.68299980163575,54.78540008544922,1.1176662029300541,1.4419900169896191,91.92318983553551,7.291366095242694,5.120393109443241,2.1709729857994526,0.04021363831200695,0.04031262014425003,1288123.4,0.7928735709637758,1
2023-10-29,79.68000030517578,81.5,79.19999694824219,79.0,872421,0.008607598799693417,0.11300467077972653,0.33467335488946093,72.68099975585938,55.43320007324219,1.096297527178032,1.437405746013166,92.08009176250057,7.527011579492829,5.601716803453159,1.92529477603967,0.04078246607137345,0.040129647357085324,1304763.2,0.6686431683542271,0
2023-10-30,77.0,80.55000305175781,75.75,79.68000030517578,1587864,-0.033634541853806876,0.02803736223417186,0.2824783282121257,74.37699966430664,56.03520004272461,1.0352662832264279,1.3741362561620296,85.2190763610036,7.412067002016727,5.963786843165873,1.4482801588508538,0.045059678046094606,0.04171889496882271,1330331.9,1.1935848490139942,0
2023-10-31,74.91000366210938,77.5,73.69999694824219,77.0,1339754,-0.027142809582995087,-0.03973847441649214,0.11973097090486551,75.1779998779297,56.59880012512207,0.9964351776283557,1.323526355620738,77.95603623713092,7.070819354509794,6.185193345434658,0.8856260090751364,0.03548035437580753,0.04089910418773616,1225738.3,1.09301797944961,0
2023-11-01,72.5999984741211,75.80000305175781,69.5,74.91000366210938,665047,-0.03083707215404552,-0.11083898202854803,0.07523699768394976,75.68600006103516,57.114200057983396,0.9592262560523025,1.2711374474371737,72.04022575549351,6.538607030446784,6.255876082437084,0.2827309480097,0.03799284641235638,0.039704589707316544,1154199.7,0.5761975159064762,1
2023-11-02,73.1500015258789,74.88999938964844,72.80000305175781,72.5999984741211,869599,0.0075757997702143864,-0.07405061359646958,0.08338277788393,76.2490005493164,57.604800109863284,0.9593568571245321,1.2698594802233143,70.43451490009285,6.0909924099627375,6.2228993479422146,-0.13190693797947706,0.03789269683634259,0.039505807264748054,1241159.6,0.7006343100436075,1
2023-11-05,75.05000305175781,76.44999694824219,73.30999755859375,73.1500015258789,847471,0.025974046291806552,-0.05810739502616713,0.0483308687087598,76.59500122070312,58.155600204467774,0.9798289947865721,1.2905034560367608,71.7725533542878,5.822451248856339,6.142809728125039,-0.3203584792687,0.034061682494144346,0.039445411767472925,1270771.6,0.6668948220120752,1
2023-11-06,75.2300033569336,76.36000061035156,74.5,75.05000305175781,440510,0.002398405034729212,-0.022986969390472844,0.0044058988562325485,76.6280014038086,58.640200271606446,0.9817560419002979,1.282908363349501,64.98740422765513,5.560062030181783,6.026260188536388,-0.4661981583546053,0.030872457443179298,0.03940108316344606,1195157.0,0.3685791908510765,1
2023-11-07,75.5,77.0,74.91999816894531,75.2300033569336,576906,0.0035889489700724475,0.007876068736451636,-0.032175388636026425,76.37700119018555,59.131200256347654,0.9885174702263874,1.2768217061837026,64.54081710674225,5.312662094995559,5.883540569828223,-0.5708784748326634,0.027464424447655334,0.03935399436999809,1011301.2,0.5704591273104392,1
2023-11-08,77.1500015258789,78.5,75.5,75.5,489468,0.0218543248460783,0.06267221966099212,-0.055113287396249766,75.92700119018555,59.65980026245117,1.016107581183536,1.2931656020718487,66.55208154662898,5.189911132512407,5.744814682365059,-0.5549035498526527,0.02329119870285904,0.03606729472791219,871035.9,0.5619378030228146,1
2023-11-09,78.94999694824219,79.22000122070312,77.1500015258789,77.1500015258789,298392,0.0233311132438474,0.07928906768800781,-0.0006329500222508333,75.92200088500977,60.21640022277832,1.0398829855369405,1.3111045604877827,63.72110104478868,5.178183818020258,5.6314885094961,-0.4533046914758412,0.02276782568152031,0.036086650320699264,798743.2,0.3735768892930795,0
2023-11-12,76.4800033569336,81.0,76.0199966430664,78.94999694824219,601994,-0.03128554384780868,0.019053967315492137,-0.040160604116291965,75.60200119018555,60.71220031738281,1.0116134778567478,1.2597139118187457,53.04080463989428,4.912948583507259,5.487780524298332,-0.5748319407910731,0.024550634813186867,0.03707318604153229,771700.5,0.7800876117094651,1
2023-11-13,77.01000213623047,78.19000244140625,75.0,76.4800033569336,343479,0.006929900052741411,0.023660756345464495,0.00012989787312300827,75.60300140380859,61.21860038757324,1.018610381946437,1.2579510418187008,47.86324730591011,4.6914342871973105,5.328511276878128,-0.6370769896808177,0.022327176148863273,0.0370612414944541,647262.0,0.5306645531484931,1
2023-11-14,81.5,81.69999694824219,77.11000061035156,77.01000213623047,1452058,0.05830408699154099,0.07947019867549665,0.08797218015921615,76.26200103759766,61.857600402832034,1.068684258098866,1.3175422174357199,49.69071840603808,4.8225960295093415,5.227328227404371,-0.40473219789502934,0.026621311668093523,0.030571379606565974,658492.4,2.205124918677877,0
2023-11-15,79.94000244140625,82.5999984741211,79.75,81.5,852147,-0.019141074338573594,0.0361633293628838,0.10110198514537938,76.99600143432617,62.42440048217773,1.0382357648739873,1.2805890296732485,52.02936725406885,4.745955469330269,5.13105367578955,-0.38509820645928095,0.024887665195021696,0.03127658123122883,677202.4,1.2583342882423334,1
2023-11-16,80.18000030517578,81.0,80.0,79.94000244140625,469433,0.0030022248741541357,0.015579523805934414,0.09610387741153792,77.69900131225586,63.00680046081543,1.0319308993811813,1.2725610524381499,51.10035279255489,4.650969612518239,5.035036863135288,-0.3840672506170497,0.02497806449074968,0.03123860614468948,637185.8,0.7367285962744304,0
2023-11-19,79.91999816894531,81.0,79.75,80.18000030517578,207953,-0.0032427305467805922,0.0449790096890712,0.0648900055850623,78.18600082397461,63.58940040588379,1.0221778493169713,1.2568132056415882,57.19211804146184,4.502807080074277,4.928590906523086,-0.42578382644880897,0.02454134774982922,0.028901867139677274,573234.0,0.362771573214429,0
2023-11-20,77.4800033569336,80.4000015258789,77.36000061035156,79.91999816894531,660323,-0.030530466315248694,0.006103119174983185,0.02990827993619427,78.4110008239746,64.14280044555665,0.9881266983298553,1.207929850563624,56.222763689969284,4.140767822300148,4.771026289678499,-0.6302584673783507,0.027226156223874573,0.02835720678291864,595215.3,1.1093851250127473,1
2023-11-21,77.98999786376953,78.0,74.94999694824219,77.4800033569336,1001348,0.006582272647646992,-0.04306751087399352,0.032980104155887924,78.66000061035156,64.70640037536621,0.9914822941598878,1.2052903176709608,64.29709912640284,3.850613916358057,4.586943815014411,-0.7363298986563542,0.027246364375397188,0.02683441180473197,637659.5,1.5703490656063306,1
2023-11-22,78.94999694824219,80.0,78.01000213623047,77.98999786376953,515101,0.012309259017413421,-0.0123843565540257,0.0233311132438474,78.84000015258789,65.30220031738281,1.001395190200931,1.2089944376227468,65.05712349219215,3.655984841046731,4.400752020220875,-0.7447671791741444,0.026696702611235933,0.024729473096649267,640222.8,0.8045652232316625,0
2023-11-23,78.87999725341797,79.36000061035156,78.23999786376953,78.94999694824219,101877,-0.00088663328093741,-0.01621355758056653,-0.00088663328093741,78.83300018310547,65.90980026245117,1.0005961598594921,1.1967870777838774,60.98680677113221,3.456250007628256,4.211851617702352,-0.7556016100740957,0.025689184246111323,0.023625118165536415,620571.3,0.16416647047647867,0
2023-11-26,78.56999969482422,79.94999694824219,78.4000015258789,78.87999725341797,108240,-0.003929989469926287,-0.016891873186324236,0.02732735677503273,79.04199981689453,66.46220024108887,0.9940284896236972,1.1821757240930155,59.510257992196806,3.235645988080634,4.0166104917780086,-0.7809645036973745,0.023309670049285705,0.023556184762379445,571195.9,0.18949715850551446,0
2023-11-27,78.1500015258789,79.48999786376953,78.0,78.56999969482422,137496,-0.005345528453310933,0.00864736886831019,0.014803263966046698,79.15599975585937,67.00580024719238,0.9872909415194898,1.1663169641668965,57.481666373006966,2.9924304950367997,3.811774492429767,-0.8193439973929673,0.023399242130782275,0.022272358294586885,550597.6,0.24972139362757848,0
2023-11-28,77.41999816894531,78.87999725341797,77.25,78.1500015258789,122688,-0.009341053649139841,-0.007308625598629659,-0.05006137216018025,78.74799957275391,67.53660018920898,0.9831360617283785,1.1463413608628097,50.80404145054175,2.7095413880244337,3.5913278715487005,-0.8817864835242668,0.012426044319139537,0.02142925983679174,417660.6,0.293750475864853,0
2023-11-29,76.0,77.4000015258789,74.9000015258789,77.41999816894531,427243,-0.018341490603585475,-0.037365383942650876,-0.04928699425915284,78.35399932861328,68.03660018920898,0.9699568707560068,1.1170458222286959,41.011572894544024,2.343750451525935,3.3418123875441474,-0.9980619360182126,0.012327495929261722,0.020591397373114984,375170.2,1.1387978043032203,0
2023-11-30,75.97000122070312,75.98999786376953,74.19999694824219,76.0,383373,-0.0003947207802220687,-0.03689143171957643,-0.052506847947728086,77.93299942016601,68.54620018005372,0.974811720143355,1.1083036115955216,48.174649508785286,2.028059639094309,3.0790618378541796,-1.0510021987598708,0.01212852877358103,0.020564905906905635,366564.2,1.0458549962053032,0
2023-12-03,73.25,76.01000213623047,73.25,75.97000122070312,249501,-0.035803622179775285,-0.06771031838472408,-0.08345843745948789,77.26599960327148,69.00140014648437,0.9480237151671892,1.0615726614894219,38.366316183069806,1.540631587371351,2.771375787757614,-1.2307442003862632,0.015432072771065567,0.021411095317331985,370719.0,0.67301918703924,1
2023-12-04,76.0,77.75,73.19999694824219,73.25,607480,0.03754266211604085,-0.027511215404992018,-0.01910174616430438,77.11799926757813,69.51160011291503,0.9855027454265382,1.093342692105277,30.929242308164405,1.3605596769061066,2.4892125655873127,-1.1286528886812062,0.019217511821143087,0.023081427983211066,365434.7,1.6623489778064315,0
2023-12-05,74.0,78.0,74.0,76.0,667191,-0.02631578947368418,-0.04417460927191219,-0.05116037919040761,76.71899948120117,69.9818000793457,0.9645589814832319,1.0574177845682513,30.01343103349133,1.0444285826452386,2.200255768998898,-1.1558271863536596,0.02040947951239194,0.023844541018003967,332019.0,2.009496444480587,1
2023-12-06,76.0,77.43000030517578,74.01000213623047,74.0,950610,0.027027027027026973,0.0,-0.037365383942650876,76.42399978637695,70.40380004882813,0.9944520073856101,1.0794871860224968,37.424779025116884,0.9443893654021451,1.9490824882795477,-1.0046931228774025,0.02224827717637437,0.024128817389823982,375569.9,2.531113382621983,0
2023-12-07,74.55000305175781,76.05000305175781,74.05000305175781,76.0,551456,-0.01907890721371297,-0.01869156438236752,-0.05489343753079978,75.99100036621094,70.82280014038086,0.9810372635245126,1.052627161083565,34.92419861291387,0.7395795170994859,1.7071818940435353,-0.9676023769440494,0.022741978003190822,0.02378756082136171,420527.8,1.3113425557121312,0
2023-12-10,70.72000122070312,76.0,70.55000305175781,74.55000305175781,514618,-0.05137493862200959,-0.03453923248186863,-0.09991088843848128,75.20600051879883,71.1652001953125,0.9403505136937262,0.9937441477943219,32.39581797685034,0.26516049253775975,1.4187776137423802,-1.1536171212046205,0.026959612131855652,0.0254301812708038,461165.6,1.1159071708731094,0
2023-12-11,69.5,72.44999694824219,69.5,70.72000122070312,620885,-0.017251148185019716,-0.08552631578947367,-0.11068459829798605,74.34100036621093,71.48320022583007,0.9348811511499213,0.9722564152197336,28.679056867165357,-0.206879131121255,1.0936462647696532,-1.3005253958909082,0.026987096708711755,0.025477911799102058,509504.5,1.2186055275272347,1
2023-12-12,72.0,75.0,69.5,69.5,686675,0.03597122302158273,-0.027027027027026973,-0.0700077279402388,73.7990005493164,71.89340019226074,0.9756229686591187,1.0014827481723523,33.79953860829865,-0.3749229487330439,0.7999324220691137,-1.1748553708021576,0.030881763551445972,0.02292793579025162,565903.2,1.213414237629333,1
2023-12-13,74.27999877929688,76.0,72.0,72.0,1188435,0.031666649712456696,-0.022631595009251604,-0.022631595009251604,73.62700042724609,72.39700019836425,1.0088690065908097,1.026009345356483,40.27895341199415,-0.3204283396960079,0.5758602697160895,-0.8962886094120974,0.032795227780209546,0.024167977342788662,642022.4,1.8510802738346823,1
2023-12-14,75.30000305175781,76.69999694824219,75.0,74.27999877929688,730212,0.013731883269029188,0.010060361761210057,-0.008819246520726964,73.56000061035157,72.881000289917,1.0236541928625458,1.033191130091768,43.29093911668714,-0.19271366598411532,0.42214548257604856,-0.6148591485601639,0.03316471326583285,0.024434880726278797,676706.3,1.0790678319383165,1
2023-12-17,77.04000091552734,80.0,75.94999694824219,75.30000305175781,1512705,0.023107540415018724,0.08936650997927376,0.05174062683313774,73.93900070190429,73.3920002746582,1.0419399800401032,1.049705698539583,47.83962533113173,0.04834710358926486,0.34738580677869185,-0.299038703189427,0.03135790511236615,0.02511357703137246,803026.7,1.883754301071185,1
2023-12-18,79.94999694824219,81.69999694824219,77.41000366210938,77.04000091552734,2859800,0.03777253372446854,0.15035966832003145,0.05197364405581828,74.33400039672851,73.96060020446777,1.0755508451252522,1.0809809104741772,54.53892935513401,0.46879785041073774,0.3716682155051011,0.09712963490563664,0.03138407534283333,0.025602139433121278,1028258.7,2.7812067138357306,1
2023-12-19,82.7699966430664,84.5,80.0,79.94999694824219,7636248,0.03527204255742267,0.1495832867092557,0.11851346814954611,75.21100006103515,74.58400016784668,1.1005038701240109,1.1097553960205626,61.5647376486292,1.017825643656721,0.5008997011354251,0.5169259425212959,0.030470954137417024,0.02666117601318005,1725164.4,4.4263885807057,0
2023-12-20,82.5999984741211,85.55999755859375,82.51000213623047,82.7699966430664,2368658,-0.002053862218678204,0.11200861377966453,0.08684208518580383,75.87099990844726,75.11420013427734,1.0886899945142894,1.0996588970722156,61.271673151609654,1.4228153639916314,0.6852828337066665,0.7375325302849649,0.030230750898048244,0.02659957853585523,1866969.2,1.268718305583188,0
2023-12-21,80.97000122070312,84.5,79.5999984741211,82.5999984741211,1492661,-0.019733623287277124,0.07529877741237301,0.08611667211452834,76.5129997253418,75.58840019226074,1.0582515587071555,1.0711961228806823,63.629949476799034,1.5938723114002613,0.8670007292453856,0.7268715821548757,0.030298413952819823,0.027059426240325462,1961089.7,0.7611385649519244,0
2023-12-25,82.80000305175781,85.5,78.0999984741211,79.05000305175781,1776693,0.02260098559300472,0.03564735725206658,0.1913669503850044,78.86800003051758,76.46900024414063,1.049855492972039,1.082791755971758,67.32284481567498,1.9269962131046157,1.2138361093804821,0.7131601037241335,0.019477046864588957,0.027359613887785548,2025208.7,0.8772888443546584,1
2023-12-26,85.51000213623047,88.0,83.69999694824219,82.80000305175781,1321469,0.03272945633563151,0.03310384927258059,0.18763891855875658,80.21900024414063,76.84120025634766,1.065956966254716,1.1128145038203863,68.21142223815698,2.2914431804650803,1.4293575235974019,0.8620856568676785,0.019166116068633665,0.027951474893735617,2088688.1,0.6326789528795611,1
2023-12-27,89.80000305175781,90.69999694824219,86.5,85.51000213623047,1531731,0.0501695802637534,0.08716712724749631,0.20893921011730865,81.77100067138672,77.28680038452148,1.098188872759883,1.1619060771694514,76.33851745695256,2.8930875364110307,1.7221035261601276,1.170984010250903,0.021442650425949696,0.029070447489276972,2123017.7,0.7214876258450412,1
2023-12-28,89.94999694824219,90.0999984741211,85.9000015258789,89.80000305175781,847003,0.0016703105945099495,0.11090521912012741,0.1945550239408973,83.23600006103516,77.735400390625,1.080662176008984,1.157130425729309,88.0490781320384,3.343456986100648,2.046374218148232,1.297082767952416,0.022122834409291803,0.029039799817112705,2134696.8,0.39677906483019043,1
2023-12-31,92.0,92.5999984741211,90.0,89.94999694824219,289326,0.022790473833338654,0.1362232754478041,0.19418482485320787,84.73199996948242,78.14360046386719,1.085776330467064,1.1773196967362654,93.10346339555531,3.8217414766119475,2.4014476698409752,1.4202938067709723,0.022115171200884628,0.027191144350815866,2012358.9,0.14377455234252698,0
2024-01-02,91.98999786376953,94.9000015258789,91.0,92.0,889294,-0.0001087188720703125,0.11099027141662177,0.15059413852538062,85.93600006103516,78.485400390625,1.070447749469775,1.1720650898884584,92.33376494413349,4.152115291910235,2.751581194254827,1.4005340976554077,0.02161385345470792,0.0266131931736445,1815308.3,0.4898859328743222,0
2024-01-03,91.5,93.0,91.41000366210938,91.98999786376953,568566,-0.005326642843227147,0.0700502597839554,0.10547304229792909,86.80900039672852,78.75520034790038,1.0540381709480928,1.1618280392380387,89.45922887842265,4.324549473830032,3.0661748501698685,1.2583746236601638,0.021049451384658437,0.025499200124522062,1108540.1,0.5128961956360442,0
2024-01-04,90.76000213623047,91.44999694824219,89.80999755859375,91.5,322613,-0.008087408347208003,0.010690412604099198,0.09878939240738527,87.62500076293945,78.93740036010742,1.0357774761311838,1.149771866342052,85.8867441484028,4.351333695901474,3.3232066193161898,1.028127076585284,0.021523209518165155,0.02554492333872931,903935.6,0.35689821266028243,0
2024-01-08,90.22000122070312,93.0,89.80000305175781,90.76000213623047,255818,-0.005949767549771612,0.003001715193123422,0.11423984019448041,88.55000076293945,79.16180038452148,1.0188594064751564,1.139691123527603,82.3992321088911,4.2796536407768855,3.5144960236083294,0.7651576171685561,0.01980356133313853,0.024940883275227567,780251.3,0.3278661631194975,0
2024-01-09,88.88999938964844,90.25,87.20999908447266,90.22000122070312,626725,-0.014741762503429068,-0.03380435446034302,0.09781398109847439,89.34200057983398,79.34600036621094,0.9949407760375631,1.1202833032463946,73.8273055947554,4.068626059603389,3.6253220308073413,0.4433040287960477,0.021215757621377243,0.02128241463766473,842923.8,0.7435132333432749,0
2024-01-10,88.0,89.8499984741211,86.91000366210938,88.88999938964844,1456934,-0.010012368047693787,-0.043374257597857846,0.06280189319548324,89.8620002746582,79.56600036621094,0.9792793364384601,1.1060000451822471,65.53774556980446,3.7859278488589894,3.657443194417671,0.1284846544413183,0.021495679563106867,0.02082047818320368,810947.9,1.7965815066541266,0
2024-01-11,86.80000305175781,88.8499984741211,86.30000305175781,88.0,1087886,-0.013636328957297605,-0.05136608686603483,0.015085965188869732,89.99100036621094,79.80380035400391,0.9645409285209896,1.0876675379708642,61.75813613732915,3.425569917517322,3.611068539037601,-0.18549862152027918,0.02012123077705234,0.02077852546388514,787589.6,1.3812853801015148,1
2024-01-14,88.8499984741211,90.80999755859375,87.80000305175781,86.80000305175781,801856,0.023617457952632703,-0.02104455285536977,-0.010579115204363276,89.89599990844727,80.1288003540039,0.9883643161498682,1.1088397440319524,71.55361342573752,3.2677327694750034,3.542401385125082,-0.2746686156500786,0.013756264056570837,0.02040303899858521,714602.1,1.1221013764163301,1
2024-01-15,89.58000183105469,91.0,87.98999786376953,88.8499984741211,1121152,0.008216132464495374,-0.007093763921403928,-0.004113342187219815,89.85900039672852,80.45740036010743,0.9968951516882889,1.1133842434644514,72.64598395137735,3.1650659523940874,3.4669342985788836,-0.3018683461847962,0.014048935017991619,0.020375683449677117,742017.0,1.510951905414566,0
2024-01-16,89.58000183105469,90.5999984741211,89.0199966430664,89.58000183105469,603846,0.0,0.007762430488739591,-0.026304327923318604,89.61700057983398,80.74800033569336,0.9995871458703158,1.109377340103087,69.7322516582172,3.0485598597820314,3.3832594108195133,-0.33469955103748195,0.011499968821162892,0.020182774017802312,773469.0,0.7806983861020933,1
2024-01-17,89.86000061035156,91.4000015258789,86.0,89.58000183105469,6115817,0.0031256840095286176,0.021136370572176766,-0.023154661407562394,89.40400085449218,81.04060028076172,1.0051004401536967,1.1088269373503576,64.74576516659761,2.944874819647765,3.295582492585164,-0.3507076729373986,0.011622743069485046,0.018918394824912404,1296121.3,4.718552962596942,0
2024-01-18,89.75,90.5,89.0,89.86000061035156,221678,-0.001224133202808897,0.03398613876180567,-0.01912568306010931,89.22900085449218,81.32560028076172,1.0058388992426064,1.1035885341166198,49.76346693806255,2.821305297125363,3.2007270534932037,-0.3794217563678406,0.011575544490692001,0.017667873695523462,1261432.5,0.17573512653273163,1
2024-01-21,91.0,91.69999694824219,90.0999984741211,89.75,2098212,0.013927576601671321,0.024198104252135977,0.0026443131128324193,89.25300064086915,81.60260025024414,1.019573564435781,1.1151605429353675,54.49872843404528,2.792055041050844,3.1189926510047323,-0.3269376099538883,0.012330393018462253,0.017731318459737737,1438992.4,1.4581119399935678,0
2024-01-22,88.05999755859375,91.3499984741211,88.0,91.0,10317179,-0.03230771913633246,-0.016968120578157886,-0.02394151665799038,89.0370002746582,81.78480026245117,0.9890270032340418,1.0767281606851784,34.31527385644101,2.502789773403933,2.995752075484573,-0.49296230208063996,0.016071980306587266,0.018842610799943132,2445128.5,4.219483352306433,0
2024-01-23,84.5,88.4000015258789,84.31999969482422,88.05999755859375,2538371,-0.040426954999913334,-0.05670910613102498,-0.049386876136706004,88.59800033569336,81.9452001953125,0.9537461306105528,1.0311769304193321,26.75356571345762,1.9636472111898513,2.7893311026256287,-0.8256838914357774,0.01988156356247855,0.02133936624566693,2636293.1,0.9628561406923987,1
2024-01-24,85.5,88.0,84.55000305175781,84.5,1291631,0.01183431952662728,-0.04851992633805191,-0.02840909090909094,88.34800033569336,82.1150001525879,0.9677638393073766,1.0412226735812218,31.949453180659717,1.5986364036296408,2.5511921628264314,-0.9525557591967906,0.020446249138275186,0.02093358440315765,2619762.8,0.4930335677718609,1
2024-01-28,89.51000213623047,90.25,87.0,85.5,3116314,0.04690060978047339,-0.002674070905510084,0.03122118651144179,88.61900024414062,82.2752001953125,1.0100542986225887,1.087934176079102,46.85771734952755,1.6143274068230227,2.36381921162575,-0.7494918048027275,0.025243395380750138,0.022234526871896913,2822605.6,1.1040557703137839,0
2024-01-29,85.5,90.80000305175781,85.0,89.51000213623047,2341142,-0.04479948654372068,-0.06043956043956045,-0.03770397897189415,88.28400039672852,82.38640014648438,0.9684654027432169,1.0377926435428613,39.897257925131335,1.288337824020843,2.148722934104769,-0.8603851100839259,0.028238678142595383,0.021656520575855324,2976534.2,0.786532874374499,1
2024-01-30,88.4000015258789,88.5,85.6500015258789,85.5,637006,0.03391814650150771,0.003861049020117413,-0.013172586303371925,88.16600036621094,82.55080017089844,1.0026540974831115,1.0708557802331573,49.01725259171417,1.2495901207670812,1.9688963714372314,-0.7193062506701502,0.030500150051915878,0.02311342184431043,2928119.6,0.217547807814954,0
2024-01-31,79.19999694824219,89.19000244140625,79.19999694824219,88.4000015258789,1296938,-0.1040724481768639,-0.06272192960660128,-0.11587413117482281,87.12799987792968,82.53640014648437,0.9090074035809959,0.9595765844848966,36.76293381845625,0.47108839127510294,1.6693347754048058,-1.1982463841297029,0.04463666595286025,0.032037320354516,2997428.8,0.4326835052762555,1
2024-02-01,83.69999694824219,83.94999694824219,74.0,79.19999694824219,1023701,0.056818184007516814,-0.021052667272021153,-0.0685511197448152,86.51199951171876,82.66080001831055,0.9674958089126623,1.0125718227951028,45.75806598443387,0.21475696912298758,1.3784192141484424,-1.1636622450254548,0.0495276820847405,0.03506372257166067,2488217.2,0.4114194693292852,0
2024-02-04,80.08999633789062,84.0,78.0,83.69999694824219,1292929,-0.04313023586588527,-0.1052397002963198,-0.1076323527811629,85.5459991455078,82.70279998779297,0.9362214146527542,0.9684073132918354,38.50393834810651,-0.27649712221082723,1.0474359468765886,-1.3239330690874158,0.05083952566221823,0.03613524991980872,2595342.3,0.4981728229066355,1
2024-02-05,80.16000366210938,81.5,80.0999984741211,80.08999633789062,419073,0.0008741082209993145,-0.06245609751918857,-0.11912083887791891,84.46199951171874,82.72700012207031,0.9490659009438619,0.9689702702119849,37.41988018758846,-0.6526472120963831,0.7074193150819943,-1.3600665271783774,0.05031799015606256,0.03616357387634936,2427428.4,0.1726407254689778,0
2024-02-06,78.5,81.19000244140625,78.5,80.16000366210938,1603101,-0.02070862757325498,-0.1119909655542336,-0.10856231914193137,83.50599975585938,82.71940017700196,0.9400522145654795,0.9489914074815178,35.831207445660596,-1.0723360679630645,0.3514682384729826,-1.423804306436047,0.049915565697596455,0.03632232066960988,1556020.6,1.0302569259044514,0
2024-02-07,76.55000305175781,79.48999786376953,76.0999984741211,78.5,1081176,-0.02484072545531446,-0.03345952018427689,-0.09408280412120928,82.71100006103515,82.67900024414062,0.9255117577501065,0.9258699648727651,33.67673389463094,-1.5444870811888904,-0.02772282545939203,-1.5167642557294985,0.04910638375295288,0.036515662212152855,1410301.1,0.7666277789898909,1
2024-02-08,79.0,79.5,77.0,76.55000305175781,378822,0.03200518420078535,-0.056152892707374114,-0.07602339181286555,82.06100006103516,82.69600021362305,0.962698479682694,0.9553061792096906,37.53189974154572,-1.7013636218201214,-0.3624509847315379,-1.3389126370885833,0.05044064868636448,0.03751590532551752,1319020.2,0.2871995440251787,0
2024-02-11,77.1500015258789,79.9800033569336,77.0199966430664,79.0,405257,-0.023417702204064472,-0.03670863961097226,-0.13808513367634778,80.825,82.69060028076171,0.9545314138679728,0.9329960269236085,34.15695043548277,-1.9524620590329533,-0.680453199591821,-1.2720088594411323,0.04691579305032082,0.03770189112412378,1047914.5,0.386727161423952,1
2024-02-12,78.06999969482422,78.9000015258789,76.20999908447266,77.1500015258789,635585,0.01192479780621536,-0.02607290259235695,-0.086900588364629,80.08199996948242,82.7320002746582,0.9748757489145509,0.9436493670604261,38.01871497895558,-2.0535511566595375,-0.9550727910053644,-1.0984783656541732,0.04616579309383665,0.03732048818594697,877358.8,0.7244299595558852,1
2024-02-13,79.02999877929688,80.9000015258789,78.80000305175781,78.06999969482422,910670,0.012296645167481746,0.00675157680632954,-0.1059955043534585,79.14499969482422,82.79320022583008,0.9985469591765648,0.9545469744342707,43.003326173011736,-2.0327686006921226,-1.1706119529427161,-0.8621566477494065,0.04445581648291326,0.03741200929401017,904725.2,1.006570834989453,0
2024-02-14,79.02999877929688,79.97000122070312,78.0999984741211,79.02999877929688,260542,0.0,0.032397068957165986,-0.0021464416097946026,79.12799987792968,82.90880020141601,0.998761486467698,0.9532160468768562,41.50695818996926,-1.9933205172339683,-1.3351536658009666,-0.6581668514330017,0.029816090522523167,0.03741200929401017,801085.6,0.3252361545382915,0
2024-02-15,79.0,79.8499984741211,78.48999786376953,79.02999877929688,390634,-0.00037958724231601515,0.0,-0.056152892707374114,78.65800018310547,82.96880020141602,1.0043479342990973,0.9521651489260865,34.593961305491746,-1.9420910608248079,-1.4565411448057348,-0.48554991601907305,0.0222773214308625,0.03737734716864454,737778.9,0.529472989807651,0
2024-02-19,81.47000122070312,82.30000305175781,79.0,79.22000122070312,1141647,0.03126583823674833,0.04355067937965318,0.016342284165999477,78.68000030517578,83.17820022583008,1.0354601030084618,0.9794633810242447,38.32153867397703,-1.6125759682152676,-1.5554730351933397,-0.057102933021927926,0.020701066565572135,0.038059659125498364,680743.4,1.6770592267218456,0
2024-02-20,81.19999694824219,82.58999633789062,80.86000061035156,81.47000122070312,820785,-0.003314155743406655,0.027457904624361262,0.034394865582703105,78.95,83.31120010375976,1.028499011377355,0.9746588315510019,54.8215994944148,-1.4063570968107229,-1.5256498475168165,0.11929275070609369,0.019280270914103902,0.03750538868310816,602511.8,1.3622720750033441,0
2024-02-21,80.76000213623047,82.0,80.75,81.19999694824219,245310,-0.0054186555239919,0.02189046417379914,0.05499672000830813,79.37099990844726,83.51200012207032,1.0175001225811113,0.9670466761445394,41.187066072476505,-1.2638620447105353,-1.4732922869555605,0.20943024224502516,0.0169380731789045,0.03648764148572126,518925.2,0.47272709053250833,0
2024-02-22,80.75,81.41999816894531,78.5,80.76000213623047,513860,-0.00012385012340143664,0.02215189873417711,0.02215189873417711,79.54599990844727,83.73700012207031,1.0151358973793587,0.964328789928993,52.52294942552067,-1.1386155270696747,-1.4063569349783835,0.2677414079087088,0.01417242426518751,0.03635343196684677,532429.0,0.9651239883627676,0
2024-02-25,74.0,78.23999786376953,72.0999984741211,80.75,1745823,-0.08359133126934981,-0.06329113924050633,-0.04082957178973334,79.23099975585937,83.77700012207032,0.9339778650783398,0.8832973237544387,34.412941866005255,-1.5659737764727595,-1.4382803032772589,-0.12769347319550062,0.030110069706898803,0.03870910709412629,666485.6,2.6194459415177165,1
2024-02-26,75.0,77.0,72.5999984741211,74.0,1739248,0.013513513513513598,-0.07941574964723297,-0.03932368011816134,78.92399978637695,83.79140014648438,0.9502812858319647,0.8950799231052922,40.83769194327562,-1.8031806809740658,-1.5112603788166203,-0.29192030215744547,0.030205910287372427,0.03804000509980217,776851.9,2.2388411484866033,0
2024-02-27,71.98999786376953,76.0,69.0,75.0,2294918,-0.040133361816406254,-0.1134236383080558,-0.08908010912650521,78.21999969482422,83.72520004272461,0.9203528272134865,0.8598366779301017,38.6904610978383,-2.2085916092601536,-1.6507266249053272,-0.5578649843548265,0.03166012332846563,0.037569615674406205,915276.7,2.5073488705655897,1
2024-02-28,72.0999984741211,76.0,69.0,71.98999786376953,2578510,0.0015279985222353965,-0.1072313451342064,-0.08768822487937578,77.52699966430664,83.62639999389648,0.929998565484482,0.8621679096479503,30.639726026810777,-2.492277141316521,-1.8190367281875661,-0.6732404131289547,0.03171105704802965,0.03029912866894999,1147073.5,2.2479030332406773,1
2024-02-29,78.5,81.48999786376953,72.5999984741211,72.0999984741211,4313387,0.08876562637065888,-0.02786377708978327,-0.006329113924050667,77.47699966430665,83.59740005493164,1.013203922972312,0.9390244188027121,53.01743028245127,-2.1755944348368246,-1.890348269517418,-0.2852461653194065,0.044321773258981144,0.03426961338266016,1539348.8,2.8020855312324278,0
2024-03-03,77.0,84.0,77.0,78.5,797245,-0.019108280254777066,0.04054054054054057,-0.025316455696202556,77.27699966430664,83.48200012207032,0.996415496648292,0.9223545181884465,47.66884644575003,-2.022346223950038,-1.916747860403942,-0.10559836354609575,0.04474360553094598,0.033179588683158734,1619073.3,0.4924082189484565,1
2024-03-04,79.80000305175781,80.80000305175781,77.0199966430664,77.0,605928,0.03636367599685464,0.06400004069010423,-0.02049832016598685,77.10999984741211,83.42600021362304,1.0348852705183345,0.9565363657303432,51.553053664877964,-1.6558712144375392,-1.8645725312106616,0.20870131677312243,0.045187288557937404,0.03424203817603742,1565501.4,0.38705043636498826,0
2024-03-05,77.9000015258789,81.5,77.06999969482422,79.80000305175781,1497771,-0.023809542020275076,0.08209478868568909,-0.04064033924122845,76.78000030517578,83.36460021972657,1.0145871479063753,0.934449410427874,47.88310822959524,-1.501443665294886,-1.7919467580275066,0.29050309273262065,0.04575746140443964,0.034349172685260276,1633200.0,0.9170775165319618,0
2024-03-06,74.5,82.0999984741211,73.80000305175781,77.9000015258789,2504499,-0.043645718347635754,0.033287123116102935,-0.07751364500549107,76.15400009155273,83.2352001953125,0.9782808507817805,0.8950540135085248,42.514973251445554,-1.6345681440675293,-1.7604710352355113,0.12590289116798203,0.04752590138178806,0.035313844106813715,1859118.9,1.3471429933825105,1
2024-03-07,78.01000213623047,78.5,72.0,74.5,1812198,0.04711412263396597,-0.0062420110034334675,-0.03393186209002519,75.88000030517578,83.13940017700196,1.0280706618672668,0.9383036438818284,48.5254730074778,-1.4402402217648245,-1.696424872541374,0.2561846507765495,0.050539968077417924,0.03620218346447215,1988952.7,0.911131773018031,0
2024-03-10,77.30999755859375,80.5999984741211,77.30999755859375,78.01000213623047,1401909,-0.008973266997407414,0.004025942319399345,0.04472969673775329,76.21100006103515,82.97540008544922,1.0144204576331297,0.931721901659755,43.45911750508386,-1.3274168276153233,-1.622623263556164,0.2952064359408406,0.041989563463832674,0.035852995051940596,1954561.3,0.717249952713174,0
2024-03-11,74.0,78.0,73.98999786376953,77.30999755859375,1402992,-0.04281461212160931,-0.07268173972369352,-0.013333333333333308,76.11100006103516,82.65940002441407,0.9722641923067323,0.8952399845407002,39.667057187592384,-1.4879405624844253,-1.5956867233418164,0.10774616085739108,0.044450688998090515,0.03702240821352376,1920935.7,0.7303690592038037,0
2024-03-12,70.94999694824219,75.79000091552734,70.0,74.0,1213717,-0.04121625745618662,-0.08921700181646186,-0.014446464042065843,76.00699996948242,82.27940002441406,0.9334666146108822,0.8623057159773868,36.90253672650051,-1.8400555205707008,-1.6445604827875933,-0.1954950377831075,0.04455923503031701,0.03785732683223002,1812815.6,0.6695203858572267,0
2024-03-13,65.0,72.0,59.5099983215332,70.94999694824219,3117385,-0.08386183515388579,-0.12751677852348997,-0.09847432211346718,75.29700012207032,81.73940002441407,0.8632482023802146,0.7952101432183951,31.850662960576855,-2.5696034007479653,-1.8295690663796678,-0.7400343343682976,0.05171725572477586,0.04175329692951653,1866703.1,1.6699950838459527,0
2024-03-14,64.0,66.0,62.029998779296875,65.0,837855,-0.01538461538461533,-0.1795923824199429,-0.1847133757961783,73.84700012207031,81.17960006713867,0.8666567347922995,0.7883754040062962,36.71626446827762,-3.1916753478868856,-2.1019903226811114,-1.0896850252057741,0.03865126550846896,0.04172709211258279,1519149.9,0.5515288517611067,0
2024-03-17,62.0,65.97000122070312,61.0,64.0,1281816,-0.03125,-0.1980338642099969,-0.19480519480519476,72.34700012207031,80.58960006713868,0.8569809376392673,0.7693300369817967,33.178060207431,-3.8022254449571307,-2.4420373471363153,-1.3601880978208154,0.03882672780116395,0.04193161649330034,1567607.0,0.8176896377727326,0
2024-03-18,59.9900016784668,62.4900016784668,57.099998474121094,62.0,897264,-0.03241932776666456,-0.1893243016423406,-0.24824562175069553,70.36599998474121,79.9742000579834,0.8525424450938743,0.7501169331480961,34.05952081375861,-4.397588202556591,-2.8331475182203705,-1.5644406843362204,0.03328167023534076,0.040943136476186776,1596740.6,0.561934731289478,0
2024-03-19,59.0,59.75,57.02000045776367,59.9900016784668,1044733,-0.016502777975786476,-0.16842843498583482,-0.24261875681222156,68.47599983215332,79.34980003356934,0.8616157506954165,0.7435431466120866,32.99585354815261,-4.892900033116987,-3.245098021199694,-1.6478020119172934,0.033454528904063446,0.040861503648184076,1551436.8,0.6733970729584344,1
2024-03-20,59.040000915527344,63.459999084472656,59.0,59.0,513205,0.0006779816191075927,-0.0916922936072716,-0.2075167662345323,66.92999992370605,78.75280006408691,0.8821156578937313,0.7496876411693575,19.745036921654247,-5.222014356868783,-3.640481288333512,-1.581533068535271,0.03392166018461334,0.04095974665850197,1352307.4,0.3795032105865871,1
2024-03-21,62.0,62.880001068115234,59.04999923706055,59.040000915527344,335642,0.05013548507066812,-0.03125,-0.20523012046931977,65.32899971008301,78.23280006408692,0.9490425427473795,0.7925064672261597,27.691856974085937,-5.184232041310466,-3.949231438928903,-1.2350006023815627,0.034616570855647816,0.043374485539898484,1204651.8,0.2786215900727496,0
2024-03-24,61.0,62.970001220703125,60.5,62.0,262462,-0.016129032258064502,-0.016129032258064502,-0.21096880188402922,63.69799995422363,77.71680000305176,0.9576438827567185,0.7849010766990493,20.458832928286583,-5.175323024376624,-4.1944497560184475,-0.9808732683581765,0.03438687046462265,0.04002687463358966,1090707.1,0.24063472219076962,1
2024-03-25,64.0,64.63999938964844,60.70000076293945,61.0,717775,0.049180327868852514,0.06684444422965541,-0.1351351351351351,62.69799995422363,77.21980003356934,1.0207662133836322,0.8288029750423807,28.88821525271439,-4.8700487458743,-4.329569553989618,-0.5404791918846819,0.04026366271160568,0.04182997231892962,1022185.4,0.7021964899909546,0
2024-03-26,61.099998474121094,65.25,60.0,64.0,1067002,-0.04531252384185791,0.03559319447662879,-0.13883014655105108,61.71300010681152,76.65019996643066,0.9900668962515279,0.7971277113547015,29.333745944972833,-4.806713763404147,-4.4249983958725245,-0.3817153675316227,0.0405944447487397,0.042060799007575526,1007513.9,1.0590444459376689,0
2024-03-27,59.2599983215332,61.25,59.25,61.099998474121094,537447,-0.030114569534191116,0.0037262432688749403,-0.0883077181302584,61.138999938964844,76.04379989624023,0.9692667263235013,0.7792877052750115,19.512192701362338,-4.849095612519669,-4.509817839201954,-0.3392777733177148,0.03321749777684307,0.042304359189998905,749520.1,0.7170548194771561,0
2024-03-28,59.209999084472656,60.439998626708984,59.0099983215332,59.2599983215332,158107,-0.000843726602712036,-0.04500001476657001,-0.07484376430511475,60.65999984741211,75.43079986572266,0.9760962616784228,0.7849578579290516,19.93355582778048,-4.831028959227318,-4.574060063207027,-0.2569688960202905,0.03321120770689452,0.03563382496192576,681545.3,0.2319831124945033,1
2024-03-31,63.810001373291016,64.4000015258789,57.25,59.209999084472656,919319,0.0776896193201373,0.0460655962834593,0.02919357053695193,60.84099998474121,74.91199989318848,1.0487993522344212,0.8517994642283347,33.76871999602366,-4.394867963275132,-4.538221643220648,0.14335367994551618,0.041339403773721015,0.040988467613563555,645295.6,1.424647866807088,0
2024-04-01,62.060001373291016,63.810001373291016,60.9900016784668,63.810001373291016,602843,-0.027425167878659562,-0.03031247854232788,0.03450574490594227,61.047999954223634,74.3331999206543,1.016577142901098,0.8348894093021141,35.22765781012038,-4.142663559457603,-4.459110026468039,0.31644646701043655,0.04088307257890436,0.039772957075886864,615853.5,0.9788740341655929,0
2024-04-02,60.81999969482422,64.30000305175781,60.81999969482422,62.060001373291016,768544,-0.01998069047740081,-0.004582631526831693,0.030847452454647817,61.22999992370605,73.78839996337891,0.9933039322326849,0.8242487941872857,41.76517040781481,-3.996775188259363,-4.3666430588263045,0.36986787056694137,0.04109240748680982,0.03972101172493789,588234.6,1.3065263417010833,0
2024-04-03,59.599998474121094,61.0,59.189998626708984,60.81999969482422,331626,-0.020059211226976514,0.005737431019540606,0.0094850533521329,61.28599967956543,73.29039993286133,0.9724896189299413,0.8132033462597896,41.406249068677646,-3.934249921442081,-4.28016443134946,0.34591450990737904,0.04178420515556149,0.03906273812598194,570076.7,0.5817217227085408,1
2024-04-04,60.599998474121094,61.5,60.040000915527344,59.599998474121094,502867,0.016778523919496635,0.023475754283754924,-0.02258066977224038,61.14599952697754,72.79239990234375,0.991070535160431,0.8325044723820119,47.15446914934133,-3.760656052323789,-4.176262755544326,0.4156067032205373,0.038707324297477204,0.037260381809442154,586799.2,0.8569660626667521,0
2024-04-07,58.0,61.560001373291016,57.25,60.599998474121094,686700,-0.0429042663298318,-0.0910515788787134,-0.049180327868852514,60.845999526977536,72.16219985961914,0.953226184973497,0.8037448984763547,46.0500174985375,-3.7892002661658495,-4.098850257668631,0.3096499915027815,0.04069727237306671,0.03788772167706427,629223.0,1.09134599339185,1
2024-04-08,58.29999923706055,58.70000076293945,56.79999923706055,58.0,1319010,0.005172400638974839,-0.06058656224665626,-0.08906251192092896,60.27599945068359,71.61819984436035,0.9672174624787473,0.8140388806721933,48.57142723684082,-3.7444506339841084,-4.0279703329317265,0.2835196989476181,0.036427090245155204,0.03745644051158781,689346.5,1.9134208993590307,1
2024-04-15,61.93000030517578,62.150001525878906,58.70000076293945,58.29999923706055,1460729,0.062264170079228576,0.018250585595547486,0.013584318359782577,60.35899963378906,71.08879981994629,1.0260276127987262,0.8711639591895219,55.144177610324036,-3.377145843975157,-3.897805435140413,0.5206595911652561,0.040111718724569485,0.040141151530240636,728719.2,2.0045155939352224,1
2024-04-16,65.05000305175781,66.5,62.619998931884766,61.93000030517578,2366368,0.05037950478293918,0.09144303216724348,0.09770511127606141,60.93800010681152,70.8057999420166,1.067478468898533,0.9187100930294939,55.398234031951624,-2.8019963353351045,-3.6786436151793516,0.8766472798442471,0.04100482462563359,0.037580760711612225,911611.3,2.595808103738951,1
2024-04-17,65.95999908447266,66.9800033569336,65.0999984741211,65.05000305175781,1871089,0.013989177402356168,0.08844885718339612,0.11400101510506744,61.613000106811526,70.45099998474122,1.070553275609453,0.936253553516043,58.806815410941454,-2.2468567651545612,-3.3922862451743936,1.1454294800198324,0.04083259691486815,0.037493048496096894,1082909.5,1.727835059162377,0
2024-04-18,62.0,69.0,59.650001525878906,65.95999908447266,2741403,-0.060036372641564584,0.06896551724137923,-0.028365480870348736,61.43199996948242,70.0892000579834,1.0092459960737035,0.8845870683173531,46.5659343898332,-2.102210513031963,-3.134271098745908,1.0320605857139449,0.03925720496431869,0.039349938369246065,1265117.9,2.16691503614011,1
2024-04-21,65.79000091552734,68.19999694824219,63.0,62.0,2034591,0.06112904702463462,0.12847344385050175,0.060103117300954745,61.804999923706056,69.80180000305175,1.0644770001899602,0.9425258505174793,57.81406549075868,-1.6625906069903422,-2.839935000394795,1.1773443934044527,0.04276170891006003,0.040737996691297206,1408292.7,1.444721683212588,0
2024-04-22,65.5,68.0199966430664,64.9000015258789,65.79000091552734,1683782,-0.004407978590845407,0.05764572383710864,0.07694837764976259,62.272999954223636,69.54180000305176,1.0518202117795594,0.9418795601656214,60.962756575560284,-1.32234613133609,-2.536417226583054,1.2140710952469638,0.041959219042698524,0.040484660743187365,1499816.5,1.1226586719108638,0
2024-04-23,62.0,65.69999694824219,62.0,65.5,788546,-0.05343511450381677,-0.046887054706685305,0.0402684830087876,62.513000106811525,69.2507999420166,0.9917937052143554,0.8952965171797631,54.37167125561983,-1.3199056318196725,-2.2931149076303776,0.9732092758107052,0.04562666093164963,0.0426120402984081,1545508.5,0.5102178344538383,0
2024-04-24,60.02000045776367,61.900001525878906,57.61000061035156,62.0,778852,-0.03193547648768269,-0.09005455896234682,-0.009570924603324982,62.45500030517578,68.87119995117187,0.9610119312222577,0.8714818458269421,43.53021372983609,-1.4609005813590414,-2.1266720423761107,0.6657714610170693,0.04680204940829778,0.04180890035346102,1573107.0,0.49510427453440864,0
2024-04-29,61.5,62.0,59.0099983215332,59.0,1222366,0.024658439369353413,-0.06520749134865633,0.05488852152343182,62.9770004272461,68.19719993591309,0.9765469867217256,0.901796555544705,51.22390269088593,-1.4924419288721609,-1.908313416133852,0.4158714872616911,0.04479887939318741,0.04047347111325668,1494772.6,0.8177605075179997,0
2024-04-30,57.150001525878906,62.349998474121094,57.0,61.5,1077680,-0.07073168250603401,-0.12748089273467322,-0.07718389723465557,62.499000549316406,67.75959999084472,0.9144146470115672,0.8434229472074906,46.03688569605583,-1.7736504635821717,-1.881380825623516,0.10773036204134434,0.04604956547389516,0.042289333471234966,1456467.7,0.7399271538943157,1
2024-05-02,60.5,61.099998474121094,58.599998474121094,58.459999084472656,1038545,0.058617644526293367,-0.024193548387096753,-0.06994623886700735,62.044000244140626,67.38900001525879,0.9751144310801197,0.8977726333125744,49.84967154143615,-1.7065216542247228,-1.8464089913437576,0.13988733711903478,0.04724897019322,0.04386392987829962,1323685.4,0.784585974884969,1
2024-05-07,60.86000061035156,62.0,59.099998474121094,60.5,523584,0.00595042331159612,0.013995337323914336,-0.07731956556866693,61.534000396728516,67.02620002746582,0.9890467094284222,0.908003147805075,54.60993056069661,-1.6057623200935538,-1.7982796570937167,0.19251733700016294,0.04693436258078777,0.04386749674281219,1188934.9,0.4403807138641485,1
2024-05-08,61.72999954223633,62.5,60.900001525878906,60.86000061035156,686511,0.014295085822539244,0.028490487694614153,-0.004354846092962439,61.50700035095215,66.68080001831055,1.003625590420794,0.9257537330878645,55.42893431909276,-1.4391189119476309,-1.7264475080644996,0.2873285961168688,0.0433544273184747,0.040275572255540786,983445.7,0.6980670107154874,1
2024-05-09,63.02000045776367,63.95000076293945,61.5099983215332,61.72999954223633,1203847,0.020897471652250976,0.024715454597783237,-0.042103669542736144,61.23000030517578,66.31180000305176,1.029234037949802,0.9503587665372287,51.86324836708112,-1.1892515657291582,-1.6190083195974314,0.42975675386827317,0.03871241280224632,0.040048368906932405,900371.3,1.3370561678276507,0
2024-05-12,59.0,64.37999725341797,58.9900016784668,63.02000045776367,833633,-0.06378928004702089,0.03237092606696379,-0.0992366412213741,60.58000030517578,65.86780006408691,0.9739187801714028,0.8957335745629155,39.96682541208861,-1.3006176236903713,-1.5553301804160193,0.2547125567256481,0.043148655040559994,0.042415044587482416,815356.4,1.0224154737731868,1
2024-05-13,61.0,61.4900016784668,57.20000076293945,59.0,419479,0.03389830508474567,0.008264462809917328,-0.016129032258064502,60.48000030517578,65.47260002136231,1.0085978785086038,0.9316874536843963,42.06146058955882,-1.2135042203985478,-1.4869649884125251,0.27346076801397734,0.04210425774189257,0.04283007128557411,778449.7,0.5388646177138998,0
2024-05-14,60.83000183105469,61.9900016784668,60.25,61.0,227245,-0.002786855228611662,-0.0004929145415054625,0.013495524277128634,60.561000442504884,65.0742000579834,1.0044418253758074,0.9347790948924921,47.86885555734053,-1.144984978072685,-1.4185689863445572,0.2735840082718721,0.04069574493309331,0.04269894602414839,723289.0,0.31418285083832326,0
2024-05-15,60.400001525878906,61.0099983215332,58.5,60.83000183105469,278941,-0.00706888529068328,-0.021545407844162145,0.006331240673392635,60.59900054931641,64.80220008850098,0.9967161335726065,0.9320671434517663,38.81278495428697,-1.1125555677963845,-1.3573663026349228,0.2448107348385382,0.04079755977024489,0.041491739739063525,751183.1,0.3713355638591976,1
2024-05-16,64.0,65.0,59.29999923706055,60.400001525878906,731348,0.05960262223799195,0.015550611474417941,0.04065040650406515,60.84900054931641,64.58220008850098,1.0517839146450696,0.9909851307681814,47.2627731128939,-0.7872898487862443,-1.2433510118651872,0.45606116307894284,0.044353207652361115,0.04339338555330142,702081.3,1.0416856281459141,1
2024-05-19,68.9800033569336,70.77999877929688,64.06999969482422,64.0,3228971,0.0778125524520874,0.16915259927006088,0.20699915162203064,62.03200073242188,64.52200019836425,1.112006747202662,1.0690927613041104,62.08449449576646,-0.12621484560369822,-1.0199237786128894,0.8937089330091912,0.04095774812148702,0.04458537748371593,917210.4,3.5204256297137495,1
2024-05-20,70.0,71.9000015258789,68.31999969482422,68.9800033569336,1569487,0.014786845367178225,0.14754098360655732,0.15702479338842967,62.982000732421874,64.48000022888183,1.111428649232564,1.085607936593115,67.87249563092742,0.4745270098477903,-0.7210336209207535,1.1955606307685438,0.038613523453751956,0.043430913383206135,970304.6,1.6175199004518788,1
2024-05-21,75.0199966430664,79.0,70.4000015258789,70.0,2898653,0.07171423775809149,0.23327296374940265,0.23266506557192512,64.39800033569335,64.41040016174317,1.164942952451983,1.1647186860302237,72.76867074208621,1.3402415631686608,-0.3087785841028706,1.6490201472715316,0.04226087282139146,0.04593553479671672,1207811.5,2.3999216765198876,0
2024-05-22,74.0999984741211,75.9800033569336,73.05000305175781,75.0199966430664,1021283,-0.012263372568816822,0.22682113579702978,0.20038877407444455,65.63500022888184,64.35240013122558,1.1289707963086797,1.1514721801054582,69.45645848010537,1.9298443756475763,0.13894600784721878,1.7908983678003576,0.0436074940572642,0.04341396229127947,1241288.7,0.8227602490862924,1
2024-05-23,75.55000305175781,77.0,73.9000015258789,74.0999984741211,989554,0.019568213326524253,0.18046879768371582,0.1988258093141686,66.88800048828125,64.26740013122559,1.1295000971810205,1.1755571704704817,81.20760548260586,2.4854612534337264,0.6082490569645203,1.8772121964692061,0.04360404284170591,0.041794595191884026,1219859.4,0.8112033239240523,0
2024-05-27,77.2699966430664,79.75,77.26000213623047,78.5,1194077,0.022766294134101583,0.10385709490094874,0.2667212564437116,70.17000045776368,64.27580009460449,1.1011827866465003,1.2021631240581427,79.84722055702093,3.3155596192127064,1.5151832046680123,1.800376414544694,0.03352970053113036,0.039239554349010664,1213955.9,0.9836246934505611,1
2024-05-28,77.3499984741211,78.0,73.62000274658203,77.2699966430664,858422,0.0010353544005474724,0.031058410228148592,0.27157646138081626,71.8220001220703,64.2626000213623,1.076968036850203,1.2036549789209938,79.25094185185455,3.6156540830827026,1.9352773803509504,1.6803767027317522,0.033205400091342444,0.03797774018818444,1277073.6,0.6721789566396172,0
2024-05-29,75.37999725341797,77.5999984741211,74.0999984741211,77.3499984741211,1377034,-0.02546866528203262,0.017273937998040667,0.24801316803147344,73.31999969482422,64.2240000152588,1.0280959842767043,1.1737044910860217,72.57121942581408,3.6524156986161245,2.2787050440039853,1.3737106546121391,0.03559131485777147,0.038868943378482096,1386882.9,0.9928985352692719,1
2024-05-30,75.5999984741211,76.0,74.0,75.37999725341797,2735919,0.0029185623337648625,0.0006617527510757171,0.1812499761581421,74.47999954223633,64.25599998474121,1.0150375797364182,1.1765438012337173,85.19932687886829,3.6571445181514974,2.554392938833488,1.1027515793180096,0.03356225371284296,0.038805387090946004,1587340.0,1.7235872591883277,0
2024-06-02,75.0999984741211,75.94999694824219,74.16000366210938,75.5999984741211,820288,-0.006613756747245958,-0.0059563806678926134,0.08872129340904622,75.09199905395508,64.33900001525879,1.0001065282622223,1.16725467377967,81.92935275558392,3.5792865332501265,2.759371657716816,0.8199148755333105,0.026526606650838957,0.03404692774425859,1346471.7,0.6092129526376232,1
2024-06-03,75.19999694824219,76.0,75.0,75.0999984741211,974711,0.001331537631862334,-0.026789178008977732,0.07428567068917413,75.6119987487793,64.54299995422363,0.9945511055473353,1.1651146832588648,82.64424966740546,3.48547418366185,2.9045921629058227,0.5808820207560275,0.026532941546496082,0.03249614251620748,1286994.1,0.7573546762957187,0
2024-06-04,75.0,76.5,75.0,75.19999694824219,235536,-0.002659533994128216,-0.030381364194949967,-0.00026655083925886114,75.60999908447266,64.76299995422363,0.9919322961002663,1.1580686511281468,83.51699817882286,3.356299803541603,2.994933691032979,0.36136611250862405,0.013993658955536952,0.032629303483004475,1020682.4,0.23076326191183466,0
2024-06-05,72.93000030517578,75.0,70.12000274658203,75.0,1170758,-0.027599995930989607,-0.03250195061702654,-0.015789449298759806,75.49299926757813,64.98159996032715,0.9660498458497055,1.1223177076234092,72.0493917769036,3.051718193278603,3.0062905914821036,0.045427601796499406,0.01616627479034861,0.033732697080652345,1035629.9,1.1304791412453425,0
2024-06-06,72.5,73.88999938964844,71.9000015258789,72.93000030517578,440900,-0.005896068879424732,-0.04100527164934087,-0.040370654249587745,75.18799896240235,65.23179992675782,0.9642496276068409,1.1114211179425206,61.21018801853798,2.744006443590976,2.953833761903878,-0.20982731831290202,0.014391991105152989,0.03376334870879862,980764.5,0.4495472664436774,0
2024-06-09,72.0,73.0,70.05999755859375,72.5,554734,-0.006896551724137945,-0.041278276126587854,-0.046988787668556076,74.83299865722657,65.4917999267578,0.9621423876089323,1.0993742740392016,56.58761846173641,2.4317649708318214,2.8494200036894672,-0.4176550328576458,0.014343180778888333,0.02957171685401686,1036237.9,0.5353345983581569,1
2024-06-10,74.5999984741211,75.05000305175781,70.30000305175781,72.0,924432,0.03611108991834855,-0.007978703437103274,-0.03455413853942357,74.56599884033203,65.8029998779297,1.0004559669865332,1.133686892884984,48.35423844140252,2.366826202693062,2.7529012434901863,-0.3860750407971243,0.017464573529609492,0.02966820669592357,1009273.4,0.9159381392593919,1
2024-06-11,75.93000030517578,80.0,74.19999694824219,74.5999984741211,1433945,0.01782844314019738,0.012400004069010429,-0.018358089165579017,74.4239990234375,66.08159988403321,1.0202354254205557,1.14903392833142,56.947616118010586,2.395072884233244,2.681335571638798,-0.28626268740555405,0.018699363449671814,0.02953940441057282,1066825.7,1.3441230371559292,0
2024-06-12,74.88999938964844,77.38999938964844,74.5,75.93000030517578,289009,-0.013696838026437508,0.026875073032648134,-0.006500369880914403,74.37499923706055,66.35939987182617,1.0069243718705312,1.1285514868172286,47.41377764012441,2.3069461613040403,2.6064576895718465,-0.29951152826780625,0.017358901622947873,0.0297953557069195,958023.2,0.3016722350773969,1
2024-06-13,78.5,79.0,74.88999938964844,74.88999938964844,1430521,0.04820404112395482,0.08275862068965512,0.038359809317610294,74.66499938964844,66.64939987182618,1.0513627622272939,1.177805053773384,59.010378216743845,2.4995882799339455,2.5850838076442666,-0.0854955277103211,0.023259097811216167,0.02891723607395784,827483.4,1.7287609636640444,1
2024-06-23,81.62000274658203,82.0,79.0,78.5,950119,0.03974525791824246,0.13361114925808382,0.08681763521883012,75.31699981689454,67.05979995727539,1.083686325066199,1.2171226695961384,62.23974411265912,2.8709224862239324,2.6422515433602,0.22867094286373257,0.025425238218148575,0.025288989589092526,840466.5,1.1304662351206145,0
2024-06-24,80.41000366210938,82.25,79.91999816894531,81.62000274658203,1205170,-0.014824786127850542,0.07788210867060252,0.06928200698536036,75.83800048828125,67.48280006408692,1.060286441419755,1.1915629402713843,58.09525116651012,3.0326126355675598,2.720323761801672,0.31228887376588776,0.026435025552444636,0.025778775517537784,863512.4,1.3956603286762297,1
2024-06-25,85.5,87.0,79.52999877929688,80.41000366210938,3668487,0.06330053607856168,0.12603713494482727,0.1399999999999999,76.88800048828125,68.00860008239746,1.1120070681644443,1.2571939415957747,72.97911963980383,3.5307728577560766,2.8824135809925533,0.6483592767635233,0.031493402524453415,0.02471852121158885,1206807.5,3.039827810151992,0
2024-06-26,85.0,89.45999908447266,84.22000122070312,85.5,1485548,-0.005847953216374324,0.13499800631256242,0.1655011606241228,78.09500045776367,68.43240005493163,1.0884179461138588,1.2421016935219182,71.076240931539,3.8409465605219424,3.074120176898431,0.7668263836235112,0.0289804163559678,0.024498152856945246,1238286.5,1.1996803647621128,0
2024-06-27,83.81999969482422,87.0,83.05000305175781,85.0,2346243,-0.013882356531479734,0.06777069674935321,0.1561379268251617,79.2270004272461,68.8676000213623,1.0579726512780938,1.2171180594187074,68.97302620089945,3.946057596059262,3.248507660730598,0.6975499353286643,0.029744782908934685,0.024747410483614667,1428820.8,1.6420834579115868,1
2024-07-02,84.1500015258789,85.19999694824219,83.52999877929688,83.38999938964844,349993,0.003937029733430908,0.030997288583193727,0.1687500211927626,80.44200057983399,69.3342000579834,1.0460953347668789,1.2136867729851246,69.28049317249696,4.0097651620366435,3.4007591609918073,0.6090060010448362,0.02904761244117543,0.024717059199045068,1408346.7,0.24851338097359124,1
2024-07-03,85.5,90.5,84.1500015258789,84.1500015258789,927427,0.01604276232491708,0.06330053607856168,0.1461126239789421,81.53200073242188,69.85220008850098,1.0486679982329958,1.2240129858712203,71.5517235979422,4.121675353691984,3.544942399531843,0.5767329541601409,0.02819112550769207,0.02451749240744252,1408646.2,0.658381785291438,0
2024-07-04,84.68000030517578,86.0,84.1500015258789,85.5,208271,-0.009590639705546411,-0.009590639705546411,0.11523771848850561,82.40700073242188,70.33380012512207,1.0275826028438337,1.2039730564043487,75.42189461201674,4.096970538408144,3.6553480273071033,0.44162251110104034,0.029104710224338536,0.024730201626574307,1286078.8,0.16194264301689756,0
2024-07-07,84.05000305175781,87.0,84.0,84.68000030517578,274249,-0.007439740802403616,-0.011176434685202241,0.12231277522717554,83.32300109863282,70.85480018615722,1.0087251052355208,1.1862287781622807,74.77478391562433,3.9806695997973236,3.720412341805148,0.2602572579921758,0.028569007870365804,0.02388199557950392,1284602.8,0.21348933693745645,0
2024-07-08,84.0,85.5,82.05000305175781,84.05000305175781,695862,-0.0005949202848573032,0.0021474624890376326,0.07006369426751591,83.87300109863281,71.36880020141602,1.0015141809605435,1.1769848976434574,76.24671845932959,3.840198027243545,3.7443694788928275,0.09582854835071775,0.025716372739241024,0.023916612197151466,1211136.9,0.5745527198452958,1
2024-07-09,86.51000213623047,90.0,84.0,84.0,2332550,0.029880977812267506,0.02804516420152159,0.059911776832833,84.36200103759765,71.86040023803712,1.025461713475425,1.2038619580417955,76.15283580889326,3.886607102038937,3.7728170035220496,0.11379009851688737,0.024484032679040788,0.024328544594859676,1349380.0,1.7286086943633372,0
2024-07-10,82.0999984741211,87.0,82.0,86.51000213623047,2369101,-0.050976806764664984,-0.03976609971788192,0.021017220930784175,84.53100051879883,72.20140014648437,0.9712412957405241,1.1370970411592316,61.93422961727306,3.5268805055190455,3.723629703921449,-0.19674919840240346,0.029970895157323162,0.02760342824808205,1465773.1,1.6162808554748342,0
2024-07-14,80.5999984741211,83.37999725341797,80.5999984741211,82.0999984741211,652656,-0.018270402288409482,-0.0481814102072613,-0.05730995936700478,84.04100036621094,72.49420013427735,0.9590556766685834,1.111813059870028,60.85138342557137,3.08519293838215,3.5959423508135897,-0.5107494124314398,0.02147562466089067,0.02804142917115694,1164190.0,0.5606095225006228,1
2024-07-15,80.7699966430664,82.5,80.69999694824219,80.5999984741211,897687,0.002109158463568628,-0.0390244650755287,-0.04976474537568931,83.61800003051758,72.86960006713868,0.965940307273413,1.1084182782483871,54.96282547103249,2.7175436392775936,3.4202626085063907,-0.7027189692287972,0.021615429382408714,0.027050035783481134,1105403.9,0.8120895900584394,0
2024-07-16,79.95999908447266,81.8499984741211,78.5199966430664,80.7699966430664,929341,-0.01002844610942899,-0.04809524899437312,-0.046051069248451815,83.23199996948242,73.15300003051757,0.9606881861999056,1.093051536520927,45.96302563417494,2.333914968475611,3.202993080500235,-0.8690781120246243,0.021470932000301937,0.02715693143001762,963713.7,0.9643330794197489,1
2024-07-17,80.02999877929688,80.5,79.51000213623047,79.95999908447266,937432,0.0008754339122774013,-0.07490467225661712,-0.04896022188799365,82.81999969482422,73.44360000610351,0.9663124737284718,1.0896796830853335,49.02161452460853,2.0123378947167367,2.964862043343536,-0.9525241486267992,0.021358903956193144,0.027029196798370386,1022457.6,0.9168419306580537,1
2024-07-18,81.69999694824219,82.0,80.19999694824219,80.02999877929688,987726,0.020867152248130738,-0.004872125862523502,-0.04444448013751823,82.43999938964843,73.83759994506836,0.9910237451857724,1.1064822936962073,38.12499046325683,1.8706766464771647,2.746024963970262,-0.8753483174930974,0.02192885561130565,0.02633074731781609,1028487.5,0.9603675299894262,1
2024-07-21,84.69999694824219,84.7300033569336,81.01000213623047,81.69999694824219,2512046,0.03671970761394916,0.0508684683838736,0.00023614363479373957,82.44199905395507,74.33119987487792,1.0273889270056316,1.1394945472536178,49.189180941195104,1.9776864759592598,2.5923572663680616,-0.6146707904088018,0.02531927523029731,0.02714584977111958,1258865.0,1.9954848216448944,0
2024-07-22,83.2699966430664,86.5,83.04000091552734,84.69999694824219,2769076,-0.016883121094438902,0.03095208745702749,-0.009280266274482862,82.36399841308594,74.79619979858398,1.010999930156821,1.11329180984196,48.53332519531249,1.924914249915986,2.4588686630776464,-0.5339544131616605,0.02581192233218363,0.0272754992364921,1508347.7,1.8358340056473716,0
2024-07-23,83.19999694824219,85.0,83.12000274658203,83.2699966430664,1171775,-0.0008406352545475837,0.04052023387777526,-0.009523845854259694,82.28399810791015,75.23019973754883,1.0111321625272847,1.1059388016846574,47.43103113197699,1.8560481228030454,2.3383045550227264,-0.48225643221968095,0.02581200204716218,0.025389387437257504,1555939.0,0.7530982898429823,0
2024-07-24,81.16000366210938,84.5,81.05999755859375,83.19999694824219,663822,-0.024519150973068782,0.014119766338229978,-0.06184254238829234,81.74899826049804,75.71039978027343,0.9927950848215681,1.0719795945821415,38.68613661315216,1.6182071271933864,2.1942850694568587,-0.5760779422634723,0.024352691497270745,0.02457642757196259,1389066.2,0.4778908305450093,0
2024-07-28,80.0199966430664,82.0,79.80999755859375,81.16000366210938,770159,-0.01404641409072771,-0.020563039999133448,-0.025334980142664998,81.54099807739257,76.10079971313476,0.9813467890976445,1.0515000754881056,38.05127266125801,1.3224826290890093,2.019924581383289,-0.6974419522942799,0.019002701333647423,0.02455231749474934,1229172.0,0.6265673152333441,1
2024-07-29,80.31999969482422,82.30000305175781,79.98999786376953,80.0199966430664,1369150,0.00374910102903403,-0.05171189387520836,-0.003473930329995878,81.51299819946288,76.48999969482422,0.9853643157411608,1.0500719050239342,40.27125135961978,1.0996504865082812,1.8358697624082876,-0.7362192759000064,0.018219200697025234,0.019585340124487746,1300821.4,1.052527272383434,1
2024-07-30,82.30000305175781,83.4000015258789,80.30000305175781,80.31999969482422,1701411,0.024651436310465735,-0.011648776635195923,0.018942756868651545,81.66599884033204,76.90139976501465,1.007763380359375,1.0702016257602531,45.971572377983954,1.0704842552786573,1.6827926609823616,-0.6123084057037043,0.019857512297394422,0.020512205217199604,1381193.8,1.2318408901053566,0
2024-07-31,82.30000305175781,82.80000305175781,82.12000274658203,82.30000305175781,980984,0.0,-0.010817234729518677,0.029264682267105657,81.89999923706054,77.28699981689454,1.0048840515070026,1.0648621792376454,38.676712786394646,1.035433968642593,1.553320922514408,-0.5178869538718149,0.01942808229415212,0.020301812832098035,1386358.1,0.7075978421448254,1
2024-08-01,85.51000213623047,87.0999984741211,82.11000061035156,82.30000305175781,4568872,0.03900363262992723,0.05359781022474186,0.06847436511958604,82.4479995727539,77.81719985961914,1.037138591346593,1.0988573514658586,59.8044962098711,1.252241403587746,1.4931050187290758,-0.2408636151413297,0.02245749536848498,0.022154665948309882,1749502.1,2.6115270167437923,0
2024-08-04,85.05999755859375,86.19000244140625,83.0,85.51000213623047,1459916,-0.005262595794580771,0.06298426802001189,0.041126079998266896,82.78399963378907,78.29839981079101,1.0274932104618404,1.0863567807789458,63.64748470502872,1.3719364201738955,1.46887129901804,-0.09693487884414442,0.022166200617956974,0.021905905796780742,1796721.1,0.8125445846881856,0
2024-08-05,82.69999694824219,84.26000213623047,81.19999694824219,85.05999755859375,1373456,-0.027745129062881402,0.02963144002067697,-0.023612751736250326,82.58399963378906,78.73579971313477,1.001404597924144,1.0503480913326662,55.207770204198425,1.2618178070418509,1.4274606006228021,-0.16564279358095124,0.021020695320287074,0.022685209076320736,1682862.1,0.816142926981361,1
2024-08-06,85.0,85.44999694824219,82.75,82.69999694824219,1570683,0.02781140431235163,0.03280676607683941,0.020775830751491364,82.75699996948242,79.22779968261719,1.0271034478212684,1.072855744328455,62.58740739075243,1.3446388771550772,1.4108962559292573,-0.06625737877418003,0.02226407020976414,0.0235079453487827,1563022.8,1.0049008882020147,1
2024-08-07,95.0199966430664,95.0199966430664,85.11000061035156,85.0,5500784,0.11788231344784017,0.15455641700655942,0.1420673092353273,83.93899993896484,79.84819961547852,1.1320124937413951,1.1900080039456125,75.00833072613638,2.1935196315094174,1.5674209310452893,0.6260987004641281,0.04269504641920785,0.03516756697745322,1995923.7,2.756009160069596,0
2024-08-08,92.80999755859375,99.0,92.5,95.0199966430664,4087071,-0.023258252605231178,0.0853700764822023,0.14354353586510893,85.10399932861328,80.32479949951171,1.0905480152610123,1.1554339150159714,68.20714037081197,2.6573035476238545,1.7853974543610023,0.8719060932628522,0.04256982738866544,0.03533489614765816,2338248.6,1.7479197891960674,1
2024-08-11,97.0,100.0,93.5,92.80999755859375,2613954,0.04514602469158535,0.1403715351999788,0.21219700161540667,86.80199966430663,80.86479949951172,1.117485776538934,1.1995330551779295,69.4006282575336,3.3246295621547546,2.093243875919753,1.2313856862350017,0.04230817467972332,0.033960842678301816,2522628.1,1.0362026808470102,0
2024-08-12,96.51000213623047,101.9800033569336,96.19999694824219,97.0,2844053,-0.005051524368758109,0.16698918618620118,0.2015687562614561,88.42099990844727,81.294599609375,1.0914828178391864,1.1871637550337453,71.52145853341058,3.7704876691685456,2.4286926345695115,1.3417950345990342,0.04277727625035251,0.033530164325555625,2670118.4,1.0651411562873017,0
2024-08-13,92.05000305175781,94.98999786376953,91.0,96.51000213623047,2881964,-0.04621281717699133,0.08294121237362129,0.11846901140293165,89.39599990844727,81.65359970092773,1.0296881644148348,1.1273232703629594,62.58891009732196,3.721054775683882,2.6871650627923858,1.0338897128914963,0.04741388492621768,0.0357619407519891,2788173.7,1.033638614409138,0
2024-08-14,91.87999725341797,97.0,91.0,92.05000305175781,3060585,-0.0018468853091102577,-0.03304566933888187,0.11640332741707637,90.35399932861328,81.98019958496094,1.0168891021553423,1.120758399205863,66.10574911641902,3.626358401995745,2.8750037306330576,0.7513546713626873,0.04747038594774972,0.03560161575174264,2996133.8,1.0215114558635532,0
2024-08-15,91.05000305175781,93.69999694824219,91.0,91.87999725341797,696681,-0.009033459147488987,-0.01896341507524335,0.06478775321162167,90.90799942016602,82.29019958496093,1.0015620587021772,1.1064501424346744,66.72733310270061,3.4446297010877487,2.988928924723996,0.4557007763637526,0.046866086513318805,0.03576797827980105,2608914.7,0.2670386272115374,1
2024-08-18,92.98999786376953,93.4800033569336,91.11000061035156,91.05000305175781,541794,0.021306916496300676,-0.041340228208561536,0.09322831569226397,91.7009994506836,82.604599609375,1.014056536142544,1.1257242127376146,68.30395542546714,3.4177520463364033,3.074693549046478,0.3430584972899253,0.04683147730905827,0.035777049159602996,2517102.5,0.21524510821470322,1
2024-08-19,93.0,94.75,91.80000305175781,92.98999786376953,450312,0.00010756142015533321,-0.03636930948644945,0.12454659530645529,92.73099975585937,82.91759963989257,1.0029008664292292,1.1215954200784253,66.390927004177,3.358543204662581,3.1314634801696988,0.22707972449288238,0.045141570056318886,0.03511104192637051,2424788.1,0.18571189787676703,1
2024-08-20,95.5,95.80000305175781,93.05000305175781,93.0,934971,0.026881720430107503,0.03747959623969077,0.12352941176470589,93.78099975585937,83.31999969482422,1.018329941551228,1.1461833935404153,68.78201078189355,3.4733107138393677,3.1998329269036327,0.273477786935735,0.04510790112485859,0.03502284238630199,2361216.9,0.3959699763287312,0
2024-08-21,92.30000305175781,96.5,92.2300033569336,95.5,1291575,-0.03350782144756215,0.004571243044135143,-0.028625486080850915,93.50900039672851,83.65399978637696,0.9870707916901976,1.1033543319800574,59.66410681240049,3.2683759777068246,3.2135415370642715,0.05483444064255316,0.028007537106214012,0.036172057742630846,1940296.0,0.665658744851301,1
2024-08-22,99.0,99.0,92.3499984741211,92.30000305175781,1584441,0.07258934698501718,0.08731462582953431,0.06669542726254596,94.12800064086915,84.13199981689453,1.0517592993153995,1.1767222960997514,66.84389310880022,3.605040815893446,3.2918413928301065,0.3131994230633395,0.03552402878049302,0.038340205641238925,1690033.0,0.9375207466363082,1
2024-08-25,103.0,105.0,95.5,99.0,2313754,0.04040404040404044,0.10764600888468823,0.061855670103092786,94.72800064086914,84.68799987792968,1.0873236984119563,1.2162289834269961,73.59368693156385,4.14681479662778,3.4628360735896413,0.6839787230381384,0.03498639602755832,0.03842676385395009,1660013.0,1.3938167954106384,0
2024-08-26,97.51000213623047,105.5,96.69999694824219,103.0,1873983,-0.053300950133684744,0.04849464662613401,0.010361620328102727,94.82800064086913,85.1381999206543,1.0282828012531717,1.1453143503986019,63.53603821137607,4.086075894433691,3.5874840377584514,0.4985918566752394,0.0397666724060485,0.041196993090931756,1563006.0,1.1989608485188157,1
2024-08-27,97.5999984741211,99.44000244140625,97.0,97.51000213623047,491107,0.0009229446817660136,0.02198951281802186,0.06029326711963967,95.38300018310547,85.6315998840332,1.023243117607537,1.1397661448144858,53.55568219814144,3.999102663037206,3.6698077628142025,0.3292949002230037,0.03607342421198488,0.041110440406508166,1323920.3,0.3709490669491207,1
2024-08-28,108.80000305175781,109.22000122070312,98.01000213623047,97.5999984741211,2394287,0.11475414705673814,0.1787648911641695,0.18415331197357454,97.07500076293945,86.35759994506836,1.1207829224482957,1.2598775686328123,67.66071280504946,4.778835081520526,3.8916132265554677,0.8872218549650586,0.049455312342684014,0.047282666497252324,1257290.5,1.9043228275406519,1
2024-08-29,110.91999816894531,110.91999816894531,105.12000274658203,108.80000305175781,2246238,0.019485248692309165,0.1204040219085385,0.21823167985938796,99.0620002746582,87.13599990844726,1.1197027907917239,1.2729526061041085,66.11111582061591,5.504393309549243,4.214169243154223,1.2902240663950204,0.04852960619512261,0.046963232992957155,1412246.2,1.5905427821296316,0
2024-09-01,106.11000061035156,112.80000305175781,105.5999984741211,110.91999816894531,1101713,-0.043364565795137366,0.03019418068302482,0.1410904726097839,100.3740005493164,87.76619995117187,1.0571462732345405,1.2090075754605434,60.101012452518965,5.6264189728799465,4.496619189099368,1.1297997837805784,0.052615958313025,0.048536645534030885,1468238.1,0.7503639906906107,0
2024-09-02,105.0,108.9000015258789,104.5,106.11000061035156,621898,-0.01046084821380422,0.07681261101097414,0.12903225806451624,101.57400054931641,88.34759994506835,1.0337290983140925,1.1884872941119573,64.6592732156848,5.569357333092412,4.711166817897977,0.8581905151944351,0.053041518616268886,0.04793818828186365,1485396.7,0.41867468804798075,1
2024-09-03,105.01000213623047,106.9000015258789,105.0,105.0,498852,9.525844029023567e-05,0.07592216985612099,0.09958117420136614,102.52500076293946,88.95,1.0242380039482943,1.1805508952920793,64.91707688477858,5.461980351726368,4.861329524663656,0.6006508270627116,0.0529636065590573,0.04788997837848071,1441784.8,0.3459961569854253,1
2024-09-04,106.9800033569336,109.80999755859375,104.0,105.01000213623047,920281,0.01876012932698945,-0.016727937902340062,0.1590465852633165,103.99300079345703,89.51960006713867,1.0287231115621822,1.1950455908728348,67.64120171702828,5.472759391319272,4.983615497994779,0.48914389332449293,0.05063736558015408,0.04094596980750295,1404655.4,0.6551649607441086,1
2024-09-05,108.5,109.80000305175781,107.11000061035156,106.9800033569336,988441,0.014208231401853677,-0.021817509997244522,0.09595959595959602,104.94300079345703,90.05720001220703,1.033894582579582,1.2047898445131882,67.33736447928302,5.540090172882344,5.094910432972292,0.4451797399100519,0.046590366487649096,0.04035500802768438,1345055.4,0.7348701027481842,0
2024-09-08,102.01000213623047,108.0,101.80000305175781,108.5,1163210,-0.05981564851400489,-0.03863913345149028,-0.009611629745335248,104.84400100708008,90.48919998168945,0.9729693750369348,1.1273168749074172,58.79711480372665,5.011986651665154,5.078325676710865,-0.06633902504571054,0.05001279783836775,0.04213700521871966,1230001.0,0.9456984181313673,1
2024-09-09,102.5999984741211,105.0,100.12000274658203,102.01000213623047,851721,0.005783710670868469,-0.022857157389322924,0.05219973568228853,105.35300064086914,90.83119995117187,0.9738687825690644,1.129567797510941,57.20081270881221,4.588178909555623,4.980296323279817,-0.3921174137241943,0.046355758990655305,0.04209298588792423,1127774.8,0.7552225852182546,0
2024-09-10,97.98999786376953,102.5999984741211,97.33999633789062,102.5999984741211,2042738,-0.04493178049621849,-0.06685081544283578,0.003995895448213993,105.39200057983399,91.09099990844726,0.9297669398498848,1.0757374269934048,55.61032994170455,3.8360995311847006,4.751456964860794,-0.9153574336760935,0.04910430191325014,0.04201363642693559,1282937.9,1.592234511117023,1
2024-09-11,101.52999877929688,101.95999908447266,95.0,97.98999786376953,1696165,0.03612614545056747,-0.050944142892322075,-0.06681989033587143,104.6650001525879,91.44519989013672,0.9700472806695591,1.110282430365685,52.66035691776874,3.4855405524326386,4.498273682375163,-1.0127331299425242,0.03239972491074916,0.04259183795429552,1213125.7,1.3981774518502081,0
2024-09-12,97.97000122070312,103.0,97.97000122070312,101.52999877929688,528272,-0.03506350439668948,-0.09705067999351957,-0.11675078580976617,103.37000045776367,91.7215998840332,0.9477604797025522,1.0681235537165727,44.66143032972728,2.887176412811044,4.176054228462339,-1.2888778156512952,0.032146242732728036,0.04345946372152422,1041329.1,0.507305519455857,1
2024-09-16,99.0,101.1500015258789,98.0,97.97000122070312,1745174,0.010513409885302805,-0.029506931410615223,-0.06700594260158688,102.65900039672852,91.9915998840332,0.9643577242853699,1.0761852182677738,51.74677414247993,2.467635449201751,3.834370472610222,-1.366735023408471,0.030765879294121473,0.043307162703970455,1105675.2,1.5783785328639008,1
2024-09-17,99.19999694824219,101.0,99.05000305175781,99.0,389185,0.002020171194365483,-0.033138416924406555,-0.05523812430245534,102.07900009155273,92.28199981689453,0.9717963230367811,1.0749658345622584,51.87090618000774,2.1267682348468213,3.492850025057542,-1.3660817902107207,0.030839448817665212,0.04330020451219367,1082403.9,0.35955616937448215,1
2024-09-18,108.19999694824219,109.0,99.19999694824219,99.19999694824219,2119451,0.09072580924267326,0.10419429846979988,0.030378009209763635,102.3979995727539,92.76499969482421,1.0566612375212072,1.1663881561385825,49.260347182747026,2.553419069926605,3.304963834031355,-0.7515447641047501,0.04335574290048488,0.04724172589436074,1244463.8,1.7031037785108734,0
2024-09-19,105.12000274658203,109.5999984741211,105.11000061035156,108.19999694824219,756275,-0.028465751280321028,0.03535904669012169,-0.017386432529318263,102.21199951171874,93.18739974975585,1.0284507029385515,1.1280495327573237,43.01541663918038,2.6128933312392917,3.1665497334729427,-0.553656402233651,0.044114515537049905,0.04702546941170767,1228063.2,0.6158274264712109,1
2024-09-22,108.69999694824219,110.55000305175781,106.12000274658203,105.12000274658203,627827,0.03405626054149402,0.10952327849182053,0.0018432898455500446,102.23199920654297,93.63119964599609,1.063267839736086,1.1609377788516937,53.214194279446936,2.9152969955769237,3.116299185893739,-0.20100219031681554,0.045299866677984614,0.04496470560189929,1192001.8,0.5266997080037966,1
2024-09-23,112.0,114.19999694824219,109.0,108.69999694824219,1159939,0.030358814575948134,0.13131313131313127,0.09793155234354645,103.23099899291992,94.22919967651367,1.0849454242681649,1.1885912263342255,58.23917516293291,3.3822482923283985,3.169489007180671,0.21275928514772735,0.04055427486837823,0.04461045257179445,1191674.7,0.9733688228842989,0
2024-09-24,111.51000213623047,114.9000015258789,111.0999984741211,112.0999984741211,569504,-0.004374980926513672,0.12409279805130491,0.08684214224775788,104.12199935913085,94.84739974975587,1.0709552527090591,1.1756780094176225,57.56518110054433,3.6704610366355013,3.2696834130716375,0.4007776235638638,0.04080123662654774,0.042531215431042727,1163453.0,0.4894946336465676,1
2024-09-25,112.0999984741211,112.18000030517578,109.25,109.12000274658203,848039,0.005290972348559686,0.036044377411068584,0.14399429449899537,105.53299942016602,95.47399978637695,1.062226972511313,1.1741416377751515,56.15680453286899,3.901505361418529,3.396047802741016,0.505457558677513,0.03624893366935501,0.042506511731420164,1043983.1,0.8123110421998211,0
2024-09-26,111.51000213623047,114.9000015258789,111.0999984741211,112.0999984741211,569504,-0.005263125298140214,0.060787663838376416,0.09829610437234271,106.53099975585937,96.1049998474121,1.0467375917975204,1.1602934531322742,53.702342291481365,3.99099616030378,3.5150374742535693,0.47595868605021074,0.035817267595706165,0.03428743046738147,931317.0,0.6115039240129838,1
2024-09-29,114.0,116.3499984741211,111.80000305175781,111.51000213623047,1348099,0.022329816304079486,0.048758079121947295,0.163621502292167,108.13399963378906,96.78439987182617,1.0542475112922576,1.1778757749283237,66.35744522288155,4.214260904570949,3.6548821603170456,0.5593787442539035,0.03221475396418401,0.03437052021074786,1013299.7,1.330405012455841,1
2024-09-30,116.94000244140625,117.0,112.0,114.0,789768,0.025789495100054793,0.04410716465541298,0.18121214587279044,109.9279998779297,97.48919998168945,1.0637872295617412,1.1995175102818576,68.3846312603865,4.575687768999899,3.8390432820536162,0.7366444869462825,0.03230254533322855,0.03302660683600855,917759.1,0.8605395468157166,0
2024-10-01,112.6500015258789,117.0,112.01000213623047,116.94000244140625,1169324,-0.03668548679633288,0.010223292689526708,0.13558472773597252,111.27300033569335,98.04820007324219,1.0123749803279443,1.1489247272436327,68.95037774203716,4.464490079561713,3.964132641555236,0.5003574380064775,0.03639003899399186,0.03418893413145991,995773.0,1.1742877141677872,0
2024-10-02,109.0,112.48999786376953,108.0199966430664,112.6500015258789,1503663,-0.03240125589381726,-0.02765386722852403,0.00739374375528401,111.35300064086914,98.56280014038086,0.9788689965485714,1.1058939056596775,59.6287773293367,4.035323789993754,3.9783708712429395,0.05695291875081443,0.02690455579832624,0.035146701720295576,934194.2,1.6095828897246418,0
2024-10-03,109.0,110.98999786376953,108.98999786376953,109.0,231113,0.0,-0.022509210726801232,0.036910170776647266,111.74100036621094,99.07880020141602,0.9754700570316374,1.1001344362105243,65.65427887347369,3.653095799135741,3.9133158568215003,-0.2602200576857592,0.024861442547145226,0.03493816711064198,881678.0,0.2621285775532564,0
2024-10-07,108.0,110.9000015258789,106.11000061035156,109.0,661796,-0.00917431192660545,-0.052631578947368474,-0.006439714516049966,111.67100067138672,99.61560012817382,0.9671266430020687,1.0841675386288703,62.78409755919937,3.232226623402113,3.777098010137623,-0.5448713867355099,0.02270178723562021,0.03488206462757774,885074.9,0.7477288080364723,0
2024-10-08,104.5,107.7699966430664,101.61000061035156,108.0,1619453,-0.03240740740740744,-0.1063793584888919,-0.0669642857142857,110.92100067138672,100.1052001953125,0.9421119478500785,1.0439018132535864,56.883123574442116,2.5864490455663542,3.538968217223369,-0.9525191716570149,0.02191173500745537,0.032874953562852346,931026.3,1.7394277691188744,1
2024-10-09,107.0,107.0,102.0,104.5,596658,0.02392344497607657,-0.05015536129026099,-0.04044482153915352,110.47000045776367,100.63880020141602,0.9685887531150109,1.0632082237253706,48.125003874303765,2.250452948452107,3.281265163469117,-1.0308122150170096,0.023974152191907072,0.03324140522520218,933741.7,0.6389968446305868,0
2024-10-10,99.0,108.9000015258789,99.0,107.0,1963505,-0.07476635514018692,-0.09174311926605505,-0.11685993445526499,109.16000061035156,100.97280014038085,0.9069256087070039,0.9804620636682542,41.711803474020485,1.3233853173973245,2.8896891942547587,-1.5663038768574342,0.03244812506622502,0.03603923388604246,1045288.3,1.8784339210531678,0
2024-10-13,99.0,105.0,99.0,99.0,1605111,0.0,-0.09174311926605505,-0.11218726478856256,107.90900039672852,101.3068000793457,0.917439691184475,0.9772295632915168,35.45291239696654,0.5819689646632753,2.428145148336462,-1.8461761836731867,0.032609399238820606,0.03508542050582364,1148849.0,1.3971470576202791,1
2024-10-14,100.30000305175781,103.5,97.05000305175781,99.0,697618,0.013131343957149655,-0.07129626803927946,-0.1201754118266859,106.5390007019043,101.60260009765625,0.9414393075864943,0.9871794910302844,31.333761462351106,0.09815902901854656,1.962147924472879,-1.8639888954543324,0.03167035036460163,0.03424456130199556,1083800.9,0.6436772658151512,1
2024-10-15,100.80000305175781,102.87999725341797,99.0,100.30000305175781,581442,0.0049850447137274045,-0.03540666936116921,-0.13801948907719164,104.92500076293945,101.91740020751953,0.96068622653145,0.9890362474564056,32.91866091586323,-0.24212692089133725,1.5212929554000358,-1.763419876291373,0.029502324192383068,0.034192203604814224,1062968.3,0.5469984382412909,0
2024-10-16,99.55000305175781,103.5,99.51000213623047,100.80000305175781,798792,-0.012400793275355038,-0.06962613970319798,-0.11628937680139895,103.61500091552735,102.25440032958984,0.9607682495019852,0.9735522650456594,30.396759473879285,-0.605688540668126,1.0958966561864036,-1.7015851968545297,0.028438871947152364,0.034331399374779165,1025915.1,0.7786141367838333,0
2024-10-17,99.0,101.80000305175781,98.5199966430664,99.55000305175781,355162,-0.00552489236461251,0.0,-0.09174311926605505,102.61500091552735,102.53440032958984,0.9647712236683288,0.9655296142735633,30.434784683845578,-0.9275027193722991,0.6912167810746631,-1.6187195004469621,0.02754314673769916,0.027019894048471115,911065.0,0.3898316805057817,1
2024-10-20,105.0,108.0,99.5,99.0,2128670,0.06060606060606055,0.06060606060606055,-0.03669724770642202,102.21500091552734,102.73400039672852,1.0272464810402364,1.022056958694501,37.31680212349981,-0.6904340249738965,0.41488661986495123,-1.1053206448388477,0.035357533381442166,0.029968706124173992,1100820.7,1.933711820644361,1
2024-10-21,106.3499984741211,108.94999694824219,102.25,105.0,874270,0.012857128324962774,0.0603189953966532,-0.015277791906286198,102.05000076293945,103.00480041503906,1.0421361849978863,1.0324761374771192,34.37591948367762,-0.38913606390596556,0.25408208311076785,-0.6432181470167334,0.03562670238000512,0.02907629858778874,1122068.1,0.7791594823879228,0
2024-10-22,106.02999877929688,107.69999694824219,104.51000213623047,106.3499984741211,925772,-0.003008929942787786,0.05188487667856134,0.014641136643989139,102.20300064086913,103.185400390625,1.0374450663329877,1.0275678378714739,38.937163329444694,-0.17416884996228532,0.16843189649615722,-0.3426007464584425,0.03391520131064333,0.028143537329674142,1052700.0,0.8794262372945758,0
2024-10-23,102.44999694824219,106.69999694824219,100.05000305175781,106.02999877929688,534903,-0.03376404670631483,0.029131027700487477,-0.04252339300708241,101.74800033569336,103.30420028686524,1.006899365198655,0.9917311848283902,39.02847284345048,-0.2893466050482374,0.07687619618727831,-0.3662228012355157,0.03466591188378918,0.02900852339129514,1046524.5,0.5111232465174012,0
2024-10-24,101.9000015258789,104.19999694824219,101.5199966430664,102.44999694824219,406125,-0.005368427903820638,0.029292944705847646,0.029292944705847646,102.03800048828126,103.50120025634766,0.9986475728479391,0.9845296602696108,38.32237151686159,-0.4201624684517071,-0.022531536740518783,-0.39763093171118835,0.02426375473976366,0.028930053611710336,890786.5,0.4559173269913722,1
2024-10-27,103.0,103.38999938964844,102.01000213623047,101.9000015258789,152933,0.010794881821878377,-0.01904761904761909,0.04040404040404044,102.43800048828125,103.7236003112793,1.0054862405458904,0.9930237640314477,41.803278688524586,-0.43011618721740774,-0.10404846683589658,-0.32606772038151116,0.024347963540983102,0.029125754429929516,745568.7,0.20512261311398938,1
2024-10-28,107.0,108.5,102.51000213623047,103.0,1771301,0.03883495145631066,0.006111909122754389,0.06679956873764792,103.10800018310547,104.04260025024413,1.0377468267252092,1.0284248927135875,54.03225806451613,-0.11392475676638014,-0.1060237248219933,-0.007901031944386835,0.02664076506946276,0.030114797795832017,852937.0,2.0767078928455445,1
2024-10-29,110.4000015258789,111.0,106.5999984741211,107.0,2027232,0.031775715195129894,0.04121477692061726,0.09523807721703914,104.06800003051758,104.39080032348633,1.0608448465763203,1.05756447104315,55.329155741764865,0.40632705270856206,-0.0035535693158822296,0.4098806220244443,0.027761349512742815,0.030441141378610814,997516.0,2.032280183976999,0
2024-10-30,107.12999725341797,112.94000244140625,107.01000213623047,110.4000015258789,843832,-0.029619603507835213,0.0456808242516602,0.07614258130880391,104.8259994506836,104.67340026855469,1.0219792591037333,1.0234691619700949,64.96134618770441,0.5484461973406525,0.10684638401542472,0.44159981332522774,0.02973325775597859,0.030061282845177617,1002020.0,0.8421308955909064,1
2024-10-31,111.0,111.98999786376953,106.5,107.12999725341797,1057846,0.0361243614841833,0.08930322215755826,0.1212121212121211,106.0259994506836,104.98340026855469,1.0469130267584035,1.0573100101164035,69.32989158594029,0.9622611742316991,0.2779293420586796,0.6843318321730195,0.030571092226162905,0.030327027491179853,1072288.4,0.9865312354400179,0
2024-11-03,110.3499984741211,112.76000213623047,109.61000061035156,111.0,490480,-0.00585586960251272,0.07135920848661259,0.050952366420200956,106.56099929809571,105.34440017700196,1.0355570912527385,1.047516510499928,66.53503307199922,1.2236572745835872,0.4670749285636611,0.7565823460199261,0.02563782342308527,0.030368985004551326,908469.4,0.5398971060555259,1
2024-11-04,111.26000213623047,112.3499984741211,110.0999984741211,110.3499984741211,522531,0.008246521746194446,0.03981310407692029,0.04616834727368757,107.05199966430663,105.58960021972656,1.039308023064672,1.0537022765945139,66.98051210559078,1.4871028615849866,0.6710805151679262,0.8160223464170604,0.02552757986014751,0.030309856797985636,873295.5,0.5983438595526943,1
2024-11-05,114.44999694824219,117.4000015258789,111.51000213623047,111.26000213623047,2155471,0.028671532902774688,0.036684740637561664,0.07941147095994672,107.89399948120118,105.81860015869141,1.0607633186142413,1.0815678602495842,72.75502656771914,1.9310315787228092,0.9230707278789029,1.0079608508439062,0.026399517201271257,0.02973993094341952,996265.4,2.1635509975554705,1
2024-11-06,116.0,117.0,113.12000274658203,114.44999694824219,1281578,0.01354305891732599,0.08279663001950688,0.1322596725757179,109.24899978637696,106.1884001159668,1.0617946180452342,1.0923980385175602,75.1926455723967,2.3804798874043485,1.2145525597839921,1.1659273276203563,0.021951000798195827,0.029481425264204542,1070932.9,1.196693088801362,1
2024-11-07,118.9800033569336,118.9800033569336,116.11000061035156,116.0,1262403,0.025689684111496414,0.07189192213453688,0.16761532458580963,110.95699996948242,106.61600021362305,1.0723073207608156,1.1159676138528662,72.75390515860667,2.9432048427660362,1.5602830163804011,1.382921826385635,0.02129555829825669,0.02315011422541065,1156560.7,1.0915146952511874,0
2024-11-10,114.25,119.0,114.25,118.9800033569336,910396,-0.03975460769440253,0.03534210765570167,0.10922330097087385,112.08199996948242,106.7250001525879,1.0193429813092902,1.0705083142342786,61.58357528497791,2.973223217008936,1.8428710565061084,1.1303521605028277,0.027667309768167853,0.025586026960090127,1232307.0,0.7387736984371589,1
2024-11-11,115.0,116.38999938964844,114.29000091552734,114.25,346155,0.006564551422319376,0.033614936113250726,0.07476635514018692,112.88199996948242,106.80660018920898,1.0187629562825797,1.0767124858976536,62.98870196057463,3.022688060452708,2.0788344572954287,0.9438536031572795,0.025852017047190565,0.025552045345468885,1089792.4,0.3176338906382537,1
2024-11-12,116.0,116.01000213623047,113.5199966430664,115.0,883461,0.008695652173912993,0.01354305891732599,0.05072462315870885,113.44199981689454,107.00440017700195,1.0225489694049321,1.0840675692599362,71.20500449883374,3.1067680596128895,2.284421177758921,0.8223468818539685,0.024439426550177626,0.025548818002156113,975415.3,0.9057280524510943,0
2024-11-13,114.0199966430664,117.0,113.80000305175781,116.0,302074,-0.017068994456324038,-0.017068994456324038,0.06431438034437753,114.13099975585938,107.18480010986327,0.9990274061120079,1.063770203668777,68.15456531448034,2.979288952879159,2.4233947327829686,0.5558942200961905,0.022712100012794542,0.025759263731369685,921239.5,0.32789953101229374,1
2024-11-14,116.30000305175781,118.69000244140625,114.19999694824219,114.0199966430664,1337707,0.01999654863899747,-0.022524796012451942,0.04774777524106133,114.66100006103515,107.41060012817383,1.0142943371316333,1.0827609464333707,69.24188693140526,3.02734100211012,2.544183986648399,0.4831570154617211,0.020871655280794155,0.02573191736741087,949225.6,1.409261402136647,1
2024-11-17,117.01000213623047,117.5,115.5,116.30000305175781,500736,0.006104893085485896,0.024157567931995416,0.060353454954249486,115.32700042724609,107.61120010375977,1.0145933016791338,1.0873403699931632,66.005745829394,3.0871271100739506,2.6527726113335093,0.4343544987404413,0.02052841250017525,0.02260828756019378,950251.2,0.5269511893276221,0
2024-11-18,114.0999984741211,117.5,113.98999786376953,117.01000213623047,1091981,-0.024869700102401193,-0.007826100225033938,0.02552576202913648,115.61100006103516,107.72320007324218,0.9869302956802004,1.0591961471302678,56.01038568312512,2.8666500978537073,2.695548108637549,0.1711019892161585,0.022694901406768234,0.023532322726447338,1007196.2,1.0841790308581387,1
2024-11-19,115.26000213623047,116.0,114.0,114.0999984741211,357205,0.010166552827539865,-0.006379291929047737,0.007077371861832216,115.69200057983399,107.98820007324218,0.9962659609874633,1.0673388579312948,64.17857821438817,2.7537792254522344,2.707194332000486,0.04658489345174832,0.0210413129883109,0.023516487744279863,827369.6,0.43173570795929656,0
2024-11-20,114.5,116.55000305175781,113.77999877929688,115.26000213623047,588320,-0.006593806369465383,0.004209817322098575,-0.012931034482758674,115.54200057983398,108.22620010375977,0.9909816294109084,1.0579693261911196,56.846627847140056,2.573338579792221,2.680423181558833,-0.10708460176661205,0.02065769950187182,0.021923876455098384,758043.8,0.7761029112038117,1
2024-11-21,115.4800033569336,116.4800033569336,113.94000244140625,114.5,1210796,0.008558981283262934,-0.007050728059390443,-0.029416707860565383,115.19200057983399,108.57600021362305,1.0025001977190249,1.0635868251706357,59.907298101228896,2.480818813747959,2.640502307996658,-0.1596834942486991,0.01881692620380358,0.02177098731888771,752883.1,1.6082124834519462,0
2024-11-24,112.5999984741211,116.4000015258789,112.55000305175781,115.4800033569336,299166,-0.02493942500080104,-0.03768911701219324,-0.01444202648471693,115.0270004272461,108.79740020751953,0.9789005890433519,1.0349511868789927,52.40487229130781,2.1503163988308245,2.5424651261634916,-0.39214872733266715,0.015950774794930258,0.02284006780165445,691760.1,0.43247073660362895,1
2024-11-25,115.76000213623047,115.76000213623047,110.51000213623047,112.5999984741211,691543,0.028063976065112017,0.014548673832680992,0.006608714228091062,115.10300064086914,109.15320022583008,1.0057079441170367,1.0605277893523177,52.35358121839309,2.1189507943907415,2.4577622598089417,-0.3388114654182002,0.018395859165626558,0.022108437195632536,726298.9,0.9521465611472081,0
2024-11-26,113.0,115.69999694824219,113.0,115.76000213623047,538388,-0.02384245063318502,-0.019607861307856633,-0.025862068965517238,114.80300064086914,109.43320022583008,0.984294830006148,1.032593397312784,44.83471769176447,1.8500579048948964,2.3362213888261327,-0.4861634839312363,0.019679236740956573,0.021951364997979037,691791.6,0.7782517162683097,0
2024-11-27,107.51000213623047,110.0,103.05000305175781,113.0,2140078,-0.048584051891765734,-0.061048016277463146,-0.05709519995176926,114.15200119018554,109.59940032958984,0.9418144317690146,0.9809360435634129,31.82252136832743,1.1803550091214419,2.1050481128851946,-0.9246931037637527,0.024269893888240655,0.023701398088560737,875592.0,2.4441497866586266,0
2024-11-28,104.69999694824219,109.98999786376953,103.9000015258789,107.51000213623047,1158379,-0.02613715126177385,-0.09334955053102845,-0.09974209629515829,112.99200057983398,109.52940032958985,0.9266142418132236,0.9559076981448333,33.88459054687476,0.41804771100788685,1.7676480325097332,-1.3496003215018464,0.023227323007561085,0.022841843733196268,857659.2,1.3506285480293339,1
2024-12-01,106.4000015258789,106.75,101.80000305175781,104.69999694824219,1667732,0.016236911434458934,-0.05506214060621972,-0.0906760141581634,111.93100051879883,109.55500030517578,0.950585637872584,0.971201690744299,35.93854278754958,-0.04835277232952251,1.404447871541882,-1.4528006438714045,0.024217803471426463,0.023210750881871817,974358.8,1.7116199905004192,0
2024-12-02,102.80000305175781,107.38999938964844,102.80000305175781,106.4000015258789,766954,-0.03383457163997772,-0.11195576058491141,-0.09903589459667017,110.8010009765625,109.43700042724609,0.9277894797494011,0.9393532594133868,30.10852674676832,-0.700394593138256,0.9834793786058544,-1.6838739717441105,0.025015353188443563,0.024162567163087376,941856.1,0.8143006134376578,1
2024-12-03,104.66000366210938,106.47000122070312,103.0199966430664,102.80000305175781,851452,0.018093390614152938,-0.07380527732646569,-0.09196597499271708,109.74100112915039,109.29020050048828,0.9537000991902619,0.9576339249340272,35.84394604966947,-1.0548957477251548,0.5758043533396526,-1.6307001010648075,0.025840560574479542,0.02352480263716203,991280.8,0.8589412808156881,1
2024-12-04,107.25,109.0,105.26000213623047,104.66000366210938,1990166,0.024746763302744723,-0.002418399507619795,-0.0633187772925764,109.0160011291504,109.20500045776367,0.9838005328496848,0.9820978851740421,36.43992193651581,-1.1140078191199052,0.23784191884774106,-1.3518497379676462,0.028014103497144387,0.024095897283404565,1131465.4,1.7589278470203333,1
2024-12-05,112.0,115.0,107.5,107.25,1478579,0.04428904428904423,0.06972304932698825,-0.030135116520367267,108.66800079345703,109.20300048828125,1.030662192938251,1.0256128448780022,43.30393132774824,-0.7687080708494562,0.036531920908301596,-0.8052399917577578,0.032083524259824046,0.025599265936179748,1158243.7,1.2765698617657062,0
2024-12-08,109.5999984741211,114.0,109.0,112.0,2660189,-0.021428585052490234,0.03007515885668366,-0.02664298437525725,108.36800079345703,109.16480041503907,1.011368648232352,1.003986615259016,43.902443058702886,-0.6808669872792166,-0.10694786072920204,-0.5739191265500145,0.03183000150326611,0.024508050984298976,1394346.0,1.9078399479038919,0
2024-12-09,107.0,110.0,105.66000366210938,109.5999984741211,2305252,-0.02372261414524568,0.04085600022917868,-0.07567382493584773,107.49200057983398,109.02480041503907,0.9954229098241727,0.9814280750129237,39.22796297059102,-0.8116937432463232,-0.2478970372326263,-0.5637967060136968,0.03053843031773251,0.024897345271787084,1555716.9,1.4817940204930602,0
2024-12-10,106.55000305175781,108.11000061035156,106.1500015258789,107.0,1314979,-0.004205578955534417,0.018058468598474597,-0.05707961901099279,106.84700088500976,108.8170004272461,0.9972203446910823,0.9791668823199737,39.54773335045248,-0.9408404596815103,-0.38648572172240314,-0.5543547379591072,0.029991426465758166,0.024736710407633554,1633376.0,0.8050681533217091,1
2024-12-11,107.5,107.88999938964844,106.04000091552734,106.55000305175781,408865,0.008915972980129583,0.002331002331002363,-9.303447150710298e-05,106.84600067138672,108.71400039672852,1.006120952815302,0.9888330813667211,39.49999769110475,-0.955518723585115,-0.5002923220949456,-0.45522640149016946,0.026057872583818576,0.024693679155639345,1460254.7,0.2799956747271555,0
2024-12-12,106.0199966430664,107.97000122070312,105.30999755859375,107.5,834008,-0.01376747308775439,-0.053392887115478516,0.012607447309446851,106.97800064086914,108.65440032958985,0.9910448504172479,0.9757542844235273,41.01092795934992,-1.0741926314862411,-0.6150723839732047,-0.4591202475130364,0.024933019799708307,0.024213481000325388,1427817.6,0.5841138251832727,0
2024-12-15,105.7699966430664,107.29000091552734,105.7699966430664,106.0199966430664,1253784,-0.0023580457264271715,-0.03494527266767278,-0.005921098437759564,106.9150001525879,108.58980026245118,0.9892905251097849,0.9740325185922658,35.17363495218099,-1.1748722729303012,-0.727032361764624,-0.4478399111656771,0.024402259007937237,0.024095047637263525,1386422.8,0.9043301942235803,1
2024-12-16,105.79000091552734,106.69000244140625,104.5199966430664,105.7699966430664,1060805,0.00018912993377928622,-0.011308402658622985,0.029085581468943467,107.21399993896485,108.54560028076172,0.9867181615810606,0.9746134402674378,38.35218413879925,-1.238767693661046,-0.8293794281439084,-0.4093882655171377,0.021398316545279742,0.02364160184194317,1415807.9,0.7492577206272123,0
2024-12-17,105.05999755859375,106.3499984741211,104.19999694824219,105.79000091552734,890523,-0.006900494854107264,-0.013984096203547569,0.0038218410327572894,107.25399932861328,108.5568002319336,0.9795438698439826,0.9677882669176978,45.3226352891551,-1.3329450837477879,-0.9300925592646844,-0.4028525244831035,0.020903191109185076,0.02342911451237675,1419715.0,0.6272547659213292,0
2024-12-18,103.9800033569336,105.5,103.61000061035156,105.05999755859375,458709,-0.010279785139513442,-0.03274415481922244,-0.030489479189430346,106.92699966430663,108.49640029907226,0.9724391751697418,0.9583728406685462,48.52822236660334,-1.4776939144752816,-1.039612830306804,-0.4380810841684777,0.019274086721421745,0.02346207687233327,1266569.3,0.3621665233793366,1
2024-12-19,105.0,106.19999694824219,103.0,103.9800033569336,2161825,0.00980954616403551,-0.009620794900610963,-0.0625,106.22699966430665,108.61640029907227,0.9884492674349822,0.9667048411739423,47.056345569992665,-1.4928940477695676,-1.1302690737993568,-0.36262497397021076,0.011340222364676281,0.023500473907995784,1334893.9,1.6194732779886103,1
2024-12-22,108.0,108.0,105.12000274658203,105.0,1056083,0.02857142857142847,0.0210835154364144,-0.01459852642697701,106.06699981689454,108.79640029907226,1.0182243316624628,0.9926799021209983,61.21656296655178,-1.2484737072136056,-1.1539100004822067,-0.09456370673139891,0.0145374129559812,0.024087678042956577,1174483.3,0.8991894563336915,1
2024-12-23,109.98999786376953,110.69999694824219,107.30000305175781,108.0,1546541,0.018425906146014137,0.03970126582753175,0.027943905268874136,106.36599960327149,108.9902001953125,1.034071021510774,1.0091732804111322,61.432853934834924,-0.8840024004691855,-1.0999284804796026,0.21592608001041702,0.013404062596595991,0.023549002242615885,1098612.2,1.4077223974028326,0
2024-12-24,108.41999816894531,111.0,108.30999755859375,109.98999786376953,1118979,-0.014274022414008769,0.031981731281476966,0.017550399470933176,106.55299911499023,109.14260009765626,1.017521787931471,0.9933792861076758,52.62449197253281,-0.7136159973309759,-1.0226659838498773,0.30904998651890137,0.014337726040848911,0.023182421885434266,1079012.2,1.0370401743372317,0
2024-12-25,108.22000122070312,109.4800033569336,107.75,108.41999816894531,111076,-0.001844649987270297,0.04077705065285331,0.0066976857739826645,106.62499923706055,109.31600006103515,1.0149589870579636,0.9899740308855054,39.34610806049846,-0.5879441731100314,-0.9357216217019082,0.34777744859187676,0.014149659002002993,0.02040910070226739,1049233.3,0.105863967527527,1
2024-12-26,108.9000015258789,109.0999984741211,107.7699966430664,108.22000122070312,539064,0.006283499330119069,0.03714287167503727,0.027164732824020987,106.91299972534179,109.51400009155273,1.01858522168157,0.9943934239899873,47.81523898785202,-0.42853808508117197,-0.834284914377761,0.405746829296589,0.013255134022605737,0.019444590736035945,1019738.9,0.5286294364174986,1
2024-12-29,111.30999755859375,112.0,107.51000213623047,108.9000015258789,3153719,0.022130358117048665,0.03064812554253482,0.05237781120692242,107.46699981689453,109.64020004272462,1.0357597936878022,1.0152297926784013,63.613396129295936,-0.10651325469862627,-0.6887305824419341,0.5822173277433078,0.014415366546974605,0.019712164330288898,1209732.4,2.606955885450369,1
2024-12-30,112.4800033569336,112.98999786376953,111.0199966430664,111.30999755859375,534824,0.010511237301249254,0.02263847205677849,0.06323851388136559,108.13600006103516,109.76280014038086,1.0401716661745075,1.0247552286665207,67.91541373226858,0.2403330237273309,-0.5029178612080811,0.743250884935412,0.014385339720443476,0.01782018060205385,1157134.3,0.4621969982222461,1
2024-12-31,114.9000015258789,115.0,111.0,112.4800033569336,2737153,0.021514919067577853,0.059767602530633956,0.09366080521558384,109.12000045776367,109.9402001953125,1.0529692177773813,1.0451136283339046,70.5327494573264,0.7023881325669237,-0.2618566624530802,0.9642447950200039,0.014306802145797654,0.017971717532897453,1341797.3,2.039915417924898,0
2025-01-02,114.5199966430664,119.6500015258789,113.9800033569336,114.9000015258789,880540,-0.003307266125030517,0.058214704780081394,0.10136557939849289,110.17399978637695,110.18160018920898,1.0394466649583038,1.0393749632098948,75.11820602794378,1.0260789179853589,-0.004269546365392368,1.0303484643507512,0.013399316824273302,0.01742181722576795,1383980.4,0.6362373339969266,0
2025-01-05,114.01000213623047,115.37999725341797,113.9000015258789,114.5199966430664,532542,-0.004453322753977029,0.04692378823463317,0.08580954415457587,111.075,110.42380020141601,1.0264236068983161,1.0324767117983,73.98139990123528,1.227306280169742,0.2420456189416345,0.9852606612281076,0.014134978921123989,0.014582862249183684,1221052.1,0.43613372435131964,1
2025-01-06,115.0,115.48999786376953,113.9000015258789,114.01000213623047,595106,0.008683429920355534,0.0331506829785333,0.06481481481481488,111.775,110.66380020141601,1.0288526056810556,1.0391835432245395,75.3719175015921,1.4499508376215289,0.4836266626776134,0.9663241749439155,0.012247727511465276,0.0136724197992699,1174954.4,0.5064928477224308,1
2025-01-08,117.0,117.25,115.05000305175781,115.0,1346619,0.017391304347825987,0.04018489071984699,0.06373308730229144,112.47600021362305,110.86380020141601,1.0402219120326526,1.055348993877495,80.7415369432737,1.7674079599826342,0.7403829221386176,1.0270250378440167,0.012138426174373955,0.012569164251893935,1154962.2,1.1659420542074883,1
2025-01-09,117.80999755859375,119.0999984741211,117.0,117.0,1654226,0.006923056056356902,0.025326335892688512,0.08660763280051409,113.4150001525879,111.01200012207032,1.0387514649745877,1.0612365999085527,86.10967133022872,2.0606017162504315,1.0044266809609803,1.0561750352894512,0.009774024645116907,0.012406349498648134,1208486.9,1.3688406552027996,1
2025-01-12,117.9800033569336,118.0,116.11000061035156,117.80999755859375,1071248,0.0014430506906282226,0.03021312273219201,0.09018667553261239,114.39100036621093,111.22900024414062,1.0313748719674873,1.0606946308784124,85.46449891750122,2.2803909996184046,1.2596195446924652,1.0207714549259395,0.009441395304598123,0.012398164443300072,1304504.1,0.8211917463502031,1
2025-01-13,120.69000244140625,123.0,118.0,117.9800033569336,2452963,0.02296998650079618,0.05859135321472797,0.10826446969998971,115.57000045776367,111.42280029296874,1.0443021715268899,1.0831715064068652,85.2304450636828,2.6427854819345242,1.536252732140877,1.1065327497936472,0.010391274642492164,0.01223303643819557,1495894.0,1.639797338581477,1
2025-01-14,127.98999786376953,128.89999389648438,125.0,120.69000244140625,3765945,0.06048550231745464,0.11295650316321337,0.14985177136847394,117.23800048828124,111.77560028076172,1.0917108559571778,1.145062048803853,88.59349512104635,3.478931386593686,1.924788463031439,1.5541429235622473,0.018847735592854773,0.016971831663102205,1557116.6,2.4185375713032666,1
2025-01-15,130.0,130.5,128.1999969482422,127.98999786376953,1234365,0.015704368855212314,0.11111111111111116,0.15576098968871888,118.9900001525879,112.15040023803711,1.0925287825304086,1.159157700053477,95.41247226476831,4.254727563372455,2.390776283099642,1.863951280272813,0.018805806951444792,0.016867837221084057,1627070.7,0.7586425101257125,0
2025-01-16,130.0,131.25,128.0,130.0,1600206,0.0,0.10347171457450766,0.1314186098659027,120.5,112.46140029907227,1.0788381742738589,1.1559521725168527,96.22241306504804,4.814058156992587,2.8754326578782314,1.9386254991143557,0.019171190084258445,0.01656119896137117,1513376.0,1.0573750343602648,0
2025-01-19,129.5,131.25,128.0,130.0,2555211,-0.0038461538461538325,0.09764363718666891,0.13080687911319955,121.99800033569336,112.73140029907226,1.0614928084367277,1.1487482605240533,94.05474955971079,5.157533030546915,3.331852732411968,1.8256802981349471,0.019221513847798768,0.016187768001227256,1680843.1,1.5201960254350926,0
2025-01-20,128.75,129.75,128.50999450683594,129.1699981689453,1244335,-0.00579150579150578,0.06678264475557372,0.12928688349778916,123.47200012207031,112.9268002319336,1.0427465325961482,1.1401190836503654,90.14733301391978,5.308032911188661,3.727088768167307,1.5809441430213544,0.01935706855619739,0.016626028414884773,1752022.4,0.7102277916081439,1
2025-01-21,128.80999755859375,129.0,128.0,128.75,319001,0.0004660004550971486,0.006406748249945471,0.12008693529211967,124.85299987792969,113.21800018310547,1.0316932527414868,1.1377165940952112,89.61669035197767,5.370241649571426,4.055719344448131,1.3145223051232948,0.019703522020990134,0.01618919957926209,1724411.9,0.1849911845307957,1
2025-01-22,129.5,130.27000427246094,128.10000610351562,128.80999755859375,682457,0.005356746017267655,-0.0038461538461538325,0.1068376068376069,126.10299987792969,113.50800018310547,1.0269382974660293,1.1408887460892363,88.6652558211521,5.412824284375844,4.327140332433674,1.08568395194217,0.019676276408833848,0.016050635812160173,1657995.7,0.4116156634181862,0
2025-01-23,129.02999877929688,130.5,128.61000061035156,129.5,999461,-0.0036293530556226195,-0.0074615478515625,0.09523810757336415,127.225,113.76860015869141,1.0141874535609894,1.1341442067434946,88.24461528252297,5.347009165441435,4.531114099035227,0.8158950664062079,0.020158789461405032,0.015426436533468615,1592519.2,0.6275974569097817,1
2025-01-26,129.99000549316406,130.5,129.02999877929688,129.02999877929688,1152711,0.007440182306048593,0.003783826202039098,0.10179692994155731,128.42600021362304,114.08800033569337,1.0121782604530194,1.1393836784822289,91.14314774895607,5.311091768346159,4.687109632897414,0.6239821354487454,0.01998702791541512,0.015226074837371015,1600665.5,0.7201448397557141,1
2025-01-27,130.3000030517578,130.6999969482422,129.80999755859375,129.99000549316406,722066,0.0023847799484095766,0.012038858654429552,0.07962549023078469,129.3870002746582,114.36800033569335,1.0070563717773928,1.1393047239551342,90.82176778800549,5.247155245172465,4.799118755352424,0.44803648982004063,0.019548378174944613,0.015291728682144224,1427575.8,0.505798711353891,1
2025-01-28,131.0,132.0,129.89999389648438,130.3000030517578,891971,0.005372194411723319,0.017001804851444424,0.023517479384867812,129.68800048828126,114.64780029296875,1.0101165836991781,1.1426298600168965,90.13760906007973,5.193106099011004,4.8779162240841405,0.31518987492686357,0.0064284557274661425,0.014997542210166862,1140178.4,0.7823082773713307,1
2025-01-29,133.0,134.10000610351562,131.99000549316406,131.0,3513882,0.01526717557251911,0.027027027027026973,0.023076923076922995,129.98800048828124,115.02580032348632,1.0231713658214958,1.156262330937624,90.76757504078839,5.251123365135086,4.952557652294329,0.29856571284075706,0.00632821542005995,0.015072284287012103,1368130.1,2.568382933757542,1
2025-01-30,133.61000061035156,134.0,133.0500030517578,133.0,2123033,0.00458647075452312,0.03549563570010328,0.027769235464242703,130.3490005493164,115.39280029296874,1.025017453507834,1.1578712040190677,90.98059125208088,5.285397643805808,5.019125650596625,0.26627199320918304,0.006309012638867397,0.014776466480079166,1420412.8,1.4946591582390696,0
2025-02-02,133.0,133.82000732421875,132.6999969482422,133.61000061035156,749112,-0.004565531079746887,0.0231555841190747,0.027027027027026973,130.6990005493164,115.76280029296875,1.0176053331778567,1.148901025747545,86.26987823541154,5.20335724200919,5.055971968879138,0.14738527313005179,0.006396214951728143,0.014828262183315923,1239802.9,0.6042186221697013,1
2025-02-03,133.00999450683594,133.5500030517578,132.75999450683594,133.0,640508,7.51466679393964e-05,0.02079809203075511,0.03308733597542468,131.125,116.1134001159668,1.0143755539129529,1.1455180398988736,75.9297339091109,5.08058033810407,5.060893642724125,0.019686695379945718,0.005770412211657417,0.014668082062790478,1179420.2,0.5430702306099218,0
2025-02-04,132.50999450683594,133.3300018310547,132.3300018310547,133.00999450683594,484319,-0.0037591160111979383,0.011526675624701888,0.02872445476570329,131.49499969482423,116.51160003662109,1.0077188852379735,1.137311602151085,65.3610469361951,4.886603215806858,5.026035557340672,-0.1394323415338139,0.006141708808173771,0.014892392633927418,1195952.0,0.4049652494414492,0
2025-02-05,132.33999633789062,133.0,132.11000061035156,132.50999450683594,680175,-0.0012829082785641432,-0.0049624335496945005,0.021930473651665006,131.77899932861328,116.8431999206543,1.004257104790107,1.1326289970469814,64.02876118338,4.665377944509316,4.953904034774402,-0.28852609026508524,0.006199570269775827,0.014805860841321197,1195723.8,0.5688395597712448,1
2025-02-06,132.97999572753906,133.0,131.86000061035156,132.33999633789062,1128835,0.00483602393349325,-0.004715252450673835,0.030613012366206283,132.1739990234375,117.24279983520508,1.0060979974129303,1.134227397455997,70.51885307110275,4.489940683897629,4.861111364599047,-0.3711706807014181,0.005886905522678762,0.01480844454985583,1208661.2,0.9339548584830886,0
2025-02-09,131.52999877929688,133.39999389648438,131.3000030517578,132.97999572753906,853083,-0.010903872723932562,-0.011052640757166388,0.011847013009117724,132.32799835205077,117.72319976806641,0.993969533411736,1.117281886989413,65.14161763239255,4.185653151263466,4.726019721931931,-0.540366570668465,0.007095798643483231,0.015266407771445977,1178698.4,0.7237500279969838,1
2025-02-10,132.00999450683594,132.4600067138672,131.6999969482422,131.52999877929688,947534,0.0036493251120945924,-0.0075182320223958765,0.01312349512684885,132.4989974975586,118.26939971923828,0.9963093834673603,1.11618047288831,66.66666666666666,3.9378417446869634,4.568384126482938,-0.6305423817959745,0.0071304214234624045,0.014707703215692215,1201245.2,0.7887931622952583,0
2025-02-11,132.00999450683594,132.22999572753906,131.75999450683594,132.00999450683594,829972,0.0,-0.0037733002847132324,0.007709881731571944,132.5999969482422,118.78159957885742,0.9955505093892533,1.1113673748701824,64.08528492529007,3.698811819367066,4.394469665059764,-0.6956578456926978,0.006992875300449812,0.006585971239272769,1195045.3,0.6945109110089801,1
2025-02-12,133.92999267578125,133.97000122070312,131.75999450683594,132.00999450683594,719757,0.01454433943519251,0.012014480745722977,0.006992426133693552,132.6929962158203,119.4041993713379,1.0093222437900868,1.121652281753251,73.6486526293464,3.62254820680306,4.240085373408423,-0.6175371666053628,0.006828405772859482,0.00645880264419533,915632.8,0.7860760339734444,0
2025-02-13,133.88999938964844,134.0,133.0,133.92999267578125,1145115,-0.0002986133675795255,0.006843162064569919,0.0020956423772007238,132.72099609375,119.98879928588867,1.0088079756052517,1.1158541479412456,70.65680876995044,3.5183245649396895,4.095733211714677,-0.5774086467749875,0.006694326298192494,0.006462820886772139,817841.0,1.4001682478623596,0
2025-02-16,133.6999969482422,134.0,132.99000549316406,133.88999938964844,1092261,-0.0014190936012576927,0.0164981235389996,0.005263134949189396,132.7909957885742,120.51779922485352,1.0068453523845493,1.1093796751033784,68.24035599563847,3.381416108724437,3.9528697911166293,-0.5714536823921921,0.006515466232448258,0.006379499178502623,852155.9,1.281761940508773,1
2025-02-17,134.49000549316406,134.5,133.10000610351562,133.6999969482422,1666477,0.005908814980958521,0.0187865395767417,0.011127065990909957,132.93899688720703,120.9675993347168,1.0116670701771053,1.1117853560194315,68.54415406044822,3.298637616883184,3.8220233562699404,-0.5233857393867565,0.006726551975623065,0.0061983215525551975,954752.8,1.745453901784839,1
2025-02-18,135.25,135.5,134.11000061035156,134.49000549316406,1288824,0.005650936692649378,0.02454363781521307,0.02067772701494386,133.21299743652344,121.48059936523437,1.0152913199363087,1.1133464990024258,63.769918644523635,3.2568177036852717,3.708982225753007,-0.4521645220677355,0.006624418270397725,0.006230264656185497,1035203.3,1.2449960312143518,0
2025-02-19,135.0,135.49000549316406,134.5,135.25,2290774,-0.001848428835489857,0.007989303238513878,0.020099771314167514,133.47899780273437,122.04059936523437,1.0113950675559722,1.1061892575271748,58.898863891683845,3.166995062818671,3.6005847931661403,-0.43358973034746917,0.0066585339067408034,0.006262222927003953,1196263.2,1.9149414610430213,1
2025-02-20,136.0,136.10000610351562,135.10000610351562,135.0,2911853,0.007407407407407307,0.015759209948242647,0.022710214840498066,133.78099822998047,122.62959930419922,1.016586823236323,1.1090307786347218,68.29272377436294,3.1403021668369604,3.5085282679003047,-0.3682261010633443,0.00682722544103435,0.006216855337004947,1374565.0,2.118381451586502,1
2025-02-23,136.5,136.92999267578125,136.02000427246094,136.0,1381959,0.003676470588235281,0.020942431680396778,0.03778606604446666,134.2779983520508,123.20959930419922,1.0165477716023408,1.1078682243173874,70.08061358332733,3.1234880498502946,3.4315202242903027,-0.3080321744400081,0.005018791849554856,0.006120513647656701,1427452.6,0.9681295196772207,0
2025-02-24,136.5,136.8000030517578,136.25999450683594,136.5,347990,0.0,0.014945307641749617,0.03401261783198972,134.72699890136718,123.81919937133789,1.0131599539297302,1.1024138477154255,74.3590460167791,3.0747192909593366,3.3601600376241096,-0.28544074666477304,0.0051558815215827945,0.006145319499188716,1367498.2,0.25447199857374586,1
2025-02-25,136.89999389648438,137.0,136.50999450683594,136.5,385978,0.0029303582160027375,0.012199585186575712,0.03704264520210421,135.21599884033202,124.44179931640625,1.012454110982391,1.1001126201044544,77.07842526077722,3.0333789583174564,3.294803821762779,-0.2614248634453227,0.005025175780656412,0.006106139695317463,1323098.8,0.29172273453804054,0
2025-02-26,136.6199951171875,137.0,136.50999450683594,136.89999389648438,12192,-0.002045279706210934,0.011999963831018423,0.020085138419429605,135.48499908447266,125.05839920043945,1.0083772819159647,1.0924495754836707,72.58069096340722,2.9440853026761715,3.224660117945458,-0.2805748152692864,0.0035539137266857603,0.005338473651348865,1252342.3,0.009735357497706498,1
2025-02-27,137.0800018310547,137.6699981689453,136.61000061035156,136.6199951171875,72925,0.0033670526299800496,0.007941189934225656,0.023825546761880645,135.8039993286133,125.69879928588867,1.0093959125559608,1.090543446793638,89.25041923947693,2.877270748477372,3.155182244051841,-0.27791149557446904,0.0034791707694053022,0.005306517827260134,1145123.3,0.06368309857986472,1
2025-03-02,137.1300048828125,137.5,137.0,137.0800018310547,8119,0.0003647727683826485,0.004615420386904656,0.025654510193430458,136.14700012207032,126.36179931640625,1.0072201720189267,1.0852172541437384,88.55429854375068,2.7961226004734954,3.0833703153361722,-0.28724771486267686,0.003305092935722739,0.005131513808799969,1036709.1,0.007831512234241987,1
2025-03-03,137.16000366210938,137.5,137.02000427246094,137.1300048828125,8078,0.00021876160015099622,0.004835191663804972,0.019852762732476936,136.41399993896485,127.00499938964843,1.0054686742085,1.0799575160132526,88.60577637975408,2.703073411634051,3.0073109345957483,-0.30423752296169715,0.003146922513164762,0.0051294522320011835,870869.2,0.009275790210516114,1
2025-03-04,137.30999755859375,137.5,137.17999267578125,137.16000366210938,8180,0.0010935687699009655,0.002994913662446086,0.015231035553373351,136.61999969482423,127.59119934082031,1.0050504894254926,1.076171383825719,84.48988870412236,2.611332695178703,2.9281152867123392,-0.3167825915336362,0.002873056202710355,0.004977634148640628,742804.8,0.01101231440615354,0
2025-03-05,135.5800018310547,137.25,128.0,137.30999755859375,7799,-0.012599197132756701,-0.007612306567869154,0.004296309859664449,136.6779998779297,128.10299942016601,0.991966534132372,1.05836711431217,62.822483919218676,2.3716919311415836,2.8168306155981884,-0.44513868445660476,0.005277432503035636,0.0059028069634386605,514507.3,0.01515819114714213,1
2025-03-06,138.44000244140625,140.0,133.25,135.5800018310547,15086,0.02109456093617257,0.009921218209697047,0.017941194422104845,136.9220001220703,128.70339950561524,1.0110866209811615,1.075651482192327,75.5939973272386,2.3850595643469035,2.7304764053479316,-0.3454168410010281,0.008232428135095761,0.0073645959999765484,224830.6,0.06709940728708637,0
2025-03-09,138.14999389648438,138.0,134.00999450683594,138.14999389648438,1797,-0.002094831983585177,0.007438116949995965,0.012087867373511862,137.08699951171874,129.30199935913086,1.0077541589541812,1.0684289073734938,70.8903578676003,2.345218030490088,2.653424730376363,-0.30820669988627536,0.00828915152838534,0.006790815758824021,86814.4,0.020699330986564443,0
2025-03-10,133.89999389648438,137.89999389648438,131.0,138.14999389648438,8099,-0.030763664044636263,-0.023767932914729006,-0.019047663762019273,136.82699890136718,129.80199920654297,0.9786079865203157,1.0315711215157835,44.489771006058675,1.9482456831038348,2.5123889209218575,-0.5641432378180227,0.0131064648036706,0.010054464216695707,52825.3,0.15331668726916836,0
2025-03-11,133.89999389648438,136.14999389648438,133.89999389648438,133.89999389648438,1947,0.0,-0.024834343622023858,-0.021913806674589198,136.5269989013672,130.2537991333008,0.9807583479749623,1.0279930012594265,45.416641235351555,1.6150252322102858,2.332916183179543,-0.7178909509692573,0.013020349426899447,0.010054464216695707,14422.2,0.13500020801264717,0
2025-03-12,133.89999389648438,135.89999389648438,134.14999389648438,133.89999389648438,1352,0.0,-0.012391266498607667,-0.019909246947125148,136.25499877929687,130.6821989440918,0.9827161946063565,1.0246230548490327,40.45451771129262,1.3355502324251916,2.1334429930286727,-0.7978927606034811,0.013037992273507099,0.009516544904962546,13338.2,0.101363002504086,0
