Date,Close,High,Low,Open,Volume
2018-01-01,5.323651313781738,5.323651313781738,5.323651313781738,5.323651313781738,0
2018-01-02,5.323651313781738,5.323651313781738,5.323651313781738,5.323651313781738,0
2018-01-03,5.272307395935059,5.333277649159813,5.224173396218239,5.320441854696098,142612
2018-01-04,5.339696407318115,5.419920365173057,5.297979839062914,5.2723082459964195,496533
2018-01-07,5.339696407318115,5.339696407318115,5.339696407318115,5.339696407318115,0
2018-01-08,5.355740547180176,5.448800295030196,5.262681258374417,5.339696032163015,1383151
2018-01-09,5.538650989532471,5.615665765060334,5.3268598977865755,5.35574066813166,670477
2018-01-10,5.657382488250732,5.695889877082779,5.5835768891781195,5.538651143163115,499633
2018-01-11,5.650964736938477,5.724770796973043,5.593203652189628,5.657382635243904,810342
2018-01-14,5.589993953704834,5.647755033082517,5.519397078909887,5.65096421145896,584697
2018-01-15,5.580367088317871,5.583576266551494,5.5193968332771375,5.589993704930273,1952946
2018-01-16,5.519397735595703,5.5226069143539664,5.468054547817951,5.580368000603937,1724920
2018-01-17,5.461636066436768,5.5161884271505235,5.423128679713266,5.519397146522019,174199
2018-01-18,5.4487996101379395,5.468053301164978,5.407083050057256,5.461635404155965,274756
2018-01-21,5.4487996101379395,5.4487996101379395,5.4487996101379395,5.4487996101379395,0
2018-01-22,5.246636867523193,5.407084330751264,5.195293679290211,5.304398413329611,324921
2018-01-23,5.220964431762695,5.2787255092134435,5.143949202784126,5.246636021740805,465553
2018-01-24,5.121487140655518,5.179248216871709,5.015591604737051,5.2209643201724,1059894
2018-01-25,5.121487140655518,5.121487140655518,5.121487140655518,5.121487140655518,0
2018-01-28,5.208128452301025,5.278725322240279,5.13432240420606,5.121487068715871,1266390
2018-01-29,5.137531280517578,5.227381836979476,5.1022330771439295,5.208128146309069,2502553
2018-01-30,5.127904891967773,5.182457252357191,5.073352990622612,5.1375319681135405,179520
2018-01-31,5.044471740722656,5.134322300651317,4.941785386518473,5.127904403513556,522988
2018-02-01,5.121487140655518,5.262680882517319,5.005964529178906,5.044471913323033,423687
2018-02-04,5.025218963623047,5.102234202332938,4.989920293420834,5.121487897249337,144024
2018-02-05,5.005965232849121,5.038054724146597,4.9738757415516455,5.0252189276276065,1327990
2018-02-06,4.951411724090576,5.066933866069934,4.8134271729151035,5.005964076214033,1467204
2018-02-07,5.025218963623047,5.0701442517613104,5.005965268706648,4.951412903588037,106056
2018-02-08,5.005965232849121,5.0861887315706635,4.916114657216189,5.0252189276276065,104661
2018-02-11,4.925740718841553,4.989919694189061,4.909696204526796,4.935367794665799,406612
2018-02-12,5.012382507324219,5.082979838437213,4.94178563525546,4.925740662081352,412261
2018-02-13,4.970666885375977,5.070144544373995,4.832682293367111,5.012383456291239,283102
2018-02-14,4.970666885375977,4.970666885375977,4.970666885375977,4.970666885375977,0
2018-02-15,4.967457294464111,5.0220096531647656,4.941785704262449,4.948203601812865,59569
2018-02-18,5.025218963623047,5.050890556844912,4.980293675484783,4.967457878873851,38023
2018-02-19,5.0284271240234375,5.082979942119322,4.95462153124092,5.025218404749706,182592
2018-02-20,5.0284271240234375,5.0284271240234375,5.0284271240234375,5.0284271240234375,0
2018-02-21,4.8776068687438965,4.925740872231321,4.845516921026606,4.961039539293788,153730
2018-02-22,4.797382831573486,4.877606781340646,4.739621752997061,4.877606781340646,564949
2018-02-25,4.819845199584961,4.842308068430629,4.787755255792805,4.797382330739292,105778
2018-02-26,4.989919662475586,5.066934432403128,4.781338223443946,4.819845608407716,2264623
2018-02-27,5.153576374053955,5.211337452575131,5.034845497726997,4.989919755388503,2200534
2018-02-28,5.1503682136535645,5.182457705203025,5.118278722104104,5.153576933286362,795652
2018-03-01,5.1311140060424805,5.1599947750734865,5.102233696055724,5.150367699048401,366354
2018-03-04,5.137531280517578,5.21775522116637,5.1022330771439295,5.131113383627443,107905
2018-03-05,5.079770565032959,5.198501895355791,5.03805400279708,5.137531641098173,279790
2018-03-06,5.0508904457092285,5.1664126126657655,4.99312936223096,5.079771216970506,548844
2018-03-07,5.0508904457092285,5.0508904457092285,5.0508904457092285,5.0508904457092285,0
2018-03-08,5.15678596496582,5.24663653874306,5.115069397618532,5.249845258284391,450832
2018-03-11,5.172830104827881,5.262681131119519,5.1343227188647145,5.1567855901986865,414339
2018-03-12,5.233799934387207,5.307605521929312,5.137531477346932,5.172829682072926,2267233
2018-03-13,5.233799934387207,5.233799934387207,5.233799934387207,5.233799934387207,0
2018-03-14,5.1503682136535645,5.237010070359257,5.073353433934859,5.156786111963457,829527
2018-03-15,5.079770565032959,5.1664119496086665,4.9738750293912855,5.150367435779332,1515634
2018-03-18,5.002755641937256,5.086187845735441,4.957830361945195,5.07977040763793,726843
2018-03-19,4.938577175140381,4.996338255317874,4.893651431513626,5.002756153115373,702159
2018-03-20,4.954621315002441,5.002755774361603,4.845516601660907,4.938576801245538,1077099
2018-03-21,4.8776068687438965,4.967457437028395,4.8390994823362545,4.954621641559181,457569
2018-03-22,4.823054790496826,4.893651203942083,4.781338227230915,4.87760668971659,1878381
2018-03-25,4.807010173797607,4.8776075173097295,4.778129859673846,4.823055608834038,237606
2018-03-26,4.810218811035156,4.877606968143951,4.7652935259773805,4.807009632580326,987232
2018-03-27,4.810218811035156,4.861562453002593,4.774920602297608,4.810218811035156,548692
2018-03-28,4.970666885375977,5.054100027206502,4.813428597339525,4.803801519803572,914838
2018-03-29,5.041263103485107,5.118277870388035,4.9738749529229365,4.970665774779871,1324536
2018-04-01,5.185665607452393,5.294770320567375,5.070143456083355,5.041263147763207,2998981
2018-04-02,5.246636867523193,5.3011892345428935,5.163204186644597,5.18566660197437,1506259
2018-04-03,5.220964431762695,5.275516789988298,5.15678545681742,5.246636021740805,1529292
2018-04-04,5.105442523956299,5.230591771931235,4.816637096757563,5.220965153880095,1620988
2018-04-05,5.034845352172852,5.182456993015163,4.941785609945799,5.105441764835811,1805496
2018-04-08,5.034845352172852,5.034845352172852,5.034845352172852,5.034845352172852,0
2018-04-09,5.034845352172852,5.034845352172852,5.034845352172852,5.034845352172852,0
2018-04-10,5.278726100921631,5.41029324382932,5.0573083830189365,5.03484596879233,3282411
2018-04-11,5.435964584350586,5.503352741990864,5.3108153454661835,5.278725855886115,2449482
2018-04-12,5.429546356201172,5.471262460595889,5.297979227402872,5.435964253726839,1295319
2018-04-15,5.512978553771973,5.577157523554112,5.455217480968047,5.429545893055192,3143895
2018-04-16,5.545069217681885,5.5803674261230976,5.506561371768521,5.512979269580038,1679458
2018-04-17,5.70671272277832,5.776992876886378,5.523985629064639,5.615349175921479,3115804
2018-04-18,5.6575164794921875,5.76293645023451,5.559124975967049,5.706712231254756,966861
2018-04-19,5.625890254974365,5.710225819898864,5.622376021762703,5.657515840481243,5372667
2018-04-22,5.615347862243652,5.68211376682094,5.573180081251555,5.625890058831477,590754
2018-04-23,5.580207824707031,5.622375604036335,5.516956155713075,5.615347640814784,424581
2018-04-24,5.485331058502197,5.604806957481383,5.429107845276215,5.580208830432824,289978
2018-04-25,5.485331058502197,5.485331058502197,5.485331058502197,5.485331058502197,0
2018-04-26,5.474788665771484,5.499386789686915,5.432620884213265,5.485330359821235,693297
2018-04-29,5.418565273284912,5.474788985310734,5.379911219927341,5.474788985310734,189808
2018-04-30,5.313146114349365,5.411537615970712,5.274492058801147,5.418565580372237,838555
2018-05-01,5.313146114349365,5.313146114349365,5.313146114349365,5.313146114349365,0
2018-05-02,5.450191497802734,5.541555032110488,5.320173909178798,5.313145945001278,336588
2018-05-03,5.467761039733887,5.53452694932937,5.411537327518592,5.450191381006427,710287
2018-05-06,5.418565273284912,5.5169567693301,5.362341561259091,5.5169567693301,139963
2018-05-07,5.390453338623047,5.429107391416639,5.365855716310458,5.418565194225794,223249
2018-05-08,5.390453338623047,5.4466770498285415,5.376397410821673,5.390453338623047,544807
2018-05-09,5.400995254516602,5.4431630396491455,5.376397631195777,5.390453559573292,1036126
2018-05-10,5.351799964904785,5.411537916980423,5.235838797169271,5.400995718451908,183553
2018-05-13,5.165558338165283,5.306117109264421,5.028512794891193,5.351799124582323,511755
2018-05-14,5.035541534423828,5.2709786056176675,4.919579864349926,5.165559134041253,383596
2018-05-15,4.975803375244141,5.060139451671728,4.919579659412196,5.035541324655417,154290
2018-05-16,5.1515021324157715,5.26746378967228,5.007429121859095,4.9758030325419975,1046949
2018-05-17,5.2252960205078125,5.306117355338928,5.14798841634431,5.151502147011923,185389
2018-05-20,5.074194431304932,5.155016267039018,5.007429025971215,5.225295905642734,91506
2018-05-21,5.0566253662109375,5.095278920637803,5.024999273789243,5.074195026583235,53319
2018-05-22,5.060139179229736,5.126904586845632,5.0425685149587665,5.056624945839614,127984
2018-05-23,5.116363048553467,5.270978781367233,5.060139831184427,5.060139831184427,830041
2018-05-24,5.070680618286133,5.183128038224146,5.060138924006753,5.116362131296141,68467
2018-05-27,5.04959774017334,5.060139939247471,5.04608350625539,5.070681635641883,38400
2018-05-28,5.091764450073242,5.165558319885757,5.063652092737359,5.049596668088837,197769
2018-05-29,5.158530235290527,5.23583834399594,5.01797145428697,5.091764826880829,470562
2018-05-30,5.060139179229736,5.165558640738764,5.024998856047084,5.1585301739585185,875452
2018-05-31,4.930121421813965,5.060139004526001,4.884439405397425,5.060139004526001,692457
2018-06-03,4.916065692901611,4.986345844189231,4.873897903736857,4.930122125302893,152685
2018-06-04,4.916065692901611,4.986345844189231,4.873897903736857,4.930122125302893,152685
2018-06-05,4.634946346282959,4.743880035286674,4.571694672800691,4.863355418530958,316485
2018-06-06,4.445191383361816,4.666572494754479,4.174614525290743,4.634946406264261,259375
2018-06-07,4.350313663482666,4.462761085571083,4.287061988557931,4.445191427209582,380943
2018-06-10,4.417079925537109,4.508443463303027,4.388967565083313,4.35031401198372,470265
2018-06-11,4.417079925537109,4.417079925537109,4.417079925537109,4.417079925537109,0
2018-06-12,4.518984794616699,4.564666811159729,4.431134994809161,4.476817011352192,58230
2018-06-13,4.606834888458252,4.634946745762179,4.540068976021594,4.518985083043648,105945
2018-06-14,4.494386672973633,4.673600003317901,4.392481448016796,4.606834597773703,268635
2018-06-17,4.494386672973633,4.494386672973633,4.494386672973633,4.494386672973633,0
2018-06-18,4.494386672973633,4.494386672973633,4.494386672973633,4.494386672973633,0
2018-06-19,4.445191383361816,4.487359166229027,4.41707952811701,4.494386627360605,64573
2018-06-20,4.448705196380615,4.561152619443959,4.392481484848943,4.445191465749701,386082
2018-06-21,4.424107551574707,4.533041243456804,4.357341643128332,4.44870517390573,679699
2018-06-24,4.494386672973633,4.533041228346977,4.448705159077017,4.424107536827984,106710
2018-06-25,4.431135654449463,4.5541257946326255,4.388967864907655,4.494387338762176,628848
2018-06-26,4.399510383605957,4.473303769331206,4.381940218679155,4.431135976722567,287067
2018-06-27,4.441677570343018,4.515470946002406,4.392481819010202,4.399509783486319,806773
2018-06-28,4.287062168121338,4.448705344143855,4.216782526372418,4.441677379968963,3315199
2018-07-01,4.287062168121338,4.287062168121338,4.287062168121338,4.287062168121338,0
2018-07-02,4.3116607666015625,4.357342287404916,4.265978743118505,4.287062637953831,616041
2018-07-03,4.2694926261901855,4.332744305500008,4.248408733086911,4.311660412396734,137463
2018-07-04,4.251922130584717,4.294089918470604,4.216782810026161,4.2694927962233615,473455
2018-07-05,4.230838298797607,4.251922193050297,4.1921847440075215,4.251922193050297,204838
2018-07-08,4.041083335876465,4.1992127974513895,3.9216081839275927,4.230838388158554,218884
2018-07-09,3.921607732772827,4.027027194135072,3.865383768706475,4.041082870976883,599980
2018-07-10,4.041083335876465,4.111363487549532,3.998915546480445,3.9216081839275927,473281
2018-07-11,4.072708606719971,4.174614586147586,4.037569038491515,4.041082769108527,1641423
2018-07-12,4.1219048500061035,4.195698470977928,4.076222833302778,4.072708600011924,1346410
2018-07-15,4.0902791023254395,4.146502312097872,4.041082851250235,4.12190494057973,171217
2018-07-16,4.083250999450684,4.139474968252735,4.041083211354027,4.090279466813144,325603
2018-07-17,4.044597148895264,4.135960431742012,4.009457076714449,4.083250700480527,614887
2018-07-18,4.097307205200195,4.146502706940484,4.062167130231685,4.044597469757195,1135770
2018-07-19,4.104334354400635,4.146502136958614,4.076222750701792,4.097306641980782,261142
2018-07-22,4.09379243850708,4.118390563184444,4.048110925077152,4.104334384223174,227664
2018-07-23,4.09379243850708,4.09379243850708,4.09379243850708,4.09379243850708,0
2018-07-24,4.202726364135742,4.269492526754131,4.076223008462347,4.093792667632715,479013
2018-07-25,4.118391036987305,4.164073058352372,4.0762232492717105,4.202726612418493,304401
2018-07-26,4.107848644256592,4.2027261563201534,4.076222806902071,4.1183905900414315,261645
2018-07-29,4.273005485534668,4.3222017345423165,4.146502137834024,4.107848588487525,519642
2018-07-30,4.2659783363342285,4.311660355461257,4.20624063999712,4.2730057979295255,227460
2018-07-31,4.223810195922852,4.251921547981913,4.216782232238183,4.265977978030864,227139
2018-08-01,4.258950710296631,4.304632230371938,4.216782921298027,4.223810886131127,251563
2018-08-02,4.241380214691162,4.30111816243372,4.216782591041632,4.258950376737675,103347
2018-08-05,4.227324485778809,4.25192160498549,4.216782288770664,4.241379910656966,55290
2018-08-06,4.2202959060668945,4.251921490883401,4.216782175611552,4.227324372336793,172570
2018-08-07,4.244894504547119,4.251921966243465,4.223810611419091,4.220296377891254,92173
2018-08-08,4.304632186889648,4.339772010700195,4.230838305547655,4.244894737751565,1759681
2018-08-09,4.3362579345703125,4.399509612395592,4.234352202289757,4.304631844317846,875529
2018-08-12,4.244894504547119,4.287062290803177,4.230838073115437,4.3362580414352445,216598
2018-08-13,4.128932476043701,4.237866165582952,4.041082677768859,4.244894129337755,387825
2018-08-14,4.118391036987305,4.216782792996865,4.072709015622237,4.1289329839162034,817419
2018-08-15,4.0902791023254395,4.146502312097872,4.072708689504526,4.118390707211656,1919932
2018-08-16,3.991887331008911,4.076223155847011,3.9180937041979287,4.090279336103223,2098963
2018-08-19,3.8899824619293213,3.9672898268679564,3.86538433268267,3.9918877047747494,113868
2018-08-20,3.8899824619293213,3.8899824619293217,3.8899824619293217,3.8899824619293217,0
2018-08-21,3.8899824619293213,3.8899824619293217,3.8899824619293217,3.8899824619293217,0
2018-08-22,3.8899824619293213,3.8899824619293217,3.8899824619293217,3.8899824619293217,0
2018-08-23,3.8899824619293213,3.8899824619293217,3.8899824619293217,3.8899824619293217,0
2018-08-26,3.8899824619293213,3.8899824619293217,3.8899824619293217,3.8899824619293217,0
2018-08-27,3.8899824619293213,3.8899824619293217,3.8899824619293217,3.8899824619293217,0
2018-08-28,3.8899824619293213,3.8899824619293217,3.8899824619293217,3.8899824619293217,0
2018-08-29,3.8899824619293213,3.8899824619293217,3.8899824619293217,3.8899824619293217,0
2018-08-30,3.8899824619293213,3.8899824619293217,3.8899824619293217,3.8899824619293217,0
2018-09-02,3.9848592281341553,4.076222757154404,3.911065608540877,3.9532333911656075,1327590
2018-09-03,3.9813458919525146,4.023513935418006,3.8864683596698595,3.984860125969517,3063267
2018-09-04,3.946204900741577,3.9708027722232258,3.914578814639665,3.9813447171439322,621634
2018-09-05,3.9075520038604736,3.9391778459161597,3.8934958227180956,3.946205810817423,424042
2018-09-06,3.721310615539551,3.9356635266856306,3.654544703350943,3.907551669486145,5426773
2018-09-09,3.6334609985351562,3.693198698176348,3.6053493912203196,3.721310808170869,722454
2018-09-10,3.566694736480713,3.644002591612515,3.528041185924539,3.6334606456408807,754428
2018-09-11,3.566694736480713,3.5666947364807133,3.5666947364807133,3.5666947364807133,0
2018-09-12,3.4823591709136963,3.584265151383686,3.4296494410221343,3.566694738740196,2965756
2018-09-13,3.4542477130889893,3.5104716827932037,3.4261361052466524,3.482359572271173,379105
2018-09-16,3.313688039779663,3.44370563489101,3.166100784687679,3.454247581683295,713622
2018-09-17,3.282061815261841,3.310174172763931,3.2363803025151268,3.313687651937125,2126644
2018-09-18,3.352342367172241,3.4929014072267144,3.2680065409958154,3.282062218795408,8486175
2018-09-19,3.4085655212402344,3.54912505114345,3.268006242676835,3.3523420611546904,1691958
2018-09-20,3.3980233669281006,3.513985024547416,3.303145852699422,3.4085655642933284,1158546
2018-09-23,3.3663976192474365,3.4753313157749344,3.338286013764637,3.3980234581728896,1401262
2018-09-24,3.4085655212402344,3.4472195741849854,3.3628840070469455,3.366397486331399,513112
2018-09-25,3.5139851570129395,3.5983207283953793,3.443705514194239,3.4085656927848893,1403299
2018-09-26,3.4155938625335693,3.5139851098184804,3.3382860051314514,3.5139851098184804,1018255
2018-09-27,3.3699119091033936,3.3980235150567895,3.3382860696485146,3.415593928544715,3086943
2018-09-30,3.3699119091033936,3.408565712881579,3.3382860696485146,3.3699119091033936,1546929
2018-10-01,3.289090394973755,3.338286146367494,3.23989439224018,3.3699119865491842,312879
2018-10-02,3.3312582969665527,3.345313722681623,3.271520098609339,3.289090260442565,866437
2018-10-03,3.282061815261841,3.3734258461145,3.187184305235988,3.3312580638807874,1011534
2018-10-04,3.1239328384399414,3.1977267195051757,3.081765050025433,3.2820622963341926,1535983
2018-10-08,2.9517478942871094,3.095821168467471,2.8498419049920525,3.1239327755042874,1458015
2018-10-09,2.96931791305542,3.0220276494160783,2.8744401362663865,2.9517480009352006,787029
2018-10-10,2.997429132461548,3.018513024272076,2.986887186556284,2.9693175280539936,1160529
2018-10-11,2.9025518894195557,3.018513305168585,2.8744400310561544,2.9974294113960345,1816468
2018-10-14,3.036083459854126,3.057167351824795,2.997429155228264,2.902551641360254,372309
2018-10-15,3.169614315032959,3.2820617314514116,3.0220270809837393,3.036083259375847,1702957
2018-10-16,3.3418006896972656,3.4085661071516262,3.1696150411798234,3.1696150411798234,1831660
2018-10-17,3.4015378952026367,3.4718175414655406,3.341800447219009,3.341800447219009,295495
2018-10-18,3.3382856845855713,3.4050515892955313,3.3031456156825287,3.4015373561994062,321987
2018-10-21,3.3066601753234863,3.3382860142535717,3.2398942640201476,3.3382860142535717,121600
2018-10-23,3.278548240661621,3.3734260065392356,3.130960995825052,3.285576204701458,1004716
2018-10-24,3.1731293201446533,3.229352790693009,3.1450172078606817,3.2785487986850623,2723625
2018-10-25,3.2082679271698,3.2328660494154184,3.1239321184385873,3.1731283629298255,390195
2018-10-28,3.183670997619629,3.2328667500937804,3.0782515280321605,3.2082686225168633,458463
2018-10-29,3.218810558319092,3.264492579655167,3.1309612519738654,3.1836709865849055,821212
2018-10-30,3.250436305999756,3.3031460391012955,3.1977265728982167,3.2188104661388324,407467
2018-10-31,3.215296745300293,3.303146049403691,3.1625870120343538,3.2504363161377516,194662
2018-11-01,3.215296745300293,3.268006478566232,3.166100742912249,3.215296745300293,579591
2018-11-04,3.2996323108673096,3.373425931647335,3.197726331872407,3.2152964929217513,661620
2018-11-05,3.359369993209839,3.4437055658575004,3.334771866514439,3.2996325472575774,2544832
2018-11-06,3.5174994468688965,3.5912930730112267,3.4085657474141953,3.359369996652642,1833085
2018-11-07,3.528041362762451,3.5807510952626203,3.503443236255875,3.517499416262417,706374
2018-11-08,3.5210132598876953,3.584265187738953,3.496415385688803,3.5280412239445216,422542
2018-11-11,3.5139851570129395,3.563181409665686,3.4718173713217193,3.5210133726346378,195504
2018-11-12,3.6615724563598633,3.759964460313896,3.5139852044483093,3.5139852044483093,2034525
2018-11-13,3.7423946857452393,3.805646367440802,3.6721147880769953,3.6615725897878937,7549383
2018-11-14,3.7423946857452393,3.75996459732734,3.7177965581904573,3.7423946857452393,2699853
2018-11-15,3.781048536300659,3.837272505373482,3.6931987260030352,3.7423947303592358,407007
2018-11-18,3.8759257793426514,3.932149744344636,3.8161880835766073,3.781048262537758,594445
2018-11-19,3.932149648666382,3.9672892175103787,3.8653837389773105,3.8759256850324553,926494
2018-11-20,3.932149648666382,3.932149648666382,3.932149648666382,3.932149648666382,0
2018-11-21,3.9426920413970947,3.9708036493891496,3.8337583351461233,3.9321500941476315,2265192
2018-11-22,3.8302438259124756,3.9321498113410764,3.6721146285434285,3.942691757832346,2029791
2018-11-25,3.675628185272217,3.7599639987807705,3.6194042258199137,3.8302433825815965,284055
2018-11-26,3.679142475128174,3.8267299625401643,3.6404881725248965,3.6756282419771265,337731
2018-11-27,3.6580586433410645,3.724824047493178,3.6018346821133216,3.6791425345490403,907726
2018-11-28,3.629946231842041,3.6721142649719454,3.5526388832333304,3.658058589048384,1290726
2018-11-29,3.6229190826416016,3.6861707651576294,3.584265527999428,3.6299467960257603,1035087
2018-12-02,3.601835250854492,3.6229191453916814,3.573723642811422,3.6229191453916814,242520
2018-12-03,3.5807509422302246,3.5912928882797215,3.52101324794974,3.601834834329219,466636
2018-12-04,3.5491251945495605,3.605349159586524,3.5139851221490233,3.5807510335042005,550597
2018-12-05,3.6967124938964844,3.7599644240163674,3.5139851705253884,3.549125243409692,644502
2018-12-06,3.6475167274475098,3.791589985208874,3.584265053308374,3.6967122226603597,252898
2018-12-09,3.570209503173828,3.6545450835460103,3.478845957770631,3.6475173698548504,1132438
2018-12-10,3.5842647552490234,3.68968420338114,3.549124687865195,3.570208577491618,609415
2018-12-11,3.5877785682678223,3.6194044056524555,3.552639000291377,3.5842650890158234,609810
2018-12-12,3.644002914428711,3.6896849356925054,3.566695052448334,3.5877789462593896,390727
2018-12-13,3.6861705780029297,3.7494225086473674,3.619404665174902,3.6440027917998585,916480
2018-12-16,3.6861705780029297,3.735366328573179,3.654544738350626,3.6861705780029292,960793
2018-12-17,3.675628185272217,3.724823929870656,3.6545442947300284,3.6861701305433106,373489
2018-12-18,3.6475167274475098,3.6896845102069333,3.584265053308374,3.675628331280648,235840
2018-12-19,3.6194043159484863,3.6896844555187958,3.577236533814069,3.6475166733843785,440563
2018-12-20,3.598320484161377,3.6545444459399947,3.5385830431599556,3.6194043755759293,874243
2018-12-23,3.538583278656006,3.587778777224157,3.496415493020595,3.59832072363301,266103
2018-12-24,3.5174994468688965,3.644002805970034,3.4577617495155812,3.538583340052419,343290
2018-12-25,3.524527072906494,3.5912929843457655,3.471817341249038,3.5174993600253264,688261
2018-12-26,3.5807509422302246,3.612376780378716,3.55966705013123,3.5245269786264193,389586
2018-12-27,3.636974811553955,3.7072541987222887,3.5842650826728453,3.5807508494076252,1404987
2018-12-30,3.672114849090576,3.717796619963058,3.6158913824335204,3.636975276682358,465115
2018-12-31,3.672114849090576,3.707254672838639,3.6545449372165444,3.672114849090576,572877
2019-01-01,3.672114849090576,3.672114849090576,3.672114849090576,3.672114849090576,0
2019-01-02,3.8056459426879883,3.8829532936810227,3.6721143782278034,3.6721143782278034,2237128
2019-01-03,3.8618695735931396,3.8899819329146474,3.795104165408548,3.8056461116492453,1912977
2019-01-06,3.893495798110962,3.960261715590852,3.7951045414549607,3.861869956255153,2016996
2019-01-07,3.893495798110962,3.893495798110962,3.893495798110962,3.893495798110962,0
2019-01-08,3.893495798110962,3.9532340020738546,3.851328008969883,3.893495798110962,1471591
2019-01-09,3.882953405380249,3.9426916024900827,3.8197017289247497,3.893495351456165,844125
2019-01-10,3.8759257793426514,3.9286355109009254,3.8442999404076867,3.8829534922105955,1267227
2019-01-13,4.0059428215026855,4.0762224539834895,3.9005233727814796,3.875925250073407,3920338
2019-01-14,3.9883735179901123,4.0656813816498785,3.9040376895739897,4.005943681220849,1112754
2019-01-15,3.946204900741577,4.005942839965374,3.914578814639665,3.9883726804244035,310900
2019-01-16,3.8653833866119385,3.9426912353088306,3.8232156062353404,3.9462049656670835,1741227
2019-01-17,3.8126742839813232,3.8653840180627554,3.795104372620846,3.8653840180627554,467226
2019-01-20,3.781048536300659,3.8653841129001276,3.728338549586147,3.8126743775254597,690849
2019-01-21,3.75996470451355,3.795104528679491,3.724824629007761,3.7810485990131144,304162
2019-01-22,3.7283382415771484,3.8021321163451978,3.66157233094512,3.7599643315290683,518097
2019-01-23,3.6931986808776855,3.7599645962096626,3.5842654804408824,3.728338504031441,1133461
2019-01-24,3.6931986808776855,3.693198680877685,3.693198680877685,3.693198680877685,0
2019-01-27,3.8337581157684326,3.86538395570711,3.7669922023358358,3.693198575812256,739551
2019-01-28,3.8794400691986084,3.9145793880687787,3.7880760304893926,3.8337580498440005,725839
2019-01-29,3.858355760574341,3.882953130329473,3.8091595130252625,3.879439651232687,680752
2019-01-30,3.8618695735931396,3.9321497178774365,3.7986178961489565,3.8583560941925557,786261
2019-01-31,3.851327419281006,3.8899817227548765,3.795103960374634,3.8618693649521645,582505
2019-02-03,3.91809344291687,3.998915028796392,3.812673983074016,3.851327533676578,1350324
2019-02-04,3.8794400691986084,4.005943426777994,3.812674156914103,3.918093621563591,749847
2019-02-05,3.921607732772827,3.9532335711815003,3.819701750776347,3.879439948227929,478530
2019-02-06,3.882953405380249,3.918093476973124,3.823215962289875,3.9216077103382494,225315
2019-02-07,3.8618695735931396,3.9005238791553447,3.8302437348710483,3.882953466074534,233160
2019-02-10,4.009457111358643,4.1078488619034035,3.8583561317766057,3.861869611211415,2194390
2019-02-11,4.150016784667969,4.206240751700545,4.0762231578212464,4.009457244096282,3526198
2019-02-12,4.111363410949707,4.213268648751615,4.048111476694289,4.150016965836044,791896
2019-02-13,4.1148762702941895,4.150016340178292,4.0516245969144595,4.111362791119376,1495446
2019-02-14,4.055139064788818,4.146502346951577,4.01999899287108,4.114876508431452,410014
2019-02-17,4.111363410949707,4.146502732111999,4.06919537099948,4.055139441462686,1378407
2019-02-18,4.125418186187744,4.164072488988085,4.079736673748507,4.111362761550728,450132
2019-02-19,4.178128242492676,4.2519218667133964,4.083250725637463,4.125418510906446,1556245
2019-02-20,4.2202959060668945,4.287061811514464,4.216782175611552,4.1781278731853435,1435731
2019-02-21,4.206240177154541,4.234351779821209,4.174614341397265,4.220295852817975,544344
2019-02-24,4.216782569885254,4.251921888442666,4.174614784400774,4.206240623514134,3503211
2019-02-25,4.216782569885254,4.251921888442666,4.157044371102586,4.216782569885254,163035
2019-02-26,4.199212074279785,4.241379856413837,4.1640725071745495,4.216782234842114,221055
2019-02-27,4.1640729904174805,4.213268490609899,4.150016810068429,4.1992125616006835,66811
2019-02-28,4.209754467010498,4.294089788897635,4.083250855830206,4.164072949519055,2303884
2019-03-03,4.304632186889648,4.39248199775586,4.206240931559964,4.209754662601172,645150
2019-03-04,4.139474391937256,4.287061881067628,4.005943081555316,4.304631538988603,1036234
2019-03-05,4.058652877807617,4.128932516036369,4.041082716910617,4.139474461770682,525000
2019-03-06,4.1219048500061035,4.178128058543102,4.06568088744966,4.058652923547582,480517
2019-03-07,4.329229831695557,4.392481507494788,4.164072678219787,4.121904894353633,2622975
2019-03-10,4.346799373626709,4.392481389595368,4.322201751704833,4.329229715493887,303186
2019-03-11,4.39599609375,4.462761505558429,4.3222022147199715,4.346799839276864,566427
2019-03-12,4.508443832397461,4.547097388661519,4.462761808434801,4.395996392095172,1837213
2019-03-13,4.438163757324219,4.515470862451394,4.392481737734893,4.50844340078498,636240
2019-03-14,4.448705196380615,4.511957374533378,4.392481484848943,4.438163501808242,2130562
2019-03-17,4.427621364593506,4.462761184777286,4.374911885657654,4.448705256703774,35922
2019-03-18,4.3362579345703125,4.455733326018064,4.304631844317846,4.427621469206828,438885
2019-03-19,4.244894504547119,4.441677507075388,4.181642573823201,4.3362580414352445,2788977
2019-03-20,4.202726364135742,4.280034221720421,4.171100525217394,4.2448944007000335,246396
2019-03-21,4.216782569885254,4.244894426874907,4.199212407926893,4.2027263900506,446668
2019-03-24,4.216782569885254,4.353828124049642,4.199212407926893,4.216782569885254,698035
2019-03-25,4.1219048500061035,4.216782362684164,4.041082762452571,4.216782362684164,578440
2019-03-26,4.1886701583862305,4.251921835830288,4.0621668034981155,4.121905001541596,627193
2019-03-27,4.167585849761963,4.269492073932404,4.132446535148097,4.1886697401380415,249360
2019-03-28,4.1148762702941895,4.181642176868157,4.076222721235273,4.1675859981106305,1402081
2019-03-31,4.104334354400635,4.157044082598109,4.058652841302634,4.11487630004013,204103
2019-04-01,4.079736709594727,4.146502113595534,4.0727084945348535,4.104334331275145,251884
2019-04-02,4.1219048500061035,4.178128058543102,4.083250545865042,4.079736815253818,536520
2019-04-03,4.244894504547119,4.3292300770592345,4.185156807351038,4.121905127966951,1569948
2019-04-04,4.244894504547119,4.287062290803177,4.199212484763225,4.244894504547119,810982
2019-04-07,4.1921844482421875,4.216782574474734,4.135960482861861,4.244894431494984,1493973
2019-04-08,4.1921844482421875,4.216782574474734,4.146502429244454,4.1921844482421875,609562
2019-04-09,4.2202959060668945,4.251921490883401,4.19218405170573,4.19218405170573,1944468
2019-04-10,4.241380214691162,4.2870622338683715,4.213268357560467,4.220296321843141,559317
2019-04-11,4.223810195922852,4.28706186908487,4.181642162475032,4.241379853794716,702066
2019-04-14,4.206240177154541,4.244893976413434,4.195698231902115,4.223810085908584,340110
2019-04-15,4.195698261260986,4.216782151913369,4.181642082819596,4.206240206587178,408754
2019-04-16,4.18515682220459,4.262464179275236,4.128932855657136,4.195698768806019,998673
2019-04-17,4.202726364135742,4.234352203054091,4.167586291775529,4.185156704965374,487623
2019-04-18,4.209754467010498,4.280034362706141,4.128932876001317,4.202726502574917,2115753
2019-04-21,4.171100616455078,4.216782636120645,4.153530956900395,4.209754420423009,1582756
2019-04-22,3.9216792583465576,4.02912270240706,3.8756321856615723,4.554827056689512,479538
2019-04-23,3.7720255851745605,3.93319059641028,3.6453961491382025,3.9216788294978837,700000
2019-04-24,3.6530706882476807,3.7566768734949765,3.5878376114748134,3.7720258973149914,560788
2019-04-25,3.6530706882476807,3.653070688247681,3.653070688247681,3.653070688247681,0
2019-04-28,3.6530706882476807,3.653070688247681,3.653070688247681,3.653070688247681,0
2019-04-29,3.6530706882476807,3.653070688247681,3.653070688247681,3.653070688247681,0
2019-04-30,3.614698648452759,3.6645824265408726,3.591674838446335,3.6530706587687574,378894
2019-05-01,3.614698648452759,3.614698648452759,3.614698648452759,3.614698648452759,0
2019-05-02,3.622372627258301,3.676093931897791,3.580162815106993,3.6146983904202368,272920
2019-05-05,3.5072546005249023,3.5878372417379034,3.45353329715318,3.6223725417739754,367093
2019-05-06,3.52260422706604,3.5878375776867757,3.4535336205264375,3.50725492892838,1516810
2019-05-07,3.618535041809082,3.6453961054113115,3.5686509935825685,3.5226039264853233,1017429
2019-05-08,3.549464225769043,3.6262098818649244,3.4765566484181996,3.6185348222234612,1114099
2019-05-09,3.5149292945861816,3.5878374284747188,3.4535334768998536,3.5494645964197185,1017586
2019-05-12,3.5839996337890625,3.626209992950814,3.5187665651570166,3.5149290352187252,365985
2019-05-13,3.599349021911621,3.645396088799027,3.5264408915443926,3.5839997251536504,945087
2019-05-14,3.60318660736084,3.645396144861264,3.572488013372788,3.599349077265704,518952
2019-05-15,3.52260422706604,3.580163065849042,3.488068923796239,3.6031868758244356,278701
2019-05-16,3.5648140907287598,3.6453964661225493,3.4957432087861724,3.522604275046299,380874
2019-05-19,3.5878376960754395,3.645396536757723,3.5149295567490113,3.5648141598025256,225576
2019-05-20,3.607023239135742,3.6530703057747025,3.553301935852455,3.587837235831675,551836
2019-05-21,3.622372627258301,3.645396161159014,3.587837326407231,3.6070233301956516,1038121
2019-05-22,3.5878376960754395,3.626210530992497,3.5494648611583814,3.6223730004848096,262839
2019-05-23,3.6338841915130615,3.7106290257724908,3.5648135936636334,3.5878371262801094,804043
2019-05-26,3.6837692260742188,3.791212116638945,3.6453963926738426,3.6338846249923873,642891
2019-05-27,3.7067925930023193,3.7912119443681616,3.6569079941872196,3.6837690586855865,208002
2019-05-28,3.7451648712158203,3.787374958541079,3.683769054240791,3.7067925885297437,1283650
2019-05-29,3.6952810287475586,3.8142356881201622,3.5993493560314955,3.7451650813773765,809521
2019-05-30,3.6530706882476807,3.6837692848121018,3.580163099564806,3.695281052677113,1160967
2019-06-02,3.599349021911621,3.645396088799027,3.549464424988096,3.65307032548476,131704
2019-06-03,3.618535041809082,3.6837689357878523,3.5571392268082573,3.599349038314066,827188
2019-06-04,3.618535041809082,3.618535041809082,3.618535041809082,3.618535041809082,0
2019-06-05,3.618535041809082,3.618535041809082,3.618535041809082,3.618535041809082,0
2019-06-06,3.618535041809082,3.618535041809082,3.618535041809082,3.618535041809082,0
2019-06-09,3.787374973297119,3.806561251945999,3.702955072779871,3.6185351722626224,1469373
2019-06-10,4.036797046661377,4.163426774351284,3.7912123780606026,3.7873753963643977,1747291
2019-06-11,3.9792377948760986,4.075169463428631,3.9216789584218885,4.036796631330309,1096198
2019-06-12,3.9907491207122803,4.044470695460223,3.9140042883916566,3.979237354694864,351928
2019-06-13,3.9869117736816406,4.029122133271505,3.925516234365188,3.9907493036588533,254772
2019-06-16,4.044471263885498,4.105867632402748,3.9907496815873214,3.98691215124669,5036563
2019-06-17,4.006099224090576,4.052146297442526,3.9754006262648622,4.0444715107549944,430863
2019-06-18,3.9677257537841797,4.029122116227404,3.9408646908303027,4.006098583234506,276871
2019-06-19,3.9945871829986572,4.029122485654519,3.9523768197171165,3.96772611758191,338274
2019-06-20,4.07133150100708,4.128890605813234,4.002260904594277,3.994586668343896,3340027
2019-06-23,4.0406341552734375,4.071331926872436,4.025284857780666,4.071331926872436,155505
2019-06-24,3.9907491207122803,4.02912194856582,3.967725588677448,4.040633714583236,517716
2019-06-25,3.9523766040802,4.029122265830452,3.906329536384657,3.990749434955326,533842
2019-06-26,3.9677257537841797,4.009935564271159,3.937027984255812,3.9523764573267517,354955
2019-06-27,4.002261638641357,4.017610937343762,3.9447027977405993,3.9677263341009024,4544226
2019-06-30,4.002261638641357,4.002261638641357,4.002261638641357,4.002261638641357,0
2019-07-01,4.002261638641357,4.002261638641357,4.002261638641357,4.002261638641357,0
2019-07-02,3.9600517749786377,4.009935825247664,3.9178414128201786,4.002261313750555,490251
2019-07-03,3.97540020942688,4.006098804033713,3.9331906710756526,3.960051735509998,512848
2019-07-04,3.93319034576416,3.9523763482666694,3.837258686478685,3.9753998806242663,767686
2019-07-07,3.917841672897339,3.971563805867685,3.852608595303743,3.933190971372666,152830
2019-07-08,3.917841672897339,3.9638887449367233,3.883306368867801,3.917841672897339,600559
2019-07-09,3.898655414581299,3.9447024836353104,3.8756318800542937,3.9178414188916224,436951
2019-07-10,3.925516366958618,3.986911908348848,3.8909810661566695,3.8986553029838182,819583
2019-07-11,3.89481782913208,3.9600517249578746,3.8372589936308104,3.9255164236571125,1317627
2019-07-14,3.8756322860717773,3.9293535978005405,3.841096980663295,3.8948182923920576,451380
2019-07-15,3.8717942237854004,3.9101670545433045,3.84493370884056,3.875631753877146,114669
2019-07-16,3.9216792583465576,3.9523770323410115,3.89481819148478,3.871794655142287,310269
2019-07-17,3.9101667404174805,3.933190272345309,3.864119676561824,3.921678506381395,196590
2019-07-18,3.9140048027038574,3.929353277152946,3.890981267643662,3.910167272398304,905415
2019-07-21,3.89481782913208,3.9293531304328426,3.841096523793072,3.9140046565568585,228592
2019-07-22,3.8833062648773193,3.9140048610059006,3.8756320275384617,3.8948180325788937,115015
2019-07-23,3.8833062648773193,3.8833062648773193,3.8833062648773193,3.8833062648773193,0
2019-07-24,3.9293532371520996,3.9677260696573105,3.8986554651798633,3.883306167500468,590145
2019-07-25,3.8794689178466797,3.9331904953914267,3.8372588324564982,3.9293529653903505,564448
2019-07-28,3.898655414581299,3.9178414188916224,3.8602825825741087,3.8794691358087943,165493
2019-07-29,3.8833062648773193,3.9140048610059006,3.848770961772597,3.89865556294161,483832
2019-07-30,3.9024927616119385,3.948539828504464,3.8372588679231896,3.883305934815716,865815
2019-07-31,3.9140048027038574,3.956214342518695,3.8410966672177174,3.9024930351737597,382009
2019-08-01,3.956214427947998,3.990749731284036,3.9140048872217004,3.9140048872217004,415722
2019-08-04,4.090518474578857,4.182612618816837,3.864120369993824,3.9562145142318035,872301
2019-08-05,4.128891468048096,4.201799609504698,4.048308814276294,4.09051863200989,697530
2019-08-06,4.163426876068115,4.194124651623204,4.117379801042157,4.128891569798646,465403
2019-08-07,4.194124221801758,4.240171292108729,4.15191468181589,4.163426449392632,1545390
2019-08-08,4.244008541107178,4.355288953639246,4.136565109717494,4.194123943785804,2696020
2019-08-11,4.244008541107178,4.244008541107178,4.244008541107178,4.244008541107178,0
2019-08-12,4.244008541107178,4.244008541107178,4.244008541107178,4.244008541107178,0
2019-08-13,4.244008541107178,4.244008541107178,4.244008541107178,4.244008541107178,0
2019-08-14,4.401336193084717,4.504942098460988,4.274706478718204,4.244008707142972,1111449
2019-08-15,4.313078880310059,4.4128475199753945,4.263194286015238,4.401335753860164,168022
2019-08-18,4.324591159820557,4.33610292730241,4.3015676248568475,4.313079392338702,57891
2019-08-19,4.278543949127197,4.320753761838609,4.220985113611636,4.324591017539647,4619077
2019-08-20,4.286218166351318,4.332265509014135,4.247846158441803,4.2785439294467205,1818751
2019-08-21,4.336102485656738,4.374475314483379,4.259357651389932,4.286217890520753,730390
2019-08-22,4.347614765167236,4.374475830855266,4.305405224845965,4.336102997499019,458644
2019-08-25,4.347614765167236,4.393662110302294,4.30924220627318,4.347614765167236,634876
2019-08-26,4.420523166656494,4.48959405127063,4.393662373819634,4.347615025922807,1431084
2019-08-27,4.385987758636475,4.424360044469142,4.347614923879406,4.420523062901856,251167
2019-08-28,4.378312587738037,4.412847888971523,4.336102775119332,4.385987373585433,783064
2019-08-29,4.385987758636475,4.412848276380682,4.374475990548015,4.3783129721153005,614229
2019-09-01,4.385987758636475,4.385987758636475,4.385987758636475,4.385987758636475,0
2019-09-02,4.439709186553955,4.489593787641102,4.374475836352089,4.4243598885148545,271863
2019-09-03,4.424359321594238,4.489593212361663,4.374475275823426,4.439708617666539,408598
2019-09-04,4.401336193084717,4.451220792357695,4.374475677264161,4.424359727612777,260428
2019-09-05,4.309241771697998,4.393661667213598,4.240170898192114,4.401335903756293,947944
2019-09-08,4.297730445861816,4.336103004820666,4.255520631007082,4.309242213549472,723523
2019-09-09,4.301567554473877,4.351452153874545,4.25935801552657,4.297730298709378,474618
2019-09-10,4.297730445861816,4.336103004820666,4.293893464428123,4.301567701757701,37603
2019-09-11,4.251683235168457,4.29005606980358,4.220985461492319,4.297730581838164,509896
2019-09-12,4.270869731903076,4.293893266215585,4.228659370072453,4.251682904384961,157843
2019-09-15,4.186450004577637,4.2900559132640605,4.067494797919923,4.270869908339876,954310
2019-09-16,4.086681365966797,4.1442402043258975,4.029122527607696,4.186450019122571,1176684
2019-09-17,3.8833062648773193,4.102030125669421,3.722141517055281,4.086681376529513,1002463
2019-09-18,3.963888645172119,4.02912254451048,3.8564457542465833,3.8833062711313233,404745
2019-09-19,3.9945871829986572,4.255520580842947,3.9523768197171165,3.9638885872690706,1602652
2019-09-22,3.88714337348938,4.009935548983359,3.7988864973530823,3.9945868015087735,574518
2019-09-23,3.8142354488372803,4.025284786217982,3.6262101945174985,3.887143581398584,875430
2019-09-24,3.7835373878479004,3.8679572871322256,3.7221412970681556,3.8142354332377733,705201
2019-09-25,3.9600517749786377,4.0214475924933275,3.837259042100537,3.7835374616207758,292761
2019-09-26,4.052145957946777,4.163426375890726,3.9715635863321936,3.9600518189586817,1039069
2019-09-29,4.0674943923950195,4.2555201860977085,4.006098578941908,4.0521456448783635,612046
2019-09-30,4.002261638641357,4.105867826724925,3.9485403282628524,4.067494991662216,385284
2019-10-01,3.9984238147735596,4.067494693249267,3.8833061414176853,4.002261345014272,649819
2019-10-02,3.944702386856079,3.9562141538371525,3.898655318931785,3.9984236916389135,346923
2019-10-03,3.8833062648773193,3.948540164110623,3.798886909527967,3.9447026337479065,1357105
2019-10-07,3.97540020942688,3.9907495067302965,3.93702820124814,3.8833060723794497,205681
2019-10-08,4.013772487640381,4.079005825722363,3.917840833645914,3.97539966136531,1067497
2019-10-09,3.9523766040802,3.990749434955326,3.8717942356129997,4.013772968803098,829450
2019-10-10,3.9830751419067383,4.029122208952245,3.9370280748612307,3.952376548285395,124606
2019-10-13,3.97540020942688,4.0099357852818445,3.9063296066413074,3.9830752697718554,243340
2019-10-14,3.963888645172119,3.9907497109812433,3.9331908723806746,3.975400412892233,645585
2019-10-15,3.9830751419067383,3.99074937861882,3.952376548285395,3.9638883150467716,668263
2019-10-16,3.963888645172119,3.975400412892233,3.937028402749571,3.9830754736300262,613471
2019-10-17,3.9677257537841797,4.029122116227404,3.937027984255812,3.9638882238232007,993648
2019-10-20,3.9792377948760986,3.990749562166941,3.9370282559385266,3.9677260275852566,240300
2019-10-21,3.89481782913208,3.986911965934113,3.8756318250938344,3.9792377289961207,224329
2019-10-22,3.937028408050537,3.9485401757861505,3.894818044095569,3.894818044095569,157507
2019-10-23,3.8526079654693604,3.9331903283644682,3.837258669503376,3.93702785820258,1138521
2019-10-24,3.8833062648773193,3.9255166287074745,3.8756320275384617,3.8526084921353134,129529
2019-10-27,3.88714337348938,3.9140044363408495,3.8756316070368193,3.8833058435430314,78831
2019-10-28,3.917841672897339,3.9523769769268773,3.890981429798763,3.890981429798763,87783
2019-10-29,3.9523766040802,3.971563431211023,3.8948177694607713,3.917841303308543,181491
2019-10-30,3.9715633392333984,4.002261109190656,3.9331905092469506,3.952376512546924,308367
2019-10-31,3.9830751419067383,4.006098675429492,3.952376548285395,3.971563375145361,428680
2019-11-03,4.05598258972168,4.086680907867575,4.01761030957917,3.983075010434967,691633
2019-11-04,4.105867385864258,4.163426220584732,4.029122272903626,4.0559827879776735,766332
2019-11-05,4.090518474578857,4.1902876797610675,3.994587348793161,4.10586777308072,842737
2019-11-06,4.044471263885498,4.094355864767424,3.998423918882014,4.090518334426792,390412
2019-11-07,4.09435510635376,4.15958816974169,3.998423178238202,4.044470514712155,1039045
2019-11-11,4.190287113189697,4.259357712029103,4.113541454443811,4.094355451450583,879618
2019-11-12,4.125053882598877,4.18261272419781,4.0866815959951275,4.190287785335413,424657
2019-11-13,4.1365647315979,4.1634257928366045,4.071331392283401,4.1250529658365185,640248
2019-11-14,4.0981926918029785,4.140402502048914,4.032959074233461,4.13656497210985,164146
2019-11-17,4.132728576660156,4.182612630465794,4.086681504412922,4.09819327247473,430440
2019-11-18,4.0981926918029785,4.12505320567914,4.048308096141074,4.132727991095108,470775
2019-11-19,4.0981926918029785,4.13656497210985,4.048308096141074,4.0981926918029785,642747
2019-11-20,4.090518474578857,4.13272856515013,4.036796890440036,4.098193261060889,161844
2019-11-21,4.0406341552734375,4.098192991638151,4.006098853454609,4.090518205660675,68335
2019-11-24,4.029122352600098,4.079006402549047,3.9907495208985893,4.040634119771897,64089
2019-11-25,4.025284767150879,4.067494579534643,3.9562141650683555,4.029122297284306,272956
2019-11-26,3.9945871829986572,4.059820257997542,3.9600518803427955,4.02528495534168,153514
2019-11-27,3.9945871829986572,4.029122485654519,3.9638885872690706,3.9945871829986572,41170
2019-11-28,3.9869117736816406,3.9907493036588533,3.9677257705685607,3.994586833636066,194226
2019-12-01,3.9523766040802,3.975400137927972,3.933190600335897,3.986911904851858,520294
2019-12-02,3.9293532371520996,4.0598202089605735,3.841096628115324,3.952376771977915,2649207
2019-12-03,3.9293532371520996,3.9293532371520996,3.9293532371520996,3.9293532371520996,0
2019-12-04,3.9677257537841797,4.002261053273527,3.933190454294833,3.894817624844507,245052
2019-12-05,3.9715633392333984,4.029122172519819,3.856445398198389,3.9677258092188032,536944
2019-12-08,3.9677257537841797,4.029122116227404,3.9140044512629144,3.9715632837451587,45394
2019-12-09,3.93319034576416,3.9907491766581527,3.890980810904055,3.9677256443005557,84118
2019-12-10,3.944702386856079,4.013772988742519,3.8948177888092532,3.9331906198750053,26004
2019-12-11,3.944702386856079,3.983075217921831,3.8948177888092532,3.944702386856079,166102
2019-12-12,3.9830751419067383,4.048308212425704,3.8986552445278058,3.944702311573313,525562
2019-12-15,3.9677257537841797,4.029122116227404,3.9523764573267517,3.9830750502416077,60066
2019-12-16,4.02144718170166,4.0329589477713945,3.9638880768908384,3.9677256067095694,291568
2019-12-17,4.105867385864258,4.159588690474527,4.029122272903626,4.021447487145389,831270
2019-12-18,4.178775310516357,4.220984846090399,4.098192671439631,4.105867182355304,601840
2019-12-19,4.105867385864258,4.186449754472922,4.059820043625705,4.178775517639032,449733
2019-12-22,4.102029800415039,4.105867330473473,4.0713317556449224,4.105867330473473,137605
2019-12-23,4.025284767150879,4.098192899366828,3.9907494661096172,4.102029880575905,80236
2019-12-24,3.963888645172119,4.009935990514766,3.9523768774520054,4.025285014141584,109650
2019-12-25,3.956214427947998,3.990749731284036,3.9408651297808985,3.9638886653382572,451170
2019-12-26,3.9907491207122803,4.009935397407974,3.979237354694864,3.956213822660031,74355
2019-12-29,3.9600517749786377,4.009935825247664,3.9523767145571678,3.990749546504892,123640
2019-12-30,4.02144718170166,4.029121966876969,3.979237372779303,3.960051370458566,199354
2019-12-31,4.052145957946777,4.098193027440825,3.952376758451973,4.021447637155228,372094
2020-01-02,4.029122352600098,4.029122352600098,4.021447566690053,4.052145886943696,134086
2020-01-05,3.8526079654693604,3.9331903283644682,3.798886390205955,4.029121987225561,303768
2020-01-06,3.8641200065612793,3.9216788412964285,3.8372589425560357,3.8526082396142494,121396
2020-01-08,3.9293532371520996,3.9830753673367054,3.71830444237764,3.8641201629411395,147124
2020-01-09,4.036797046661377,4.090518632879188,3.9754006736645255,3.929353599763545,436867
2020-01-12,4.036797046661377,4.067495095928697,3.990749972760396,4.036797046661377,36106
2020-01-13,3.9945871829986572,4.0521460207584274,3.9523768197171165,4.036796722893634,251913
2020-01-14,4.02144718170166,4.0329589477713945,3.960051370458566,3.9945866686677673,325887
2020-01-15,4.002261638641357,4.048308711361964,3.9907498704612054,4.02144791894161,529530
2020-01-16,4.029122352600098,4.086681188459092,3.952376689197081,4.002261288070389,1347823
2020-01-19,3.9792377948760986,4.009935840985011,3.9715635578110526,4.029122394265263,101490
2020-01-20,3.937028408050537,3.990749716354541,3.8756320389984054,3.9792379486189278,282703
2020-01-21,3.88714337348938,3.9216786728470616,3.8679570960684457,3.9370279692459706,99643
2020-01-22,3.906329393386841,3.983075052327687,3.8948176268843624,3.8871433903448733,114408
2020-01-23,3.9293532371520996,3.986912074216639,3.883306167500468,3.9063297023262837,136903
2020-01-26,3.9101667404174805,3.9753998064175113,3.879468697847043,3.9293527425618544,69472
2020-01-27,3.898655414581299,3.914004712061484,3.8794691358087943,3.910167181844802,305497
2020-01-28,3.925516366958618,3.990749438455682,3.860282472075035,3.8986553029838182,162160
2020-01-29,3.963888645172119,4.009935990514766,3.9331908723806746,3.9255166350294575,76911
2020-01-30,3.9907491207122803,4.009935397407974,3.9331902906251988,3.9638880588761576,100414
2020-02-02,3.9677257537841797,3.9984235233125474,3.948539750752261,3.9907492867770777,42915
2020-02-03,3.9408648014068604,3.9677258651144305,3.933190564656059,3.9677258651144305,157162
2020-02-04,3.9408648014068604,3.94086480140686,3.94086480140686,3.94086480140686,0
2020-02-05,4.029122352600098,4.0674946353772485,3.9907495208985893,3.948539982397506,171009
2020-02-06,4.029122352600098,4.029122352600098,4.029122352600098,4.029122352600098,0
2020-02-09,4.063657283782959,4.079006030817737,4.05214551766026,4.075169049905658,202749
2020-02-10,4.029122352600098,4.052145886943696,4.029122352600098,4.063657654115494,474400
2020-02-11,4.0674943923950195,4.117378988288342,4.0406338783942495,4.0291221119101355,225991
2020-02-12,4.02144718170166,4.0559824799108615,3.9945866686677673,4.067494245980596,59052
2020-02-13,3.9907491207122803,4.059819716816778,3.975399824893574,4.021447163425391,720849
2020-02-16,4.029122352600098,4.0674946353772485,3.952376689197081,3.9907495208985893,211318
2020-02-17,4.029122352600098,4.048308356757584,4.0060988182565005,4.029122352600098,18315
2020-02-18,3.9945871829986572,4.048308490445588,3.944702582478002,4.029122485654519,139245
2020-02-19,3.9792377948760986,4.009935840985011,3.9331907257127305,3.9945870923927367,288408
2020-02-20,4.025284767150879,4.029122297284306,3.9715634622155362,3.9792376990958633,831154
2020-02-23,4.1212158203125,4.163425626417033,4.009935147938414,4.025284168340062,1792209
2020-02-24,4.1212158203125,4.1212158203125,4.1212158203125,4.1212158203125,0
2020-02-25,4.002261638641357,4.086681546424672,3.9754005717588003,4.032959687121761,587442
2020-02-26,4.002261638641357,4.002261638641357,4.002261638641357,4.002261638641357,0
2020-02-27,3.9984238147735596,4.032959391242505,3.9715635732482215,4.036796647021034,222237
2020-03-01,3.8717942237854004,3.952376592006437,3.7221412542320467,3.998423659561315,151215
2020-03-02,3.818073034286499,3.975400245369449,3.64923378150636,3.8717943402543633,554665
2020-03-03,3.8602824211120605,3.9485398486984464,3.8065611172582026,3.8180728840402085,290257
2020-03-04,3.9408648014068604,3.9907493987533447,3.8372589000317463,3.8602824336706605,690016
2020-03-05,4.0406341552734375,4.086681224365209,3.967726021415952,3.9408649566502376,168718
2020-03-08,3.944702386856079,3.9907494547803726,3.914004616035391,4.0406340528271985,215883
2020-03-09,3.818073034286499,3.9715635385488066,3.7605139236492713,3.944702473871604,563548
2020-03-10,3.8717942237854004,3.9140045846350495,3.779700088675644,3.8180729194335483,570972
2020-03-11,3.8142354488372803,3.9216788826034334,3.74132786520033,3.8717942841786965,551212
2020-03-15,3.442021369934082,3.7720253326647257,3.4343465847107497,3.8142351418512037,2156629
2020-03-16,3.1120171546936035,3.2194605995219554,3.100505386440088,3.4420220013476697,2091178
2020-03-17,2.9355032444000244,3.058295422168531,2.8127105177071843,3.1120167254800855,2299194
2020-03-18,2.8741073608398438,3.0621334633601522,2.697593301369251,2.935503734435406,2350993
2020-03-19,3.0736448764801025,3.1542272472732593,2.5901501027968017,2.87218853780394,1392737
2020-03-22,3.2060301303863525,3.378706628092177,3.108179977788637,3.0736446782474722,1505571
2020-03-23,3.2923684120178223,3.4823129809957347,3.2060302959377083,3.2060302959377083,978509
2020-03-24,3.2693445682525635,3.3902182486747425,3.223297504179762,3.292368100288964,443793
2020-03-25,3.2866125106811523,3.3959744302816897,3.2232976573414382,3.2693447236022615,680119
2020-03-26,3.298124313354492,3.3269038673136695,3.2348094593216015,3.2866125466632545,1368420
2020-03-29,3.2175424098968506,3.2808569985859544,3.188762851792925,3.298124788340751,713512
2020-03-30,3.108180284500122,3.1945186791038847,3.0678889604951154,3.2175422144032626,823487
2020-03-31,3.096668243408203,3.1657388432072597,3.0333533896946516,3.1081800100413792,1685705
2020-04-01,3.0045742988586426,3.0506216469489975,2.958527225230496,3.096668720577144,1300734
2020-04-02,3.016085624694824,3.067888712156172,2.981550324541315,3.004573857976988,535919
2020-04-05,2.975794792175293,3.0333536298991293,2.935503468537514,3.0160858413508844,357507
2020-04-06,2.9930622577667236,3.021841813393439,2.9700387230502243,2.975794743960441,1218982
2020-04-07,3.0851566791534424,3.1657390508716734,2.9988182865099597,2.9930622655847086,3532105
2020-04-08,3.1427154541015625,3.2175420778806902,3.05062131681167,3.08515661829538,4137116
2020-04-09,3.165739059448242,3.3096362894231626,3.096668454931205,3.1427155246092298,2791570
2020-04-12,3.096668243408203,3.1542270765740836,3.056376922961004,3.1657388432072597,1171895
2020-04-13,3.0045742988586426,3.1484715411777042,2.958527225230496,3.096668720577144,9266827
2020-04-14,3.016085624694824,3.085156499464011,2.952771044977808,3.004573857976988,7023160
2020-04-15,3.021841526031494,3.108179910239111,2.970038440614492,3.016085505668646,7404673
2020-04-16,3.044865131378174,3.0851564514952257,2.9815502781834247,3.0218415983004765,4038121
2020-04-21,3.033353805541992,3.073645131512794,2.998818500907963,3.0448655737533348,2750769
2020-04-22,2.9988181591033936,3.050621247381035,2.96428285840569,3.033353459801097,4044073
2020-04-23,3.0794005393981934,3.131203627877707,3.021841704677719,2.9988181707895296,5327925
2020-04-26,3.1542272567749023,3.200274325938273,3.113935934025862,3.079400632153334,5003573
2020-04-27,3.090912342071533,3.1657389653041914,3.050621294532546,3.154227198227027,4441776
2020-04-28,3.177250862121582,3.2463214674050063,3.0794007007389705,3.090912468286208,7691880
2020-04-29,3.183006763458252,3.2463213453565944,3.1369594205383065,3.1772507426699423,2993937
2020-04-30,3.1427154541015625,3.1887625227465093,3.108180152617853,3.1830067763969803,3332417
2020-05-03,3.021841526031494,3.1139356561398017,2.9067238633961097,3.1427152090297263,3869231
2020-05-04,2.981550455093384,3.044865312044913,2.94701515342769,3.021841777601117,2401388
2020-05-05,2.9988181591033936,3.027597713582566,2.9815503715234555,2.9815503715234555,864487
2020-05-06,3.0045742988586426,3.039109878541961,2.993062530451606,2.9988185518862283,1321817
2020-05-07,2.9412593841552734,3.021841754081367,2.9067240827583762,3.0045739661518294,1477049
2020-05-10,2.9239916801452637,2.964283003495774,2.900968145219883,2.9412594685703928,1296386
2020-05-11,2.9412593841552734,3.0160857332841284,2.8491649726347035,2.923991596225736,3250391
2020-05-12,3.0678887367248535,3.0966682909810053,3.0045738820386227,2.941259301814562,3103837
2020-05-13,3.0103299617767334,3.0678887969569226,2.9873064277046577,3.0678887969569226,1406411
2020-05-14,2.9527714252471924,2.993062476717374,2.9355036357155404,3.0103302662490257,1680961
2020-05-17,2.9297475814819336,2.970038628725117,2.877944492783927,2.952771115467231,797097
2020-05-18,2.9182357788085938,2.94701505870725,2.895212245104801,2.9297475456604904,1541540
2020-05-19,2.9412593841552734,2.9873064526844697,2.923991596225736,2.9182358498906753,704115
2020-05-20,2.970038652420044,3.0045739536735123,2.906724070686441,2.9412593719399087,1797602
2020-05-21,2.958526611328125,2.9815501433647524,2.935503079291498,2.9700383773464387,1480661
2020-05-31,3.016085624694824,3.0621329660283383,2.9642828116956443,2.9585267911056423,1196507
2020-06-01,3.033353805541992,3.0506215950901083,3.004574247782533,3.0160860159938756,1047713
2020-06-02,3.033353805541992,3.0506215950901083,3.0160860159938756,3.0333538055419917,1228073
2020-06-03,3.039109468460083,3.0506212353137805,3.0218416809484503,3.033353447802148,706131
2020-06-04,3.113935947418213,3.1657390376808894,3.0218418086953944,3.0391095969370143,2389794
2020-06-07,3.171494722366333,3.21754178684621,3.136959149544271,3.1139356173043318,3371558
2020-06-08,3.1542272567749023,3.211786093229116,3.119691954902374,3.171495044942257,2428475
2020-06-09,3.108180284500122,3.1484713340429384,3.0736449815510554,3.154227355098878,1653129
2020-06-10,3.0851566791534424,3.1196919813183985,3.067888890839872,3.10818021393008,869076
2020-06-11,3.0678887367248535,3.0966682909810053,3.033353436294774,3.0851565241709786,1164052
2020-06-14,3.050621271133423,3.073644805111155,3.02184171643017,3.0678887843856346,969621
2020-06-15,3.0678887367248535,3.1139358039649596,3.0045738820386227,3.050621223740899,2217097
2020-06-16,3.102423906326294,3.142715225693394,3.0736446277459293,3.067888607352561,1959405
2020-06-17,3.1484711170196533,3.1945184589065683,3.096668303397902,3.1024240495949096,1311655
2020-06-18,3.113935947418213,3.159983016779622,3.079400645397156,3.1484712494392695,1559430
2020-06-21,3.102423906326294,3.136959205300026,3.0506210950967745,3.113935672650871,774718
2020-06-22,3.090912342071533,3.131203664072698,3.067888807917204,3.102424109148698,566873
2020-06-23,3.102423906326294,3.136959205300026,3.0506210950967745,3.0909121400017163,439048
2020-06-24,3.165739059448242,3.2060303826476066,3.108180222350711,3.1024242014098657,1169858
2020-06-25,3.1484711170196533,3.177250671391204,3.119691837110274,3.1657389045350177,971123
2020-06-28,3.1542272567749023,3.1657390240657453,3.131203722193217,3.14847123589839,313646
2020-06-29,3.1254475116729736,3.1657388319772455,3.1024239784882943,3.1542270653849056,802172
2020-06-30,3.159982919692993,3.183006728128502,3.108180105484078,3.1254476187329914,1506904
2020-07-05,3.2866125106811523,3.3499273640208664,3.165738824515409,3.1599828040017237,2641318
2020-07-06,3.390218496322632,3.4880686518561457,3.286612594590649,3.286612594590649,4973408
2020-07-07,3.38446307182312,3.453533679543054,3.3556835147087156,3.3902188185686826,773374
2020-07-08,3.3556833267211914,3.41324216326332,3.286612722870637,3.384462882223347,1445510
2020-07-09,3.2578330039978027,3.3211478582501828,3.2002741703420794,3.355683158443617,2211333
2020-07-12,3.4017302989959717,3.436265599936895,3.3211479301338165,3.257833074511036,1567416
2020-07-13,3.4938244819641113,3.522603760311181,3.4362653763456588,3.4017300776518815,3941973
2020-07-14,3.4995803833007812,3.5283599373884016,3.4650450830729382,3.4938246371605586,1776732
2020-07-15,3.4132421016693115,3.539871814239067,3.2808566427803,3.4995804921555673,5627522
2020-07-16,3.436265707015991,3.4823130508343,3.321148033625677,3.4132421723379283,1063858
2020-07-19,3.390218496322632,3.511092185574364,3.3096361283088673,3.4362655637590684,1473001
2020-07-20,3.38446307182312,3.4247541224286495,3.338416000009831,3.3902188185686826,880634
2020-07-21,3.3959743976593018,3.442021463477788,3.3671948442916673,3.3844626312046806,1654596
2020-07-22,3.465045213699341,3.5053365360484907,3.3959746106398088,3.3959746106398088,3674614
2020-07-26,3.5686511993408203,3.6089425226050773,3.5226041295886317,3.465045292398396,7970422
2020-07-27,3.562221050262451,3.6458111490687104,3.530070917919618,3.986601080192097,6799166
2020-07-28,3.5686511993408203,3.600801025076973,3.5365010669982815,3.562221050229758,1923537
2020-07-29,3.5943713188171387,3.665101122081524,3.5365012010495533,3.5686513346107445,2032598
2020-08-04,3.632951259613037,3.697251219500462,3.607231275658067,3.594371283680582,1790119
2020-08-05,3.613661527633667,3.658671657955993,3.5879415407656032,3.632951671087929,1511612
2020-08-06,3.6779608726501465,3.716541153032537,3.61366091635679,3.61366091635679,1845297
2020-08-09,3.7165415287017822,3.7486913567949878,3.6843913940021698,3.677961244419684,1048459
2020-08-10,3.690821409225464,3.7294016953080686,3.645811586473128,3.7165417021493408,647318
2020-08-11,3.697251319885254,3.7229713045385524,3.66510118576543,3.6908211704187286,1268141
2020-08-12,3.6779608726501465,3.7229709953586845,3.6458110478066565,3.697251012841342,3089882
2020-08-13,3.690821409225464,3.710111552266766,3.6715315727905833,3.677961416066736,1053470
2020-08-16,3.7422614097595215,3.7615512447577792,3.68439129155195,3.690821134349236,2833006
2020-08-17,3.6458113193511963,3.697251288217194,3.5429313816192005,3.742261414278142,1738552
2020-08-18,3.5107815265655518,3.6265214657049434,3.465771396930354,3.645811608864721,3945052
2020-08-19,3.440051317214966,3.530071267439015,3.4079014882952987,3.510781431408498,3695381
2020-08-23,3.5107815265655518,3.536501513040972,3.478631390168064,3.4400514104549336,1192664
2020-08-24,3.4914910793304443,3.517211063565901,3.446481260221593,3.5107812208102356,2113931
2020-08-25,3.465771198272705,3.5172111682750122,3.4336213703244662,3.4914911832738587,759885
2020-08-26,3.446481466293335,3.4914912880934095,3.427191323660149,3.4657713023201056,1127424
2020-08-27,3.4207613468170166,3.4464813315850362,3.4014712049378004,3.4464813315850362,2480723
2020-08-30,3.4271910190582275,3.4529110025455907,3.4079011847458993,3.420761176489581,852826
2020-08-31,3.440051317214966,3.4979214385193482,3.3757513527692162,3.4271913243258156,1916362
2020-09-01,3.4271910190582275,3.4593411517206256,3.388611043827183,3.440051010801909,900306
2020-09-02,3.4207613468170166,3.452911174473839,3.4079013544330072,3.4271911897058196,357912
2020-09-03,3.433621644973755,3.4786314690228264,3.395041664386081,3.4207616514445305,899383
2020-09-06,3.382181406021118,3.427191226545775,3.3500312714123,3.4336213761101013,573399
2020-09-07,3.3950412273406982,3.4400510455956326,3.375751086226875,3.382181235466947,1352311
2020-09-08,3.3436009883880615,3.4207612470480893,3.3178810043701836,3.395041263030212,2538144
2020-09-09,3.3436009883880615,3.3436009883880615,3.3436009883880615,3.3436009883880615,0
2020-09-10,3.3371710777282715,3.362891061222385,3.3114510942341586,3.330740928551549,833213
2020-09-13,3.3564610481262207,3.3886111821005156,3.337171213026765,3.337171213026765,502656
2020-09-14,3.3371710777282715,3.382181202146164,3.3114510942341586,3.3564609120456623,1117481
2020-09-15,3.4079010486602783,3.440050873432469,3.3436007859031447,3.337170943591257,1763201
2020-09-16,3.465771198272705,3.5172111682750122,3.395041392822736,3.4079013853233127,1662098
2020-09-17,3.4786312580108643,3.504351243509153,3.4529112725125755,3.46577126526172,1162199
2020-09-20,3.5107815265655518,3.5557916562007494,3.362891451028672,3.478631390168064,2264666
2020-09-21,3.472201347351074,3.5557914518965883,3.3564611082553144,3.5107813248475255,806495
2020-09-22,3.465771198272705,3.49792133282735,3.3886112432692443,3.4722013478261964,442003
2020-09-23,3.4979209899902344,3.5300708147874147,3.4464810250296445,3.4657708585866773,551358
2020-09-24,3.4593417644500732,3.504351590222046,3.4336217764071053,3.4979217465145256,218513
2020-09-27,3.5043511390686035,3.5172111314344803,3.472201311457114,3.459341319091237,1468305
2020-09-28,3.697251319885254,3.8387112354783945,3.5236412701722895,3.5043511283791147,9920725
2020-09-29,3.7486910820007324,3.793701205959484,3.71011110715311,3.697251115537236,1986741
2020-09-30,3.800131320953369,3.9158715604017975,3.722971365725355,3.74869135080136,2692908
2020-10-01,4.0058913230896,4.140921391803235,3.8129911373254366,3.8001311453815854,2778489
2020-10-04,3.9994614124298096,4.115201653436143,3.935161448874297,4.005891562088567,758549
2020-10-05,3.954451322555542,4.012321132520284,3.903011355206265,3.999461140682964,800782
2020-10-06,3.954451322555542,3.954451322555542,3.954451322555542,3.954451322555542,0
2020-10-07,3.877291679382324,3.9223015010834534,3.8001314156256183,3.928731650815852,1290408
2020-10-11,3.9158716201782227,3.9737414341794217,3.858001499570612,3.877291641975286,779011
2020-10-12,3.8451414108276367,3.9223013653069168,3.7486913144253347,3.9158715224035126,1272540
2020-10-13,3.7615511417388916,3.8451412420590962,3.729401315420161,3.8451412420590962,994424
2020-10-14,3.954451322555542,4.1152013738252275,3.7101111710400865,3.7615511383893634,3977469
2020-10-15,4.0058913230896,4.095911266696559,3.9223012221513693,3.9544513553141942,1413911
2020-10-18,3.954451322555542,4.018751281742138,3.890151363368946,4.005891289904819,480336
2020-10-19,3.9158716201782227,3.9737414341794217,3.858001499570612,3.9544515983811594,1036756
2020-10-20,3.858001470565796,3.922301433753944,3.8322814852905367,3.915871590738334,3248133
2020-10-21,3.8194215297698975,3.8901516432674175,3.542931532070737,3.858001508057705,1330636
2020-10-22,3.78727126121521,3.858001372222413,3.626521204039276,3.819421395292957,2031618
2020-10-25,3.7744107246398926,3.851570667372433,3.7036809304382423,3.7872707150953158,103963
2020-10-26,3.941591262817383,4.044471195743649,3.793701205932683,3.7744110652058156,1029689
2020-10-27,4.025181770324707,4.102341727853934,3.954451655953042,3.941591663031504,1348132
2020-10-28,4.01875114440918,4.083051101398451,3.8965810728263754,4.025181293411297,2164667
2020-11-01,3.9737415313720703,4.005891667297408,3.864431743760044,4.018751660346259,561911
2020-11-02,3.9223015308380127,3.986601495617701,3.845141573102386,3.9737415026617633,1057859
2020-11-03,3.858001470565796,3.9544515686512227,3.793701507377648,3.922301433753944,1081653
2020-11-04,3.9030113220214844,3.986601114950154,3.729401280390573,3.8580011976703634,634323
2020-11-05,3.9930312633514404,4.04447123025349,3.9544512881749028,3.9030113212728534,552915
2020-11-08,4.108771324157715,4.179501434279936,3.999461237588754,3.9930313948174967,868780
2020-11-09,4.18593168258667,4.359541734003245,4.115201570792834,4.10877142126321,1482691
2020-11-10,4.513861656188965,4.693901857643775,4.372401738808076,4.185931694411883,3925437
2020-11-11,4.591021537780762,4.66175164864447,4.507431741239726,4.5138615840783896,516184
2020-11-12,4.648891448974609,4.713191407524844,4.578161341266157,4.591021332976204,815496
2020-11-15,4.571732044219971,4.6296018605170985,4.539581907805459,4.64889200368709,929446
2020-11-16,4.700331687927246,4.758201807275879,4.571731763381846,4.571731763381846,729005
2020-11-17,4.783921718597412,4.86751182156932,4.65532148942377,4.700331615625505,1029705
2020-11-18,4.758201599121094,4.886801518040694,4.661751506628197,4.7839215829050135,661082
2020-11-19,4.912521839141846,5.144002015698054,4.661751826726362,4.758201925841982,2398567
2020-11-22,4.861081600189209,5.028261803658601,4.777491498454513,4.912521568454746,259449
2020-11-23,4.8225016593933105,4.880371777420078,4.758201698589346,4.861081635875689,345360
2020-11-24,4.8160719871521,4.828932287193398,4.7839221568681385,4.822502137172749,614902
2020-11-25,4.861081600189209,4.931811709857521,4.809641631923672,4.816071474653666,450573
2020-11-26,4.8225016593933105,4.918951753902456,4.796781675071725,4.861081635875689,414753
2020-11-29,4.841792106628418,4.8675120925738575,4.816071814076561,4.82250196386613,213980
2020-11-30,4.7196221351623535,4.86108206131147,4.629601875551946,4.841792224685258,10844546
2020-12-01,4.8225016593933105,4.854651793098491,4.726051564884164,4.719621722106967,2014647
2020-12-02,4.771061897277832,4.848221853582657,4.693901940973007,4.8225018681477145,402888
2020-12-03,4.938241481781006,5.0282617315613445,4.816071405598881,4.771061587315103,3104182
2020-12-06,5.047552108764648,5.118282225023295,5.0154022789063,4.938242012712129,843553
2020-12-07,5.066842079162598,5.182582321203377,4.9511018371218185,5.04755193662033,1940882
2020-12-08,4.970391750335693,5.066841845384103,4.944671765870304,5.066841845384103,726196
2020-12-09,4.931811809539795,5.047551740476601,4.867511847908236,4.97039178651873,527375
2020-12-10,4.899661540985107,4.98325164211581,4.8353615811177955,4.931811674221961,680575
2020-12-13,4.880372524261475,4.938242344537638,4.822502397378866,4.89966236215138,640385
2020-12-14,4.764631271362305,4.9125213261339225,4.726051297066193,4.88037150085702,880520
2020-12-15,4.7389116287231445,4.816071582854981,4.636031689880696,4.764631613433757,653715
2020-12-16,4.62960147857666,4.758201707018811,4.558871674870196,4.738911565440249,634560
2020-12-17,4.546011447906494,4.60388125644068,4.526721307324177,4.6296012394795145,546866
2020-12-20,4.513861656188965,4.610311753160956,4.436701701253934,4.546011790715097,574270
2020-12-21,4.288811683654785,4.378831632114389,4.179501592936347,4.513861708106999,1438806
2020-12-22,4.340251445770264,4.443131381926327,4.179501392223217,4.2888114776922315,237303
2020-12-23,4.359541893005371,4.404551714928725,4.308101614711456,4.340251750319351,168828
2020-12-24,4.372401714324951,4.46242166124509,4.308101445632734,4.359541721907789,307523
2020-12-27,4.314531326293945,4.378831284373047,4.24380121910374,4.3724014418683295,101071
2020-12-28,4.372401714324951,4.436701676410764,4.308101445632734,4.314531595144517,61229
2020-12-29,4.365971565246582,4.4624216616880785,4.327391587991264,4.372401714759004,123937
2020-12-30,4.462421417236328,4.533151524966346,4.417411292934246,4.365971326078374,511644
2020-12-31,4.404551982879639,4.462422107851812,4.365972001767002,4.462422107851812,3029580
2021-01-03,4.359541893005371,4.404551714928725,4.340251750319351,4.404551714928725,275577
2021-01-04,4.3209614753723145,4.372401752091686,4.282381497787591,4.359541759563445,1027094
2021-01-05,4.404551982879639,4.436702120443387,4.263092052133302,4.3209618704990405,1740811
2021-01-06,4.507431983947754,4.558871955852514,4.423841876299308,4.404551733531814,1715696
2021-01-10,4.507431983947754,4.565301799037401,4.475281848204069,4.507431983947754,479619
2021-01-11,4.513861656188965,4.571731775693441,4.501001663699793,4.507431813247582,592649
2021-01-12,4.65532112121582,4.74534136649923,4.513861217580483,4.513861217580483,2879657
2021-01-13,4.661751747131348,4.732481859489342,4.616741619884187,4.655321597550436,1377293
2021-01-14,4.65532112121582,4.693901401540925,4.6296011387366685,4.661751270138796,1183348
2021-01-17,4.616741180419922,4.6617513033826015,4.597451346726187,4.655321154413771,311989
2021-01-18,4.62960147857666,4.68104175391736,4.60388149420951,4.616741486393085,1069456
2021-01-19,4.693902015686035,4.790351809299056,4.610311908388763,4.6296017444688,579441
2021-01-20,4.706761837005615,4.7774916421955895,4.642461568132687,4.693901844552311,968024
2021-01-21,4.674611568450928,4.732481686133663,4.629601442852533,4.70676170196498,1484572
2021-01-24,4.681041717529297,4.719621693780121,4.63603159193347,4.674611568184295,147013
2021-01-25,4.681041717529297,4.681041717529297,4.681041717529297,4.681041717529297,0
2021-01-26,4.6360321044921875,4.661752091503,4.629601954436269,4.693902228569731,1697840
2021-01-27,4.597451686859131,4.661751648272646,4.558871710011022,4.63603166370724,539134
2021-01-31,4.552441120147705,4.6231712241631,4.513861147031955,4.597451242085933,348031
2021-02-01,4.558871746063232,4.591021573721035,4.526721611799027,4.55244159656783,601159
2021-02-02,4.533152103424072,4.565301933508311,4.501001966733406,4.5588720901340345,756868
2021-02-03,4.494571685791016,4.597451936239594,4.47528184962382,4.533151971338244,450877
2021-02-04,4.494571685791016,4.546011964318514,4.481711692810745,4.494571685791016,290965
2021-02-07,4.475281715393066,4.546011827966295,4.404551602819838,4.494571550981687,1941900
2021-02-08,4.404551982879639,4.468851951400701,4.346682164513901,4.475282101556025,596540
2021-02-09,4.41098165512085,4.4688514672166,4.365971528729575,4.4045515056622095,691516
2021-02-10,4.41098165512085,4.4688514672166,4.359541685877336,4.41098165512085,556768
2021-02-11,4.430271625518799,4.501001738690879,4.385261804359993,4.410981789766857,480515
2021-02-14,4.443131446838379,4.501001565074817,4.378831485801447,4.430271454630993,278045
2021-02-15,4.3852620124816895,4.4367019857367245,4.32096173930647,4.44313182909039,3111309
2021-02-16,4.481711387634277,4.5267215133035235,4.398121592257672,4.385261600153087,2082461
2021-02-17,4.42384147644043,4.5010014273232954,4.3724015091851856,4.481711286299384,574951
2021-02-18,4.475281715393066,4.533151835371745,4.372401774636668,4.423841745014867,803927
2021-02-21,4.526721477508545,4.597451586827664,4.46242151749407,4.475281509496965,761719
2021-02-22,4.513861656188965,4.591021611123995,4.481711521662833,4.526721648678136,311155
2021-02-23,4.455991268157959,4.565301351031888,4.4302712847295505,4.513861384175071,363940
2021-02-24,4.462421417236328,4.533151524966346,4.398121458666488,4.45599126807615,499121
2021-02-25,4.558871746063232,4.597451723216437,4.501001627030224,4.462421649877019,249268
2021-02-28,4.713191986083984,4.790351945815894,4.5717320599088165,4.5588720666201645,2822569
2021-03-01,4.745342254638672,4.816072066390961,4.693902280052849,4.713192117219315,1715194
2021-03-02,4.668181896209717,4.758201844087941,4.623171768967402,4.745341851533909,886794
2021-03-03,4.578161239624023,4.687471320035767,4.481711150636816,4.668181486202154,872453
2021-03-04,4.578161239624023,4.578161239624023,4.578161239624023,4.578161239624023,0
2021-03-07,4.616741180419922,4.681041443682716,4.591021197757356,4.616741180419922,1615219
2021-03-08,4.591021537780762,4.636031664077013,4.565301553213304,4.616741522348219,891577
2021-03-09,4.603881359100342,4.661751475531327,4.571731532888098,4.591021367294166,1476895
2021-03-10,4.603881359100342,4.648891483725151,4.565301383681815,4.603881359100342,803910
2021-03-11,4.668181896209717,4.738911701953689,4.60388162683315,4.60388162683315,1151531
2021-03-14,4.648891448974609,4.681041581552921,4.629601308106345,4.668181589842874,387646
2021-03-15,4.591021537780762,4.655321499199405,4.5138615840783896,4.648891656360742,585921
2021-03-16,4.539582252502441,4.5974523798001545,4.481712125204728,4.591022229386432,558929
2021-03-17,4.584591388702393,4.629601205385694,4.53958126541271,4.53958126541271,608867
2021-03-18,4.552441120147705,4.597451242085933,4.513861147031955,4.58459125104735,613145
2021-03-21,4.494571685791016,4.59102178644625,4.44956186366328,4.55244180750544,514521
2021-03-22,4.455991268157959,4.5267213758892755,4.372401475318826,4.494571243300571,517546
2021-03-23,4.430271625518799,4.513861731394311,4.353111669298208,4.455991610925662,923487
2021-03-24,4.610311985015869,4.636031971287684,4.501001890057447,4.430271774506746,1048609
2021-03-25,4.616741180419922,4.6681814523514324,4.56530121509479,4.610311338057469,749200
2021-03-28,4.7196221351623535,4.764631958361133,4.629601875551946,4.6167418822656625,885783
2021-03-29,4.796781539916992,4.906091623506996,4.7260514317223326,4.719621589126303,2092851
2021-03-30,4.7260518074035645,4.764631785865691,4.68104198583429,4.7967819212206715,827132
2021-03-31,4.681041717529297,4.700331552351511,4.597451615682646,4.726051536518727,1126385
2021-04-01,4.783921718597412,4.86751182156932,4.738911592395677,4.681041780543619,4448464
2021-04-04,4.796781539916992,4.861081498909233,4.745341572723199,4.783921548118544,1529061
2021-04-05,4.687471866607666,4.790351810000031,4.603881759298161,4.796781959765262,1081412
2021-04-06,4.7260518074035645,4.79035177150711,4.642461700765749,4.687471828941438,2012502
2021-04-07,4.732481479644775,4.758201462691237,4.681041513551851,4.726051330579968,2030817
2021-04-08,4.783921718597412,4.848221679881033,4.7453417418272394,4.732481749570515,1968261
2021-04-11,4.854651927947998,4.906091898020038,4.822501793349771,4.7839218157957415,989963
2021-04-12,4.8289313316345215,4.918951267865283,4.76463107057761,4.854651313414739,2199595
2021-04-13,4.764631271362305,4.854651517992946,4.73891128849823,4.828931535128871,544899
2021-04-14,4.65532112121582,4.771061348978382,4.578161173778364,4.764631200055406,852835
2021-04-15,4.687471866607666,4.74534198806908,4.565301780526024,4.655321730994344,744458
2021-04-18,4.745342254638672,4.771062241931584,4.719622267345761,4.687472129926404,485818
2021-04-19,4.803211212158203,4.828931501449271,4.758201395763186,4.745341404420842,1088687
2021-04-20,4.8289313316345215,4.8675113043048475,4.790351052357828,4.803211043247936,1355986
2021-04-21,4.783921718597412,4.886801656651206,4.719621757313791,4.828931844799147,2083680
2021-04-22,4.764631271362305,4.809641394677625,4.745341437517439,4.783921411813551,2537981
2021-04-25,4.803211212158203,4.906091449503339,4.745341404420842,4.7646312381311695,5988476
2021-04-26,4.647311687469482,4.818059214892247,4.543377948174749,5.545593619978688,1584912
2021-04-27,4.5804972648620605,4.632463781348087,4.5433780210903185,4.647311762053059,686881
2021-04-28,4.4617156982421875,4.565649072329065,4.417172469638226,4.580496697198619,1622063
2021-05-04,4.417173385620117,4.4914118793579,4.290968725055709,4.461716623460936,2150202
2021-05-05,4.49883508682251,4.558225592946317,4.4542922072296545,4.417172963904604,956446
2021-05-06,4.61019229888916,4.736397296912764,4.528530178874711,4.498834926868608,3474774
2021-05-09,4.810635566711426,4.914568951752797,4.706702181670055,4.6101924328482555,1715255
2021-05-10,5.02592658996582,5.107588716625704,4.7883642005895,4.810635818404144,2212290
2021-05-11,5.070468902587891,5.137283394538492,5.011078400407497,5.025926025952596,1099934
2021-05-17,5.2189459800720215,5.3451506315258,5.04819809399297,5.070469357310259,2415589
2021-05-18,5.389693737030029,5.4268126263347005,5.278336361125336,5.21894585504159,2676972
2021-05-19,5.426812648773193,5.5678652783029765,5.28576001924341,5.389693759315045,3908514
2021-05-20,5.3971171379089355,5.567865012450565,5.315455018607636,5.426812389655712,1143912
2021-05-23,5.29318380355835,5.419388801594785,5.233793299540105,5.397117185590279,660589
2021-05-24,5.196674346923828,5.337726978819774,5.159555102847662,5.2931840983255825,1039316
2021-05-25,5.115012168884277,5.2337935362891335,5.063045652515288,5.1966742926009895,625063
2021-05-26,5.189250469207764,5.263488958972367,5.092741069705418,5.115012333438515,198383
2021-05-27,5.16697883605957,5.233793330472643,5.092740705598005,5.189250098200375,541081
2021-05-30,5.345150470733643,5.478779462598953,5.196674206433673,5.166978953573679,852165
2021-05-31,5.411965370178223,5.478779871092515,5.37484612433798,5.3451508692639305,591936
2021-06-01,5.426812648773193,5.486203155102504,5.315455272408066,5.4119650221908655,677627
2021-06-02,5.426812648773193,5.47877951880901,5.345150525572721,5.426812648773193,598531
2021-06-03,5.404541492462158,5.456508009527291,5.322879367651502,5.4268127557771155,533119
2021-06-06,5.54559326171875,5.723765121859822,5.278336002500115,5.404540996351017,2275753
2021-06-07,5.887089729309082,6.013295092736518,5.567865564389103,5.545593946373589,4862581
2021-06-08,5.916784763336182,6.013294868473879,5.842546629378738,5.8870895097532046,2955206
2021-06-09,5.827699184417725,5.97617581096059,5.75346104814397,5.916784947946229,211963
2021-06-10,5.798003673553467,5.894513423439912,5.753460793758647,5.8276989267500126,206406
2021-06-13,5.768308639526367,5.931632538312936,5.642103631648159,5.798003893851198,399954
2021-06-14,5.805427551269531,5.864818056510904,5.716341439412138,5.768308308496006,137377
2021-06-15,5.75346040725708,5.805427273857716,5.62725541265219,5.805427273857716,339726
2021-06-16,5.664375305175781,5.746037078375645,5.642103687215136,5.7534610690276455,800345
2021-06-17,5.649527549743652,5.708918057631334,5.590137041855971,5.664375176715573,692290
2021-06-20,5.731188774108887,5.790579630323676,5.656950646334545,5.6495270105547695,199545
2021-06-21,5.857394218444824,5.894513462182148,5.7534608315738,5.731189214532337,234049
2021-06-22,5.798003673553467,5.864818170243367,5.790580037252001,5.857394179946559,822889
2021-06-23,5.864818096160889,5.9019369851900265,5.790579964107274,5.798003600314967,1151957
2021-06-24,6.40675687789917,6.451299402348666,5.87224162857059,5.8648179924941175,4725201
2021-06-27,6.44387674331665,6.592353019155362,6.310247741066445,6.4067574973592905,699655
2021-06-28,6.369637489318848,6.45872324416358,6.236008503056426,6.443875972351447,933987
2021-06-29,6.213737964630127,6.443876722427121,6.124652199415695,6.369638230753065,594172
2021-06-30,6.191466331481934,6.265704110742719,6.161771078179482,6.213737594461101,140377
2021-07-04,6.302823543548584,6.384486023574449,6.198890507865782,6.1914665173196655,326332
2021-07-05,6.354790687561035,6.414181195183883,6.31024745284855,6.3028234623980195,420244
2021-07-06,6.154346942901611,6.310247196065202,6.08753244754712,6.354790428965086,331075
2021-07-07,6.154346942901611,6.184042195504644,6.124651690298578,6.154346942901611,484943
2021-07-08,6.050413131713867,6.146922878505669,5.939056112795221,6.154346868564422,516854
2021-07-11,5.864818096160889,6.050413249297255,5.7237654682613535,6.050413249297255,431588
2021-07-12,5.9464802742004395,6.013294770673136,5.827698907805053,5.8648181511777375,413706
2021-07-13,6.020718097686768,6.08753259465587,5.916784711064541,5.94648031838052,221448
2021-07-14,5.916784763336182,6.146923155601932,5.642103490695964,6.020718150876604,3052033
2021-07-15,5.827699184417725,5.894513684061781,5.723765793634469,5.916784947946229,599174
2021-07-18,5.96132755279541,6.020718059055611,5.864818157120254,5.827698913709958,1475188
2021-07-25,6.005870819091797,6.087532588645245,5.939056322188665,5.961327585159481,865588
2021-07-26,6.072685241699219,6.139499737784916,5.9464802397574985,6.005870745613523,566721
2021-07-27,6.198890209197998,6.280551977298624,6.050413237392245,6.0726852079575115,1090502
2021-07-28,6.169195175170898,6.236008965263641,6.124651940451706,6.198890428986794,265612
2021-07-29,6.124651908874512,6.16919514336405,6.05041342072218,6.16919514336405,522812
2021-08-01,6.102380752563477,6.198890505656472,6.050413526749891,6.124652016203181,410441
2021-08-02,6.146922588348389,6.184041828899327,6.102380066079764,6.102380066079764,446933
2021-08-03,6.102380752563477,6.161771260929826,6.050413526749891,6.146923279842886,314793
2021-08-04,6.0652618408203125,6.124652352447208,6.013295320144465,6.102381087584808,785480
2021-08-05,6.0875325202941895,6.154347016447126,6.013294741894787,6.065261257573436,231210
2021-08-08,6.0875325202941895,6.0875325202941895,6.0875325202941895,6.0875325202941895,0
2021-08-09,6.0875325202941895,6.0875325202941895,6.0875325202941895,6.0875325202941895,0
2021-08-10,6.221161365509033,6.250856617764826,6.154346870935837,6.154346870935837,1082965
2021-08-11,6.184041976928711,6.21373722848216,6.1469227354892375,6.2211612183681835,119835
2021-08-15,6.102380752563477,6.206313788209236,6.080108780933066,6.184042524569531,486822
2021-08-16,6.154346942901611,6.198890175801496,6.08753244754712,6.102380427843971,255054
2021-08-17,6.154346942901611,6.198890175801496,6.094956437695545,6.154346942901611,159979
2021-08-18,6.161770820617676,6.184042082665905,6.124651578543523,6.154346830604714,46898
2021-08-19,6.191466331481934,6.273128101066003,6.109803853907179,6.161771078179482,946960
2021-08-22,6.154346942901611,6.221161438256103,6.117227700150154,6.19146618565307,293357
2021-08-23,6.169195175170898,6.236008965263641,6.10980395954841,6.154347194267602,544100
2021-08-24,6.236008644104004,6.265703896390569,6.1766181395308735,6.1691948574522275,3907767
2021-08-25,6.325094699859619,6.384485200591488,6.206312990405265,6.236008240771199,1550473
2021-08-26,6.302823543548584,6.347366778834575,6.228585762059541,6.325095515186932,735896
2021-08-29,6.339942932128906,6.384486168425493,6.258281158241007,6.302823686546871,767659
2021-08-30,6.369637489318848,6.414180720736536,6.302822996187637,6.339942237703936,927836
2021-08-31,6.332518577575684,6.384485801601014,6.3028233244143586,6.369637821025011,454670
2021-09-01,6.332518577575684,6.377061811313013,6.3102473147023606,6.332518577575684,693725
2021-09-02,6.362213134765625,6.436451613543228,6.317670613891547,6.332517884852705,245445
2021-09-05,6.302823543548584,6.384486023574449,6.280552279900941,6.362214051936101,302300
2021-09-06,6.458724021911621,6.488419277102381,6.176618743604031,6.3028237551624455,831187
2021-09-07,6.5700812339782715,6.777948003675229,6.421604261918343,6.458723504933325,1087412
2021-09-08,6.733404159545898,6.8076426388403,6.622047148594906,6.570080637883191,574133
2021-09-09,6.889305114746094,6.993238854947921,6.688862332631254,6.733404858438694,684391
2021-09-12,6.75567626953125,6.978390296094849,6.68886177836592,6.889304543871285,590634
2021-09-13,6.82249116897583,6.904153652868369,6.7556773748693075,6.7556773748693075,232853
2021-09-14,6.85218620300293,6.96354393889441,6.829914939020921,6.822490948363345,146143
2021-09-15,6.71113395690918,6.9412727126088285,6.674014711410434,6.852186240215549,987540
2021-09-16,6.71113395690918,6.792795730613845,6.71113395690918,6.71113395690918,341039
2021-09-19,6.674014091491699,6.748252575593517,6.6146235874065065,6.711133333542608,191999
2021-09-20,6.6072001457214355,6.681438635984212,6.40675735479708,6.674014645359792,294437
2021-09-21,6.391909122467041,6.532962106827458,6.236008865431714,6.6071998861833805,524897
2021-09-22,6.555233001708984,6.607199515138883,6.4216040151856495,6.391908763512758,482404
2021-09-23,6.532961845397949,6.681438106158905,6.458723361022143,6.555233107514428,365022
2021-09-26,6.5775041580200195,6.622047388810595,6.53296163522008,6.53296163522008,99608
2021-09-27,6.480995178222656,6.599776904995491,6.458723914198689,6.577504932980806,887986
2021-09-28,6.480995178222656,6.480995178222656,6.480995178222656,6.480995178222656,0
2021-09-29,6.480995178222656,6.480995178222656,6.480995178222656,6.480995178222656,0
2021-09-30,6.473571300506592,6.532961804438617,6.362213574641055,6.377061554619388,264273
2021-10-03,6.40675687789917,6.532961877157177,6.384485615674422,6.473571372564075,87753
2021-10-04,6.40675687789917,6.40675687789917,6.40675687789917,6.40675687789917,0
2021-10-05,6.384485244750977,6.451299027543499,6.362213275829516,6.369637265470002,84054
2021-10-06,6.436452388763428,6.458723651882866,6.347366628294987,6.384485872154509,147685
2021-10-10,6.3473663330078125,6.421604109282538,6.310247090875122,6.436452089331877,225527
2021-10-11,6.369637489318848,6.42160400264728,6.332518247802548,6.347366227605326,174836
2021-10-12,6.384485244750977,6.39933251604133,6.347366004539162,6.369637265470002,203998
2021-10-13,6.37706184387207,6.473571594136792,6.347366590559131,6.384485834197976,538253
2021-10-14,6.302823543548584,6.384486023574449,6.273128289354825,6.377062033028333,243530
2021-10-17,6.273128509521484,6.3176717463708,6.161771479384292,6.302823764757451,453939
2021-10-18,6.273128509521484,6.273128509521484,6.273128509521484,6.273128509521484,0
2021-10-19,6.213737964630127,6.302823729844559,6.206313973864575,6.236009228936053,278385
2021-10-20,6.236008644104004,6.273127886459876,6.132075615096356,6.213737381886745,628063
2021-10-24,6.317671298980713,6.369637814965928,6.243432812152678,6.236008821871739,165782
2021-10-25,6.228585720062256,6.384485980525982,6.16919521207519,6.317671482042856,282054
2021-10-26,6.132075786590576,6.347366548686822,6.124651796313644,6.228585536218643,410294
2021-10-27,6.0652618408203125,6.146923617309607,6.013295320144465,6.132076343398255,214032
2021-10-28,6.117227554321289,6.206313310006669,5.991022556769338,6.06526104050248,682451
2021-10-31,6.072685241699219,6.191466253411267,6.013294735843195,6.117227767095899,60979
2021-11-01,6.124651908874512,6.161771152950678,6.087532664798346,6.072685391962295,59103
2021-11-02,6.228585720062256,6.243432993063672,6.109803996097421,6.124651977089538,366464
2021-11-03,6.206313610076904,6.302823360399897,6.154347093745557,6.22858558106807,513825
2021-11-04,6.124651908874512,6.26570418677511,6.072685391962295,6.206313679449522,166363
2021-11-07,6.124651908874512,6.124651908874512,6.124651908874512,6.124651908874512,0
2021-11-08,6.124651908874512,6.124651908874512,6.124651908874512,6.124651908874512,0
2021-11-09,6.124651908874512,6.124651908874512,6.124651908874512,6.124651908874512,0
2021-11-10,6.146922588348389,6.265703591718888,6.065260825528826,6.213737079741952,151546
2021-11-11,6.154346942901611,6.213737448107677,6.124651690298578,6.146922952753187,358858
2021-11-14,6.287975788116455,6.429028057719461,6.124651548583512,6.154346800499442,854913
2021-11-15,6.332518577575684,6.421604337059659,6.236008827803707,6.2879760518290375,1236673
2021-11-16,6.384485244750977,6.384485244750977,6.310246764327348,6.332518025258189,1774989
2021-11-17,6.44387674331665,6.495843262862517,6.310247741066445,6.384486232981166,968516
2021-11-18,6.44387674331665,6.44387674331665,6.44387674331665,6.44387674331665,0
2021-11-21,6.310247421264648,6.458723689578619,6.310247421264648,6.3473666653408145,853461
2021-11-22,6.273128509521484,6.3844862476494075,6.273128509521484,6.310247755564125,252385
2021-11-23,6.2657036781311035,6.310246909004663,6.236008426878942,6.273127667941803,259268
2021-11-24,6.280552387237549,6.310247641938809,6.258281123209284,6.26570440589156,45518
2021-11-25,6.302823543548584,6.406757287222092,6.280552279900941,6.280552279900941,442834
2021-11-28,6.302823543548584,6.302823543548584,6.302823543548584,6.302823543548584,0
2021-11-29,6.236008644104004,6.287975866598489,6.1691948574522275,6.221161371956052,151795
2021-11-30,6.287975788116455,6.3399423019716705,6.213737304331303,6.236008566270588,554954
2021-12-01,6.287975788116455,6.287975788116455,6.287975788116455,6.287975788116455,0
2021-12-02,6.310247421264648,6.377061919003609,6.310247421264648,6.31767141167802,963341
2021-12-05,6.310247421264648,6.3473666653408145,6.310247421264648,6.310247421264648,381831
2021-12-06,6.295399188995361,6.347366411822665,6.265703936518616,6.310247169229067,428705
2021-12-07,6.243432998657227,6.354790732225769,6.206313754134379,6.2953995161947915,712777
2021-12-08,6.310247421264648,6.332518684514071,6.228585650689638,6.243432923525688,181261
2021-12-09,6.295399188995361,6.369637674182558,6.265703936518616,6.310247169229067,387823
2021-12-12,6.310247421264648,6.369637928590237,6.280552167601854,6.295399440437905,923319
2021-12-13,6.310247421264648,6.3473666653408145,6.258280904352432,6.310247421264648,488087
2021-12-14,6.273128509521484,6.3473670016067665,6.236009263478843,6.310247755564125,194843
2021-12-15,6.161770820617676,6.31024708092363,6.1394995585694465,6.2731278388494776,553666
2021-12-16,6.1766180992126465,6.26570385549083,6.087532342934463,6.161770827161611,3886594
2021-12-19,6.161770820617676,6.198890062691828,6.146922840591753,6.1766180926529435,449175
2021-12-20,6.161770820617676,6.161770820617676,6.161770820617676,6.161770820617676,0
2021-12-21,6.191466331481934,6.228585575107669,6.109803853907179,6.10238057157458,674661
2021-12-22,6.302823543548584,6.325095515186932,6.161771263125907,6.1914665173196655,1085327
2021-12-23,6.466147422790527,6.495842675272145,6.280551917782752,6.302823180146299,4500040
2021-12-26,6.2582807540893555,6.577504546302066,6.236008783383996,6.466147524737975,1978551
2021-12-27,6.384485244750977,6.429027766612657,6.250856263184693,6.25828025282518,2365388
2021-12-28,6.384485244750977,6.421603776972171,6.347366004539162,6.384485244750977,168113
2021-12-29,6.44387674331665,6.466148007694775,6.384486232981166,6.384486232981166,1044243
2021-12-30,6.451299667358398,6.473571638488707,6.384485877939545,6.443876384972319,277107
2022-01-02,6.384485244750977,6.458723017183985,6.369637265470002,6.451299027543499,175323
2022-01-03,6.391909122467041,6.458723619480851,6.347366596451626,6.384485840124929,103840
2022-01-04,6.458724021911621,6.473572003502366,6.377062247134712,6.391909520734727,229654
2022-01-05,6.414180755615234,6.547809034613648,6.384485503838849,6.45872327928449,1066125
2022-01-09,6.414180755615234,6.414180755615234,6.414180755615234,6.414180755615234,0
2022-01-10,6.3993330001831055,6.4958427488390225,6.38448572776948,6.451299515616801,972620
2022-01-11,6.384485244750977,6.451299027543499,6.347366004539162,6.39933251604133,702414
2022-01-12,6.429028511047363,6.458723765057185,6.3844859840279815,6.3844859840279815,476412
2022-01-13,6.421604633331299,6.443876605222859,6.354790841628761,6.429028623961819,456725
2022-01-16,6.384485244750977,6.421603776972171,6.354789994179649,6.421603776972171,177342
2022-01-17,6.391909122467041,6.421604375807547,6.369637859459334,6.384485840124929,495491
2022-01-18,6.473571300506592,6.473571300506592,6.384485544608554,6.391908826607068,381065
2022-01-19,6.466147422790527,6.466147422790528,6.347366412864058,6.473571412908599,553492
2022-01-20,6.384485244750977,6.451299027543499,6.310246764327348,6.466147006824472,1971855
2022-01-23,6.310247421264648,6.421604445502453,6.273128177188482,6.384485909416981,529959
2022-01-24,6.310247421264648,6.377061919003609,6.26570418677511,6.310247421264648,509437
2022-01-25,6.2657036781311035,6.310246909004663,6.2285851450588785,6.310246909004663,493220
2022-01-26,6.213737964630127,6.2953997390790075,6.198890691089752,6.26570448400753,419571
2022-01-30,6.228585720062256,6.29539951055468,6.20631374857408,6.2137377390701385,166271
2022-01-31,6.287975788116455,6.3102470500557395,6.206313314354658,6.228585284284595,232925
2022-02-01,6.3473663330078125,6.384485575140504,6.23600860660974,6.28797582879177,203686
2022-02-02,6.414180755615234,6.451299289342731,6.2879757585679315,6.347366262120704,102112
2022-02-03,6.40675687789917,6.525537887085374,6.40675687789917,6.414180867970973,284460
2022-02-06,6.391909122467041,6.458723619480851,6.354790586784423,6.406757103132637,173919
2022-02-07,6.384485244750977,6.451299027543499,6.362213275829516,6.391908526400844,213037
2022-02-08,6.332518577575684,6.406757064474337,6.325095295278364,6.384485801601014,272265
2022-02-09,6.37706184387207,6.384485834197976,6.3399426002332255,6.33251860990732,191429
2022-02-10,6.369637489318848,6.384485469121625,6.236008503056426,6.377061479220236,851671
2022-02-13,6.109803676605225,6.369637666454499,6.087532414272353,6.369637666454499,793143
2022-02-14,6.154346942901611,6.19146618565307,6.013294670034871,6.109803710001728,275946
2022-02-15,6.117227554321289,6.236008561901795,6.087532302426162,6.15434679618786,979921
2022-02-16,6.221161365509033,6.3028231322147965,6.198890103314854,6.117227628618432,2184602
2022-02-17,6.2582807540893555,6.273128026568918,6.19889024818975,6.221161510904433,300644
2022-02-20,6.132075786590576,6.250856799058756,6.124651796313644,6.2582807893356875,97935
2022-02-21,6.117227554321289,6.228585279921002,6.087532302426162,6.132075534264178,223369
2022-02-22,5.983599662780762,6.117227950978313,5.939056428054447,6.117227950978313,965365
2022-02-23,6.1766180992126465,6.236008603398102,6.050413100820889,5.983599314605244,2999667
2022-02-24,6.035566329956055,6.094956839073227,5.76830868493342,6.17661861211166,434630
2022-02-27,6.124651908874512,6.228585650689638,6.035566147886129,6.035566147886129,82575
2022-02-28,6.072685241699219,6.117227767095899,6.050413271010203,6.124651757325571,123282
2022-03-01,6.184041976928711,6.198889956700757,6.087532232382339,6.072684960600935,105096
2022-03-02,6.124651908874512,6.161771152950678,6.05041342072218,6.1840424162001,383446
2022-03-03,6.050413131713867,6.08753237401697,6.050413131713867,6.1246516163200715,1655792
2022-03-06,5.976175308227539,6.050413084260841,5.968751318227013,6.050413084260841,443955
2022-03-07,5.842546463012695,6.0058707070637745,5.805427574088604,5.976175454326366,475129
2022-03-08,5.842546463012695,5.842546463012695,5.842546463012695,5.842546463012695,0
2022-03-09,5.790579319000244,5.872241078163917,5.7608840694870365,5.798002954380897,689860
2022-03-10,5.939055919647217,5.939055919647217,5.790579663254164,5.790579663254164,672359
2022-03-13,5.939055919647217,5.998446422204438,5.909360668368606,5.939055919647217,127395
2022-03-14,5.916784763336182,5.939056380521088,5.916784763336182,5.939056380521088,38413
2022-03-15,5.998446941375732,6.020718204764631,5.87966592598068,5.916784816293959,525512
2022-03-16,6.139499664306641,6.161770926738435,5.939056178448483,5.9984466835937145,584920
2022-03-17,6.094956874847412,6.169195365674976,6.06526162011453,6.139500110942095,289740
2022-03-20,6.132075786590576,6.154347049430689,6.087532552919668,6.0949565431965995,87868
2022-03-21,6.5775041580200195,6.881881367775903,6.139499379864318,6.13207539006745,3008839
2022-03-22,6.6072001457214355,6.829914908519052,6.532962363449372,6.577504891214468,990414
2022-03-23,6.681437969207764,6.681437969207764,6.473571208403125,6.607199486353643,586327
2022-03-24,6.725981712341309,6.75567696614453,6.599776706679942,6.6814384776411275,839248
2022-03-27,6.651742458343506,6.755676188689251,6.570080696780102,6.725980938303412,403932
2022-03-28,6.525538444519043,6.711133964224352,6.466147934852602,6.651743454557911,306395
2022-03-29,6.466147422790527,6.607199695080545,6.458723432672457,6.525537927753763,369992
2022-03-30,6.547808647155762,6.599775865682332,6.495842136619798,6.466146886600589,324484
2022-03-31,6.6072001457214355,6.651743381477244,6.532962363449372,6.547809636707499,471126
2022-04-03,6.636895179748535,6.755676901821152,6.503266892901712,6.607199926228053,907359
2022-04-04,6.614623546600342,6.725981272066093,6.577504304778425,6.636894808497233,925948
2022-04-05,6.636895179748535,6.67401442364681,6.532962146422194,6.614623916605846,441193
2022-04-06,6.6072001457214355,6.666590654735371,6.592352872463309,6.636895400228403,377513
2022-04-07,6.5700812339782715,6.644319012017563,6.5700812339782715,6.60719976900258,414135
2022-04-10,6.5700812339782715,6.644319012017563,6.5329619909632894,6.5700812339782715,312312
2022-04-11,6.37706184387207,6.570081344401514,6.3250953275720985,6.570081344401514,701543
2022-04-12,6.362213134765625,6.488418123893187,6.236008145638063,6.377061113717388,746953
2022-04-13,6.332518577575684,6.421604337059659,6.3102473147023606,6.362213830737009,371086
2022-04-14,6.080108165740967,6.310246893367911,6.013294381582146,6.332518154754185,2088945
2022-04-17,6.198890209197998,6.273127987110202,6.169194956434982,6.080108490155261,949359
2022-04-18,6.2657036781311035,6.310246909004663,6.102380150239535,6.198889893806718,908224
2022-04-19,6.206752777099609,6.290969153683827,6.063584736118758,7.107868608913785,2208795
2022-04-20,6.316234588623047,6.417294245662924,6.147801826889918,6.206753092708823,1518931
2022-04-21,6.324656009674072,6.45098037184091,6.232017796053084,6.316234171356094,332758
2022-04-26,6.392029285430908,6.400450722404771,6.316234344789319,6.324656183338547,453390
2022-04-27,6.459402561187744,6.53519750386712,6.316234514604646,6.392029457284021,575641
2022-04-28,6.501510143280029,6.653100019147732,6.400450493751794,6.459402156764273,826717
2022-05-08,6.7120513916015625,6.989966034763916,6.526775364402018,6.501510250814401,518662
2022-05-09,6.627834796905518,6.762580994059016,6.543618423684581,6.712051170126454,378146
2022-05-10,6.543619155883789,6.678365368114735,6.526775879354921,6.62783553852813,228077
2022-05-11,6.610991954803467,6.737316723687685,6.526775576072445,6.543618851818649,1319985
2022-05-12,6.5183539390563965,6.686787103304277,6.493089225443213,6.610992159313962,928351
2022-05-15,6.290968894958496,6.52677514127179,6.2320176345616805,6.518353303172049,889629
2022-05-16,6.232017517089844,6.316233888623085,5.996211275221435,6.290968776375444,347691
2022-05-17,6.181488513946533,6.307812887211612,6.1478019608657934,6.232018343567642,124975
2022-05-18,6.147801399230957,6.274125760955624,6.114114849227666,6.181487949234249,259529
2022-05-19,6.072006702423096,6.147801643732587,5.979368485442093,6.147801643732587,597485
2022-05-22,6.055163383483887,6.139379761239674,6.013054993818311,6.072006659035044,441500
2022-05-23,6.072006702423096,6.114115092389562,5.937260497050996,6.055163426751584,518923
2022-05-24,6.0888495445251465,6.114114657021043,5.996211334140644,6.072006270052995,589069
2022-05-25,6.013054847717285,6.088849786643563,5.979368297433463,6.088849786643563,270535
2022-05-26,5.920417308807373,6.046741677421488,5.8951521941393255,6.013055125581007,331565
2022-05-29,5.6003947257995605,5.928838810612432,5.558286334752233,5.920417373348194,592866
2022-05-30,5.650924205780029,5.726719144362959,5.6340809307144175,5.600394380583194,470251
2022-05-31,5.684610843658447,5.726719232760135,5.634081017681638,5.6509242930072405,583338
2022-06-01,5.591972351074219,5.768826934004194,5.558285802094732,5.684610561555477,2767660
2022-06-02,5.499334812164307,5.684610840647818,5.474069698401602,5.591972625618382,830595
2022-06-05,5.499334812164307,5.499334812164307,5.499334812164307,5.499334812164307,0
2022-06-06,5.575129508972168,5.583551347657878,5.549864796065779,5.53302152026973,246457
2022-06-07,5.676189422607422,5.684611261677205,5.558286486658189,5.575129763222365,3015228
2022-06-08,5.768827438354492,5.810935829047923,5.6930328973118405,5.676189219774168,302048
2022-06-09,5.760406017303467,5.8362005585585175,5.735140902501532,5.768827454520527,249061
2022-06-12,5.701454162597656,5.768827264415443,5.684610887143209,5.760405827475902,47282
2022-06-13,5.6340813636779785,5.785670850917717,5.600394810958036,5.701454469117862,184927
2022-06-14,5.558286190032959,5.6425025683595225,5.5330214773226745,5.6340811313145505,390224
2022-06-15,5.465648174285889,5.600394786144011,5.389853631789539,5.5582863946429635,1468080
2022-06-16,5.516178131103516,5.549864682003278,5.415118076828866,5.4656479031785095,519092
2022-06-19,5.440383434295654,5.5414430915182376,5.431961595406082,5.516178378000282,166584
2022-06-20,5.440383434295654,5.499335101796518,5.423540158091891,5.440383434295654,71072
2022-06-21,5.423539638519287,5.49091273688003,5.406696363929101,5.440382913109473,142060
2022-06-22,5.389853000640869,5.465647534261723,5.35616645201486,5.423539549266879,116169
2022-06-23,5.381431579589844,5.448804682061177,5.347745028354177,5.389853418186444,103429
2022-06-26,5.389853000640869,5.457226097892888,5.34774461407069,5.381431162696699,70526
2022-06-27,5.431961536407471,5.4488048124282935,5.389853547143103,5.389853547143103,622722
2022-06-28,5.415118217468262,5.4572266079742695,5.356166952650298,5.4319614933555895,457028
2022-06-29,5.566707611083984,5.642502145104715,5.389853029076716,5.415117739891846,795016
2022-07-03,5.54144287109375,5.676189075363999,5.440383217891063,5.566707985182105,429174
2022-07-04,5.389853000640869,5.541442469457912,5.364587888383694,5.541442469457912,492629
2022-07-05,5.406696796417236,5.431961509535799,5.305637140792239,5.389853520479737,656775
2022-07-06,5.389853000640869,5.398274437009704,5.34774461407069,5.406696274953874,504492
2022-07-07,5.431961536407471,5.44038337520557,5.398274984365826,5.389853547143103,482124
2022-07-17,5.347744941711426,5.507756258276065,5.322480229481692,5.431961318436142,176785
2022-07-18,5.373010158538818,5.415118146920876,5.305637055867232,5.347745044249289,237930
2022-07-19,5.440383434295654,5.474069986703182,5.373010329480599,5.373010329480599,231668
2022-07-20,5.4488043785095215,5.474069491316441,5.415117829150525,5.440382941957445,772520
2022-07-21,5.6340813636779785,5.684611192757892,5.448804922142913,5.448804922142913,1340242
2022-07-24,5.591972351074219,5.659345449033192,5.566707640127273,5.634080738086247,327668
2022-07-25,5.6003947257995605,5.608816163063799,5.541443058648377,5.591972886959944,873668
2022-07-26,5.625658988952637,5.726719039063429,5.600394277606449,5.600394277606449,6328875
2022-07-27,5.558286190032959,5.6425025683595225,5.5330214773226745,5.62565929269421,1050383
2022-07-28,5.533020973205566,5.600394069728411,5.516177699074856,5.558285683613968,802788
2022-07-31,5.558286190032959,5.591972741363584,5.516178201657362,5.5330214773226745,571795
2022-08-01,5.516178131103516,5.5919726698403,5.474069741691131,5.558286118940537,647723
2022-08-02,5.457226276397705,5.533021214073131,5.431961163314113,5.516177939209187,260158
2022-08-03,5.490912914276123,5.516178027765318,5.4319612505182375,5.4572263640074326,1130016
2022-08-04,5.625658988952637,5.667767376630079,5.465647677983841,5.490912790905376,4620378
2022-08-07,5.676189422607422,5.794092760132044,5.650924708548852,5.625659592914893,2104708
2022-08-08,5.954103469848633,6.0635845553566865,5.667767396422922,5.676188833042612,4488476
2022-08-09,5.777249336242676,6.021477040982893,5.735140945118344,5.954103936444264,1761810
2022-08-10,5.819356918334961,5.970946794508314,5.7688270934689605,5.777248931734303,4031392
2022-08-11,5.937260627746582,5.979368617064593,5.844622408726355,5.819357293875247,2323870
2022-08-14,5.8951520919799805,5.954103757466913,5.861465540723268,5.937260481838556,854517
2022-08-15,5.853043556213379,5.895151945022252,5.794092293771385,5.895151945022252,907178
2022-08-16,5.886730194091797,5.911995308067566,5.810935655315216,5.853043643174346,3281316
2022-08-17,5.8109354972839355,5.895151872287254,5.794092222283272,5.886730033999246,542783
2022-08-18,5.8109354972839355,5.8109354972839355,5.8109354972839355,5.8109354972839355,0
2022-08-21,6.147801399230957,6.232017774239186,5.911995147632566,5.89515187263092,4192150
2022-08-22,6.09727144241333,6.232018049963466,6.063584890919639,6.147801671229238,908101
2022-08-23,6.09727144241333,6.09727144241333,6.09727144241333,6.09727144241333,0
2022-08-24,6.038320541381836,6.063585255734467,6.004633987861397,6.038320541381836,785920
2022-08-25,6.072006702423096,6.105693253766121,6.0130550367851185,6.038320151080071,725694
2022-08-28,6.029897689819336,6.063584237683943,5.9793678680224245,6.072006075437758,332216
2022-08-29,6.021476745605469,6.055163296222323,5.962525081238293,6.029898182472002,992464
2022-08-30,5.8277788162231445,6.021476680978839,5.8277788162231445,6.021476680978839,1902278
2022-08-31,5.8277788162231445,5.937260305340571,5.810935541095491,5.8277788162231445,372429
2022-09-01,5.768827438354492,5.85304381816598,5.743562725198733,5.827779105010221,425123
2022-09-04,5.8277788162231445,5.844622091350798,5.751983877361026,5.768827152488679,341725
2022-09-05,5.8277788162231445,5.869886803254602,5.768827152488679,5.8277788162231445,413457
2022-09-06,5.903573989868164,5.9625252543717435,5.878308875384222,5.827779047991709,2133822
2022-09-07,5.903573989868164,5.987790368855686,5.895152151181726,5.903573989868164,1026995
2022-09-08,5.8951520919799805,5.945681918865051,5.878308816351624,5.903573930581842,476368
2022-09-11,5.869886875152588,5.92883853960913,5.861465438273288,5.895151988941208,379081
2022-09-12,5.853043556213379,5.937260333831126,5.836200281004901,5.869886831421857,458440
2022-09-13,5.8951520919799805,5.903573930581842,5.794092438209841,5.853043702121406,1076235
2022-09-14,5.8614654541015625,5.9119952802398945,5.777249077204343,5.89515200486045,1031529
2022-09-15,5.6003947257995605,5.895152258404721,5.6003947257995605,5.86146570619701,3947215
2022-09-18,5.625658988952637,5.794092138087059,5.600394277606449,5.600394277606449,921325
2022-09-19,5.6172380447387695,5.667767873435661,5.5330216635772835,5.625659482067227,370909
2022-09-20,5.608815670013428,5.726718993951347,5.558285846143752,5.617237508112712,463718
2022-09-21,5.608815670013428,5.743562268574572,5.558285846143752,5.608815670013428,470015
2022-09-22,5.659345626831055,5.7014540151659885,5.558285976717635,5.608815801774345,892690
2022-09-25,5.608815670013428,5.642502219259878,5.583550958866262,5.659345493883103,251090
2022-09-26,5.6172380447387695,5.676189310764118,5.558286377138038,5.60881620583493,363148
2022-09-27,5.625658988952637,5.667767376630079,5.600394277606449,5.617237552362356,341527
2022-09-28,5.558286190032959,5.608816017028897,5.516178201657362,5.62565929269421,424867
2022-09-29,5.575129508972168,5.625659336360316,5.541442957380069,5.558286233176118,152516
2022-10-02,5.516178131103516,5.600394508352922,5.499334855653634,5.5751293943904185,101230
2022-10-03,5.507756233215332,5.558286059020246,5.4740696826787225,5.516178071637164,462117
2022-10-04,5.6003947257995605,5.608816163063799,5.4824917930725725,5.507756506440666,4314660
2022-10-05,5.642502784729004,5.726719567860343,5.600394794738718,5.600394794738718,1058529
2022-10-09,5.642502784729004,5.684611176294673,5.6172380710499095,5.642502784729004,176480
2022-10-10,5.583551406860352,5.659345947958538,5.49091318821215,5.6425026719839,620047
2022-10-11,5.499334812164307,5.650924290014452,5.474069698401602,5.5835511887477205,362735
2022-10-12,5.474070072174072,5.549865017062145,5.431961680219501,5.4993351876618926,301020
2022-10-13,5.516178131103516,5.541442843490656,5.4066966398916065,5.474069741691131,275921
2022-10-16,5.718297481536865,5.726719320115814,5.533021450129019,5.516178174546488,1001846
2022-10-17,5.676189422607422,5.751984367933909,5.6425028694790695,5.718297814805557,238883
2022-10-18,5.777249336242676,5.81093588851199,5.659346001724697,5.676189277859354,1289316
2022-10-19,5.718297481536865,5.810935698028471,5.693032768950752,5.777249146863408,282740
2022-10-20,5.9119954109191895,5.937260525334498,5.693032826146449,5.718297538986387,1387957
2022-10-23,5.886730194091797,5.98779024841951,5.836200367715621,5.911995308067566,240914
2022-10-24,5.743562698364258,5.9119954572003,5.735140859634769,5.886730342587207,641464
2022-10-25,5.954103469848633,5.987790019478087,5.743562333876868,5.743562333876868,934893
2022-10-26,5.954103469848633,5.954103469848633,5.954103469848633,5.954103469848633,0
2022-10-27,6.021476745605469,6.240439324615023,5.895151980004584,5.920417093754905,5836187
2022-10-30,6.029897689819336,6.147801008920789,5.996211141954728,6.021476253640847,1463517
2022-10-31,6.4846673011779785,6.543618968125188,5.979368618235278,6.029898446372011,4600902
2022-11-01,6.450980186462402,6.6025700592270145,6.358342377078852,6.484666735615573,3438244
2022-11-02,6.324656009674072,6.476245485219491,6.25728250785631,6.45098037184091,1417945
2022-11-03,6.274126052856445,6.32465628178763,6.232018064180952,6.32465628178763,858298
2022-11-06,6.282547950744629,6.316234502632639,6.189909732264912,6.2741261119849385,702795
2022-11-07,6.417294025421143,6.459402415196954,6.257282706478575,6.2825478206591345,1145763
2022-11-08,6.29939079284668,6.459402104082365,6.240439130315002,6.417293716334688,1799757
2022-11-09,6.400450706481934,6.476245646934962,6.232017951670052,6.299391053594805,1342559
2022-11-10,6.56046199798584,6.594148548812888,6.400450680769677,6.400450680769677,1345336
2022-11-13,6.737316608428955,6.779424997861781,6.560462015331666,6.560462015331666,1547464
2022-11-14,6.383607387542725,6.737316571815073,6.3330775614431545,6.737316571815073,4652707
2022-11-15,6.366764068603516,6.450980444859774,6.324656081263066,6.383607343854767,2127234
2022-11-16,6.400450706481934,6.459402371453773,6.349920880038369,6.366764155519557,2078156
2022-11-17,6.375186443328857,6.535197772464367,6.316234774202493,6.400451157543448,3900434
2022-11-20,6.324656009674072,6.442558935098287,6.307812333038116,6.375185834855878,3473922
2022-11-21,6.35834264755249,6.383607359704417,6.316234258532132,6.324656096966347,3386079
2022-11-22,6.434137344360352,6.484667171486501,6.265704587273183,6.35834280445881,3677116
2022-11-23,6.5351972579956055,6.560461970221288,6.442559042825595,6.4341372043667935,1216891
2022-11-24,6.568883419036865,6.636256516409495,6.459401935018672,6.53519687035055,1639359
2022-11-27,7.032074451446533,7.158398815159652,6.568883779247235,6.568883779247235,4482558
2022-11-28,6.989965915679932,7.07418188866963,6.745738228653618,7.032074303750131,2115878
2022-11-29,7.065761089324951,7.3268316583995325,6.922593046999899,6.989966148899838,2521853
2022-11-30,7.057339668273926,7.411048875747498,6.947858170422509,7.065761507297291,3301930
2022-12-01,7.166820526123047,7.200507076057497,6.9899659381795045,7.057339038048406,456221
2022-12-04,7.41104793548584,7.537372292206066,7.200506805518349,7.166820256849577,1397711
2022-12-05,7.5289506912231445,7.62158930534105,7.377361619017778,7.411048168746826,2921312
2022-12-06,7.596324920654297,7.65527618442876,7.411048487597898,7.528951015146825,1980638
2022-12-07,7.798444747924805,7.950033836763949,7.579481749083968,7.596325427372087,5240944
2022-12-08,7.495265007019043,7.958455721643992,6.737317149015154,7.798444792741231,4757010
2022-12-11,7.646853923797607,7.933189994585516,7.4952640502862,7.4952640502862,1819175
2022-12-12,7.630011558532715,7.7900224776604965,7.4110485718098635,7.6468544327379195,1555750
2022-12-13,8.926944732666016,8.926944732666016,7.663697881995394,7.630011331436872,6908049
2022-12-14,9.516459465026855,9.634361986640107,8.93536548251612,8.926944447508525,3396819
2022-12-15,9.18801498413086,9.929119874195356,9.061690624649133,9.516459443194314,4853968
2022-12-18,9.272232055664062,9.465929520148887,8.691138055908159,9.188015277883268,2444486
2022-12-19,9.272232055664062,9.390134580776314,9.036425399138125,9.272232055664062,1977681
2022-12-20,9.272232055664062,9.508037909039283,9.188015277883268,9.272232055664062,1163079
2022-12-21,8.985896110534668,9.348027136043513,8.96905243346415,9.27223219552764,1573591
2022-12-22,8.758511543273926,9.129064418076332,8.682717403708242,8.985896371423232,1497081
2022-12-25,8.345850944519043,8.809041628879033,8.244791290265166,8.758511400176726,1100231
2022-12-26,8.354272842407227,8.581656865303305,8.295321577795418,8.345851003705327,989954
2022-12-27,8.270055770874023,8.505862427330626,8.008985205501611,8.354272548630055,1187064
2022-12-28,8.421645164489746,8.497440099474261,8.261634259750736,8.270055294520716,1549611
2022-12-29,8.758511543273926,8.825884647210591,8.421646023590602,8.421646023590602,932685
2023-01-02,8.85957145690918,8.977473979964552,8.800619392230791,8.758511004075,886399
2023-01-03,8.851150512695312,8.960632011698724,8.775355566989044,8.859572351807294,1043206
2023-01-04,9.13748550415039,9.33960479931069,8.093200872854142,8.85114943443129,2839231
2023-01-05,9.086956024169922,9.373292117376602,9.086956024169922,9.137486253680233,1686115
2023-01-09,9.221702575683594,9.305919360289238,9.095378201925909,9.086956362835188,2310932
2023-01-10,8.699560165405273,9.246966828586144,8.438489591820824,9.221702115724915,1767352
2023-01-11,8.50586223602295,9.137485645535028,8.371115234013786,8.699559696094319,2360182
2023-01-12,8.430068016052246,8.918523430073083,8.295321805722466,8.50586296015044,1039045
2023-01-15,8.371114730834961,8.547969306993831,8.337428183145208,8.430066791655017,518989
2023-01-16,8.590079307556152,8.674296094190849,8.371116304826584,8.371116304826584,762986
2023-01-17,8.489018440246582,8.758510834174826,8.42164534176452,8.590078087969674,3085504
2023-01-18,8.76693344116211,8.800619993357564,8.505862862435032,8.489019184761927,3416090
2023-01-19,8.716403007507324,8.969051718211345,8.556391300700735,8.766932428387863,2190439
2023-01-22,8.758511543273926,8.842728324770132,8.69113843933726,8.716403955676574,1192767
2023-01-23,8.758511543273926,8.825884647210591,8.682717403708242,8.758511543273926,1129272
2023-01-24,8.994318962097168,9.011161837913965,8.674296290069838,8.75851227545546,2064849
2023-01-25,9.575411796569824,9.870169739864593,8.96905303493101,8.994318552231096,7148331
2023-01-29,9.802796363830566,9.853325790739833,9.516460267508856,9.575411533286587,2566300
2023-01-30,9.642784118652344,10.190191568362303,9.642784118652344,9.802795835933223,3956854
2023-01-31,9.339605331420898,9.844903598110267,9.095377635066686,9.64278429143452,2354269
2023-02-01,9.853324890136719,9.853324890136719,8.94378725739491,9.339604813376283,6293918
2023-02-02,9.011160850524902,9.912277497782904,8.985896137992654,9.853325431006683,3539089
2023-02-05,8.76693344116211,9.171172870658312,8.463754471403025,9.01116114536684,1844106
2023-02-06,8.783777236938477,8.926945286481827,8.674295740043517,8.766933559038897,2369743
2023-02-07,9.54172420501709,9.600675466000823,8.809041149209458,8.783776437809387,15145292
2023-02-08,9.457508087158203,9.684892915023283,9.095377854738974,9.54172486854914,4340253
2023-02-09,9.423821449279785,9.684892826689929,9.280654207262183,9.457508000898764,3520585
2023-02-12,9.272232055664062,9.482773196965331,9.21327998995722,9.423821131258489,3289391
2023-02-13,9.263810157775879,9.41540003554771,9.25538831942173,9.272231996130028,1641974
2023-02-14,9.474350929260254,9.533302189145212,9.221701410516511,9.263809797498915,8977262
2023-02-15,9.727001190185547,9.853325557620776,9.533302916547358,9.47435165216435,7355743
2023-02-16,9.693315505981445,9.937543227186023,9.64278527259565,9.727002060521704,2752307
2023-02-19,9.482773780822754,9.752266201272883,9.390135158929947,9.693314935087109,600603
2023-02-20,9.230123519897461,9.55856798423526,9.179593293402915,9.482773046068791,1244085
2023-02-21,9.457508087158203,9.51646015539216,8.943787969495586,9.230124062443872,1055009
2023-02-22,9.280653953552246,9.474351419278483,9.26381027662785,9.457507742354085,1519823
2023-02-23,9.339605331420898,9.449086823324611,9.280654067761487,9.280654067761487,1606625
2023-02-26,9.516459465026855,9.583832563991768,9.314340168132118,9.339604879456287,614305
2023-02-27,9.238545417785645,9.67647056991116,9.179593352636488,9.516459657422207,2348662
2023-02-28,8.935365676879883,9.246966467158277,8.901679126664671,9.238545431967506,1830830
2023-03-01,9.086956024169922,9.137486253680233,8.910101425609957,8.935366138789737,757518
2023-03-02,9.28907585144043,9.390135512918972,9.061691813901406,9.086956528483343,4186091
2023-03-05,9.280653953552246,9.34802705494839,9.070112810901614,9.289074988863725,2181334
2023-03-06,9.381712913513184,9.381712913513184,9.204858334608021,9.280653268874614,1186616
2023-03-07,9.348027229309082,9.533302860028906,9.255388610798434,9.381713780635481,1881295
2023-03-08,9.230123519897461,9.432242819574244,9.053268931892601,9.348026846284268,304853
2023-03-09,9.676469802856445,9.727000025671515,9.204858137952133,9.230122847784346,1534876
2023-03-12,9.508038520812988,9.642784731411632,9.179594030115716,9.676471284061293,1436690
2023-03-13,9.103799819946289,9.550146839955543,8.969052807219205,9.508038448675252,3015762
2023-03-14,9.145907402038574,9.263810736915408,8.842728430691981,9.10379981393684,879463
2023-03-15,8.421645164489746,9.26380968093872,8.295320808282668,9.145906359501623,1039745
2023-03-16,8.430068016052246,8.758511702943395,8.211105022690969,8.421646177118943,730110
2023-03-19,8.50586223602295,8.741668084025264,8.329007649233539,8.430067298377388,182179
2023-03-20,9.086956024169922,9.086956024169922,8.379537629930065,8.505862802130467,518779
2023-03-21,9.221702575683594,9.305919360289238,8.84272865125976,9.086956362835188,851431
2023-03-22,9.129064559936523,9.339605713797972,8.893258692493916,9.221702378501286,748585
2023-03-23,9.28907585144043,9.364870798337035,8.901680080863951,9.12906492155377,639726
2023-03-26,9.583831787109375,9.61751833386114,9.356446994171991,9.28907390066846,1563258
2023-03-27,9.962806701660156,10.257564619545063,9.684892460523283,9.583832809487214,3801214
2023-03-28,10.32493782043457,10.560743675140456,9.684892554510732,9.962806798344634,2657772
2023-03-29,11.192367553710938,11.70608767295594,10.518635709960428,10.324938236575685,3710070
2023-03-30,11.655557632446289,12.27875921374483,10.956561112285629,11.19236696407278,4427393
2023-04-02,12.144013404846191,12.245073058875267,11.537654677521006,11.65555800879696,3028463
2023-04-03,12.110326766967773,12.632468710629018,11.916628495766416,12.144013318070089,2678023
2023-04-04,12.034531593322754,12.110326532623958,11.840834129020317,12.110326532623958,2197878
2023-04-05,11.781882286071777,12.042953659360649,11.571341140989077,12.034531820801165,1223267
2023-04-06,11.562918663024902,11.866098409195267,11.453437980408587,11.781881634558902,710488
2023-04-09,11.537654876708984,11.630293496864683,11.419752346548275,11.562919589864743,445213
2023-04-10,11.891364097595215,12.211386743102898,11.537654900094656,11.537654900094656,1609977
2023-04-11,12.042953491210938,12.169277855236462,11.95873671309344,11.891363611859731,1808102
2023-04-12,12.28718090057373,12.531408587700628,11.984001148863994,12.042953213446832,2341711
2023-04-13,13.129345893859863,13.685174386595952,12.127169596707814,12.28718131622319,4131660
2023-04-18,13.920980453491211,14.29995353350047,13.163031884020612,13.129345334476408,2644739
2023-04-19,13.62622356414795,14.27469069542654,13.533584943593434,13.920981497120174,1484053
2023-04-26,13.979931831359863,14.10625619241976,13.390416004678478,13.626222656611313,948224
2023-04-27,14.948421478271484,15.08316768421939,14.10625688794633,13.979932520657853,2174267
2023-04-30,14.224159240722656,15.521093464814157,14.123100390661854,14.94842129346474,2453162
2023-05-01,14.224159240722656,14.224159240722656,14.224159240722656,14.224159240722656,0
2023-05-02,13.584114074707031,14.48523153163717,13.474633385224728,14.173629927831202,2374530
2023-05-03,13.297779083251953,13.828342880876917,12.893540458290506,13.5841143743576,3393258
2023-05-07,13.47463321685791,13.626223097555794,13.061972767347811,13.297778623760621,961850
2023-05-08,14.106256484985352,14.207316939710116,13.56727167659043,13.474633060284514,2068988
2023-05-09,13.895715713500977,14.518917316380602,13.895715713500977,14.106256860675234,2296498
2023-05-10,14.299954414367676,14.316798091752682,13.474633498120172,13.895715794936427,937926
2023-05-11,14.249424934387207,14.737880332586588,14.165208154083558,14.299954360048803,1687480
2023-05-14,14.350484848022461,14.443121857173516,14.08941267834757,14.249424394228726,826378
2023-05-15,14.237007141113281,15.144824489117813,14.140989215212299,14.87422579170038,5162570
2023-05-16,13.547415733337402,14.315567416601658,13.311732206170618,14.237006240879396,3222995
2023-05-17,12.630870819091797,13.643435294036141,12.569767216319079,13.547416536054456,3302380
2023-05-18,12.74434757232666,12.901469095504122,12.48247725708051,12.630870407971235,1160957
2023-05-21,12.726889610290527,12.927657164274354,12.595954864295328,12.744348020403388,605149
2023-05-22,13.006217956542969,13.311733484248565,12.691974055945693,12.726890044900944,1643426
2023-05-23,13.617247581481934,13.660891938744092,12.657056737384876,13.006216590258667,2456515
2023-05-24,13.818015098571777,13.96640825285539,13.355378058285527,13.617248379519125,1399010
2023-05-25,13.521227836608887,13.966407268069666,13.407750677660292,13.818014124249407,856980
2023-05-28,13.416481018066406,13.617248572426007,13.355378247482657,13.521228981551184,285268
2023-05-29,13.215714454650879,13.573603542297999,13.006217692706251,13.416481178955236,913066
2023-05-30,13.617247581481934,13.861659478493587,13.180797349158317,13.215713334445697,1283332
2023-05-31,13.399023056030273,13.791828115946206,13.285545890727843,13.617248181812768,1737049
2023-06-01,13.721996307373047,13.7481830896924,13.37283560244286,13.399023217225016,999069
2023-06-04,13.704538345336914,14.184633810014589,13.63470636856156,13.721996755762166,2753002
2023-06-05,13.704538345336914,14.053699061676507,13.704538345336914,13.704538345336914,1235975
2023-06-06,13.512499809265137,13.809286122756866,13.477583821352157,13.704538159017929,655705
2023-06-07,13.093507766723633,13.695808757709285,13.049862574341994,13.512499615676642,906712
2023-06-08,13.154609680175781,13.311732029535428,12.945113769338088,13.09350691429714,383973
2023-06-11,13.608519554138184,13.704538313868106,13.163340078870421,13.15461087367784,579304
2023-06-12,13.538687705993652,13.835474025655072,13.529958500718237,13.6085196832713,349431
2023-06-13,13.425209999084473,13.608519140239272,13.320462037347847,13.538687165748186,926794
2023-06-14,13.154609680175781,13.660891880931585,13.145881308237941,13.425209189354867,702380
2023-06-15,12.98875904083252,13.433938478518598,12.97130063192118,13.154609763176461,811918
2023-06-18,13.52995777130127,13.64343493637546,13.076049111004508,12.988759560344754,1618532
2023-06-19,13.433938980102539,13.94022120295589,13.364107006775374,13.529957735311697,3116675
2023-06-20,13.250630378723145,13.529958283346057,13.189526775239766,13.433939524247636,696487
2023-06-21,13.014945983886719,13.311732279375024,13.006216779322294,13.250629512349585,949017
2023-06-22,13.093507766723633,13.346648883581777,12.936385407134852,13.014946586929241,617710
2023-06-25,12.761805534362793,13.346648950819809,12.54358040381802,13.093507832686385,1566721
2023-06-26,12.96257209777832,12.997488082701475,12.665785809700125,12.761804560123117,971441
2023-07-04,12.936385154724121,13.224442253374535,12.927656782388341,12.962572769119824,353313
2023-07-05,12.657057762145996,13.049862836547618,12.630870979175974,12.936385667060426,447582
2023-07-06,12.41264533996582,12.83163718027824,12.220606996924568,12.65705724681473,682594
2023-07-09,12.20314884185791,12.543580343558942,11.984923712361486,12.41264559884621,409568
2023-07-10,12.43883228302002,12.569767026698269,12.046027219522474,12.203148745443812,392271
2023-07-11,12.578495979309082,12.622141170480692,12.133316527791672,12.438832033530158,4751098
2023-07-12,12.77053451538086,12.77053451538086,12.395187031039335,12.57849617078022,608688
2023-07-13,12.779263496398926,12.86655304607913,12.630870346233523,12.770534291692071,484581
2023-07-16,12.683243751525879,12.805450118510905,12.665786174792458,12.779263337179387,169661
2023-07-17,13.0760498046875,13.09350821522329,12.48247799833877,12.683244724723368,1622950
2023-07-18,13.241900444030762,13.486312347110033,13.049862103951373,13.076048885451316,1210106
2023-07-19,13.241900444030762,13.241900444030762,13.241900444030762,13.241900444030762,0
2023-07-24,12.936385154724121,13.180797894307275,12.849095604126813,13.093507511247179,336515
2023-07-25,12.805450439453125,13.137152730329253,12.74434767066058,12.936385181855085,1070743
2023-07-26,12.761805534362793,12.875282702141611,12.683244354172626,12.80545072696431,665814
2023-07-27,12.578495979309082,12.78799189797747,12.569766774582204,12.761805116259618,292504
2023-07-30,12.918927192687988,12.953843178379195,12.569766503313156,12.57849570785165,580422
2023-07-31,12.77053451538086,13.041133206330912,12.700702541428408,12.91892766814552,1093006
2023-08-01,12.814180374145508,12.875283146418369,12.657058008343482,12.770535180037964,860762
2023-08-02,12.735618591308594,12.962572924006436,12.735618591308594,12.814179770508831,464941
2023-08-03,13.006217956542969,13.224443095629011,12.65705806699044,12.735619250255468,1174619
2023-08-06,13.355378150939941,13.381564933506134,13.006217442718535,13.006217442718535,3377588
2023-08-07,13.372835159301758,13.591060280478159,13.311732391760453,13.355377582488288,1716696
2023-08-08,13.879117965698242,13.879117965698242,13.311732959429014,13.372835729576,1629927
2023-08-09,13.896575927734375,14.132259460639819,13.617248036109654,13.879117518276438,4146034
2023-08-10,13.713266372680664,13.905304708549616,13.617247620977565,13.896575504086766,940522
2023-08-13,14.053698539733887,14.053698539733887,13.634705862179977,13.71326704125026,508624
2023-08-14,13.914033889770508,14.271923801396992,13.809285927512562,14.053698671910572,595302
2023-08-15,13.791828155517578,14.114801242706807,13.721996181663842,13.91403369353022,198696
2023-08-16,13.730724334716797,13.879117484901284,13.713266757763623,13.791827935209854,310625
2023-08-17,13.486312866210938,13.818015163674586,13.268087736231918,13.730724778697855,706650
2023-08-20,13.486312866210938,13.617248443676035,13.355378121208648,13.486312866210938,525964
2023-08-21,13.879117965698242,13.922763158287292,13.198255791682607,13.486312897322406,1132345
2023-08-22,13.721996307373047,13.940221435780863,13.713267102445663,13.87911783375197,246672
2023-08-23,13.355378150939941,13.922763157163367,13.29427454833508,13.721996436717875,782101
2023-08-24,13.163339614868164,13.512499485635438,13.08477843582983,13.355377960021563,1600184
2023-08-27,13.268087387084961,13.425209742923313,13.180797836868043,13.163339427346989,534041
2023-08-28,13.268087387084961,13.60851888058046,13.180797836868043,13.268087387084961,680932
2023-08-29,13.477582931518555,13.486312136036172,13.180797470084377,13.268087017872277,799920
2023-08-30,13.678351402282715,13.818015354200963,13.425210281315188,13.477583847053122,592342
2023-08-31,13.678351402282715,13.678351402282715,13.678351402282715,13.678351402282715,0
2023-09-03,13.870388984680176,14.018781301032734,13.617247877723926,13.870388984680176,346195
2023-09-04,14.411587715148926,14.56871007437557,13.61724837899254,13.870389495267244,1840784
2023-09-05,14.664727210998535,14.839307970742178,14.455231298261472,14.411586940788318,2459441
2023-09-06,14.429045677185059,14.856766716845161,14.14098858251905,14.66472754378412,1103063
2023-09-07,14.533793449401855,14.533793449401855,14.140989210995421,14.429046318463724,266906
2023-09-10,14.533793449401855,14.533793449401855,14.533793449401855,14.533793449401855,0
2023-09-11,14.184633255004883,14.577439149575255,14.13225969070403,14.31556799821981,442968
2023-09-12,14.193363189697266,14.402859122598526,14.123531212063511,14.184633984377337,209771
2023-09-13,14.359213829040527,14.385399778375223,14.132259500228288,14.193362268576667,192405
2023-09-14,14.306838989257812,14.446502939256286,14.219550269202976,14.35921421920145,348925
2023-09-17,14.40285873413086,14.568710300884876,14.298109938042629,14.306839143127117,933300
2023-09-18,14.411587715148926,14.481419689813478,14.271923765819821,14.402858510200156,322434
2023-09-19,13.730724334716797,14.481419290347208,13.52995762121001,14.411587317608953,2011584
2023-09-20,13.730724334716797,13.730724334716797,13.730724334716797,13.730724334716797,0
2023-09-21,13.730724334716797,13.730724334716797,13.730724334716797,13.730724334716797,0
2023-09-24,13.730724334716797,13.730724334716797,13.730724334716797,13.730724334716797,0
2023-09-25,13.660892486572266,13.82674404768535,13.617248127559884,13.68708010093504,197321
2023-09-26,13.5997896194458,13.748182769908503,13.556144428286869,13.660892387590637,207258
2023-09-27,13.5997896194458,13.5997896194458,13.5997896194458,13.5997896194458,0
2023-10-01,13.5997896194458,13.5997896194458,13.5997896194458,13.5997896194458,0
2023-10-02,13.521227836608887,13.704536965300811,13.163338783558642,13.224441548968368,926854
2023-10-03,13.416481018066406,13.660892932864218,13.31173305458163,13.521228981551184,641206
2023-10-04,13.206984519958496,13.364106874622285,13.137152547321874,13.416480437868362,354602
2023-10-08,12.787992477416992,13.206985166201619,12.657057730432133,13.206985166201619,439999
2023-10-09,12.971301078796387,13.084778243241233,12.831637132545124,12.787991941225908,179843
2023-10-10,13.041132926940918,13.259358048982827,12.945114172929078,12.97130095448453,416746
2023-10-11,12.857824325561523,13.22444261242741,12.83163754291762,13.041133468994467,683265
2023-10-12,13.08477783203125,13.137152226460916,12.88401112372017,12.857823510273956,351832
2023-10-15,13.879117965698242,14.24573625150577,13.09350782894657,13.084778623936199,5898018
2023-10-16,14.140989303588867,14.551251954813216,13.748183397684762,13.879118144677584,1851367
2023-10-17,16.166118621826172,16.969187196223658,14.097343581120738,14.140989607673994,5665063
2023-10-18,15.363048553466797,16.22721981607783,15.275758173774411,16.166117049770815,3677234
2023-10-19,15.363048553466797,15.363048553466797,15.363048553466797,15.363048553466797,0
2023-10-22,15.590003967285156,16.131201362440553,14.743289389332212,14.786935414699988,1592001
2023-10-23,15.2844877243042,15.930433884772398,15.074991807254424,15.590003227682205,1421068
2023-10-24,15.319403648376465,15.843144299800796,15.10990772079186,15.284488492908515,1946375
2023-10-25,17.4405517578125,17.4405517578125,15.363049280439858,15.319403256065597,14624407
2023-10-26,16.724773406982422,18.060311768175566,16.585109460509024,17.440551548889985,2377599
2023-10-29,16.698585510253906,17.28342890056709,16.585109180010548,16.724773124121857,640070
2023-10-30,16.27959442138672,16.672400322717145,16.14865967591845,16.698586272855426,759827
2023-10-31,16.148658752441406,16.576379784471765,15.581273777908299,16.279593490422045,1090074
2023-11-01,16.58510971069336,16.58510971069336,15.72966760940816,16.148659455148795,690265
2023-11-02,16.497819900512695,16.8207938334183,16.471633949821467,16.585110287643317,747827
2023-11-05,16.34942626953125,16.654941783199217,16.20103311517399,16.497819423888515,323142
2023-11-06,15.860601425170898,16.497818361403798,15.825684607605835,16.34942521660328,690286
2023-11-07,15.546358108520508,15.947893221578973,15.363049794788303,15.860602834833598,687187
2023-11-08,15.8169584274292,16.131201487892913,15.546358062821414,15.546358062821414,674247
2023-11-09,15.607460021972656,16.279593798567973,15.537628049399478,15.816957604617748,1734102
2023-11-12,15.90424633026123,16.22722024416573,15.624918439817101,15.607460030432954,903506
2023-11-13,15.459067344665527,15.9304344226366,15.424152189774489,15.904246807774117,368861
2023-11-14,15.590003967285156,15.974079000967816,15.537628736843825,15.459067556107456,634606
2023-11-15,15.71220874786377,15.956621483314848,15.380507295753887,15.590003212601005,1222162
2023-11-16,15.982808113098145,16.454175194775264,15.712209417094034,15.712209417094034,1297613
2023-11-19,16.000267028808594,16.393072942620247,15.8518738685826,15.98280861821126,1164141
2023-11-20,15.624918937683105,16.323240350970014,15.371778653249239,16.000266426774406,1261336
2023-11-21,15.624918937683105,15.930434451938277,15.493984192981063,15.624918937683105,970161
2023-11-22,15.572545051574707,15.799499381342176,15.546357437204223,15.6249186153901,812170
2023-11-23,15.886789321899414,16.000265651160248,15.60745977116981,15.572544617907063,1897700
2023-11-26,16.29705238342285,16.53273591774216,15.982807670997108,15.886789748253577,1968727
2023-11-27,16.646211624145508,16.93426871139621,16.305780975101634,16.297051770648523,2681216
2023-11-28,16.12247085571289,16.8644365778059,16.017723733138286,16.6462114633624,1343935
2023-11-29,15.71220874786377,16.235949372444338,15.624918366279417,16.122471376907015,914158
2023-11-30,15.912975311279297,16.043910049968858,15.729667010099016,15.712208600960267,554480
2023-12-03,15.720937728881836,16.09628519890729,15.668564166646465,15.912975233695208,805652
2023-12-04,15.974079132080078,16.122472289697242,15.729668047716965,15.720938842571762,966257
2023-12-05,16.497819900512695,16.576381082437692,16.06136962978524,15.974079242654618,1464735
2023-12-06,15.834413528442383,16.820791962960346,15.712207999004058,16.497818065969167,1759751
2023-12-07,15.790770530700684,15.94789289059631,15.363049475943484,15.834414890704751,1433990
2023-12-10,15.49398422241211,15.878060917203188,15.45033986240373,15.790770532260813,541040
2023-12-11,14.92659854888916,15.528900346587248,14.882952525910728,15.4939835282045,1122796
2023-12-12,14.804391860961914,15.275758935861349,14.769476706298397,14.926599064598209,617765
2023-12-13,15.267029762268066,15.581274479512029,14.813121096232479,14.804391891317302,1488847
2023-12-14,15.485255241394043,15.71220957955649,15.2757593134577,15.267030108344647,665458
2023-12-17,15.616189002990723,15.869330940521237,15.284487554250443,15.485254264407073,323295
2023-12-18,15.659835815429688,16.061369255989764,15.363049505048059,15.616189790417321,1864417
2023-12-19,15.363048553466797,15.851872348848435,15.345590144543218,15.659834845465598,1362809
2023-12-20,15.397963523864746,15.694749812345515,15.363048371356976,15.363048371356976,703037
2023-12-21,14.92659854888916,15.799499029351386,14.900410935102101,15.397963942577483,784963
2023-12-24,14.92659854888916,14.92659854888916,14.92659854888916,14.92659854888916,0
2023-12-25,14.446502685546875,14.795664219336697,14.0536984574217,14.57743909318085,602103
2023-12-26,13.966407775878906,14.830579057220348,13.94022099438871,14.446502377204524,6942272
2023-12-27,14.586167335510254,14.708374544191987,13.966408746546568,13.966408746546568,1623864
2023-12-28,14.586167335510254,14.586167335510254,14.586167335510254,14.586167335510254,0
2023-12-31,14.760746955871582,15.18846799047686,14.664727370475823,14.813120518394024,417734
2024-01-02,15.013888359069824,15.013888359069824,14.760746430196358,14.760746430196358,297854
2024-01-03,15.083721160888672,15.275758670516243,14.970243164120804,15.013889187849049,356095
2024-01-04,14.952784538269043,15.179738863595277,14.795663849897537,15.083720942633613,537803
2024-01-08,15.101179122924805,15.14482515017183,14.926600008713809,14.952785960136323,313271
2024-01-09,14.978972434997559,15.171009945472962,14.926598871218008,15.101177972125036,746881
2024-01-10,14.96151351928711,15.188467841221488,14.944056775234863,14.978971928264873,460102
2024-01-11,15.415422439575195,15.65983517486999,14.996430606148877,14.961513787567243,2220939
2024-01-14,16.008995056152344,16.139929796146717,15.432880868236657,15.415422458923926,1446534
2024-01-15,15.68602180480957,16.2795944270599,15.668565059686506,16.008995731007765,1197914
2024-01-16,16.567649841308594,16.585108249574464,15.686020202987528,15.686020202987528,2492417
2024-01-17,16.323240280151367,16.890625281349013,16.235949895753514,16.567651358554635,817326
2024-01-18,16.550193786621094,16.585110608118303,15.93043518937679,16.323241106591972,660403
2024-01-21,17.86827278137207,17.89446039595888,16.41925807274701,16.55019281582988,3090878
2024-01-22,17.449281692504883,17.894461170188457,17.11758021801502,17.8682735544686,1599222
2024-01-23,18.060312271118164,19.203811489060307,17.196140953901523,17.449281239586906,3698878
2024-01-24,17.885730743408203,18.33091019068739,17.458009705416565,18.060311506432587,1394012
2024-01-28,20.687742233276367,20.94961171372774,17.885730800803994,17.885730800803994,2714896
2024-01-29,21.647932052612305,21.7264932319625,20.68774282042211,20.68774282042211,1523668
2024-01-30,24.895122528076172,25.916416174278314,21.38606213703029,21.64793161967676,3796418
2024-01-31,20.94961166381836,25.322843298431508,20.783760105300644,24.895122260086282,2900030
2024-02-01,21.473352432250977,21.70903596462993,17.56275862838957,20.94961180416182,2961965
2024-02-04,19.42203712463379,22.695414168111395,19.072877239647976,21.47335373819822,5361251
2024-02-05,19.42203712463379,19.849758191857116,19.029231213446213,19.42203712463379,5018317
2024-02-06,18.147602081298828,20.076711375136835,18.147602081298828,19.42203600420846,5387376
2024-02-07,19.640260696411133,19.640260696411133,18.243619602792347,18.14760168264814,5675951
2024-02-08,19.779924392700195,20.50443171165005,19.640260451571944,19.640260451571944,5205368
2024-02-11,19.893402099609375,20.27747709973077,19.22999755631949,19.779924108494725,3784607
2024-02-12,21.31622886657715,21.86615541263351,19.291100106922887,19.89340187826116,7040642
2024-02-13,21.07181739807129,21.90980273829876,21.028173039329737,21.316230135830462,3213245
2024-02-14,21.036901473999023,21.47335170514039,20.617909651685434,21.071816626729074,802664
2024-02-15,20.94961166381836,21.298771525230222,20.775030900649654,21.036902045402712,527578
2024-02-18,20.94961166381836,20.94961166381836,20.94961166381836,20.94961166381836,0
2024-02-19,21.473352432250977,22.171672159752813,21.386062050081858,22.005820600124043,952758
2024-02-20,21.29877281188965,22.040738602790498,21.132921243352833,21.473353585604784,949864
2024-02-21,21.717763900756836,21.813783489387752,21.036902570248408,21.298772056609252,700243
2024-02-22,22.128026962280273,23.044571777996858,21.473351618218285,21.717762681115776,2265332
2024-02-25,18.27853775024414,20.513162663587703,17.702423527779985,22.12802899349357,4744152
2024-02-26,18.156330108642578,18.985586266722542,17.283429590632345,18.278537313313425,4174402
2024-02-27,17.12630844116211,18.60150907868101,16.934269266746806,18.156329626525853,6050047
2024-02-28,16.166118621826172,19.116521754873602,15.886790711588034,17.126309561964028,13069445
2024-02-29,16.550193786621094,17.274702848357027,15.98280875669692,16.1661187397059,3757444
2024-03-03,16.070098876953125,16.66367151308051,16.061369671724705,16.55019351003669,2529194
2024-03-04,17.21359634399414,17.327074335309703,16.11374157277089,16.070097216065204,3535685
2024-03-05,17.01283073425293,17.65004770675145,16.698586017984905,17.21359745190168,2363356
2024-03-06,17.885730743408203,18.98558555464051,17.37071932390437,17.012830258137377,8018042
2024-03-07,17.66750717163086,18.636427328037435,17.1175805502458,17.885732312088145,2399006
2024-03-10,18.784820556640625,20.076712993138685,17.76352682908828,17.66750723417096,7204543
2024-03-11,17.98175048828125,19.640261091949665,17.946833669397957,18.78481900841577,3299468
2024-03-12,17.19614028930664,18.23489067186838,16.45417454110143,17.98175039596634,3111109
2024-03-13,16.201032638549805,17.25724309788448,15.415422530034052,17.196140329933613,4103509
2024-03-14,16.15738868713379,16.67240012273368,15.755853585598429,16.201033046791164,1733099
2024-03-17,16.803335189819336,17.37072020090603,16.23595017873264,16.157388997897876,2729503
2024-03-18,16.017724990844727,17.19614103435358,15.764583039049402,16.803335131542088,2243006
2024-03-19,16.061368942260742,16.218491299384937,15.450339588353478,16.017724583026503,732451
2024-03-20,16.41053009033203,17.021561156802935,16.183577406709286,16.061370194459677,1131221
2024-03-21,16.637483596801758,16.794605958223258,16.070098586610722,16.41052925974022,911884
2024-03-24,17.108850479125977,17.36199076348613,16.63748340042515,16.63748340042515,853430
2024-03-25,17.92937660217285,18.147601721488925,17.02155930665373,17.108849687365268,2108643
2024-03-26,17.588945388793945,18.269808403203786,17.4667398470764,17.929377728461684,1049951
2024-03-27,16.890625,17.711151935791253,16.777147002695322,17.588944733699634,663997
2024-03-28,16.611297607421875,17.012831050175723,16.410529221119326,16.89062550932466,578316
2024-03-31,15.71220874786377,16.750960792373917,15.563815598648034,16.61129684780917,638527
2024-04-01,16.148658752441406,16.375613075239755,15.895516816076722,15.712208515888936,758065
2024-04-02,16.57638168334961,17.021561175420935,16.34069812903084,16.148660602322426,1068071
2024-04-03,16.366884231567383,16.663670532160516,15.991536753468681,16.57638014994038,423743
2024-04-04,16.58510971069336,16.75096127397946,16.358155378019116,16.366884582921077,946759
2024-04-07,16.59383773803711,16.9342683804275,16.585108533754603,16.585108533754603,1325698
2024-04-08,17.283430099487305,17.405637307756148,16.576381125261406,16.593839535717763,800234
2024-04-15,18.21743392944336,18.24361987854871,17.353260980604638,17.28342900811445,2282399
2024-04-16,19.107789993286133,19.6402597915213,18.278535578821614,18.217432814747177,5501177
2024-04-17,19.273643493652344,19.727552165486742,19.029230747681755,19.107791927996388,2584240
2024-04-18,17.693695068359375,19.465682171411636,17.32707675998206,19.27364464413808,4239525
2024-04-21,18.069040298461914,18.453115304464163,17.859542721646402,17.693692831978595,1790782
2024-04-22,18.243619918823242,18.723716187563006,17.964292028245843,18.06904081967515,750806
2024-04-23,18.330909729003906,19.168893374594127,17.554028849455616,18.243619349690217,2827146
2024-04-24,17.458009719848633,18.50549096900977,16.62002605246016,18.330910205841064,4085616
2024-04-28,18.621877670288086,18.621877670288086,18.621877670288086,18.621877670288086,0
2024-04-29,16.983152389526367,17.104195590091432,16.387252866500386,16.573470579485676,993216
2024-04-30,16.284832000732422,17.309035639806048,15.651687868362522,16.983152421566167,2124382
2024-05-02,17.020397186279297,17.07626232320186,16.089303283273395,16.50829447407364,738194
2024-05-07,17.75596046447754,18.295994857740787,16.582781932370345,17.020397203823435,3821115
2024-05-08,17.72802734375,18.100464519895894,17.50456326214192,17.755959022010604,735580
2024-05-09,18.016666412353516,18.016666412353516,17.59767346809762,17.728027815155336,358223
2024-05-12,17.90493392944336,18.34254916624895,17.867691099712133,18.01666597047813,878210
2024-05-13,17.411457061767578,18.00735660389517,16.38725339179524,17.90493570412172,711385
2024-05-14,17.420764923095703,17.6907829895892,17.039016590130846,17.411455547490228,526198
2024-05-15,17.52318572998047,17.877002382592078,17.243858289220196,17.420764839605443,497747
2024-05-16,17.783893585205078,17.970111296930394,17.51387550571049,17.523186657684853,299038
2024-05-19,18.52876853942871,19.087425243194144,17.960802459330477,17.78389411835527,2078243
2024-05-20,18.435657501220703,18.99431416584691,18.30530493064547,18.528767241311833,1189081
2024-05-21,18.370481491088867,18.789474439814402,18.351859187607598,18.435657777352706,1581633
2024-05-22,18.53807830810547,18.62187689621207,18.26806201658909,18.37048113189227,610439
2024-05-23,18.314617156982422,18.761541804541523,18.193575730905422,18.538079480761972,429635
2024-05-26,18.314617156982422,18.314617156982422,18.314617156982422,18.314617156982422,0
2024-05-27,18.71498680114746,19.087423987176546,18.249439874630962,18.426348203964995,1757216
2024-05-28,18.500835418701172,18.6218768367349,18.249439655184315,18.714986576102685,401862
2024-05-29,18.407726287841797,18.6591220596691,18.34255000090597,18.500836030287534,750832
2024-05-30,18.29599380493164,18.538078419142877,18.249439822780495,18.407725848383205,188652
2024-06-02,18.621877670288086,18.69636510993241,17.970111241459744,18.295994455873913,1161408
2024-06-03,19.55297088623047,19.86023178626298,18.621877034505207,18.621877034505207,3157207
2024-06-04,20.11162757873535,20.25129130149256,19.47848347458737,19.55297091178592,1341868
2024-06-05,19.618146896362305,20.111627270182083,19.087423692474925,20.111627270182083,895908
2024-06-06,19.106046676635742,19.618147595786407,19.08742437297774,19.618147595786407,391253
2024-06-09,18.482213973999023,19.18053438780815,18.351859622461944,19.10604694803867,562892
2024-06-10,19.12466812133789,19.273642992069668,17.783892508831343,18.48221288135676,321132
2024-06-11,19.55297088623047,19.636769474959387,19.087423960367836,19.12466856687873,345088
2024-06-12,20.037139892578125,20.25129104987309,19.357441814596424,19.552970668842985,1119888
2024-06-13,20.651662826538086,20.79132655527454,20.06507267955605,20.037140999361156,1253574
2024-06-23,21.880706787109375,22.53247323156176,20.707528252647496,20.651663115555223,1256755
2024-06-24,21.433780670166016,22.327629906090227,21.41515836710412,21.880705288128123,912692
2024-06-25,22.029680252075195,22.4766048718894,21.089275254599116,21.43378075898959,980766
2024-06-26,22.34625244140625,22.998018847982166,21.880705515543617,22.029680389746012,1263429
2024-06-27,21.824840545654297,22.47660518120593,21.610687608449044,22.346252609279723,384478
2024-07-02,21.97381591796875,22.132101948568007,21.694486688482662,21.78759643164469,532223
2024-07-03,22.30900764465332,22.625579693613957,21.694485849828684,21.973815068516608,592227
2024-07-04,21.899328231811523,22.625580313264873,21.88070592820487,22.309008255634215,489183
2024-07-07,22.104167938232422,22.234520509836234,21.517579590094687,21.899327929152065,112734
2024-07-08,21.275495529174805,22.53247262330368,21.275495529174805,22.10416851470303,409666
2024-07-09,21.11720848083496,21.647931683112365,21.098586177897374,21.27549450396336,175787
2024-07-10,21.619998931884766,21.880705853728696,21.33136033064654,21.117209167660782,343766
2024-07-14,21.34067153930664,21.629310141314296,21.303426932120818,21.61999898951784,104788
2024-07-15,21.387226104736328,21.601379050044898,21.284806984027707,21.340672120407017,86777
2024-07-16,21.443092346191406,21.489646329064282,21.22893940758259,21.387225435639223,243257
2024-07-17,21.452404022216797,21.7037980221629,21.415159414271802,21.443092870230547,323299
2024-07-18,21.880706787109375,21.973816532876956,21.4617138191156,21.45240444286746,893565
2024-07-21,22.30900764465332,22.625579693613957,22.16003277172132,21.880705328953965,967953
2024-07-22,22.59764862060547,22.71869004213694,22.318319394430297,22.309008242632395,544498
2024-07-23,23.286657333374023,23.32390016378619,21.00547669719029,22.597648099503484,1479500
2024-07-24,22.82111167907715,23.677718137249403,22.76524654239132,23.28665862860727,476715
2024-07-28,22.243831634521484,22.71868971382853,22.066925080679702,22.821110606204734,231021
2024-07-29,21.97381591796875,22.62558056826167,21.97381591796875,22.24383221962593,295526
2024-07-30,22.34625244140625,22.672135644694208,22.113478978474934,21.973815255900263,121211
2024-07-31,22.830421447753906,23.2401014598527,21.973815041488276,22.346252223360167,520269
2024-08-01,22.54178237915039,23.184237664917003,22.532473002996685,22.83042276569405,283308
2024-08-04,21.1451416015625,22.439363329270734,20.679594651892653,22.54178245057204,934221
2024-08-05,21.424470901489258,21.78759695503157,18.761541773057164,21.14514166529306,1177801
2024-08-06,22.057613372802734,22.318318509119983,21.27549441200989,21.42446928302562,456305
2024-08-07,21.880706787109375,22.33694258785777,21.619999854144286,22.057615126475714,232308
2024-08-08,21.629310607910156,22.001747808199656,21.424470591731094,21.880706384075815,148765
2024-08-11,21.917949676513672,22.253142248695085,21.443091608676077,21.629309309683407,185497
2024-08-12,21.80621910095215,22.30900888098127,21.554823322977253,21.917951149803436,317467
2024-08-13,21.657243728637695,22.048303226868047,21.4337814119233,21.806218606447292,134892
2024-08-14,22.504539489746094,22.811800403739223,21.629310732099945,21.65724418825229,849599
2024-08-15,23.268035888671875,23.277347040598592,22.7186903564401,22.504539189887545,782533
2024-08-18,22.746623992919922,23.46356671368672,22.597649112750283,23.26803607351366,307945
2024-08-19,22.392807006835938,23.184237156599007,22.12279070628185,22.74662367422208,386753
2024-08-20,23.407699584960938,23.510120480099538,22.43936287282369,22.392807113251305,899066
2024-08-21,23.277347564697266,23.649784770548283,23.20286012352706,23.407700142764952,412579
2024-08-22,22.299699783325195,23.277347675320375,21.722420779572147,23.277347675320375,1702470
2024-08-25,22.17865562438965,22.513849984752813,22.066925354882336,22.299698821596618,199554
2024-08-26,22.029680252075195,22.346252301757065,21.52689049876436,22.178655125346598,404918
2024-08-27,22.076234817504883,22.160033407925017,21.6013785063516,22.029680834347303,92027
2024-08-28,22.271764755249023,22.718689372858435,21.992437313223284,22.076234125094555,332682
2024-08-29,22.14141273498535,22.625580194778543,22.113479279721652,22.271765307708062,370618
2024-09-01,22.169343948364258,22.439362015809508,21.880705353721858,22.141412269608246,345590
2024-09-02,22.09485626220703,22.53247150092687,22.066924583766568,22.16934369791586,219104
2024-09-03,22.150724411010742,22.346253274722653,22.094857499161066,22.094857499161066,254825
2024-09-04,22.34625244140625,22.495227315608645,22.001746934862844,22.150723584985826,426490
2024-09-05,22.17865562438965,22.579026271285514,22.16003332083156,22.34625280457123,515416
2024-09-08,21.75035285949707,22.346252353975157,21.694485949949318,22.178655177173052,295736
2024-09-09,22.234519958496094,22.318318545569365,21.694485606201983,21.75035251486453,247501
2024-09-10,22.625579833984375,23.37976713079228,21.992437508055616,22.234520346131582,1777208
2024-09-11,23.510120391845703,23.510120391845703,22.253143302840122,22.625580498417907,1577262
2024-09-12,23.74289321899414,24.487767590006115,23.510119756062824,23.510119756062824,3173287
2024-09-16,23.83600425720215,24.273617752009315,23.323901545317323,23.742894511775756,384383
2024-09-17,23.184236526489258,24.20844011740995,23.184236526489258,23.83600293232622,299422
2024-09-18,23.463565826416016,23.49149750544118,22.681446847140776,23.184236604720237,370453
2024-09-19,23.55667495727539,23.836004192799855,23.398388923254398,23.463566988021245,128076
2024-09-22,23.1749267578125,24.003601541984786,23.14699507721479,23.556675117293842,347538
2024-09-23,22.97008514404297,23.463565519438145,22.923531162329706,23.17492514987011,272568
2024-09-24,22.532472610473633,23.18423726104,22.476605699000594,22.84904467180496,2196353
2024-09-25,22.849044799804688,23.463566622085537,22.811800191947352,22.774555584090017,358767
2024-09-26,22.532472610473633,23.18423726104,22.476605699000594,22.84904467180496,2196353
2024-09-29,22.532472610473633,22.765246080516043,22.457985171096887,22.532472610473633,238800
2024-09-30,22.34625244140625,22.81179936726888,22.309007834895358,22.532471922119534,526017
2024-10-01,22.30900764465332,22.616270317986206,22.262453662832282,22.346252250846604,328872
2024-10-02,21.489646911621094,22.439363105706484,21.322049727262417,22.30900875347159,1696966
2024-10-03,21.694486618041992,21.778285209023668,21.49895775636518,21.489646604487145,227760
2024-10-07,21.71310806274414,22.122789849565887,21.471023451254954,21.69448575972484,641294
2024-10-08,21.3127384185791,21.88070625563705,21.052033267867106,21.713109072510402,585068
2024-10-09,21.135831832885742,21.554823014255508,21.107898377092834,21.312738391812232,495752
2024-10-10,22.169343948364258,23.798758176832905,21.228938951966168,21.135830988218704,2616496
2024-10-13,22.476606369018555,22.99802023611954,22.346253790203654,22.169345450440083,1292430
2024-10-14,23.32390022277832,23.417009962925096,22.076234322205018,22.476604961691752,1229445
2024-10-15,22.97008514404297,23.68702782831882,22.904908859276176,23.323900022457227,1389559
2024-10-16,25.511972427368164,26.014763984283746,23.268036277253824,22.97008651430563,6756617
2024-10-17,26.070629119873047,26.33133605040322,24.35741620706488,25.51197242640592,2145506
2024-10-20,27.25311851501465,28.15627894661351,25.623704211789878,26.07062885159629,5074208
2024-10-21,32.35551071166992,32.70001443552327,26.554796555626,27.253116930698013,6550419
2024-10-22,30.018468856811523,32.122739505057254,29.52498667524983,32.355512979731586,3778179
2024-10-23,28.64044761657715,30.623676775659202,27.746596579076062,30.0184678920613,9620437
2024-10-24,27.700042724609375,29.096683534253547,27.560378998829083,28.640447749546926,3956252
2024-10-27,28.165590286254883,28.74286928179148,27.467269865934515,27.700043339374638,4174701
2024-10-28,28.444917678833008,29.096684113340093,28.193523677793454,28.16559022171321,9182245
2024-10-29,27.653488159179688,28.79873317275801,27.569689570291462,28.444916513914254,3168733
2024-10-30,27.476579666137695,28.007302875322342,27.46726851454772,27.653487994506104,1187320
2024-10-31,27.37415885925293,27.755907196020072,27.057586807896676,27.476579751138946,1226185
2024-11-03,27.281049728393555,27.895571541595768,27.281049728393555,27.37415947074069,943123
2024-11-04,27.299671173095703,27.727975264048197,27.048275409444496,27.28104887002808,1864369
2024-11-05,26.768949508666992,27.49520338684227,26.685150915957514,27.299672745213257,1240783
2024-11-06,27.830394744873047,27.87695050315402,26.806192925579932,26.768948318955154,2303580
2024-11-07,27.187942504882812,28.21214437092593,26.91792442228989,27.830396015199895,2453478
2024-11-10,27.187942504882812,27.644178301337814,27.057588151666618,27.187942504882812,1120566
2024-11-11,27.085521697998047,27.53244634385834,26.768949629866835,27.187942595311284,1239889
2024-11-12,26.62928581237793,27.243807642393364,26.46168862675178,27.08552160884874,2433850
2024-11-13,25.949586868286133,26.722394707264066,25.949586868286133,26.629284965331177,1756613
2024-11-14,25.912342071533203,26.238225277953383,25.800610026847203,25.94958667840207,870291
2024-11-17,25.60508155822754,25.968207601122348,25.484040135902813,25.912342465889445,1794171
2024-11-18,24.673988342285156,25.651636226611203,24.673988342285156,25.60508224199403,4039685
2024-11-19,24.534324645996094,24.9533158358845,24.497080037514987,24.673988375958896,1253633
2024-11-20,24.422592163085938,24.813651665594698,24.422592163085938,24.53432421062586,1065802
2024-11-21,24.692609786987305,25.139534417069818,24.497079151375818,24.422591713028734,3117404
2024-11-24,24.37603759765625,24.944005421918774,24.36672644592335,24.69260965289235,705003
2024-11-25,24.022220611572266,24.487767536416072,23.863934586088547,24.376037268969085,1715525
2024-11-26,23.649784088134766,24.273617055904804,23.556674345378518,24.022221283239123,1272431
2024-11-27,24.34810447692871,24.441214219616135,23.668406374375575,23.649784070653965,3394898
2024-11-28,24.413280487060547,24.999870616191913,24.329481897184635,24.348104200694973,2409528
2024-12-01,24.301549911499023,24.720541079676238,24.133952733859903,24.41328017931138,1130834
2024-12-02,23.845314025878906,24.45052467215632,23.74289313426006,24.30154979848559,2304542
2024-12-03,23.677717208862305,24.115330684930655,23.612540922630913,23.845314388269088,2043057
2024-12-04,24.58087730407715,24.61812191054821,23.649783453347556,23.677716908200853,4242491
2024-12-05,24.673988342285156,24.83227437627249,24.608812053452844,24.580878597130134,2618718
2024-12-08,24.58087730407715,24.95331448918487,24.534323321908904,24.673987044334226,1780935
2024-12-09,24.37603759765625,24.72054133217044,24.301550159713674,24.580877608018184,1466085
2024-12-10,23.97566795349121,24.543635801460766,23.901180512439524,24.376038615114297,1203025
2024-12-11,24.478458404541016,24.58087752140078,23.83600314459978,23.975666868259893,1068747
2024-12-12,24.20844078063965,24.6274337352882,24.20844078063965,24.4784588571733,1001314
2024-12-15,24.078088760375977,24.441214812147553,24.022221847856756,24.208441337746148,489146
2024-12-16,23.70564842224121,24.20843995057974,23.687027895055785,24.078087380678895,800480
2024-12-17,24.655364990234375,24.655364990234375,23.649783692322114,23.70564882667263,2894698
2024-12-18,24.944005966186523,25.605081770361213,24.599500448234764,24.655365583930497,7016152
2024-12-19,24.673988342285156,25.037114394877,24.54363576462053,24.944006425642655,1516176
2024-12-22,24.39466094970703,25.09298137640566,24.25499544363076,24.67398841001821,1168451
2024-12-23,23.83600425720215,24.655366109928917,23.705649903236925,24.394660953839832,1042804
2024-12-24,24.022220611572266,24.09670804851045,23.323900224306552,23.83600290718709,1190460
2024-12-25,23.696340560913086,24.18050804116556,23.696340560913086,24.022222006490516,595986
2024-12-26,23.7149600982666,23.919801885121657,23.65909496363368,23.69633957066937,499333
2024-12-29,23.33321189880371,23.8732462726877,23.323900746987704,23.714960243656844,653526
2024-12-30,22.37418556213379,23.51011940494217,22.02036890924687,23.33321107849871,1152896
2024-12-31,23.277347564697266,23.34252385373111,22.38349827065482,22.374187118518456,1265661
2025-01-02,24.059465408325195,24.282927720907463,23.323900408811376,23.27734642632696,854952
2025-01-05,24.552946090698242,24.56225546657194,23.938422503717657,24.05946570112316,880323
2025-01-06,23.97566795349121,24.552946953582314,23.798759615023197,24.552946953582314,694056
2025-01-08,23.510120391845703,23.99428963405714,23.268035770739985,23.975667330298094,870426
2025-01-09,22.98870849609375,23.705649437163753,22.895598752497975,23.5101205739412,1472558
2025-01-12,22.57902717590332,22.81180065194356,22.11348022382284,22.988708990991938,1639811
2025-01-13,21.694486618041992,22.970086010602525,21.517580060121247,22.579026511328262,2335423
2025-01-14,21.694486618041992,21.96450469474308,21.135831712725018,21.694486618041992,1679024
2025-01-15,22.802488327026367,22.811799478699573,21.834151639980686,21.694486140803193,3210544
2025-01-16,22.99802017211914,23.277347633351077,22.346253728017036,22.802489528520233,2312350
2025-01-19,22.830421447753906,23.277346066000174,22.346252223360167,22.802487993143302,3434639
2025-01-20,22.653512954711914,23.05388358826619,22.53247153745903,22.867664110731926,2365053
2025-01-21,24.58087730407715,25.08366883591301,22.625579862360887,22.653513317214184,15392435
2025-01-22,25.39093017578125,25.605081338940533,24.133953100321865,24.58087773019879,7579252
2025-01-23,24.59018898010254,25.493349395239534,24.48776808604348,25.3909302771011,2905815
2025-01-26,24.59950065612793,25.130223889524224,24.590189504113177,24.590189504113177,2018058
2025-01-27,24.059465408325195,25.390929908058393,23.994289122478776,24.599499774379158,3069410
2025-01-28,24.115331649780273,24.552946919278128,23.947734463667963,24.059466513049728,1960372
2025-01-29,24.227062225341797,25.04642402592085,24.124641334299202,24.1153301827571,3173054
2025-01-30,23.500808715820312,24.5808774468671,23.277346403457592,24.227062562939604,3894888
2025-02-02,23.37045669555664,23.78944787515038,23.277346952562265,23.500809270196385,1604643
2025-02-03,23.277347564697266,23.55667502510536,22.99802010428917,23.37045731014019,1637510
2025-02-04,23.649784088134766,23.99428960355669,23.277346893030405,23.277346893030405,2471233
2025-02-05,23.510120391845703,23.845314755826028,23.463566408368717,23.649784118197292,1277632
2025-02-06,23.547365188598633,23.74289405187807,23.47287597296382,23.510120580781226,578932
2025-02-09,23.61254119873047,23.947733785542805,23.379767730370492,23.547364911736974,680835
2025-02-10,23.33321189880371,23.85462574497631,23.2866579156443,23.61254112552202,532639
2025-02-11,22.839733123779297,23.62185211163102,22.839733123779297,23.333211735121512,860186
2025-02-12,22.56971549987793,22.839733578259057,21.88070623990213,22.839733578259057,979750
2025-02-13,22.290388107299805,22.81180018571552,22.215900667526128,22.56971556247092,1144407
2025-02-16,22.904909133911133,22.960774267820995,22.355563618689153,22.290387333140885,1338930
2025-02-17,23.016639709472656,23.37045637278049,22.988708030104558,22.904909440159052,899168
2025-02-18,22.78386688232422,23.20285984380589,22.755935202172548,23.016640355165,780693
2025-02-19,23.053884506225586,23.454255155721818,22.75593475104345,22.783866430641385,3309147
2025-02-20,23.444944381713867,23.584608109716193,23.100438861782187,23.053884877754964,3950020
2025-02-23,23.15630531311035,23.724271365811642,23.100438402284166,23.44494391536318,2768419
2025-02-24,22.830421447753906,23.398387484138325,22.75593401137953,23.156304647862022,2675570
2025-02-25,22.923532485961914,23.221482248340124,22.765246452708407,22.830422741238557,2583131
2025-02-26,22.914220809936523,23.277346852541573,22.858353898827573,22.923531961788015,1555586
2025-02-27,22.774555206298828,23.27734674850851,22.38349748580768,22.914220707526376,3855551
2025-03-02,22.448673248291016,23.053883894434055,22.32763005351006,22.77455467442302,3888684
2025-03-03,22.448673248291016,22.737311843973895,22.35556350828734,22.448673248291016,1205819
2025-03-04,22.532472610473633,22.765246080516043,22.430051715360367,22.448674019184715,5434516
2025-03-05,22.681447982788086,22.811800560553774,22.523161948678027,22.532473100792817,6616978
2025-03-06,22.867664337158203,23.035261513414405,22.709378312462963,22.681446633700645,5637382
2025-03-09,22.811800003051758,23.13768321542234,22.77455539550283,22.867665138454516,1150185
2025-03-10,22.718690872192383,22.988708956435097,22.59764944623851,22.81180061765265,779247
2025-03-11,22.59764862060547,22.709378890339043,22.392806832892887,22.71869004213694,782293
2025-03-12,22.59764862060547,22.765245801126447,22.476605423153377,22.59764862060547,1400838
2025-03-13,22.56040382385254,22.783866137362686,22.532472144614147,22.597648430731198,1261877
2025-03-16,22.672136306762695,22.811800033415807,22.597648867486324,22.56040425988782,1021014
2025-03-17,22.18796730041504,22.755935140912154,22.18796730041504,22.672136548841408,2034903
2025-03-18,22.113479614257812,22.346253083881578,22.001747567433323,22.187967053500593,1913296
2025-03-19,21.461713790893555,22.28107742146599,21.461713790893555,22.113480234488872,2182279
2025-03-20,21.56413459777832,22.020370396003223,21.461713700408414,21.461713700408414,2835766
2025-03-23,21.294116973876953,21.796906725690555,21.24756121616792,21.564133264907085,1980759
2025-03-24,21.135831832885742,21.480335574728397,21.070653769368956,21.294117863870937,2124008
2025-03-25,21.36860466003418,21.81552928374089,21.163762875561495,21.135831196530194,2885534
2025-03-26,21.60137939453125,21.60137939453125,21.368605917331216,21.368605917331216,1124377
2025-03-27,21.694486618041992,21.694486618041992,21.312738270645763,21.60137865110292,1826510
2025-04-03,21.517580032348633,21.582756319490116,21.322049395003557,21.69448659004105,710685
2025-04-06,20.484066009521484,21.107898999939195,19.366752607724763,21.51758081738742,2620555
2025-04-07,20.2978458404541,20.456131870832202,19.897476964481857,20.484065326517975,1949361
2025-04-08,21.275495529174805,21.35929412051144,20.484065375395836,20.29784588888762,2382692
2025-04-09,20.511999130249023,21.322049823754252,20.511999130249023,21.27549583940868,1037815
2025-04-10,21.154451370239258,21.359293151287286,20.96823366810171,20.511997900371966,1142062
2025-04-13,21.666555404663086,21.694487084977737,21.228940136579755,21.1544526958729,1317339
2025-04-14,22.085546493530273,22.12279110167685,21.703798139631193,21.66655530740528,1717583
2025-04-15,21.796907424926758,22.234520905906745,21.71310883428284,22.085546028299916,1332193
2025-04-16,21.508268356323242,21.880705542284392,21.471023749766836,21.79690695345306,1185757
2025-04-17,21.387226104736328,21.694487018703523,21.368605576557,21.508269305465607,594420
2025-04-22,21.415159225463867,21.647932695305865,21.349982938055412,21.3872257697514,1146972
2025-04-23,21.852771759033203,21.880705213530817,21.51757918466467,21.415158294093988,3287357
2025-04-27,21.619998931884766,21.880705853728696,21.489646358923103,21.852772398413794,2345222
2025-04-28,22.18000030517578,22.299999237060547,22.020000457763672,23.219999313354492,1879785
2025-04-29,21.940000534057617,22.219999313354492,21.899999618530273,22.18000030517578,1494821
2025-04-30,21.850000381469727,22.06999969482422,21.799999237060547,21.940000534057617,1644719
2025-05-04,22.239999771118164,22.299999237060547,21.850000381469727,21.850000381469727,1190739
2025-05-05,23.010000228881836,23.059999465942383,22.299999237060547,22.239999771118164,4063587
2025-05-06,22.93000030517578,23.100000381469727,22.850000381469727,23.010000228881836,606621
2025-05-07,22.540000915527344,22.920000076293945,22.5,22.93000030517578,930539
2025-05-08,22.3700008392334,22.790000915527344,22.34000015258789,22.540000915527344,868022
2025-05-11,22.209999084472656,22.600000381469727,22.190000534057617,22.3700008392334,324443
2025-05-12,22.190000534057617,22.389999389648438,22.18000030517578,22.209999084472656,245409
2025-05-13,22.170000076293945,22.3799991607666,22.15999984741211,22.190000534057617,293257
2025-05-14,22.100000381469727,22.299999237060547,21.93000030517578,22.170000076293945,492186
2025-05-15,22.0,22.209999084472656,21.8700008392334,22.100000381469727,627828
2025-05-18,21.8700008392334,22.110000610351562,21.860000610351562,22.0,321935
2025-05-19,21.68000030517578,21.950000762939453,21.649999618530273,21.8700008392334,433425
2025-05-20,21.559999465942383,21.739999771118164,21.280000686645508,21.68000030517578,1304730
2025-05-21,21.350000381469727,21.639999389648438,21.31999969482422,21.559999465942383,574526
2025-05-22,21.440000534057617,21.5,21.15999984741211,21.350000381469727,533284
2025-05-25,22.170000076293945,22.170000076293945,21.440000534057617,21.440000534057617,1479187
2025-05-26,22.270000457763672,22.329999923706055,22.0,22.170000076293945,1046554
2025-05-27,22.5,22.5,22.030000686645508,22.270000457763672,963882
2025-05-28,22.200000762939453,22.649999618530273,22.200000762939453,22.5,952670
2025-05-29,22.010000228881836,22.450000762939453,22.0,22.200000762939453,645902
2025-06-01,22.1200008392334,22.200000762939453,21.799999237060547,22.010000228881836,805678
2025-06-02,21.979999542236328,22.239999771118164,21.90999984741211,22.1200008392334,640375
2025-06-03,22.209999084472656,22.219999313354492,21.940000534057617,21.979999542236328,569108
2025-06-04,22.3700008392334,22.540000915527344,22.260000228881836,22.209999084472656,727703
2025-06-10,23.100000381469727,23.209999084472656,22.489999771118164,22.3700008392334,2751786
2025-06-11,23.209999084472656,23.489999771118164,22.899999618530273,23.100000381469727,2542286
2025-06-12,22.600000381469727,23.0,22.3700008392334,23.209999084472656,1506466
2025-06-15,21.40999984741211,21.899999618530273,20.299999237060547,22.600000381469727,1235428
2025-06-16,21.31999969482422,21.940000534057617,21.0,21.40999984741211,781709
2025-06-17,21.15999984741211,21.469999313354492,20.860000610351562,21.31999969482422,908816
2025-06-18,22.0,22.0,19.65999984741211,21.15999984741211,1616688
2025-06-19,21.0,21.899999618530273,21.0,22.0,592821
2025-06-22,22.200000762939453,22.200000762939453,20.299999237060547,21.0,808747
2025-06-23,23.0,23.0,21.700000762939453,22.200000762939453,2104028
2025-06-24,23.690000534057617,23.780000686645508,22.799999237060547,23.0,3602032
2025-06-25,24.25,24.25,23.3700008392334,23.690000534057617,2558121
2025-06-29,24.040000915527344,24.350000381469727,24.040000915527344,24.25,1412719
2025-06-30,23.90999984741211,24.360000610351562,23.850000381469727,24.040000915527344,1672348
2025-07-01,23.59000015258789,24.049999237060547,23.450000762939453,23.90999984741211,1131237
2025-07-02,23.649999618530273,23.700000762939453,23.170000076293945,23.59000015258789,1470201
2025-07-06,23.5,23.899999618530273,23.489999771118164,23.649999618530273,1016467
2025-07-07,23.1299991607666,23.649999618530273,23.020000457763672,23.5,978399
2025-07-09,23.0,23.350000381469727,22.8799991607666,23.1299991607666,796575
2025-07-10,23.110000610351562,23.229999542236328,22.940000534057617,23.0,882871
2025-07-13,23.510000228881836,23.700000762939453,23.040000915527344,23.110000610351562,1982036
2025-07-14,23.799999237060547,24.299999237060547,23.68000030517578,23.510000228881836,5154810
2025-07-15,23.610000610351562,23.969999313354492,23.610000610351562,23.799999237060547,1152396
2025-07-16,23.299999237060547,23.75,23.25,23.610000610351562,999843
2025-07-17,23.200000762939453,23.56999969482422,23.200000762939453,23.299999237060547,811448
2025-07-20,23.549999237060547,23.979999542236328,23.299999237060547,23.200000762939453,943896
2025-07-21,23.280000686645508,23.760000228881836,23.219999313354492,23.549999237060547,938415
2025-07-22,23.079999923706055,23.450000762939453,23.059999465942383,23.280000686645508,528059
2025-07-23,23.079999923706055,23.079999923706055,23.079999923706055,23.079999923706055,0
2025-07-27,23.229999542236328,23.3700008392334,23.110000610351562,23.25,642500
2025-07-28,22.700000762939453,23.299999237060547,22.700000762939453,23.229999542236328,1169988
2025-07-29,22.489999771118164,22.8799991607666,22.299999237060547,22.700000762939453,644860
2025-07-30,22.329999923706055,22.809999465942383,22.31999969482422,22.489999771118164,797990
2025-07-31,22.450000762939453,22.600000381469727,22.010000228881836,22.329999923706055,981016
2025-08-03,22.450000762939453,22.450000762939453,22.450000762939453,22.450000762939453,0
2025-08-04,22.450000762939453,22.450000762939453,22.450000762939453,22.450000762939453,0
2025-08-05,22.450000762939453,22.450000762939453,22.450000762939453,22.450000762939453,0
2025-08-06,22.450000762939453,22.450000762939453,22.450000762939453,22.450000762939453,0
2025-08-07,22.450000762939453,22.450000762939453,22.450000762939453,22.450000762939453,0
2025-08-10,22.889999389648438,22.899999618530273,22.459999084472656,22.5,1447026
2025-08-11,22.75,23.190000534057617,22.700000762939453,22.889999389648438,1117482
2025-08-12,22.600000381469727,22.84000015258789,22.530000686645508,22.75,334373
2025-08-13,22.729999542236328,23.059999465942383,22.549999237060547,22.600000381469727,1775749
2025-08-14,22.649999618530273,23.1299991607666,22.5,22.729999542236328,667763
2025-08-17,22.700000762939453,22.739999771118164,22.489999771118164,22.649999618530273,489839
2025-08-18,22.700000762939453,22.81999969482422,22.600000381469727,22.700000762939453,477782
2025-08-19,23.100000381469727,23.170000076293945,22.600000381469727,22.700000762939453,1703538
2025-08-20,23.100000381469727,23.440000534057617,23.040000915527344,23.100000381469727,1383535
2025-08-21,22.950000762939453,23.1200008392334,22.75,23.100000381469727,524524
2025-08-24,23.100000381469727,23.149999618530273,22.75,22.950000762939453,622314
2025-08-25,23.0,23.200000762939453,22.90999984741211,23.100000381469727,365330
2025-08-26,22.739999771118164,23.100000381469727,22.709999084472656,23.0,350344
2025-08-27,22.600000381469727,22.8700008392334,22.469999313354492,22.739999771118164,534943
2025-08-28,22.700000762939453,22.860000610351562,22.549999237060547,22.600000381469727,536160
2025-08-31,22.270000457763672,23.0,22.25,22.700000762939453,910418
2025-09-01,22.290000915527344,22.43000030517578,22.100000381469727,22.270000457763672,488657
2025-09-02,22.239999771118164,22.389999389648438,22.219999313354492,22.290000915527344,415647
2025-09-03,22.15999984741211,22.34000015258789,21.920000076293945,22.239999771118164,460223
2025-09-07,21.770000457763672,22.3799991607666,21.770000457763672,22.15999984741211,1238874
2025-09-08,21.799999237060547,21.969999313354492,21.770000457763672,21.770000457763672,389880
2025-09-09,21.709999084472656,21.969999313354492,21.700000762939453,21.799999237060547,234379
2025-09-10,21.5,21.780000686645508,21.479999542236328,21.709999084472656,452828
2025-09-11,21.729999542236328,21.760000228881836,21.5,21.5,453302
2025-09-14,21.600000381469727,21.860000610351562,21.549999237060547,21.729999542236328,212400
2025-09-15,21.309999465942383,21.799999237060547,20.81999969482422,21.600000381469727,807631
2025-09-16,21.06999969482422,21.56999969482422,21.049999237060547,21.309999465942383,460875
2025-09-17,21.049999237060547,21.270000457763672,21.030000686645508,21.06999969482422,207454
2025-09-18,21.049999237060547,21.25,20.899999618530273,21.049999237060547,865207
2025-09-21,21.100000381469727,21.25,20.799999237060547,21.049999237060547,569921
2025-09-22,21.31999969482422,21.440000534057617,20.979999542236328,21.100000381469727,262482
2025-09-23,21.049999237060547,21.450000762939453,21.020000457763672,21.31999969482422,266041
2025-09-24,21.399999618530273,21.399999618530273,21.010000228881836,21.049999237060547,582753
2025-09-25,21.329999923706055,21.549999237060547,21.299999237060547,21.399999618530273,400935
2025-09-28,21.309999465942383,21.549999237060547,21.299999237060547,21.329999923706055,305757
2025-09-29,21.5,21.5,21.09000015258789,21.309999465942383,1191469
2025-09-30,22.049999237060547,22.200000762939453,21.5,21.5,1704897
2025-10-01,21.850000381469727,22.399999618530273,21.809999465942383,22.049999237060547,1499859
2025-10-02,21.579999923706055,21.989999771118164,21.510000228881836,21.850000381469727,1077361
2025-10-05,21.940000534057617,22.110000610351562,21.549999237060547,21.579999923706055,850880
2025-10-06,21.920000076293945,22.09000015258789,21.760000228881836,21.940000534057617,523522
2025-10-07,22.299999237060547,22.350000381469727,21.899999618530273,21.920000076293945,1033579
2025-10-08,22.350000381469727,22.600000381469727,22.299999237060547,22.299999237060547,1435051
2025-10-12,22.020000457763672,22.290000915527344,21.93000030517578,22.350000381469727,718254
2025-10-13,22.889999389648438,23.1299991607666,22.040000915527344,22.020000457763672,3225725
2025-10-14,23.170000076293945,23.469999313354492,22.920000076293945,22.889999389648438,2503338
2025-10-15,23.6299991607666,23.700000762939453,23.100000381469727,23.170000076293945,2251768
2025-10-16,23.530000686645508,23.989999771118164,23.5,23.6299991607666,2843991
2025-10-19,23.450000762939453,23.709999084472656,23.399999618530273,23.530000686645508,1814341
2025-10-20,23.299999237060547,23.540000915527344,23.299999237060547,23.450000762939453,991977
2025-10-21,23.190000534057617,23.450000762939453,23.149999618530273,23.299999237060547,489384
2025-10-22,24.0,24.049999237060547,23.190000534057617,23.190000534057617,3751129
2025-10-23,23.809999465942383,24.219999313354492,23.809999465942383,24.0,1714381
2025-10-26,24.030000686645508,24.5,23.899999618530273,23.809999465942383,2550785
2025-10-27,23.959999084472656,24.270000457763672,23.8799991607666,24.030000686645508,1783341
2025-10-28,23.649999618530273,24.100000381469727,23.540000915527344,23.959999084472656,1191590
2025-10-29,24.0,24.280000686645508,23.40999984741211,23.649999618530273,2351056
2025-10-30,23.899999618530273,24.170000076293945,23.799999237060547,24.0,1781994
2025-11-02,23.450000762939453,23.969999313354492,23.299999237060547,23.899999618530273,1039848
2025-11-03,23.6200008392334,23.899999618530273,23.31999969482422,23.450000762939453,1050420
2025-11-04,24.200000762939453,24.350000381469727,23.690000534057617,23.6200008392334,3081319
2025-11-05,24.1200008392334,24.75,23.950000762939453,24.200000762939453,4602835
2025-11-06,24.25,24.299999237060547,23.81999969482422,24.1200008392334,1763285
2025-11-09,24.5,24.540000915527344,24.100000381469727,24.25,2189791
2025-11-10,24.920000076293945,24.950000762939453,24.399999618530273,24.5,3784394
2025-11-11,24.739999771118164,25.110000610351562,24.65999984741211,24.920000076293945,2141351
2025-11-12,24.530000686645508,24.899999618530273,24.459999084472656,24.739999771118164,1408008
2025-11-13,24.260000228881836,24.739999771118164,24.200000762939453,24.530000686645508,1734120
2025-11-16,23.690000534057617,24.399999618530273,23.690000534057617,24.260000228881836,1969579
2025-11-17,23.729999542236328,23.940000534057617,23.350000381469727,23.690000534057617,1972233
2025-11-18,23.600000381469727,24.0,23.15999984741211,23.729999542236328,1755246
2025-11-19,23.139999389648438,23.690000534057617,23.010000228881836,23.600000381469727,2172062
2025-11-20,22.799999237060547,23.34000015258789,22.719999313354492,23.139999389648438,1356177
2025-11-23,22.299999237060547,22.8799991607666,22.299999237060547,22.799999237060547,3358388
2025-11-24,22.34000015258789,22.459999084472656,22.219999313354492,22.299999237060547,1202532
2025-11-25,22.079999923706055,22.489999771118164,22.049999237060547,22.34000015258789,693591
2025-11-26,22.030000686645508,22.299999237060547,22.010000228881836,22.079999923706055,349858
2025-11-27,22.0,22.170000076293945,21.90999984741211,22.030000686645508,475446
2025-11-30,22.790000915527344,22.790000915527344,22.059999465942383,22.0,1611913
2025-12-01,22.790000915527344,23.110000610351562,22.600000381469727,22.790000915527344,1492505
2025-12-02,22.920000076293945,23.049999237060547,22.75,22.790000915527344,981646
2025-12-03,23.299999237060547,23.299999237060547,22.809999465942383,22.920000076293945,1063739
2025-12-04,22.81999969482422,23.389999389648438,22.81999969482422,23.299999237060547,1630657
2025-12-07,22.790000915527344,22.979999542236328,22.280000686645508,22.81999969482422,1447148
2025-12-08,23.299999237060547,23.299999237060547,22.600000381469727,22.790000915527344,1772616
2025-12-09,23.639999389648438,23.639999389648438,23.15999984741211,23.299999237060547,2037115
2025-12-10,23.5,23.75,23.280000686645508,23.639999389648438,906241
2025-12-11,23.450000762939453,23.649999618530273,23.0,23.5,1452750
2025-12-14,23.270000457763672,23.450000762939453,22.899999618530273,23.450000762939453,980252
2025-12-15,22.90999984741211,23.270000457763672,22.90999984741211,23.270000457763672,996339
2025-12-16,23.280000686645508,23.280000686645508,22.809999465942383,22.90999984741211,1058086
2025-12-17,22.979999542236328,23.100000381469727,22.93000030517578,23.280000686645508,339442
2025-12-18,22.899999618530273,23.079999923706055,22.860000610351562,22.979999542236328,303448
2025-12-21,22.75,22.989999771118164,22.709999084472656,22.899999618530273,321995
2025-12-22,22.600000381469727,22.920000076293945,22.559999465942383,22.75,944005
2025-12-23,23.100000381469727,23.139999389648438,22.43000030517578,22.600000381469727,933632
2025-12-24,23.25,23.299999237060547,23.0,23.100000381469727,757584
2025-12-25,23.399999618530273,23.399999618530273,22.93000030517578,23.25,807212
2025-12-28,23.700000762939453,23.899999618530273,23.40999984741211,23.399999618530273,1945592
2025-12-29,23.420000076293945,23.790000915527344,23.420000076293945,23.700000762939453,409864
2025-12-30,23.649999618530273,23.649999618530273,23.219999313354492,23.420000076293945,459187
2025-12-31,23.25,23.700000762939453,23.25,23.649999618530273,693214
2026-01-04,22.899999618530273,23.440000534057617,22.75,23.25,942597
2026-01-05,22.610000610351562,22.899999618530273,22.440000534057617,22.899999618530273,1000730
2026-01-06,22.700000762939453,22.790000915527344,22.56999969482422,22.610000610351562,725493
2026-01-08,22.969999313354492,22.969999313354492,22.56999969482422,22.700000762939453,602754
2026-01-11,23.0,23.110000610351562,22.75,22.969999313354492,762820
2026-01-12,22.899999618530273,23.100000381469727,22.81999969482422,23.0,685143
2026-01-13,22.5,22.989999771118164,22.5,22.899999618530273,413599
2026-01-14,22.06999969482422,22.639999389648438,21.700000762939453,22.5,943865
2026-01-15,21.520000457763672,22.100000381469727,21.459999084472656,22.06999969482422,915991
2026-01-18,21.969999313354492,22.350000381469727,21.479999542236328,21.520000457763672,802478
2026-01-19,21.93000030517578,22.149999618530273,21.809999465942383,21.969999313354492,548287
2026-01-20,22.350000381469727,22.440000534057617,21.950000762939453,21.93000030517578,887216
2026-01-21,22.040000915527344,22.389999389648438,22.040000915527344,22.350000381469727,671662
2026-01-22,22.34000015258789,22.579999923706055,22.049999237060547,22.040000915527344,2062230
2026-01-25,22.3700008392334,22.799999237060547,22.270000457763672,22.34000015258789,1186771
2026-01-26,22.200000762939453,22.5,22.079999923706055,22.3700008392334,733448
2026-01-27,22.18000030517578,22.399999618530273,22.059999465942383,22.200000762939453,808753
2026-01-28,22.0,22.290000915527344,21.799999237060547,22.18000030517578,730642
2026-02-01,22.170000076293945,22.18000030517578,21.899999618530273,22.0,404897
2026-02-02,22.200000762939453,22.329999923706055,22.149999618530273,22.170000076293945,831081
2026-02-03,22.3700008392334,22.549999237060547,22.25,22.200000762939453,678847
2026-02-04,23.100000381469727,23.440000534057617,22.520000457763672,22.3700008392334,3202254
2026-02-05,23.25,23.360000610351562,22.860000610351562,23.100000381469727,1894387
2026-02-08,23.34000015258789,23.649999618530273,23.299999237060547,23.25,2120528
2026-02-09,23.420000076293945,23.540000915527344,23.209999084472656,23.34000015258789,1580275
2026-02-10,23.239999771118164,23.670000076293945,23.219999313354492,23.420000076293945,837467
2026-02-11,23.290000915527344,23.56999969482422,23.149999618530273,23.239999771118164,1075905
2026-02-12,23.25,23.350000381469727,23.1299991607666,23.290000915527344,461223
2026-02-15,23.600000381469727,23.790000915527344,23.229999542236328,23.25,1425754
2026-02-16,24.149999618530273,24.389999389648438,23.649999618530273,23.600000381469727,7665972
2026-02-17,23.899999618530273,24.270000457763672,23.850000381469727,24.149999618530273,3383514
2026-02-18,23.700000762939453,24.079999923706055,23.649999618530273,23.899999618530273,1627585
2026-02-19,22.979999542236328,23.8799991607666,22.799999237060547,23.700000762939453,1575968
2026-02-22,22.5,23.010000228881836,22.299999237060547,22.979999542236328,882645
2026-02-23,22.8799991607666,22.979999542236328,22.399999618530273,22.5,671106
2026-02-24,22.510000228881836,22.969999313354492,22.510000228881836,22.8799991607666,671126
2026-02-25,22.799999237060547,22.950000762939453,21.93000030517578,22.510000228881836,1481577
2026-02-26,22.75,22.8700008392334,22.299999237060547,22.799999237060547,666499
2026-03-01,21.889999389648438,22.1299991607666,21.010000228881836,22.75,1029642
2026-03-02,22.0,22.170000076293945,21.809999465942383,21.889999389648438,529036
2026-03-03,21.899999618530273,22.18000030517578,21.5,22.0,749585
2026-03-04,22.010000228881836,22.31999969482422,21.799999237060547,21.899999618530273,1386945
2026-03-05,22.329999923706055,22.639999389648438,22.06999969482422,22.010000228881836,968249
2026-03-08,23.0,23.0,22.25,22.329999923706055,1253071
2026-03-09,23.0,23.489999771118164,22.950000762939453,23.0,2489204
2026-03-10,23.059999465942383,23.299999237060547,23.0,23.0,695417
2026-03-11,22.8700008392334,23.170000076293945,22.75,23.059999465942383,756423
2026-03-12,22.8799991607666,22.969999313354492,22.649999618530273,22.8700008392334,577216
2026-03-15,22.5,22.899999618530273,22.459999084472656,22.8799991607666,1733137
2026-03-16,22.100000381469727,22.6299991607666,22.010000228881836,22.5,696859
2026-03-17,22.25,22.450000762939453,22.149999618530273,22.100000381469727,360171
2026-03-18,22.40999984741211,22.540000915527344,22.299999237060547,22.25,862101
2026-03-19,22.40999984741211,22.40999984741211,22.40999984741211,22.40999984741211,0
2026-03-24,22.56999969482422,22.940000534057617,22.420000076293945,22.40999984741211,468843
2026-03-25,22.700000762939453,22.75,22.56999969482422,22.56999969482422,351749
2026-03-26,22.399999618530273,22.760000228881836,22.270000457763672,22.700000762939453,1084553
2026-03-29,22.0,22.479999542236328,21.920000076293945,22.399999618530273,1597313
2026-03-30,21.959999084472656,22.200000762939453,21.8799991607666,22.0,992679
2026-03-31,21.950000762939453,22.5,21.700000762939453,21.959999084472656,953746
2026-04-01,22.280000686645508,22.530000686645508,22.059999465942383,21.950000762939453,949725
2026-04-02,22.170000076293945,22.34000015258789,22.030000686645508,22.280000686645508,321608
2026-04-05,22.399999618530273,22.5,22.270000457763672,22.170000076293945,497319
2026-04-06,22.59000015258789,22.709999084472656,22.5,22.399999618530273,456417
2026-04-07,22.299999237060547,22.6299991607666,22.020000457763672,22.59000015258789,486938
2026-04-08,22.6299991607666,22.850000381469727,22.530000686645508,22.299999237060547,865807
2026-04-09,22.690000534057617,22.93000030517578,22.549999237060547,22.6299991607666,982093
2026-04-14,22.899999618530273,22.93000030517578,22.549999237060547,22.690000534057617,798114
2026-04-15,22.93000030517578,23.15999984741211,22.860000610351562,22.899999618530273,1246039
2026-04-16,22.799999237060547,23.299999237060547,22.649999618530273,22.93000030517578,1926558
2026-04-19,22.780000686645508,22.979999542236328,22.719999313354492,22.799999237060547,722377
2026-04-20,22.799999237060547,22.8799991607666,22.719999313354492,22.780000686645508,711529
2026-04-21,22.799999237060547,23.0,22.780000686645508,22.799999237060547,899310
2026-04-22,22.729999542236328,22.950000762939453,22.649999618530273,22.799999237060547,1413911
2026-04-23,22.75,22.84000015258789,22.600000381469727,22.729999542236328,1671736
2026-04-26,22.770000457763672,23.100000381469727,22.75,22.75,1840663
