Date,Close,High,Low,Open,Volume,return_1d,return_5d,return_10d,ma_10,ma_50,ma_ratio_10,ma_ratio_50,rsi,macd,macd_signal,macd_hist,volatility_10,volatility_20,volume_avg_10,volume_ratio,target
2018-03-11,5.172830104827881,5.262681131119519,5.1343227188647145,5.1567855901986865,414339,0.003111267361310066,0.006870775550148478,0.07323573488902002,5.107367706298828,5.174242286682129,1.0128172480020028,0.9997270746563447,58.754900934769644,0.002184193486356456,-0.02599017272721863,0.028174366213575087,0.01641316561878012,0.01542400841909413,742887.3,0.5577413963060076,1
2018-03-12,5.233799934387207,5.307605521929312,5.137531477346932,5.172829682072926,2267233,0.01178655171806664,0.030322111477735447,0.048874588852724665,5.131755733489991,5.172445259094238,1.0198848515394592,1.0118618317294117,61.594234890006355,0.014020948497410757,-0.017987948482292754,0.03200889697970351,0.013341978695567667,0.015179083955978704,743148.3,3.05084866641019,0
2018-03-14,5.1503682136535645,5.237010070359257,5.073353433934859,5.156786111963457,829527,-0.015940945733419754,0.01969509515472523,0.0,5.139778089523316,5.1682094478607175,1.0020604243891065,0.9965478887055288,73.91320920989214,0.023356428418178865,-0.0031394051026879784,0.026495833520866843,0.010627623247905746,0.015550019741035597,526482.4,1.5756025272639693,0
2018-03-15,5.079770565032959,5.1664119496086665,4.9738750293912855,5.150367435779332,1515634,-0.01370730124371533,-0.0149347675967334,-0.010006295114288744,5.1346437454223635,5.163010931015014,0.9893131474918148,0.983877553796755,66.530685769496,0.017632039239892983,0.0010148837658282136,0.016617155474064768,0.01145767072589513,0.015931785336189875,641410.4,2.362970728257602,0
2018-03-18,5.002755641937256,5.086187845735441,4.957830361945195,5.07977040763793,726843,-0.01516110267377857,-0.0328784165425986,-0.026233541212958733,5.121166181564331,5.156272115707398,0.9768782079258937,0.9702272358158738,50.925941850617875,0.0068025434345706515,0.0021724156995767013,0.004630127734993951,0.01225563706996357,0.01613712837514745,703304.2,1.033468874492716,0
2018-03-19,4.938577175140381,4.996338255317874,4.893651431513626,5.002756153115373,702159,-0.012828623140990092,-0.056406962999702825,-0.027795229742164973,5.107046842575073,5.147928848266601,0.9670123120801949,0.9593328347580575,31.891837619881443,-0.00687927591162385,0.00036207737733659094,-0.007241353288960441,0.01238959861806107,0.016383733563679784,745541.1,0.9418112562808408,1
2018-03-20,4.954621315002441,5.002755774361603,4.845516601660907,4.938576801245538,1077099,0.0032487372968115213,-0.053341477107388346,-0.019059833457399256,5.097419929504395,5.136248254776001,0.9719860995411777,0.9646382085202615,33.862279945184326,-0.016240379331621035,-0.0029584139644549343,-0.013281965367166101,0.012475907872297942,0.016407902417929787,798366.6,1.3491283327734402,0
2018-03-21,4.8776068687438965,4.967457437028395,4.8390994823362545,4.954621641559181,457569,-0.015543962164242031,-0.052959581450231275,-0.03430753029152267,5.080091571807861,5.1206527423858645,0.9601415249702072,0.9525361539105802,30.91776134199455,-0.02953310417040278,-0.008273352005644503,-0.021259752164758276,0.01316854506516979,0.015328704989593423,844123.5,0.5420640463154976,0
2018-03-22,4.823054790496826,4.893651203942083,4.781338227230915,4.87760668971659,1878381,-0.01118418923768627,-0.05053688375283283,-0.06471689473565467,5.046718454360962,5.104094543457031,0.9556813668353416,0.9449383724052542,27.927873052931872,-0.043962805323967125,-0.015411242669309027,-0.028551562654658098,0.010131311622513618,0.015072517361927799,986878.4,1.9033560771012923,0
2018-03-25,4.807010173797607,4.8776075173097295,4.778129859673846,4.823055608834038,237606,-0.0033266503069450115,-0.039127529335781897,-0.0707194946705959,5.010136461257934,5.088434867858886,0.9594569351491623,0.9446932698620358,29.6650105368534,-0.05604703855334847,-0.023538401846116917,-0.03250863670723156,0.009636562266733298,0.015058406874711881,969205.1,0.2451555403495091,1
2018-03-26,4.810218811035156,4.877606968143951,4.7652935259773805,4.807009632580326,987232,0.0006674912516388964,-0.02599096046354199,-0.08093185231805111,4.96777834892273,5.073031902313232,0.9682837021257721,0.9481940787405186,31.343173240774618,-0.06462007029470129,-0.03175473553583379,-0.0328653347588675,0.00762563504530124,0.012569603990782273,841205.0,1.1735926438858542,0
2018-03-27,4.810218811035156,4.861562453002593,4.774920602297608,4.810218811035156,548692,0.0,-0.029145013268731312,-0.08093185231805111,4.925420236587525,5.058848323822022,0.9766108433354342,0.9508525464944118,31.343173240774618,-0.07060042199753092,-0.03952387282817322,-0.031076549169357696,0.00762563504530124,0.009616735148344989,896074.2,0.6123287558106237,1
2018-03-28,4.970666885375977,5.054100027206502,4.813428597339525,4.803801519803572,914838,0.0333556706345115,0.01907903181546189,-0.034890967174191934,4.907450103759766,5.049028940200806,1.0128817981394815,0.9844797770516022,36.69720393167287,-0.06168204293412671,-0.043955506849363925,-0.017726536084762788,0.014775370692680364,0.01265436168486022,904605.3,1.0113117842665746,1
2018-03-29,5.041263103485107,5.118277870388035,4.9738749529229365,4.970665774779871,1324536,0.014202564713565735,0.04524276054633081,-0.007580551336889285,4.90359935760498,5.040878210067749,1.0280740198863565,1.000076354436929,41.27656399386897,-0.04836017250327629,-0.0448364399801464,-0.0035237325231298883,0.015250489718257779,0.0131291542568152,885495.5,1.4958133609939295,1
2018-04-01,5.185665607452393,5.294770320567375,5.070143456083355,5.041263147763207,2998981,0.02864411180353943,0.07877150660483045,0.036561842833544356,4.921890354156494,5.035615530014038,1.0535922652306025,1.029797762864143,47.12642369344724,-0.0258524084873768,-0.04103963368159248,0.015187225194215684,0.016830837980959162,0.014690559378801782,1112709.3,2.6952061962634803,1
2018-04-02,5.246636867523193,5.3011892345428935,5.163204186644597,5.18566660197437,1506259,0.011757653633349907,0.0907272774134198,0.06237822786966074,4.952696323394775,5.035615530014038,1.059349599679663,1.0419057682722983,50.714349777450636,-0.003059701876822807,-0.03344364732063855,0.030383945443815744,0.015915120574367947,0.01461739316880913,1193119.3,1.26245464305204,0
2018-04-03,5.220964431762695,5.275516789988298,5.15678545681742,5.246636021740805,1529292,-0.004893122281706019,0.08539021546904357,0.053756503237447184,4.9793306350708,5.035615530014038,1.0485273653028786,1.0368075959421272,54.19842998778905,0.012784756596439628,-0.024197966537222913,0.03698272313366254,0.016285805702795773,0.014597335307130052,1238338.6,1.2349546400314098,0
2018-04-04,5.105442523956299,5.230591771931235,4.816637096757563,5.220965153880095,1620988,-0.022126545644248763,0.027114196482737718,0.046710540915544385,5.002114200592041,5.035294637680054,1.0206569300940846,1.0139312376581333,51.449296429817416,0.015837388035707,-0.016190895622636932,0.03202828365834393,0.01732484880782572,0.015545264879462778,1354680.5,1.1965832533944352,0
2018-04-05,5.034845352172852,5.182456993015163,4.941785609945799,5.105441764835811,1805496,-0.013827826178080316,-0.0012730443106250267,0.043912120196795135,5.0232932567596436,5.0335618019104,1.002299705556243,1.000254998411257,51.82483018560949,0.012416884570519038,-0.010469339584005739,0.02288622415452478,0.017612113091221324,0.015092512495674441,1347392.0,1.3399931126205291,0
2018-04-10,5.278726100921631,5.41029324382932,5.0573083830189365,5.03484596879233,3282411,0.0484385778886991,0.011063409818985237,0.09739833223629435,5.115390157699585,5.031058845520019,1.0319303001700069,1.049227660221496,70.76410795653698,0.02483008799978048,0.0019980458185129926,0.022832042181267487,0.0221386325587818,0.01855623629911448,1498280.1,2.190785955176205,1
2018-04-11,5.435964584350586,5.503352741990864,5.3108153454661835,5.278725855886115,2449482,0.029787202522499223,0.06473915999315949,0.09360870678007926,5.1619199275970455,5.038888702392578,1.0530896760502662,1.078802272764919,78.67864892977579,0.050843831717791055,0.011767202998368607,0.03907662871942245,0.021737496886454294,0.019217743894536597,1651744.5,1.4829666452650516,0
2018-04-12,5.429546356201172,5.471262460595889,5.297979227402872,5.435964253726839,1295319,-0.0011806971973090663,0.07839386841504115,0.07702102523624244,5.200748252868652,5.045049886703492,1.043993304849224,1.0762126199209727,79.39387362430773,0.07013355766479368,0.023440473931653626,0.04669308373314005,0.021887805333278273,0.018849457253887404,1648822.8,0.785602309720608,1
2018-04-15,5.512978553771973,5.577157523554112,5.455217480968047,5.429545893055192,3143895,0.015366329357426212,0.09496482377413562,0.06311879151042721,5.23347954750061,5.05480507850647,1.053405961317809,1.0906411757030359,80.84500333189342,0.09110290791194231,0.03697296072771136,0.05412994718423095,0.020851610915767087,0.01849128689979098,1663314.2,1.890138976748951,1
2018-04-16,5.545069217681885,5.5803674261230976,5.506561371768521,5.512979269580038,1679458,0.00582093030054609,0.10133853769487478,0.05688069475629143,5.26332278251648,5.065587158203125,1.0535301456527235,1.094654784234103,81.36981538725848,0.10905361525039048,0.05138909163224719,0.05766452361814329,0.02076430691023989,0.018007325557338208,1680634.1,0.9993002046072966,1
2018-04-17,5.70671272277832,5.776992876886378,5.523985629064639,5.615349175921479,3115804,0.029150854344792254,0.08107763382191124,0.0930380387310219,5.311897611618042,5.08069317817688,1.0743265665167847,1.1232153807851228,81.38881048690479,0.13476942208734854,0.06806515772326746,0.06670426436408108,0.02160148326194119,0.018719416095346556,1839285.3,1.6940297407911649,0
2018-04-18,5.6575164794921875,5.76293645023451,5.559124975967049,5.706712231254756,966861,-0.00862076744984308,0.04075668479876038,0.10813439832989769,5.367105007171631,5.093339128494263,1.054109519365189,1.1107676784845686,76.76882664535728,0.1494568134827956,0.0843434888751731,0.06511332460762251,0.01977413077057658,0.018335698878968274,1773872.6,0.5450566179329902,0
2018-04-19,5.625890254974365,5.710225819898864,5.622376021762703,5.657515840481243,5372667,-0.005590125036747717,0.03616211850718365,0.11739087528208603,5.426209497451782,5.105737628936768,1.0367993085442713,1.1018760978021338,71.19952237709248,0.15673792770877348,0.09882237664189317,0.057915551066880316,0.018795735325815615,0.01807485968360885,2130589.7,2.521680734681107,0
2018-04-22,5.615347862243652,5.68211376682094,5.573180081251555,5.625890058831477,590754,-0.001873906573522599,0.018568784092519053,0.11529698917570075,5.484259748458863,5.119529771804809,1.0239026085191583,1.0968483654826076,68.66210389280651,0.15981532857728808,0.11102096702897216,0.04879436154831593,0.01892996518268663,0.01803031209636768,2189665.1,0.2697919421559032,0
2018-04-23,5.580207824707031,5.622375604036335,5.516956155713075,5.615347640814784,424581,-0.006257855861948491,0.006336910441640198,0.10831762137417411,5.53879599571228,5.130886278152466,1.0074766842878504,1.0875719168572875,68.01029667977977,0.1576019464505265,0.12033716291328303,0.03726478353724347,0.01943546239628153,0.018242857919659437,2232123.2,0.19021396310024463,0
2018-04-24,5.485331058502197,5.604806957481383,5.429107845276215,5.580208830432824,289978,-0.01700237145017358,-0.03879320285257726,0.03913916987367361,5.559456491470337,5.14117956161499,0.9866667842293815,1.0669401822602553,69.44789996543395,0.1465032646146387,0.12557038325355416,0.020932881361084538,0.0159476865977967,0.01899661785027696,1932879.9,0.15002380644550137,0
2018-04-26,5.474788665771484,5.499386789686915,5.432620884213265,5.485330359821235,693297,-0.0019219246055116601,-0.026858253957100953,0.008332613187589821,5.568917369842529,5.161619472503662,0.9830974859528745,1.0606726619302524,73.99792332966413,0.1256249367628639,0.127272138761986,-0.0016472019991221054,0.01313419989086285,0.017906558478353804,1627729.5,0.42592887823191755,0
2018-04-29,5.418565273284912,5.474788985310734,5.379911219927341,5.474788985310734,189808,-0.010269509184543058,-0.035043704109920304,-0.01712563899282049,5.559476041793824,5.1694863986968995,0.9746539480610038,1.0481825186058715,69.72140708561884,0.11147139820757346,0.1241119906511035,-0.012640592443530038,0.012484182678241052,0.017221301195195143,1332320.8,0.14246418730383853,0
2018-04-30,5.313146114349365,5.411537615970712,5.274492058801147,5.418565580372237,838555,-0.019455179299083802,-0.047858739091260816,-0.04182510519309168,5.536283731460571,5.175180778503418,0.959695415203668,1.026659036998094,52.06258622207034,0.09070260861859847,0.11743011424460251,-0.02672750562600404,0.01333203261934671,0.017729520636530084,1248230.5,0.6717949929920796,0
2018-05-02,5.450191497802734,5.541555032110488,5.320173909178798,5.313145945001278,336588,0.025793640999867584,-0.006406096610157563,-0.03664593509201097,5.476194572448731,5.192326850891114,0.9952516160077985,1.04966263764142,51.277896429469536,0.06993464420793494,0.1008857406720634,-0.03095109646412847,0.012392585446833132,0.01762565678163926,873622.8,0.3852784061954427,1
2018-05-03,5.467761039733887,5.53452694932937,5.411537327518592,5.450191381006427,710287,0.003223655891400501,-0.0012836342125011058,-0.028107411995934695,5.460381650924683,5.205734415054321,1.0013514419469112,1.0503342283313222,46.95265150297896,0.0678264635522492,0.09427388524810057,-0.026447421695851375,0.012552275104481639,0.01715363677854376,407384.8,1.743528477252956,0
2018-05-06,5.418565273284912,5.5169567693301,5.362341561259091,5.5169567693301,139963,-0.008997424373792473,0.0,-0.035043704109920304,5.440703392028809,5.2177088165283205,0.9959310189972254,1.0384951448651814,41.66663525533019,0.06147735530411769,0.08771457925930401,-0.026237223955186323,0.012696672685063281,0.017387911369414154,362305.7,0.38631189075965405,0
2018-05-07,5.390453338623047,5.429107391416639,5.365855716310458,5.418565194225794,223249,-0.005188077146632386,0.014550178483685228,-0.034004913803357684,5.42172794342041,5.22571949005127,0.9942316167237206,1.031523668441331,24.71903859436202,0.05355983860900437,0.08088363112924409,-0.027323792520239712,0.012675236944627277,0.017486329925177242,342172.5,0.6524457693122621,0
2018-05-08,5.390453338623047,5.4466770498285415,5.376397410821673,5.390453338623047,544807,0.0,0.014550178483685228,-0.01729662601350035,5.4122401714324955,5.230457029342651,0.9959745258674132,1.0305893554583898,26.829221876360066,0.046746287481961524,0.07405616239978757,-0.02730987491782605,0.01175188149630126,0.013937922757915371,367655.4,1.4818414199818633,1
2018-05-09,5.400995254516602,5.4431630396491455,5.376397631195777,5.390453559573292,1036126,0.001955664065955487,-0.009026516463864875,-0.015374788337501721,5.403806591033936,5.235469570159912,0.9994797488640694,1.031616205984678,29.746804459457024,0.04171626450519472,0.06758818282086901,-0.025871918315674286,0.011799149945984367,0.012209312928017132,471268.0,2.198591884023528,0
2018-05-10,5.351799964904785,5.411537916980423,5.235838797169271,5.400995718451908,183553,-0.009108560051164005,-0.02120814607412791,-0.02246455678474457,5.391507720947265,5.2398832893371585,0.9926351295226369,1.0213586199134188,27.81066276543298,0.033375553719547035,0.06074565700060462,-0.027370103281057587,0.012044958789089896,0.012368694324376539,420293.6,0.4367256603479092,0
2018-05-13,5.165558338165283,5.306117109264421,5.028512794891193,5.351799124582323,511755,-0.03479981089741935,-0.04669260631906125,-0.04669260631906125,5.366207027435303,5.240443830490112,0.9626088430349068,0.9857100858730461,22.16979954567013,0.011603578706334439,0.05091724134175059,-0.03931366263541615,0.015786639104197808,0.013937245394504548,452488.3,1.130979519249448,0
2018-05-14,5.035541534423828,5.2709786056176675,4.919579864349926,5.165559134041253,383596,-0.025169941994621747,-0.0658408081665871,-0.05224862519323581,5.338446569442749,5.23955924987793,0.9432597046577653,0.9610620463049722,21.17115272357188,-0.01595818182990172,0.03754215670742013,-0.05350033853732185,0.016470457167601607,0.01459385536544984,406992.4,0.9425139142647381,0
2018-05-15,4.975803375244141,5.060139451671728,4.919579659412196,5.035541324655417,154290,-0.01186330383163503,-0.07692302248642147,-0.06349208770941828,5.304712295532227,5.238057508468628,0.9379968409285642,0.9499329412095061,19.66524250897787,-0.04213573133752835,0.021606579098430435,-0.06374231043595878,0.01647921032782183,0.012284813673288923,422421.4,0.3652513816771593,1
2018-05-16,5.1515021324157715,5.26746378967228,5.007429121859095,4.9758030325419975,1046949,0.03531063105221888,-0.04619391618464963,-0.0548034625035434,5.274843358993531,5.240069742202759,0.9766170825968767,0.9830980093502045,33.9160565430509,-0.048149172900039616,0.007655428698736425,-0.05580460159877604,0.018674586688891014,0.015453078935983132,493457.5,2.1216599200539052,1
2018-05-17,5.2252960205078125,5.306117355338928,5.14798841634431,5.151502147011923,185389,0.014324732125741368,-0.023637644386288903,-0.044344479845424,5.2505968570709225,5.2414399433135985,0.9951813408547949,0.9969199450951679,40.54981135295673,-0.04642515828896698,-0.0031606886988042567,-0.043264469590162724,0.019557466797090133,0.016014673979158286,440967.7,0.4204140121827517,0
2018-05-20,5.074194431304932,5.155016267039018,5.007429025971215,5.225295905642734,91506,-0.028917326139964117,-0.01768713097000907,-0.06355387904577392,5.216159772872925,5.2394672298431395,0.9727835519329189,0.9684561824154866,38.81574836047572,-0.056599060985489835,-0.013848363156141373,-0.04275069782934846,0.02104118050488902,0.016977136991417546,436122.0,0.2098174364054095,0
2018-05-21,5.0566253662109375,5.095278920637803,5.024999273789243,5.074195026583235,53319,-0.0034624343493033782,0.004187003849134507,-0.06192948003467613,5.182776975631714,5.235923738479614,0.9756594563080925,0.9657561146372349,38.18769160640438,-0.06532658468985986,-0.024144007462885073,-0.041182577226974784,0.021058797294933557,0.01697702534765054,419129.0,0.12721381722572286,1
2018-05-22,5.060139179229736,5.126904586845632,5.0425685149587665,5.056624945839614,127984,0.0006948928908752094,0.016949183403264456,-0.061277621499212676,5.1497455596923825,5.232450523376465,0.9825998431526394,0.9670687102769704,29.52025769455905,-0.07113962148591746,-0.03354313026749155,-0.03759649121842591,0.021082563296543247,0.016766200323079072,377446.7,0.33907833874292714,1
2018-05-23,5.116363048553467,5.270978781367233,5.060139831184427,5.060139831184427,830041,0.011111131004955643,-0.006821133517773803,-0.05269995483241907,5.121282339096069,5.231770420074463,0.9990394416443225,0.9779410482007821,32.269506105650336,-0.07039819211813292,-0.04091414263761982,-0.0294840494805131,0.02166226173461047,0.017083061513887315,356838.2,2.3260990555383363,0
2018-05-24,5.070680618286133,5.183128038224146,5.060138924006753,5.116362131296141,68467,-0.0089286920872923,-0.02958978814116131,-0.05252799963790389,5.093170404434204,5.231588621139526,0.9955843248188807,0.969242993953461,32.384323076856205,-0.07265922403514757,-0.04726315891712537,-0.025396065118022206,0.021658719059550274,0.01712431214976203,345329.6,0.19826565692602083,0
2018-05-27,5.04959774017334,5.060139939247471,5.04608350625539,5.070681635641883,38400,-0.004157800441377257,-0.0048474080890247295,-0.022448802317298067,5.08157434463501,5.232525463104248,0.9937073429821153,0.9650402613000597,32.61650506213863,-0.07528448747730287,-0.05286742462916087,-0.022417062848142003,0.019006160768458336,0.0170550616888198,297994.1,0.12886161168962743,1
2018-05-28,5.091764450073242,5.165558319885757,5.063652092737359,5.049596668088837,197769,0.008350508707740234,0.006949117507717428,0.011165217338604982,5.087196636199951,5.235589208602906,1.000897903934121,0.9725294035113877,35.39514044909764,-0.07311964878638033,-0.05691786946060477,-0.01620177932577556,0.017372154468963508,0.016807357706448794,279411.4,0.7078057659780523,1
2018-05-29,5.158530235290527,5.23583834399594,5.01797145428697,5.091764826880829,470562,0.013112504687117887,0.01944433790767164,0.036723086960288365,5.1054693222045895,5.239667387008667,1.0103929550325896,0.984514827807713,38.76218402855744,-0.06526423220167032,-0.058587142008817886,-0.006677090192852439,0.01707075165994989,0.01714155344706478,311038.6,1.5128733218320813,0
2018-05-30,5.060139179229736,5.165558640738764,5.024998856047084,5.1585301739585185,875452,-0.01907346697082013,-0.010989030448030124,-0.017735206321887076,5.096333026885986,5.243318033218384,0.9928980607300765,0.9650643251414198,37.07161816720699,-0.0662148107774545,-0.06011267576254521,-0.006102135014909291,0.014341457005929552,0.016320457914678687,293888.9,2.9788535735783146,0
2018-05-31,4.930121421813965,5.060139004526001,4.884439405397425,5.060139004526001,692457,-0.025694502228210014,-0.027719986142546005,-0.05648954576647347,5.066815567016602,5.245459365844726,0.9730216852390536,0.939883636105533,39.016367769166806,-0.07657676825002468,-0.0634054942600411,-0.013171273989983578,0.01494552809545771,0.01695471815447759,344595.7,2.009476612737768,0
2018-06-03,4.916065692901611,4.986345844189231,4.873897903736857,4.930122125302893,152685,-0.0028509904137781206,-0.026444095974097248,-0.031163318738390178,5.05100269317627,5.247640476226807,0.9732851062508928,0.9368145007594715,43.7499657015028,-0.0849436960035943,-0.06771313460875175,-0.017230561394842553,0.01252226917181701,0.016934618700792103,350713.6,0.4353552300224457,0
2018-06-04,4.916065692901611,4.986345844189231,4.873897903736857,4.930122125302893,152685,0.0,-0.03450645820214715,-0.02779713012725149,5.036946725845337,5.249757413864136,0.9760011293501544,0.9364367351372704,46.66665957137711,-0.09053096195293175,-0.07227670007758775,-0.018254261875344,0.012558639246361478,0.0169667398607336,360650.2,0.4233603641423185,0
2018-06-05,4.634946346282959,4.743880035286674,4.571694672800691,4.863355418530958,316485,-0.05718380594965711,-0.10149865661843505,-0.08402789288722701,4.994427442550659,5.246251964569092,0.9280235621795092,0.8834776479637986,24.210480206297873,-0.11630223258990657,-0.08108180658005151,-0.03522042600985506,0.021177525791405118,0.020604207222802918,379500.3,0.8339519099194388,0
2018-06-06,4.445191383361816,4.666572494754479,4.174614525290743,4.634946406264261,259375,-0.040940055988634816,-0.12152784223645174,-0.13118139952586216,4.927310276031494,5.2357424545288085,0.9021537379095231,0.8490087933024318,15.094271186267093,-0.15030516551469475,-0.09492647836698016,-0.055378687147714586,0.022185921827402366,0.021786782402002984,322433.7,0.8044289415157286,0
2018-06-07,4.350313663482666,4.462761085571083,4.287061988557931,4.445191427209582,380943,-0.0213438998901766,-0.11760516805242638,-0.1420651405662673,4.855273580551147,5.22192346572876,0.8959976387136643,0.8330864464087939,15.893970996727987,-0.18280135368812456,-0.11250145343120904,-0.07029990025691552,0.022234299564248,0.021947515879415385,353681.3,1.07707984561242,1
2018-06-10,4.417079925537109,4.508443463303027,4.388967565083313,4.35031401198372,470265,0.015347459337217817,-0.10150103732035065,-0.12526103012207812,4.792021799087524,5.206551752090454,0.9217570601156677,0.8483695420416463,21.202499574873016,-0.20085204028475268,-0.13017157080191777,-0.0706804694828349,0.02406886838572811,0.02183831883898838,396867.8,1.1849411819250641,0
2018-06-12,4.518984794616699,4.564666811159729,4.431134994809161,4.476817011352192,58230,0.023070641871439257,-0.025018963112540926,-0.12397822858506691,4.660598802566528,5.175921020507812,0.9696146323790317,0.8730783906307248,24.085295598488628,-0.21143907081413804,-0.15963048411098701,-0.05180858670315103,0.024823842222874575,0.022417423038420817,335857.7,0.17337699865151224,1
2018-06-13,4.606834888458252,4.634946745762179,4.540068976021594,4.518985083043648,105945,0.01944022780209509,0.03636367732139978,-0.08958336415570434,4.61526837348938,5.165948867797852,0.9981726988879842,0.8917693547404507,30.588219329743737,-0.20102938269954684,-0.16791026382869897,-0.03311911887084787,0.02667271582193235,0.021178412700246653,258907.0,0.4092009872270738,0
2018-06-14,4.494386672973633,4.673600003317901,4.392481448016796,4.606834597773703,268635,-0.02440899624302617,0.03311784405348561,-0.08838215361438495,4.5716948986053465,5.155139694213867,0.9830898108149567,0.8718263596267112,28.415244629031875,-0.19955293902791826,-0.17423879886854285,-0.025314140159375415,0.026586356700352233,0.021054718889697833,216524.8,1.2406661962047767,0
2018-06-19,4.445191383361816,4.487359166229027,4.41707952811701,4.494386627360605,64573,-0.010945940612463456,-0.0163296436276551,-0.040940055988634816,4.4683835983276365,5.116850652694702,0.9948097081516233,0.8687358074484414,22.741440001488016,-0.1890875094641853,-0.18272324261123266,-0.0063642668529526325,0.020641746041582972,0.020487214583806694,160796.6,0.40158187424360964,1
2018-06-20,4.448705196380615,4.561152619443959,4.392481484848943,4.445191465749701,386082,0.0007904750809943906,-0.03432501834910717,0.0007904750809943906,4.468734979629517,5.097105464935303,0.9955177956759114,0.8727904939351853,25.964912113638775,-0.1849980098529631,-0.18317819605957875,-0.0018198137933843617,0.016045563149492726,0.020154049017175924,173467.3,2.2256759631354153,0
2018-06-21,4.424107551574707,4.533041243456804,4.357341643128332,4.44870517390573,679699,-0.005529169436967907,-0.015637088330992865,0.016962889069696452,4.47611436843872,5.076996688842773,0.9883812582558846,0.871402489053645,25.694445426048247,-0.1816479517961742,-0.18287214720689787,0.0012241954107236608,0.014379662767159587,0.02014922692489755,203342.9,3.3426246994608615,1
2018-06-24,4.494386672973633,4.533041228346977,4.448705159077017,4.424107536827984,106710,0.015885491159434162,0.0,0.01750177690686061,4.483845043182373,5.056624851226807,1.0023510245536447,0.8888115700106234,30.519441897678306,-0.1713468886281646,-0.18056709549115124,0.009220206862986635,0.01443697448518999,0.020766135842798412,166987.4,0.639030250186541,0
2018-06-25,4.431135654449463,4.5541257946326255,4.388967864907655,4.494387338762176,628848,-0.014073337059430369,-0.014073337059430369,0.0031821314418811752,4.485250616073609,5.034346179962158,0.9879349079335241,0.8801809601585187,38.21138973776243,-0.16636924929187202,-0.1777275262512954,0.011358276959423375,0.015295624361881177,0.02057785504159802,229872.2,2.7356418044461224,0
2018-06-26,4.399510383605957,4.473303769331206,4.381940218679155,4.431135976722567,287067,-0.007137057700264626,-0.010276497863925815,-0.026438329943722638,4.473303174972534,5.0082021331787105,0.9835037357227571,0.878461025855916,46.766218528015074,-0.16309625718067622,-0.17480127243717158,0.011705015256495366,0.013159659445401135,0.020041881196920127,252755.9,1.1357479686923233,1
2018-06-27,4.441677570343018,4.515470946002406,4.392481819010202,4.399509783486319,806773,0.009584518062325742,-0.0015797014473594162,-0.03585049651529981,4.45678744316101,4.983885354995728,0.9966096940877943,0.8912078135767681,56.98929594891938,-0.1553095361324175,-0.17090292517622077,0.01559338904380328,0.011602728739535335,0.02021210138798155,322838.7,2.4989971772281327,0
2018-06-28,4.287062168121338,4.448705344143855,4.216782526372418,4.441677379968963,3315199,-0.03481013643449571,-0.030976955658455818,-0.04612965459759211,4.436054992675781,4.957108793258667,0.9664132151651771,0.8648311640752071,41.23217201557112,-0.1597729117147706,-0.16867692248393074,0.008904010769160142,0.013913203284531333,0.020767621954435832,627495.1,5.283226912847606,0
2018-07-02,4.3116607666015625,4.357342287404916,4.265978743118505,4.287062637953831,616041,0.005737868385287337,-0.02696258863750456,-0.04065647209904455,4.3970499515533445,4.905172138214112,0.9805803468478641,0.8790029473198802,34.391580737015786,-0.1589601682719728,-0.16557711755985838,0.006616949287885587,0.014239554066193356,0.02094068601738175,689099.2,0.8939801410304932,0
2018-07-03,4.2694926261901855,4.332744305500008,4.248408733086911,4.311660412396734,137463,-0.009780022755503937,-0.029552778850178596,-0.03952557764537756,4.379480075836182,4.880855369567871,0.9748857289583636,0.87474270448792,22.727223663149843,-0.1585624910726322,-0.16417419226241314,0.005611701189780938,0.014181469502194885,0.017236393414273632,696388.2,0.19739421202139842,0
2018-07-04,4.251922130584717,4.294089918470604,4.216782810026161,4.2694927962233615,473455,-0.0041153591641514,-0.04272157011695166,-0.04423378423816382,4.359801769256592,4.856187191009521,0.9752558385950951,0.8755680049682789,26.845599076893095,-0.15784557563913904,-0.16290846893775834,0.005062893298619309,0.01408443059769268,0.01488401523821486,705125.5,0.671447848645383,0
2018-07-05,4.230838298797607,4.251922193050297,4.1921847440075215,4.251922193050297,204838,-0.004958658964013041,-0.013114778167158891,-0.04368547792386013,4.340474843978882,4.8313081836700436,0.9747408868563395,0.8757127754958707,25.806414899754614,-0.15716698089062575,-0.16176017132833184,0.004593190437706091,0.01408061023351159,0.01420532770777425,657639.4,0.31147464704821515,0
2018-07-08,4.041083335876465,4.1992127974513895,3.9216081839275927,4.230838388158554,218884,-0.04485044086300116,-0.05737701544754248,-0.1008598881406988,4.295144510269165,4.803758544921875,0.9408492138540924,0.8412336502941753,19.138717770252015,-0.16998138967235832,-0.16340441499713715,-0.00657697467522117,0.017140830577223178,0.016659024687806966,668856.8,0.32725091529307915,0
2018-07-09,3.921607732772827,4.027027194135072,3.865383768706475,4.041082870976883,599980,-0.029565241093382433,-0.09046468517424067,-0.11498811171917078,4.244191718101502,4.775927777290344,0.9239940118744279,0.8211195637044952,17.46719637966899,-0.18761487612018968,-0.16824650722174767,-0.019368368898442012,0.018174580287528,0.017545101060712637,665970.0,0.9009114524678289,1
2018-07-10,4.041083335876465,4.111363487549532,3.998915546480445,3.9216081839275927,473281,0.030465974989079436,-0.053497993862923754,-0.08146975833154324,4.208349013328553,4.7504865217208865,0.9602538484991788,0.8506672563745246,27.862588500960754,-0.18976140712238632,-0.1725494872018754,-0.01721191992051091,0.02263320358446486,0.018249016763702105,684591.4,0.6913335458201783,1
2018-07-11,4.072708606719971,4.174614586147586,4.037569038491515,4.041082769108527,1641423,0.007825938792882292,-0.042148825486627794,-0.08306973160020537,4.171452116966248,4.722936863899231,0.976328744169287,0.8623254394634369,31.06055076617521,-0.18675782539445596,-0.17539115484039153,-0.011366670554064429,0.022485765836859937,0.017589375140874504,768056.4,2.137112587044389,1
2018-07-12,4.1219048500061035,4.195698470977928,4.076222833302778,4.072708600011924,1346410,0.012079490097808288,-0.025747485745901133,-0.038524591349140436,4.154936385154724,4.696019740104675,0.9920500503288955,0.8777443618484929,29.45738533861676,-0.17835181089653496,-0.17598328605162022,-0.0023685248449147323,0.021221077329826647,0.017470756999924678,571177.5,2.3572532181327173,0
2018-07-15,4.0902791023254395,4.146502312097872,4.041082851250235,4.12190494057973,171217,-0.007672604980344722,0.012173905450604705,-0.04590161235803403,4.135258078575134,4.669454016685486,0.9891230546207668,0.875965174452845,30.522089994882762,-0.17225625449922433,-0.17523787974114108,0.002981625241916752,0.021210494247951885,0.01745861108801193,588299.2,0.2910372817097151,0
2018-07-16,4.083250999450684,4.139474968252735,4.041083211354027,4.090279466813144,325603,-0.0017182453077004833,0.041218621976646386,-0.05297489285802759,4.112417101860046,4.643309969902038,0.9929077956620278,0.8793836780052032,31.40493342162975,-0.16607814581898506,-0.17340593295670986,0.007327787137724806,0.020940602226527796,0.017439241770451495,559255.4,0.5822080573562634,0
2018-07-17,4.044597148895264,4.135960431742012,4.009457076714449,4.083250700480527,614887,-0.009466439991227538,0.0008695225331294409,-0.05267498904093526,4.089927554130554,4.616392846107483,0.9889165750162225,0.8761379899255424,26.556050357569376,-0.16242861688795962,-0.1712104697429598,0.008781852855000188,0.020933263265615756,0.01741420186203866,606997.8,1.0129970817027671,1
2018-07-18,4.097307205200195,4.146502706940484,4.062167130231685,4.044597469757195,1135770,0.013032214177209012,0.006039862129993079,-0.036363536451515244,4.074466061592102,4.590319085121155,1.005605923147429,0.8925974707250777,37.26419502428458,-0.15351347016396488,-0.16767106982716085,0.014157599663195963,0.021719328649661977,0.01782270941183676,673229.3,1.6870477859475217,1
2018-07-19,4.104334354400635,4.146502136958614,4.076222750701792,4.097306641980782,261142,0.0017150652485908857,-0.004262712567332239,-0.029900444182167085,4.061815667152405,4.565369772911072,1.0104679017297795,0.899014660050973,37.85044180730417,-0.1442186570375643,-0.16298058726924156,0.018761930231677243,0.02177141075009622,0.01786256439958969,678859.7,0.3846774230374848,0
2018-07-22,4.09379243850708,4.118390563184444,4.048110925077152,4.104334384223174,227664,-0.0025684837012003303,0.0008589477866298711,0.01304330998637604,4.067086577415466,4.543934454917908,1.0065663370039653,0.9009356272902136,35.2380124660273,-0.13613382913758976,-0.1576112356429112,0.021477406505321456,0.01605646735365796,0.017270351060316137,679737.7,0.3349291940111605,0
2018-07-24,4.202726364135742,4.269492526754131,4.076223008462347,4.093792667632715,479013,0.02660953804203814,0.0390964067419346,0.03999992448169065,4.100469350814819,4.509637932777405,1.024937880172328,0.9319431907357933,46.875,-0.11191856062213468,-0.14377461167127506,0.03185605104914038,0.010991634923336354,0.018415473385896504,620312.9,0.7722118949968636,0
2018-07-25,4.118391036987305,4.164073058352372,4.0762232492717105,4.202726612418493,304401,-0.02006681373979491,0.005145777636675675,0.011216719554145937,4.105037593841553,4.488975710868836,1.0032529405250235,0.9174456050220408,43.388440178895856,-0.10457687885521683,-0.1359350651080634,0.03135818625284659,0.013221217161345531,0.018615828987786298,486610.7,0.625553445495547,0
2018-07-26,4.107848644256592,4.2027261563201534,4.076222806902071,4.1183905900414315,261645,-0.002559832865804079,0.0008562386863508742,-0.003410123780390295,4.103631973266602,4.466626763343811,1.0010275460902587,0.91967582292042,54.97379130232149,-0.09847407827156118,-0.12844286774076297,0.029968789469201784,0.01268149364267258,0.017106140667115237,378134.2,0.691936883783588,1
2018-07-29,4.273005485534668,4.3222017345423165,4.146502137834024,4.107848588487525,519642,0.04020519147145096,0.043776779042794534,0.04467332879688901,4.121904611587524,4.450602984428405,1.0366580229737408,0.9600958567827531,74.5097693582027,-0.07939556536735104,-0.1186334072660806,0.03923784189872956,0.017643238085667385,0.019541666010881576,412976.7,1.2582840629991958,0
2018-07-30,4.2659783363342285,4.311660355461257,4.20624063999712,4.2730057979295255,227460,-0.0016445448582335098,0.04206024130767627,0.04475045421114876,4.1401773452758786,4.434790043830872,1.0303854111954636,0.9619346787946651,68.6046924444213,-0.06410379006104083,-0.10772748382507265,0.043623693764031815,0.017640358649082262,0.019497599906264814,403162.4,0.5641895176732751,0
2018-07-31,4.223810195922852,4.251921547981913,4.216782232238183,4.265977978030864,227139,-0.00988475259056576,0.005016703434948644,0.04430924525487989,4.158098649978638,4.418063464164734,1.0158032676652708,0.9560320330802202,62.285743972916414,-0.05475636716086729,-0.09713326049223159,0.042376893331364296,0.01767768163109481,0.019500279243445176,364387.6,0.6233444826333279,1
2018-08-01,4.258950710296631,4.304632230371938,4.216782921298027,4.223810886131127,251563,0.00831962440161238,0.034129754082834474,0.039451155844814734,4.174263000488281,4.400915217399597,1.0202880627786135,0.967742049076135,61.40355192991366,-0.0440056515806484,-0.08650773870991496,0.042502087129266564,0.017486251010331327,0.019572243433057742,275966.9,0.9115694672078426,0
2018-08-02,4.241380214691162,4.30111816243372,4.216782591041632,4.258950376737675,103347,-0.004125545656818552,0.03250644850833728,0.03339052047345703,4.187967586517334,4.3843292093276975,1.0127538303653028,0.9673954696804222,62.874222789928204,-0.036482872338683414,-0.07650276543566865,0.04001989309698524,0.017668110213448492,0.019561424677830737,260187.4,0.3972021704356168,0
2018-08-05,4.227324485778809,4.25192160498549,4.216782288770664,4.241379910656966,55290,-0.003313951638588719,-0.010690601711255132,0.032618177222591305,4.201320791244507,4.3678837442398075,1.0061894094325035,0.9678198261008291,62.13018559171108,-0.03129445247728935,-0.0674611028439928,0.036166650366703454,0.017697772121590353,0.016476508568980912,242950.0,0.22757769088289773,0
2018-08-06,4.2202959060668945,4.251921490883401,4.216782175611552,4.227324372336793,172570,-0.0016626544131066456,-0.010708547176212169,0.030901290053177988,4.213971138000488,4.35045437335968,1.0015009044578809,0.9700816383479803,65.62493904243834,-0.02743350364578223,-0.05945558300435069,0.03202207935856846,0.017740540341685842,0.014716196750557586,260207.0,0.6632027578043634,1
2018-08-07,4.244894504547119,4.251921966243465,4.223810611419091,4.220296377891254,92173,0.005828643068573225,0.004991774640967561,0.010033520328904144,4.218187952041626,4.332181658744812,1.0063312855683841,0.9798514556698015,63.815755995875534,-0.022133629854631742,-0.0519911923744069,0.029857562519775158,0.01580346440470401,0.0133305985517457,221523.0,0.4160877200110147,1
2018-08-08,4.304632186889648,4.339772010700195,4.230838305547655,4.244894737751565,1759681,0.014072830850928808,0.010725993255234378,0.045221822850164184,4.2368120670318605,4.31707151889801,1.0160073467467488,0.9971185717091069,67.06587458874597,-0.012963672824501948,-0.044185688464425915,0.031222015639923967,0.014340320215022814,0.013532463494663914,367051.0,4.794104906402652,1
2018-08-09,4.3362579345703125,4.399509612395592,4.234352202289757,4.304631844317846,875529,0.007346910562297193,0.02236953894171423,0.05560314171581582,4.259652996063233,4.305194249153137,1.0179838448291159,1.0072153969413309,69.9421838367311,-0.0031086477258055467,-0.035970280316701846,0.0328616325908963,0.014137368628374903,0.01340350942341087,428439.4,2.0435305436428113,0
2018-08-12,4.244894504547119,4.287062290803177,4.230838073115437,4.3362580414352445,216598,-0.021069648393101548,0.004156297636346062,-0.006578737397532564,4.2568418979644775,4.291770825386047,0.9971933668894136,0.9890776272205282,60.80404717062187,-0.0026402988585818576,-0.02930428402507785,0.026663985166495992,0.010146478221078788,0.01425293458663165,398135.0,0.5440315470882991,0
2018-08-13,4.128932476043701,4.237866165582952,4.041082677768859,4.244894129337755,387825,-0.02731800010087404,-0.021648583904236074,-0.032125306198411585,4.243137311935425,4.276028161048889,0.9730848126054088,0.9655999260376465,44.77611738773802,-0.0114938021753197,-0.02574218765512622,0.01424838547980652,0.013219193278672789,0.015678169339665447,414171.5,0.9363874626815221,0
2018-08-14,4.118391036987305,4.216782792996865,4.072709015622237,4.1289329839162034,817419,-0.0025530664687685167,-0.02980132189959117,-0.024958308741549473,4.23259539604187,4.265697054862976,0.9730178889384598,0.9654673044097823,50.0,-0.01914023663965203,-0.024421797452031383,0.005281560812379352,0.013007678118205171,0.01551826050124206,473199.5,1.727429974038434,0
2018-08-15,4.0902791023254395,4.146502312097872,4.072708689504526,4.118390707211656,1919932,-0.006825950816566895,-0.04979591176617848,-0.0396040291246863,4.215728235244751,4.258598809242248,0.9702425948924982,0.9604753313339796,48.64868036739346,-0.027155458011916878,-0.024968529564008482,-0.0021869284479083956,0.01248598618818012,0.015343412893416015,640036.4,2.99972314074637,0
2018-08-16,3.991887331008911,4.076223155847011,3.9180937041979287,4.090279336103223,2098963,-0.024055026284291903,-0.07941654042669988,-0.05882351287867693,4.1907789468765255,4.251430282592773,0.95254065690679,0.9389516152607406,25.90374126095638,-0.04097464217769531,-0.028169752086745846,-0.012804890090949463,0.014012222728655627,0.016249346993535238,839598.0,2.499961886521883,0
2018-08-19,3.8899824619293213,3.9672898268679564,3.86538433268267,3.9918877047747494,113868,-0.025527992307797565,-0.08360915500670674,-0.07980036190369189,4.157044744491577,4.240888333320617,0.9357566976116544,0.9172565170758608,22.279906952904497,-0.05946385417515021,-0.03442857250442672,-0.02503528167072349,0.015252913699921716,0.01713337798912133,845455.8,0.13468238079388656,0
2018-09-02,3.9848592281341553,4.076222757154404,3.911065608540877,3.9532333911656075,1327590,0.02439002415393343,0.02439002415393343,0.02439002415393343,3.8994701385498045,4.124013352394104,1.0218976134065503,0.9662575960916407,28.420957154518987,-0.08277158000847251,-0.08514866721014627,0.002377087201673761,0.0077128028512951025,0.012962865372306887,132759.0,10.0,0
2018-09-03,3.9813458919525146,4.023513935418006,3.8864683596698595,3.984860125969517,3063267,-0.000881671341571022,0.02348684882704588,0.02348684882704588,3.908606481552124,4.115017557144165,1.0186100623697234,0.9675161373346802,29.03217569506812,-0.07394316489626007,-0.08290756674736904,0.008964401851108972,0.007748737226075795,0.012967864997550264,439085.7,6.976467236350444,0
2018-09-04,3.946204900741577,3.9708027722232258,3.914578814639665,3.9813447171439322,621634,-0.008826410004206808,0.014453134265384637,0.014453134265384637,3.9142287254333494,4.105951447486877,1.0081692148188626,0.9610939026463463,28.420875961933334,-0.0689869282537039,-0.08012343904863602,0.011136510794932122,0.00851143147435764,0.0128665244346391,501249.1,1.2401698077861887,0
2018-09-05,3.9075520038604736,3.9391778459161597,3.8934958227180956,3.946205810817423,424042,-0.009794954355725416,0.004516612119232599,0.004516612119232599,3.915985679626465,4.095268936157226,0.9978463466273974,0.9541624896378854,34.61533108561845,-0.06740108301995251,-0.07757896784289932,0.010177884822946806,0.009232244227968348,0.012236187437820492,543653.3,0.7799860683270017,0
2018-09-06,3.721310615539551,3.9356635266856306,3.654544703350943,3.907551669486145,5426773,-0.04766190907681467,-0.04336056731374416,-0.04336056731374416,3.899118494987488,4.083953905105591,0.954397928742992,0.9112028935702046,26.470437590839097,-0.08024737105876811,-0.07811264848607308,-0.002134722572695036,0.017820666717735405,0.015196818640817405,1086330.6,4.995507813183205,0
2018-09-09,3.6334609985351562,3.693198698176348,3.6053493912203196,3.721310808170869,722454,-0.023607171257768567,-0.088183348389834,-0.0659441182331032,3.8734663486480714,4.070881881713867,0.9380386123151212,0.8925488638853472,21.25970916966598,-0.09640557334527022,-0.08177123345791251,-0.014634339887357711,0.018731420917663732,0.01532606084202171,1158576.0,0.6235706591539959,0
2018-09-10,3.566694736480713,3.644002591612515,3.528041185924539,3.6334606456408807,754428,-0.018375389767871564,-0.1041484881557102,-0.08310775912554291,3.8411375761032103,4.05598256111145,0.9285516766361396,0.879366388474644,18.49300904198293,-0.11329257811145643,-0.0880755023886213,-0.02521707572283513,0.018908332255539995,0.014844417301803225,1234018.8,0.6113585951850976,0
2018-09-12,3.4823591709136963,3.584265151383686,3.4296494410221343,3.566694738740196,2965756,-0.02364529958351058,-0.10881309641604442,-0.10478795084681569,3.768046474456787,4.0265353441238405,0.9241815870691255,0.8648525030323421,15.882230860718877,-0.1398868215805762,-0.10438281446722678,-0.03550400711334942,0.019206747142651807,0.015351248112484768,1530594.4,1.9376498437469785,0
2018-09-13,3.4542477130889893,3.5104716827932037,3.4261361052466524,3.482359572271173,379105,-0.008072532569158075,-0.07176581856278075,-0.11201457926990754,3.724472999572754,4.011003532409668,0.9274460342403441,0.8611928873106228,15.168432255074165,-0.15201683482185357,-0.11390961853815215,-0.03810721628370142,0.01886715084675824,0.01487457340593787,1568504.9,0.2416983204834107,0
2018-09-16,3.313688039779663,3.44370563489101,3.166100784687679,3.454247581683295,713622,-0.04069183364490947,-0.08800781373032784,-0.16843033842095267,3.6573558807373048,3.996455626487732,0.9060337981415252,0.829156720224086,12.385225447069104,-0.17100075833958917,-0.12532784649843956,-0.045672911841149605,0.01607284007736558,0.016191492268532046,1507108.1,0.47350418991179194,0
2018-09-17,3.282061815261841,3.310174172763931,3.2363803025151268,3.313687651937125,2126644,-0.009544116446135065,-0.07980299471878038,-0.17564012162423148,3.5874274730682374,3.9836647081375123,0.9148789320205476,0.8238800340193057,11.894175428192938,-0.1864483658054521,-0.13755195035984208,-0.04889641544561002,0.015250824771027807,0.01608801042764875,1413445.8,1.5045812156362839,1
2018-09-18,3.352342367172241,3.4929014072267144,3.2680065409958154,3.282062218795408,8486175,0.021413536936931044,-0.06009832215693767,-0.1504895332367907,3.528041219711304,3.9698898887634275,0.9501993197932534,0.8444421535874022,19.02833318591631,-0.19081999867268662,-0.14820556002241098,-0.04261443865027564,0.019812800970100207,0.01733608630261639,2199899.9,3.857527790241729,1
2018-09-19,3.4085655212402344,3.54912505114345,3.268006242676835,3.3523420611546904,1691958,0.016771304332921844,-0.021190706085064792,-0.12769797615675094,3.47814257144928,3.956607027053833,0.9799959177118912,0.861487000840293,23.954313965208428,-0.18758544234760066,-0.15608153648744894,-0.031503905860151726,0.02235495199187874,0.01809500357599048,2326691.5,0.7271948171899885,0
2018-09-20,3.3980233669281006,3.513985024547416,3.303145852699422,3.4085655642933284,1158546,-0.0030928419144186092,-0.016276871501670453,-0.08687456705749275,3.445813846588135,3.942129397392273,0.9861308585467106,0.861976618315954,15.06277540355616,-0.1837544895326455,-0.16161612709648826,-0.022138362436157244,0.018933172189003724,0.018050353737223575,1899868.8,0.6098031611446011,0
2018-09-23,3.3663976192474365,3.4753313157749344,3.338286013764637,3.3980234581728896,1401262,-0.009307101295555453,0.015906620911508185,-0.0735010997490787,3.419107508659363,3.927651767730713,0.9845837285670511,0.8571018558481948,14.57490378989526,-0.18118181418454116,-0.16552926451409886,-0.0156525496704423,0.018224390093830808,0.0179916380808128,1967749.6,0.7121139803560371,1
2018-09-24,3.4085655212402344,3.4472195741849854,3.3628840070469455,3.366397486331399,513112,0.012526120429655174,0.03854397421466649,-0.04433494507480784,3.403294587135315,3.914158058166504,1.001548773980614,0.8708298108014824,19.277138636758124,-0.1737376140897684,-0.16717093442923278,-0.006566679660535618,0.018778297424936766,0.018461719066861004,1943618.0,0.26399837828215217,1
2018-09-25,3.5139851570129395,3.5983207283953793,3.443705514194239,3.4085656927848893,1403299,0.030927859569015226,0.04821786444713494,-0.014778270461066279,3.3980236291885375,3.9035458183288574,1.0341261687612495,0.9002033844493998,29.10447969016576,-0.15751580416367927,-0.1652399083761221,0.007724104212442823,0.02186944796616129,0.020237649509429596,2083947.9,0.6733848768484088,0
2018-09-26,3.4155938625335693,3.5139851098184804,3.3382860051314514,3.5139851098184804,1018255,-0.02799991749623887,0.002061964556508755,-0.019172436013430882,3.3913470983505247,3.889911551475525,1.0071495967472153,0.878064659654784,32.09878059914902,-0.15086023521522662,-0.162363973743943,0.01150373852871639,0.02240133923794808,0.020842214790780418,1889197.8,0.538988029734102,0
2018-09-27,3.3699119091033936,3.3980235150567895,3.3382860696485146,3.415593928544715,3086943,-0.013374527320496599,-0.008272885377513028,-0.024415100186945704,3.382913517951965,3.87522310256958,0.9961566830545396,0.8696046188589439,33.766241395221655,-0.147570697592319,-0.15940531851361822,0.011834620921299221,0.022630315404343952,0.02084489239146416,2159981.6,1.429152452039406,0
2018-09-30,3.3699119091033936,3.408565712881579,3.3382860696485146,3.3699119091033936,1546929,0.0,0.00104393189796248,0.01696715823842876,3.388535904884338,3.8607454919815063,0.994503822210029,0.8728655945082266,36.7924839283994,-0.14331170717445918,-0.1561865962457864,0.012874889071327222,0.018165413804443316,0.019591105043860576,2243312.3,0.6895736273545151,0
2018-10-01,3.289090394973755,3.338286146367494,3.23989439224018,3.3699119865491842,312879,-0.02398327205862849,-0.03505143894755103,0.002141513508133963,3.3892387628555296,3.84465145111084,0.9704510732677337,0.8554976795161584,33.19152523630753,-0.14478900974431896,-0.1539070789454929,0.009118069201173945,0.01968079878577978,0.019818982224980557,2061935.8,0.1517404179121387,1
2018-10-02,3.3312582969665527,3.345313722681623,3.271520098609339,3.289090260442565,866437,0.01282053605374811,-0.051999895241934824,-0.006289354694840821,3.387130355834961,3.827222089767456,0.983504603307588,0.8704115462421366,40.35878136887741,-0.140932602086016,-0.15131218357359755,0.010379581487581557,0.018829991874815155,0.02042888311246426,1299962.0,0.6665094825848755,0
2018-10-03,3.282061815261841,3.3734258461145,3.187184305235988,3.3312580638807874,1011534,-0.014768137838338857,-0.03909482586219404,-0.03711347345095606,3.3744799852371217,3.8104955053329466,0.9726126187206333,0.8613215290946963,39.301292318558986,-0.14022963619813744,-0.14909567409850552,0.008866037900368079,0.018253593837439977,0.02047908055406256,1231919.6,0.8211039097031981,0
2018-10-04,3.1239328384399414,3.1977267195051757,3.081765050025433,3.2820622963341926,1535983,-0.0481797680002819,-0.0729927301657265,-0.08066175505318673,3.3470709323883057,3.7908171892166136,0.9333333238357324,0.8240789999914276,38.461551843867475,-0.15069509826951588,-0.1494155589327076,-0.001279539336808272,0.023046553614747285,0.020531484023263637,1269663.3,1.2097561613382066,0
2018-10-08,2.9517478942871094,3.095821168467471,2.8498419049920525,3.1239327755042874,1458015,-0.05511800446991022,-0.12408752100809128,-0.12317312803144831,3.305605959892273,3.7643920373916626,0.8929521334670223,0.7841234029206925,32.84675581559182,-0.1709127624086335,-0.1537149996278928,-0.0171977627807407,0.027439966280128385,0.02283128594305333,1275338.6,1.1432375684386875,1
2018-10-09,2.96931791305542,3.0220276494160783,2.8744401362663865,2.9517480009352006,787029,0.005952411722666362,-0.09722216282258378,-0.12886582506561017,3.2616811990737915,3.7384588289260865,0.9103642360567327,0.7942625688640763,28.95751398819121,-0.1834034919331642,-0.1596526980889471,-0.023750793844217077,0.02684027580787779,0.023013662488787237,1302730.3,0.604138093663746,1
2018-10-10,2.997429132461548,3.018513024272076,2.986887186556284,2.9693175280539936,1160529,0.009467231273057486,-0.10021113187440012,-0.14700005875679045,3.210025596618652,3.7139312076568602,0.9337711000245458,0.8070771817964401,26.69320598353741,-0.18885711731248556,-0.16549358193365482,-0.023363535378830735,0.023562419741117724,0.023301239752834428,1278453.3,0.9077601817759006,0
2018-10-11,2.9025518894195557,3.018513305168585,2.8744400310561544,2.9974294113960345,1816468,-0.031652872795053244,-0.11563155942936076,-0.15020578961149,3.158721399307251,3.6868032312393186,0.9189008850404228,0.787281475947894,24.36362981428738,-0.19854623786872283,-0.17210411312066842,-0.026442124748054407,0.023804498979117995,0.02364335889162075,1358274.6,1.3373348805904195,1
2018-10-14,3.036083459854126,3.057167351824795,2.997429155228264,2.902551641360254,372309,0.04600488656940893,-0.02812140437362487,-0.0990614764580261,3.125338554382324,3.662697296142578,0.9714414637086131,0.8289201138875496,34.53948249418377,-0.1932227029095266,-0.17632783107844008,-0.01689487183108651,0.03086024083706936,0.026633456663833606,1086811.2,0.34257008024944907,1
2018-10-15,3.169614315032959,3.2820617314514116,3.0220270809837393,3.036083259375847,1702957,0.043981286069536774,0.07380929149386839,-0.05943704152306051,3.1053087949752807,3.641543092727661,1.0207082529639988,0.8704041760106679,39.696947143081545,-0.17619784003082417,-0.1763018328689169,0.0001039928380927313,0.03525613833762969,0.027557681680908493,1102414.0,1.544752697262553,1
2018-10-16,3.3418006896972656,3.4085661071516262,3.1696150411798234,3.1696150411798234,1831660,0.05432407780582493,0.125443885615657,0.016025796920650315,3.110579824447632,3.6239731884002686,1.074333686418317,0.9221372554283266,42.9799728294891,-0.14711565444003627,-0.17046459718314078,0.023348942743104506,0.039184028301017276,0.030194503924033837,1254292.1,1.4603137498833005,1
2018-10-17,3.4015378952026367,3.4718175414655406,3.341800447219009,3.341800447219009,295495,0.017875753538964867,0.1348184543763431,0.021097012591332343,3.1176077842712404,3.6071060562133788,1.0910730696670257,0.9430102254252705,49.40828253894014,-0.11788857350163928,-0.15994939244684048,0.042060818945201195,0.039367259062636065,0.030080839236905174,1197197.9,0.24682218370079,0
2018-10-18,3.3382856845855713,3.4050515892955313,3.3031456156825287,3.4015373561994062,321987,-0.018595180346593576,0.1501209321198913,0.017130655206518464,3.1232301712036135,3.5877791261672973,1.0688567609793167,0.9304602003612604,48.68803136460563,-0.09869216422873883,-0.14769794680322015,0.04900578257448132,0.03957495396096354,0.030154171815457098,1128243.2,0.2853879376361409,0
2018-10-21,3.3066601753234863,3.3382860142535717,3.2398942640201476,3.3382860142535717,121600,-0.009473577833111979,0.0891203153823581,0.05849272258196092,3.1415029048919676,3.567187170982361,1.0525726938448265,0.9269657062634231,47.44318023017228,-0.08505037805317173,-0.13516843305321047,0.05011805500003874,0.0357894797415481,0.030215520364420587,986804.9,0.12322597911704734,0
2018-10-23,3.278548240661621,3.3734260065392356,3.130960995825052,3.285576204701458,1004716,-0.008501609833285961,0.034368195875443375,0.11071417955680074,3.1741829395294188,3.547860245704651,1.032879422238869,0.9240917098216925,49.55488753956907,-0.0756356813581247,-0.12326188271419332,0.04762620135606861,0.02936318715096285,0.030204299550973545,941475.0,1.0671722562999548,0
2018-10-24,3.1731293201446533,3.229352790693009,3.1450172078606817,3.2785487986850623,2723625,-0.032154146524223104,-0.050473198498230065,0.06863913297835866,3.1945640802383424,3.52874418258667,0.993290239433203,0.8992233939210236,43.66197963740584,-0.0758070359390497,-0.1137709133591646,0.03796387742011491,0.032397968383828794,0.03080625494997364,1135134.6,2.399385059710099,1
2018-10-25,3.2082679271698,3.2328660494154184,3.1239321184385873,3.1731283629298255,390195,0.011073802382420617,-0.056818408022270006,0.07033987640438633,3.2156479597091674,3.5105417203903198,0.9977049625357512,0.9138953992585191,47.008531147949135,-0.07227431049544286,-0.10547159278642025,0.03319728229097739,0.03241483847310322,0.029959522152052866,1058101.2,0.36876907426246186,0
2018-10-28,3.183670997619629,3.2328667500937804,3.0782515280321605,3.2082686225168633,458463,-0.007666731740783694,-0.04631559476166791,0.09685239710091476,3.243759870529175,3.492409558296204,0.9814755483426881,0.9115972638595128,52.71568306972768,-0.07064501502088794,-0.0985062772333138,0.027861262212425866,0.03001148503417667,0.029446956834017112,922300.7,0.49708625397335165,1
2018-10-29,3.218810558319092,3.264492579655167,3.1309612519738654,3.1836709865849055,821212,0.011037434686478553,-0.026567476652117783,0.060185136832090036,3.2620325803756716,3.4769480228424072,0.9867499722974556,0.9257574565891015,63.868656698677746,-0.06576027423692432,-0.09195707663403592,0.0261968023971116,0.027216734140466204,0.02950447559412708,967191.0,0.8490691083767322,1
2018-10-30,3.250436305999756,3.3031460391012955,3.1977265728982167,3.2188104661388324,407467,0.009825290152266408,-0.008574506945852378,0.02549899859534066,3.270114779472351,3.464157099723816,0.9939823294288862,0.9383051092743169,64.38852643221908,-0.0586609416226902,-0.08529784963176677,0.026636908009076574,0.023886616317319607,0.029618963320071325,837642.0,0.4864452833071885,0
2018-10-31,3.215296745300293,3.303146049403691,3.1625870120343538,3.2504363161377516,194662,-0.010810721205212093,0.013288908487888884,-0.03785502372627514,3.257464385032654,3.4506633853912354,0.9870550726736684,0.9317909011098002,61.07149633362387,-0.05523344152063814,-0.07928496800954105,0.024051526488902908,0.015769451739934767,0.029233995699633218,673942.2,0.28884079376540006,0
2018-11-01,3.215296745300293,3.268006478566232,3.166100742912249,3.215296745300293,579591,0.0,0.0021908451195638,-0.05475204323462313,3.2388402700424193,3.437169671058655,0.9927308780985924,0.9354489457920695,67.58900721744286,-0.05191863726380941,-0.07381170186039472,0.021893064596585313,0.013955922229993386,0.029061328026598107,702351.8,0.8252146573839492,1
2018-11-04,3.2996323108673096,3.373425931647335,3.197726331872407,3.2152964929217513,661620,0.026229481210493955,0.036423774106804085,-0.011578809416085134,3.2349749326705934,3.4253626680374145,1.0199869796651992,0.9632942933770738,65.69043928528845,-0.042002279555662714,-0.06744981739944832,0.025447537843785603,0.01629465059730784,0.029508917601450732,736315.1,0.8985555233078882,1
2018-11-05,3.359369993209839,3.4437055658575004,3.334771866514439,3.2996325472575774,2544832,0.018104345185911752,0.04366812906322437,0.015940500411777636,3.2402459144592286,3.414750418663025,1.0367639006098373,0.9837819990736338,62.38540019402252,-0.0289889958133438,-0.05975765308222741,0.030768657268883615,0.01702675083155325,0.02737774125918878,978638.3,2.6003805491773617,1
2018-11-06,3.5174994468688965,3.5912930730112267,3.4085657474141953,3.359369996652642,1833085,0.047071163336779964,0.08216224399665584,0.07288323631896731,3.2641410350799562,3.4073007583618162,1.0776187085870614,1.032341931728992,61.682270843703535,-0.0058487288194846165,-0.04897586822967886,0.04312713941019424,0.02173912040668662,0.025215198646426212,1061475.2,1.7269221174456078,1
2018-11-07,3.528041362762451,3.5807510952626203,3.503443236255875,3.517499416262417,706374,0.0029969914857950197,0.0972677305506211,0.11184922100862194,3.2996322393417357,3.400061936378479,1.0692226002332559,1.0376403220819816,59.00004410173252,0.013188712729258256,-0.03654295203789144,0.04973166476714969,0.016976027229911265,0.02524328839809439,859750.1,0.8216038590748638,0
2018-11-08,3.5210132598876953,3.584265187738953,3.496415385688803,3.5280412239445216,422542,-0.0019920692962773767,0.09508189719479532,0.0974810520247873,3.3309067726135253,3.3926825523376465,1.0570734938717625,1.0378257339348256,64.13054420336377,0.027393142058301567,-0.023755733218652837,0.0511488752769544,0.01744768939571192,0.025360870221452864,862984.8,0.48962855429203384,0
2018-11-11,3.5139851570129395,3.563181409665686,3.4718173713217193,3.5210133726346378,195504,-0.0019960455573462266,0.06496264612261826,0.10375260497717265,3.3639381885528565,3.385162606239319,1.0446045557467962,1.0380550554753805,66.66674333203002,0.03764914951345988,-0.011474756672230295,0.049123906185690173,0.016912440501733763,0.023710008913693816,836688.9,0.23366391020605148,1
2018-11-12,3.6615724563598633,3.759964460313896,3.5139852044483093,3.5139852044483093,2034525,0.04199997801708988,0.08995807659199628,0.13755450655411927,3.4082143783569334,3.38059440612793,1.0743374828801324,1.0831149840757621,75.8294917835424,0.05702877866966638,0.0022259503961490415,0.05480282827351734,0.01971588559436915,0.023403669489925644,958020.2,2.1236765153803647,1
2018-11-13,3.7423946857452393,3.805646367440802,3.6721147880769953,3.6615725897878937,7549383,0.02207309300816762,0.06393611207999861,0.1513514905175688,3.457410216331482,3.3757451152801514,1.0824271496820366,1.108612930758743,89.70598897791258,0.07800970552456254,0.017382701421831744,0.0606270041027308,0.019866744084297824,0.022194502257802527,1672211.8,4.514609333578438,0
2018-11-14,3.7423946857452393,3.75996459732734,3.7177965581904573,3.7423946857452393,2699853,0.0,0.06075703228574114,0.16393446148178703,3.5101200103759767,3.370966091156006,1.0661728586722548,1.1101846131183892,89.17538789105616,0.09355875413709303,0.032617911964884,0.06094084217220903,0.01859802892460592,0.019455607413303086,1922730.9,1.4041762162349396,1
2018-11-15,3.781048536300659,3.837272505373482,3.6931987260030352,3.7423947303592358,407007,0.01032864083060292,0.07385239907368546,0.17595632248479376,3.5666951894760133,3.3676629638671876,1.0600985885917928,1.1227514679672008,92.92929673672765,0.1077583586027604,0.047646001292459286,0.06011235731030111,0.017919154370938266,0.0192826039172533,1905472.5,0.21359898922708148,1
2018-11-18,3.8759257793426514,3.932149744344636,3.8161880835766073,3.781048262537758,594445,0.02509283922993988,0.10300004301594123,0.17465384448361854,3.6243245363235475,3.367030439376831,1.0694201748484489,1.1511407007238124,93.48837502859892,0.12522394435439388,0.06316158990484622,0.06206235444954766,0.01785393763579436,0.018882451197589783,1898755.0,0.3130709333220979,1
2018-11-19,3.932149648666382,3.9672892175103787,3.8653837389773105,3.8759256850324553,926494,0.01450592001100337,0.07389644627584713,0.1705021050418023,3.6816025018692016,3.3712472200393675,1.0680538289155264,1.1663783140236343,93.69369837441782,0.14196584932689005,0.07892244178925499,0.06304340753763506,0.017851313730867336,0.018494461641962282,1736921.2,0.5334116481507624,0
2018-11-21,3.9426920413970947,3.9708036493891496,3.8337583351461233,3.9321500941476315,2265192,0.0026810761727464882,0.053521173599029304,0.11752999355709726,3.7645325899124145,3.38474093914032,1.0473257827444722,1.1648430743413074,98.1395020053149,0.16156619669194905,0.1073779832043642,0.054188213487584846,0.014693658655654558,0.015454465442460565,1709494.5,1.3250653921378512,0
2018-11-22,3.8302438259124756,3.9321498113410764,3.6721146285434285,3.942691757832346,2029791,-0.02852066920366747,0.013011017747989184,0.08782431169675387,3.7954556465148928,3.390011920928955,1.0091657452062512,1.1298614622165946,83.85641465013074,0.15710194232866082,0.11732277502922353,0.039779167299437285,0.019090823300999215,0.01780546448383483,1870219.4,1.085322395864357,0
2018-11-25,3.675628185272217,3.7599639987807705,3.6194042258199137,3.8302433825815965,284055,-0.040367049114275355,-0.0516773554173694,0.04599991776763268,3.8116199493408205,3.3938773012161256,0.9643217933907282,1.0830174042989509,67.99993160888206,0.13947996039946986,0.12175421210327281,0.017725748296197053,0.02453945370363125,0.020688995398749983,1879074.5,0.15116750293828157,1
2018-11-26,3.679142475128174,3.8267299625401643,3.6404881725248965,3.6756282419771265,337731,0.0009561059168166075,-0.06434322092090705,0.004798489986943322,3.813376951217651,3.398375196456909,0.9647990540125819,1.082618093188765,61.16499450297182,0.12436439129360499,0.12227624794133926,0.002088143352265731,0.02076441372096382,0.020718830835992956,1709395.1,0.1975733989175469,0
2018-11-27,3.6580586433410645,3.724824047493178,3.6018346821133216,3.6791425345490403,907726,-0.005730637486762391,-0.0697051307338411,-0.02253531481471216,3.804943346977234,3.4052626085281372,0.9613963493693384,1.0742368691858963,58.8516368967427,0.10942254981404309,0.11970550831588003,-0.010282958501836942,0.01939729854880007,0.020894827968679468,1045229.4,0.8684466778297664,0
2018-11-28,3.629946231842041,3.6721142649719454,3.5526388832333304,3.658058589048384,1290726,-0.007685063100395517,-0.0793229109124719,-0.030047192598769423,3.7936985015869142,3.4122202968597413,0.9568357185800677,1.0638077017426666,57.20924023837144,0.09422641269692456,0.11460968919208894,-0.020383276495164387,0.019456763972409273,0.020772774835280502,904316.7,1.4272942211506212,0
2018-11-29,3.6229190826416016,3.6861707651576294,3.584265527999428,3.6299467960257603,1035087,-0.0019358824488354687,-0.05412834082996876,-0.04182158788518753,3.7778855562210083,3.4176318311691283,0.9589806331416724,1.0600671054149935,57.2093124532951,0.08068623168379796,0.10782499769043075,-0.027138766006632786,0.018910967771138,0.020808094231891863,967124.7,1.0702725305226928,0
2018-12-02,3.601835250854492,3.6229191453916814,3.573723642811422,3.6229191453916814,242520,-0.005819570160461973,-0.020076278311664808,-0.07071614475926424,3.7504765033721923,3.4214972257614136,0.9603673686839389,1.0527073421937223,45.25145191601364,0.06747642542914223,0.09975528323817305,-0.03227885780903082,0.015894719244959842,0.020413991547893404,931932.2,0.2602335234258458,0
2018-12-03,3.5807509422302246,3.5912928882797215,3.52101324794974,3.601834834329219,466636,-0.005853768191997566,-0.026743061341901853,-0.08936554755878545,3.715336632728577,3.4251517772674562,0.9637756403248146,1.0454283999895921,35.802467584629255,0.054675960861545914,0.09073941876284763,-0.03606345790130172,0.013997363111845343,0.020281618499869446,885946.4,0.5267090650179288,0
2018-12-04,3.5491251945495605,3.605349159586524,3.5139851221490233,3.5807510335042005,550597,-0.00883215509564772,-0.029779032927698013,-0.09740841227818653,3.6770341873168944,3.4288063287734984,0.9652140866112893,1.035090598371329,33.91813840029488,0.041501167315694865,0.08089176847341709,-0.03939060115772222,0.01362409468305289,0.017622717358877642,941006.1,0.5851152293274188,1
2018-12-05,3.6967124938964844,3.7599644240163674,3.5139851705253884,3.549125243409692,644502,0.0415841344716652,0.018393182099714522,-0.06238872955784991,3.6524362325668336,3.4345692682266233,1.0121223913329034,1.076324920302223,44.05938814877065,0.0424794336613985,0.07320930151101337,-0.030729867849614872,0.021155324912999755,0.01986868427506452,778937.1,0.8274121235206283,0
2018-12-06,3.6475167274475098,3.791589985208874,3.584265053308374,3.6967122226603597,252898,-0.013307977434057983,0.006789454648259197,-0.04770638809696015,3.634163522720337,3.437239899635315,1.0036743543992146,1.0611760697397072,32.804271931792684,0.03883733693732916,0.06633490859627654,-0.02749757165894738,0.01988221087816899,0.02016300920866079,601247.8,0.42062191329431886,0
2018-12-09,3.570209503173828,3.6545450835460103,3.478845957770631,3.6475173698548504,1132438,-0.021194481081319272,-0.008780453707082025,-0.028680453186420762,3.6236216545104982,3.44033221244812,0.9852600087897738,1.037751380595099,23.589806040594212,0.029374293556897246,0.05894278558840069,-0.02956849203150344,0.01673605674702703,0.02080788144500214,686086.1,1.6505770922920608,1
2018-12-10,3.5842647552490234,3.68968420338114,3.549124687865195,3.570208577491618,609415,0.003936814369773112,0.0009813061772485643,-0.02578799829594669,3.614133882522583,3.444619269371033,0.9917354674053438,1.040540180193409,25.12561340630964,0.022746695135983153,0.051703567497917186,-0.028956872361934033,0.01683627204331161,0.01846971946314531,713254.5,0.854414518239983,1
2018-12-11,3.5877785682678223,3.6194044056524555,3.552639000291377,3.5842650890158234,609810,0.0009803441594689044,0.010890958081056779,-0.019212397045951235,3.6071058750152587,3.448976602554321,0.9946418798291151,1.0402443918032682,24.365401113886662,0.01757521484604352,0.044877896967542456,-0.027302682121498938,0.016826222614364183,0.017673680624357792,683462.9,0.892235701455046,1
2018-12-12,3.644002914428711,3.6896849356925054,3.566695052448334,3.5877789462593896,390727,0.015671074758672576,-0.014258501183091798,0.0038724217078931478,3.608511543273926,3.4560748529434204,1.009835460058577,1.054376154881379,35.35913051920619,0.017808330952559626,0.03946398376454589,-0.021655652811986267,0.017526949233443723,0.018107174552084722,593463.0,0.6583847687218917,1
2018-12-13,3.6861705780029297,3.7494225086473674,3.619404665174902,3.6440027917998585,916480,0.01157179743387493,0.010597305905289067,0.01745871048138592,3.6148366928100586,3.463173098564148,1.0197336397892482,1.0643910867554491,51.00675480609417,0.021151830056718612,0.03580155302298044,-0.014649722966261824,0.017834216761161353,0.018150825320297215,581602.3,1.5757846899848915,0
2018-12-16,3.6861705780029297,3.735366328573179,3.654544738350626,3.6861705780029292,960793,0.0,0.032480187710557384,0.023414543218885475,3.6232702255249025,3.47125527381897,1.0173601052537877,1.0619128491658052,50.67568992438544,0.023530334140526854,0.03334730924648972,-0.009816975105962869,0.017649274802011825,0.017079672487369833,653429.6,1.4703848739022536,0
2018-12-17,3.675628185272217,3.724823929870656,3.6545442947300284,3.6861701305433106,373489,-0.002859985046168023,0.025490145472483627,0.02649646528694327,3.6327579498291014,3.482289180755615,1.0118010162072957,1.055520663127308,51.724102433564546,0.024284693941169166,0.031534786185425615,-0.007250092244256448,0.017517565184406,0.016611700374541582,644114.9,0.579848409033854,0
2018-12-18,3.6475167274475098,3.6896845102069333,3.584265053308374,3.675628331280648,235840,-0.007648068957939236,0.016650458784731814,0.027722756314443542,3.6425971031188964,3.496204557418823,1.001350581518994,1.0432789808329743,51.72419924496095,0.022356458471995744,0.029699120642739642,-0.007342662170743898,0.017434344735147832,0.016621306396734866,612639.2,0.38495741049544335,0
2018-12-19,3.6194043159484863,3.6896844555187958,3.577236533814069,3.6475166733843785,440563,-0.007707274181219748,-0.006750433261956124,-0.020912683384396002,3.6348662853240965,3.509206285476685,0.9957462068307606,1.0314025513199012,49.6688003752787,0.018348372688852255,0.027428971051962167,-0.009080598363109912,0.011085873739697993,0.01657633396984489,592245.3,0.7438860215522183,0
2018-12-20,3.598320484161377,3.6545444459399947,3.5385830431599556,3.6194043755759293,874243,-0.005825221485813548,-0.023832346328679033,-0.013487599087875779,3.6299466609954836,3.5212241125106813,0.9912874265691184,1.021894764203385,49.6688003752787,0.013317135164182758,0.024606603874406288,-0.01128946871022353,0.01047784372237583,0.015565321348141075,654379.8,1.3359871438574356,0
2018-12-23,3.538583278656006,3.587778777224157,3.496415493020595,3.59832072363301,266103,-0.016601413289426215,-0.04003810898704607,-0.008858366571963705,3.6267840385437013,3.5339447402954103,0.9756807245895149,1.0013125667494756,46.29630250101773,0.004458159055660715,0.020576914910657176,-0.01611875585499646,0.009570609069580299,0.013305966330535834,567746.3,0.46870054459183613,0
2018-12-24,3.5174994468688965,3.644002805970034,3.4577617495155812,3.538583340052419,343290,-0.005958269207420597,-0.04302087437377977,-0.01862733724743737,3.6201075077056886,3.5435730600357056,0.9716560735783722,0.9926419992687984,47.16981615155762,-0.004215340534382328,0.015618463821649275,-0.019833804356031604,0.009532367857002412,0.013319993745183386,541133.8,0.6343902376824363,1
2018-12-25,3.524527072906494,3.5912929843457655,3.471817341249038,3.5174993600253264,688261,0.0019979039495949813,-0.033718736261171944,-0.017629709904830038,3.613782358169556,3.5506713151931764,0.9753014220512518,0.9926368171070039,29.411677505356636,-0.01040217100752061,0.0104143368558153,-0.02081650786333591,0.00957114458411577,0.013323083821280661,548978.9,1.2537112082085486,1
2018-12-26,3.5807509422302246,3.612376780378716,3.55966705013123,3.5245269786264193,389586,0.015952174053628587,-0.010679484894224212,-0.017357827006129756,3.607457160949707,3.5554503202438354,0.9925969408566859,1.0071160105493062,42.148728818311305,-0.010645764611562303,0.00620231656233978,-0.01684808117390208,0.009628191218640583,0.013810644269086403,548864.8,0.7098032156552943,1
2018-12-27,3.636974811553955,3.7072541987222887,3.5842650826728453,3.5807508494076252,1404987,0.015701697836798534,0.01074232480478643,-0.01334603632901532,3.6025375843048097,3.560159058570862,1.00955915835526,1.0215764946788441,58.260833652910115,-0.006230200057718349,0.003715813238328154,-0.009946013296046503,0.010324491857966156,0.014275643023094068,597715.5,2.350594890043842,1
2018-12-30,3.672114849090576,3.717796619963058,3.6158913824335204,3.636975276682358,465115,0.009661886418621313,0.03773588465191846,-0.0038130977975437963,3.6011320114135743,3.566835641860962,1.019711256752606,1.029516136374225,60.330629487951576,0.00010348114901503891,0.0029933468204655315,-0.0028898656714504926,0.010895433988827337,0.014346513013786021,548147.7,0.8485213018316049,0
2018-12-31,3.672114849090576,3.707254672838639,3.6545449372165444,3.672114849090576,572877,0.0,0.04395605587352991,-0.0009558464579518811,3.6007806777954103,3.574144735336304,1.019810751522595,1.0274107852392425,60.00006784843564,0.0050645877223924884,0.0034075950008509233,0.0016569927215415651,0.010859081087029277,0.014257400369738805,568086.5,1.0084326946688575,0
2019-01-02,3.8056459426879883,3.8829532936810227,3.6721143782278034,3.6721143782278034,2237128,0.03636353956371541,0.06280665818039011,0.05145643052887183,3.621864652633667,3.5946663999557495,1.0507421750066457,1.0586923845658769,63.07692147104015,0.022444556162876328,0.008092776590315922,0.014351779572560406,0.014916869531957632,0.013311664553554124,724159.0,3.089277354835057,1
2019-01-03,3.8618695735931396,3.8899819329146474,3.795104165408548,3.8056461116492453,1912977,0.014773741896083825,0.06183566664381024,0.07324225026420494,3.6482195615768434,3.6077384328842164,1.0585628163026328,1.0704405669747397,67.12328130525765,0.037290559874565865,0.013932333247165911,0.023358226627399954,0.014656063787611341,0.013143403410302342,828032.4,2.3102682938493713,1
2019-01-06,3.893495798110962,3.960261715590852,3.7951045414549607,3.861869956255153,2016996,0.008189355936326193,0.06028704387478845,0.10029791346037098,3.683710813522339,3.621934928894043,1.0569493630766384,1.0749767388283367,70.39481172691129,0.05101997032389738,0.021349860662512203,0.029670109661385176,0.01204968566683275,0.011885631077464744,1003121.7,2.010719138066697,0
2019-01-08,3.893495798110962,3.9532340020738546,3.851328008969883,3.893495798110962,1471591,0.0,0.06028704387478845,0.10468602384722181,3.758207321166992,3.6482898235321044,1.0359981409705625,1.0672112103038625,78.67658320457898,0.0684698768413563,0.03714911927533702,0.031320757566019285,0.011494511007432515,0.01194239942863419,1047125.7,1.405362317055154,0
2019-01-09,3.882953405380249,3.9426916024900827,3.8197017289247497,3.893495351456165,844125,-0.002707693362820063,0.020313887276034226,0.08439639283088529,3.7884275674819947,3.6616429567337034,1.0249512063288784,1.060440204373165,80.45115697036448,0.07254813258506543,0.0442289219372827,0.028319210647782728,0.011938497406272612,0.011715309428723555,1092579.6,0.7725981704216333,0
2019-01-10,3.8759257793426514,3.9286355109009254,3.8442999404076867,3.8829534922105955,1267227,-0.0018098661776008163,0.0036397411879536268,0.06570047365453169,3.812322664260864,3.6748555374145506,1.016683560307747,1.0547151418282863,90.67796171619895,0.07435597950850381,0.050254333451526925,0.024101646056976886,0.011999744231135019,0.011596254563119086,1078803.6,1.1746595951292709,1
2019-01-13,4.0059428215026855,4.0762224539834895,3.9005233727814796,3.875925250073407,3920338,0.03354477086557761,0.028880735776388944,0.09090891383606481,3.8457054615020754,3.6889817476272584,1.0416665710894104,1.085921019825944,96.64427513173544,0.08529675206232845,0.05726281717368724,0.028033934888641213,0.014768038396902607,0.013477363625168697,1424325.9,2.7524164237973907,0
2019-01-14,3.9883735179901123,4.0656813816498785,3.9040376895739897,4.005943681220849,1112754,-0.004385809856862322,0.024368260503885297,0.08612439476882372,3.877331328392029,3.7015618181228636,1.0286388188662055,1.07748396864886,93.4211436680098,0.09149499977087672,0.06410925369312513,0.027385746077751585,0.01512050504096528,0.013523987380018195,1478313.6,0.7527185030293978,0
2019-01-15,3.946204900741577,4.005942839965374,3.914578814639665,3.9883726804244035,310900,-0.010572885678416966,0.013537731992978808,0.07464092571039305,3.904740333557129,3.7101359272003176,1.0106190331859213,1.0636281198784536,85.13508495501141,0.09194462039141316,0.06967632703278273,0.022268293358630425,0.016110146112060946,0.013673574259816449,1509403.6,0.2059753931950341,0
2019-01-16,3.8653833866119385,3.9426912353088306,3.8232156062353404,3.9462049656670835,1741227,-0.02048082047499622,-0.0045249110494000044,0.015697057693642602,3.9107140779495237,3.716882767677307,0.988408589727083,1.039953000462113,70.96770804652745,0.08480178504512281,0.07270141863525076,0.012100366409872054,0.014697997759460455,0.0145226607326358,1459813.5,1.1927735974492633,0
2019-01-17,3.8126742839813232,3.8653840180627554,3.795104372620846,3.8653840180627554,467226,-0.013636190090012157,-0.016319067743360005,-0.012738723738420887,3.905794548988342,3.72271598815918,0.9761584323396789,1.0241646948379284,62.50002650336635,0.07403442967740848,0.0729680208436823,0.0010664088337261762,0.014626047661519734,0.014884113323318016,1315238.4,0.35524054042217745,0
2019-01-20,3.781048536300659,3.8653841129001276,3.728338549586147,3.8126743775254597,690849,-0.008294898888566826,-0.05614016355771778,-0.028880797011482495,3.894549822807312,3.7280572557449343,0.9708563783567576,1.0142141809850334,59.17162851553232,0.06223191862359201,0.07082080039966424,-0.008588881776072227,0.014378843832579551,0.01441688064915575,1182623.7,0.5841663751538212,0
2019-01-21,3.75996470451355,3.795104528679491,3.724824629007761,3.7810485990131144,304162,-0.005576186495542257,-0.057268661635198614,-0.03429593879674875,3.881196713447571,3.7300251007080076,0.9687642709492214,1.0080266494184875,57.14289037483847,0.05059384026366942,0.06677540837246528,-0.016181568108795855,0.014364830548206153,0.01440405094472463,1213039.9,0.25074360703221715,0
2019-01-22,3.7283382415771484,3.8021321163451978,3.66157233094512,3.7599643315290683,518097,-0.008411372292520758,-0.05520916035644441,-0.042418835179928616,3.8646809577941896,3.729743971824646,0.9647208352497847,0.9996231027496479,42.465745785490824,0.03837621099799193,0.06109556889757061,-0.022719357899578678,0.01439038734797204,0.014644798243173983,1117690.5,0.4635424565208347,0
2019-01-23,3.6931986808776855,3.7599645962096626,3.5842654804408824,3.728338504031441,1133461,-0.009424992697175005,-0.04454531116644944,-0.04886865864515344,3.845705485343933,3.7287600517272947,0.9603436079420397,0.9904629500540975,32.857165704105654,0.025563502759706314,0.053989155669997756,-0.028425652910291442,0.014467841616790088,0.014554920887278871,1146624.1,0.988520126168637,0
2019-01-27,3.8337581157684326,3.86538395570711,3.7669922023358358,3.693198575812256,739551,0.038058996289185076,0.013940466238855587,-0.04298231737358249,3.810214304924011,3.726159701347351,1.0061791303481264,1.0288764902862793,45.02923837388774,0.018179725267695623,0.0406264021488173,-0.022446676881121674,0.015853017987993615,0.016357503441155583,701822.7,1.0537575943325859,1
2019-01-28,3.8794400691986084,3.9145793880687787,3.7880760304893926,3.8337580498440005,725839,0.011915710916211353,0.03177566122938269,-0.027312749996996177,3.7993209600448608,3.7251055097579955,1.0210877443617719,1.0414309229728742,48.91305870891567,0.023924806031451862,0.03728608292534421,-0.013361276893892347,0.01665777179806869,0.016486524638159365,663131.2,1.0945631874959285,0
2019-01-29,3.858355760574341,3.882953130329473,3.8091595130252625,3.879439651232687,680752,-0.005434884480280955,0.0348727799284092,-0.022261677327177654,3.790536046028137,3.723629631996155,1.0178918532161876,1.0361813987676218,48.12835932017918,0.026471351172272062,0.035123136574729784,-0.008651785402457722,0.016464089927252436,0.01658096678175568,700116.4,0.9723411706967584,1
2019-01-30,3.8618695735931396,3.9321497178774365,3.7986178961489565,3.8583560941925557,786261,0.0009107021842578167,0.045670679346005105,-0.0009090464430951961,3.790184664726257,3.7220131826400755,1.018913302439859,1.0375754689976304,48.92471000218866,0.02844514397444442,0.03378753805467271,-0.00534239408022829,0.015152059358727498,0.01455310506784163,604619.8,1.3004221826675209,0
2019-01-31,3.851327419281006,3.8899817227548765,3.795103960374634,3.8618693649521645,582505,-0.0027298058909651646,0.04281620136551689,0.010138063841981237,3.7940499782562256,3.7224348545074464,1.0150966490565592,1.0346258752164554,35.52631226548753,0.028826432076894726,0.032795316859117116,-0.00396888478222239,0.014436228420692414,0.014192457229675971,616147.7,0.9453983192666304,1
2019-02-03,3.91809344291687,3.998915028796392,3.812673983074016,3.851327533676578,1350324,0.017335847194297704,0.021998082456366364,0.03624521222102439,3.807754468917847,3.727284159660339,1.0289774393017472,1.0511925775130382,43.97588194710116,0.034122720286782204,0.03306079754465013,0.001061922742132071,0.014851933269560457,0.014612805863201505,682095.2,1.9796708729221377,0
2019-02-04,3.8794400691986084,4.005943426777994,3.812674156914103,3.918093621563591,749847,-0.009865352698042229,0.0,0.03177566122938269,3.8197020053863526,3.731290111541748,1.015639456619395,1.0397047544490305,44.24249800977676,0.034799910920572774,0.033408620219834664,0.0013912907007381098,0.015206158780946907,0.014792949225224493,726663.7,1.0319037541024825,1
2019-02-05,3.921607732772827,3.9532335711815003,3.819701750776347,3.879439948227929,478530,0.01086952313273648,0.016393504415743942,0.05183797141589874,3.8390289545059204,3.7365610933303834,1.0215103296290544,1.0495232473979201,55.19486184014007,0.038297695423958444,0.034386435260659425,0.00391126016329902,0.014781743056554848,0.01499427186060922,722707.0,0.6621355542425907,0
2019-02-06,3.882953405380249,3.918093476973124,3.823215962289875,3.9216077103382494,225315,-0.009856755194953437,0.005459488308791505,0.051379506194740854,3.858004426956177,3.7416212368011474,1.0064668091746478,1.0377729758397276,56.66660032603405,0.03751814781638885,0.03501277777180531,0.002505370044583538,0.014829642684736305,0.01515821160523971,631892.4,0.35657178342388673,0
2019-02-07,3.8618695735931396,3.9005238791553447,3.8302437348710483,3.882953466074534,233160,-0.005429844138200468,0.002737278128926768,0.045670679346005105,3.874871516227722,3.746400246620178,0.9966445487082266,1.0308214070499095,57.823055151952644,0.03479793279249588,0.034969808775943426,-0.0001718759834475475,0.015134234678552943,0.0152038584982579,655208.4,0.3558562436012725,1
2019-02-10,4.009457111358643,4.1078488619034035,3.8583561317766057,3.861869611211415,2194390,0.03821660337124877,0.023318399566743198,0.04582944209952933,3.892441415786743,3.754552683830261,1.0300622881817345,1.0678920896825284,69.3988301162209,0.04404351739276269,0.03678455049930728,0.0072589668934554055,0.015173008779489988,0.015772792770108363,800692.3,2.740615839567834,1
2019-02-11,4.150016784667969,4.206240751700545,4.0762231578212464,4.009457244096282,3526198,0.035057033759290146,0.06974633211056513,0.06974633211056513,3.919499087333679,3.765938000679016,1.0588130503918816,1.1019875483663568,78.03737369574108,0.06199802607698901,0.04182724561484363,0.020170780462145377,0.01792842826570477,0.01754117053592298,1080728.2,3.262798176266706,0
2019-02-12,4.111363410949707,4.213268648751615,4.048111476694289,4.150016965836044,791896,-0.009314028285635989,0.04838721542470803,0.06557395587018244,3.944799852371216,3.777182765007019,1.0422235765594976,1.0884735176276457,77.6744272645912,0.07227495861186961,0.047916788214248836,0.024358170397620775,0.018263972157750507,0.017495379098551624,1091842.6,0.7252840290349543,1
2019-02-13,4.1148762702941895,4.150016340178292,4.0516245969144595,4.111362791119376,1495446,0.0008544268636352381,0.059728469724253275,0.0655140449152063,3.970100522041321,3.7855460405349732,1.0364665195375025,1.086996757200363,77.77775334672295,0.0797832682252313,0.05429008421644533,0.025493184008785967,0.018265900904588638,0.016670968082206666,1162761.1,1.2861162968042188,0
2019-02-14,4.055139064788818,4.146502346951577,4.01999899287108,4.114876508431452,410014,-0.014517375877525551,0.050045577022389764,0.052919843814749346,3.9904816865921022,3.7936984872817994,1.0162029006207354,1.0689144322838218,66.32125991670443,0.07999127482529778,0.059430322338215824,0.02056095248708195,0.019280844902631072,0.016719074062154463,1145512.0,0.35793077680548085,1
2019-02-17,4.111363410949707,4.146502732111999,4.06919537099948,4.055139441462686,1378407,0.0138649612904993,0.02541648326960977,0.04932755454881521,4.009808683395386,3.804521565437317,1.0253265767952617,1.0806518875592495,66.83677266617443,0.08372779450684176,0.06428981677194101,0.019437977734900747,0.01907090301715773,0.01665007012750651,1148320.3,1.2003680506214163,1
2019-02-18,4.125418186187744,4.164072488988085,4.079736673748507,4.111362761550728,450132,0.003418519316634727,-0.00592734915461135,0.06340557209328113,4.0344064950942995,3.8153446340560913,1.0225588797767682,1.081270129404277,69.58765825097935,0.08682228294291638,0.06879631000613609,0.018025972936780293,0.01837114670334504,0.016489221315716583,1118348.8,0.40249696695699944,1
2019-02-19,4.178128242492676,4.2519218667133964,4.083250725637463,4.125418510906446,1556245,0.012776900165275329,0.01623909756193176,0.06541207769867197,4.060058546066284,3.8271516275405886,1.0290807866652039,1.0917070053944093,71.6346663526492,0.0924621027853294,0.07352946856197476,0.018932634223354644,0.01843346883959222,0.01627665241972151,1226120.3,1.269243319762343,1
2019-02-20,4.2202959060668945,4.287061811514464,4.216782175611552,4.1781278731853435,1435731,0.010092477091862007,0.02561915081961086,0.0868778132179544,4.093792796134949,3.838677487373352,1.0309011999951196,1.0994140351589339,74.19361697204822,0.09919086810043076,0.07866174846966596,0.0205291196307648,0.017522744507112623,0.015894154745811562,1347161.9,1.0657449561184889,0
2019-02-21,4.206240177154541,4.234351779821209,4.174614341397265,4.220295852817975,544344,-0.003330507913473002,0.037261635162588735,0.08917199221748806,4.128229856491089,3.849078879356384,1.01889679678102,1.0927913687905193,70.29710020552793,0.10221105778619988,0.08337161033297275,0.01883944745322713,0.0173490011040964,0.01598645151947678,1378280.3,0.3949443375197338,1
2019-02-24,4.216782569885254,4.251921888442666,4.174614784400774,4.206240623514134,3503211,0.0025063696523970336,0.025640924529995557,0.05170910992893929,4.14896240234375,3.859691119194031,1.0163462960048015,1.0925181419091872,74.74232374650484,0.10425349348107638,0.08754798696259349,0.01670550651848289,0.01394174239985701,0.014184556618660912,1509162.4,2.3212949116675583,0
2019-02-25,4.216782569885254,4.251921888442666,4.157044371102586,4.216782569885254,163035,0.0,0.02214669630424515,0.01608807594801731,4.155638980865478,3.8705142068862917,1.0147134025119384,1.0894631422313068,73.07698473144423,0.10466561838753474,0.09097151324758174,0.013694105139953006,0.009176675095578624,0.01412302349123197,1172846.1,0.13900800795603105,0
2019-02-26,4.199212074279785,4.241379856413837,4.1640725071745495,4.216782234842114,221055,-0.004166801421290001,0.005046238545930892,0.02136728246793096,4.164423847198487,3.881548113822937,1.0083536710857857,1.0818395009263406,75.56824205313089,0.10239410271452254,0.0932560311409699,0.009138071573552634,0.008621876462264706,0.014079935978103256,1115762.0,0.19812020843154723,0
2019-02-27,4.1640729904174805,4.213268490609899,4.150016810068429,4.1992125616006835,66811,-0.008368018390290888,-0.013322031653892008,0.011955820027554243,4.169343519210815,3.892441487312317,0.9987358852133316,1.069784351027643,73.8890243769132,0.096644423030531,0.09393370951888212,0.0027107135116488795,0.009246463189766362,0.014348990206474328,972898.5,0.06867211738942963,1
2019-02-28,4.209754467010498,4.294089788897635,4.083250855830206,4.164072949519055,2303884,0.010970383251720506,0.0008354943388739766,0.03812826138669845,4.184805059432984,3.904670166969299,1.0059619043714536,1.0781331807797732,68.87428466670501,0.09468243368404927,0.09408345435191555,0.0005989793321337228,0.007828197157010287,0.014344319815494042,1162285.5,1.9822014470627054,1
2019-03-03,4.304632186889648,4.39248199775586,4.206240931559964,4.209754662601172,645150,0.022537589928974366,0.020833328621633118,0.0470084389585248,4.204131937026977,3.919991145133972,1.0239051132000727,1.098122936382942,65.94212589211438,0.09963485348917,0.09519373417936644,0.004441119309803565,0.009393894444466856,0.014632504943085182,1088959.8,0.5924461123358272,0
2019-03-04,4.139474391937256,4.287061881067628,4.005943081555316,4.304631538988603,1036234,-0.03836745807351516,-0.018333451314304194,0.003407219611474277,4.205537557601929,3.9324306440353394,0.9842913861165603,1.0526503240981395,52.298783792741744,0.08920453375636228,0.09399589409476561,-0.004791360338403328,0.01655985238086612,0.01728512160057773,1147570.0,0.9029810817640754,0
2019-03-05,4.058652877807617,4.128932516036369,4.041082716910617,4.139474461770682,525000,-0.01952458367348775,-0.03347275488492096,-0.028595427844928856,4.1935900211334225,3.943113160133362,0.9678230006639191,1.0293016489717854,45.9183892472478,0.07356875467608504,0.08991046621102951,-0.016341711534944472,0.017035017586747477,0.01791753108826055,1044445.5,0.5026590664615818,1
2019-03-06,4.1219048500061035,4.178128058543102,4.06568088744966,4.058652923547582,480517,0.015584474480274668,-0.010126657363695557,-0.023313781367640285,4.183750915527344,3.9539362382888794,0.9852175555452625,1.042481365807233,54.822340270181655,0.06552585141619094,0.0850335432520618,-0.019507691835870866,0.01757554903284192,0.017944178198521312,948924.1,0.5063808580686274,1
2019-03-07,4.329229831695557,4.392481507494788,4.164072678219787,4.121904894353633,2622975,0.05029834244940079,0.028380601676729622,0.029239807847638577,4.1960498809814455,3.9677813386917116,1.031739363089497,1.0910958699964612,62.91663957436342,0.07501644311182787,0.08303012322401503,-0.008013680112187158,0.024149976905714462,0.02066362424231074,1156787.2,2.267465442217895,1
2019-03-10,4.346799373626709,4.392481389595368,4.322201751704833,4.329229715493887,303186,0.0040583527819475496,0.009795769976697732,0.030833177093357422,4.209051561355591,3.981275029182434,1.0327265680315767,1.091810875100316,63.070546661741794,0.08299876253611682,0.0830238510864354,-2.508855031857493e-05,0.02415038913844467,0.019215433010120162,836784.7,0.36232259026724556,1
2019-03-11,4.39599609375,4.462761505558429,4.3222022147199715,4.346799839276864,566427,0.011317918287598427,0.06196963129241473,0.042500062759845525,4.226972913742065,3.9957526540756225,1.039986814076436,1.100167221128198,62.916702475563255,0.09223138633949901,0.08486535813704812,0.007366028202450886,0.024243461227060746,0.01789851315473092,877123.9,0.6457776375720693,1
2019-03-12,4.508443832397461,4.547097388661519,4.462761808434801,4.395996392095172,1837213,0.025579581111851546,0.11082272077251631,0.073640424119497,4.257896089553833,4.01247923374176,1.05884308531115,1.1236055241071488,65.76927573385886,0.10738404355517162,0.08936909522067284,0.01801494833449878,0.024887267183794352,0.01832698362417355,1038739.7,1.768694312925558,0
2019-03-13,4.438163757324219,4.515470862451394,4.392481737734893,4.50844340078498,636240,-0.015588544004521698,0.07672639685451421,0.06582275755912215,4.285305166244507,4.025129590034485,1.0356704097257259,1.102613880634386,61.95653082405786,0.11242564599972571,0.09398040537648342,0.018445240623242293,0.025493220879083456,0.01887300130150012,1095682.6,0.5806791127284489,1
2019-03-14,4.448705196380615,4.511957374533378,4.392481484848943,4.438163501808242,2130562,0.0023751802846392334,0.027597371664203285,0.056761203353459466,4.309200239181519,4.0368663024902345,1.032373746740902,1.1020194534647652,61.956493415505335,0.11593532799924855,0.09837138990103644,0.017563938098212106,0.025477634383278974,0.018374096028202194,1078350.4,1.9757603836378232,0
2019-03-17,4.427621364593506,4.462761184777286,4.374911885657654,4.448705256703774,35922,-0.004739318713288254,0.018593448654926847,0.028571355777721852,4.321499156951904,4.047548813819885,1.02455680396718,1.0939019066245494,60.638275860243745,0.11568197742327335,0.10183350740548383,0.013848470017789521,0.02494436841664622,0.01836203918551297,1017427.6,0.035306689144269335,0
2019-03-18,4.3362579345703125,4.455733326018064,4.304631844317846,4.427621469206828,438885,-0.02063487875313863,-0.013589220259913382,0.047538292063443066,4.34117751121521,4.056404056549073,0.9988667644591386,1.0689906316333095,56.43566529148432,0.10687691942117716,0.1028421898086225,0.0040347296125546606,0.02214187854411015,0.019163501971687088,957692.7,0.45827330624948903,0
2019-03-19,4.244894504547119,4.441677507075388,4.181642573823201,4.3362580414352445,2788977,-0.021069648393101548,-0.058456828486248225,0.04588754750568991,4.3598016738891605,4.063432030677795,0.9736439457716116,1.044657440434424,53.60500793975907,0.09147214828468009,0.10056818150383402,-0.009096033219153934,0.022335582446829996,0.019710566343324926,1184090.4,2.3553750625796814,0
2019-03-20,4.202726364135742,4.280034221720421,4.171100525217394,4.2448944007000335,246396,-0.009933848854478344,-0.05304837902836246,0.01960780684433283,4.367883825302124,4.069827489852905,0.9621882202521816,1.032654670158425,49.68552895527509,0.07499662524424178,0.09545387025191557,-0.02045724500767379,0.022413759570492887,0.019731761592769532,1160678.3,0.21228621229500025,1
2019-03-21,4.216782569885254,4.244894426874907,4.199212407926893,4.2027263900506,446668,0.0033445445959701114,-0.052132613031775965,-0.025973964465236588,4.356639099121094,4.076644625663757,0.9678980686593813,1.0343758058623223,45.762717321905974,0.06235508229235709,0.08883411266000388,-0.02647903036764679,0.014853430873550587,0.019729356256433853,943047.6,0.4736431119701699,0
2019-03-24,4.216782569885254,4.353828124049642,4.199212407926893,4.216782569885254,698035,0.0,-0.047618975821707155,-0.029910928148721316,4.343637418746948,4.080861420631408,0.9707952490891172,1.0333069749849078,54.43550924352827,0.051740140295383874,0.08141531818707988,-0.029675177891696006,0.014708178915098333,0.019722623036885756,982532.5,0.7104446926691992,0
2019-03-25,4.1219048500061035,4.216782362684164,4.041082762452571,4.216782362684164,578440,-0.02250002657398864,-0.049432733891428327,-0.062350201842441444,4.316228294372559,4.083532047271729,0.9549784137646723,1.0093969637779658,53.57143818713346,0.03526536603052577,0.07218532775576907,-0.0369199617252433,0.01495274279775297,0.02036490638065137,983733.8,0.5880046004315395,1
2019-03-26,4.1886701583862305,4.251921835830288,4.0621668034981155,4.121905001541596,627193,0.016197683063942758,-0.013245169249945121,-0.07092772714907791,4.284250926971436,4.088381352424622,0.9776902029749289,1.0245301984615824,53.75491633184925,0.027281902348717857,0.06320464267435882,-0.03592274032564097,0.012879714566522746,0.020701469109624067,862731.8,0.7269849100264995,0
2019-03-27,4.167585849761963,4.269492073932404,4.132446535148097,4.1886697401380415,249360,-0.005033652168112135,-0.0083613614899255,-0.060966183844777255,4.25719313621521,4.094425401687622,0.9789515571443135,1.0178683065135796,38.49996675428157,0.019034207866178043,0.054370555712722674,-0.03533634784654463,0.012549133967769601,0.020643223599928685,824043.8,0.3026052741371272,0
2019-03-28,4.1148762702941895,4.181642176868157,4.076222721235273,4.1675859981106305,1402081,-0.012647508981916689,-0.024166837607146885,-0.0750395702457477,4.223810243606567,4.100469441413879,0.9742095484811925,1.0035134584188836,34.28573090164697,0.008150672141788107,0.04512657899853576,-0.036975906856747655,0.012305434828183748,0.020672811685251122,751195.7,1.8664656893004048,0
2019-03-31,4.104334354400635,4.157044082598109,4.058652841302634,4.11487630004013,204103,-0.0025619034938323404,-0.02666682799527864,-0.07301595677943695,4.1914815425872805,4.106935157775879,0.979208500073019,0.9993667288926343,29.145661481769892,-0.0013101502450894031,0.035839233149810724,-0.03714938339490013,0.01238269885315341,0.019920906587776455,768013.8,0.2657543393100488,0
2019-04-01,4.079736709594727,4.146502113595534,4.0727084945348535,4.104334331275145,251884,-0.005993089909825389,-0.010230255657481924,-0.059157280043352634,4.165829420089722,4.1133305978775025,0.9793335967911185,0.9918329228630175,14.94243013161055,-0.010669750273511802,0.02653743646514622,-0.03720718673865803,0.011488244494122755,0.018054602182351175,749313.7,0.33615293567967597,1
2019-04-02,4.1219048500061035,4.178128058543102,4.083250545865042,4.079736815253818,536520,0.010335995534272113,-0.01593950009323475,-0.028973547966685498,4.15353045463562,4.121201930046081,0.9923858498270501,1.0001705618826628,22.89152490000515,-0.014517337382353723,0.018326481695646234,-0.03284381907799996,0.011206134568655176,0.017634741602949595,524068.0,1.0237602753841104,1
2019-04-03,4.244894504547119,4.3292300770592345,4.185156807351038,4.121905127966951,1569948,0.029838062501814866,0.018549984948617704,0.010033520328904144,4.157747268676758,4.13223584651947,1.0209602051877715,1.027263365938452,35.353572735608935,-0.007555248431509121,0.013150135670215163,-0.020705384101724282,0.01487976341177769,0.018524183558552423,656423.2,2.3916704954974173,0
2019-04-04,4.244894504547119,4.287062290803177,4.199212484763225,4.244894504547119,810982,0.0,0.031597118774031596,0.006666678728618924,4.160558462142944,4.143269762992859,1.0202703659067769,1.0245276671246364,36.45836719866452,-0.0020145206388937353,0.010117204408393385,-0.01213172504728712,0.014861233484711009,0.01455937539897931,692854.6,1.170493780368926,0
2019-04-07,4.1921844482421875,4.216782574474734,4.135960482861861,4.244894431494984,1493973,-0.012417282985117462,0.021404224474879996,-0.0058333862928426905,4.158098649978638,4.150438289642334,1.0081974481927514,1.0100582530534266,38.67403977640765,-0.0018553279067381467,0.0077226979453670795,-0.009578025852105227,0.015439627776991448,0.014730189705454878,772448.4,1.9340748197549507,0
2019-04-08,4.1921844482421875,4.216782574474734,4.146502429244454,4.1921844482421875,609562,0.0,0.02756249891886564,0.017050271850884702,4.165126609802246,4.156693177223206,1.0064962823401966,1.0085383427416432,45.161273378139526,-0.001709460918219996,0.005836266172649665,-0.007545727090869661,0.013375269121224033,0.014417573995822351,775560.6,0.7859630827043045,1
2019-04-09,4.2202959060668945,4.251921490883401,4.19218405170573,4.19218405170573,1944468,0.0067056824841031926,0.02387028804428737,0.00755030749254515,4.1682891845703125,4.163931980133056,1.012476754657305,1.0135362263847636,51.65559224065264,0.0006668128270996831,0.0048023755035396685,-0.004135562676439985,0.01254905166651077,0.013051563793592992,907288.1,2.1431648888594483,1
2019-04-10,4.241380214691162,4.2870622338683715,4.213268357560467,4.220296321843141,559317,0.004995931350206373,-0.0008278862648276597,0.01770674140603834,4.175668621063233,4.171522192955017,1.015736783636628,1.0167464101843025,52.28755677318133,0.004202905904404197,0.004682481583712574,-0.0004795756793083772,0.012429219258355119,0.012834366344457487,938283.8,0.5961064232378306,0
2019-04-11,4.223810195922852,4.28706186908487,4.181642162475032,4.241379853794716,702066,-0.004142523866983661,-0.004966980593200221,0.026473195905079683,4.186562013626099,4.178971848487854,1.008897081226916,1.010729516508043,50.63287986533374,0.005523855896223395,0.004850756446214738,0.000673099450008657,0.011591585823455234,0.012795118401230725,868282.3,0.8085688260603723,0
2019-04-14,4.206240177154541,4.244893976413434,4.195698231902115,4.223810085908584,340110,-0.004159755754477468,0.0033528412420515963,0.024828830683504943,4.196752595901489,4.184734783172607,1.0022606958681142,1.00513901002004,58.82348832707731,0.0050942413624710525,0.004899453429466001,0.00019478793300505177,0.011682468566210772,0.012790465843903396,881883.0,0.3856634043291457,0
2019-04-15,4.195698261260986,4.216782151913369,4.181642082819596,4.206240206587178,408754,-0.0025062562881719153,0.00083818187443363,0.02842378318030714,4.208348751068115,4.191059947013855,0.9969939540291384,1.001106716273633,50.8333474684081,0.0038586441908146085,0.004691291581735723,-0.0008326473909211147,0.011449993628661994,0.012057823862180942,897570.0,0.45540069298216296,0
2019-04-16,4.18515682220459,4.262464179275236,4.128932855657136,4.195698768806019,998673,-0.002512439741848449,-0.008326213290350215,0.015345325644378294,4.214673948287964,4.196330928802491,0.9929965813618004,0.9973371722136583,52.13688001252588,0.002005698058199279,0.0041541728770284345,-0.0021484748188291556,0.011237406106692922,0.011159462624554016,943785.3,1.058156977015853,1
2019-04-17,4.202726364135742,4.234352203054091,4.167586291775529,4.185156704965374,487623,0.004198060593078923,-0.009113507537365284,-0.009933848854478344,4.210457134246826,4.2027263879776005,0.9981639119305589,0.9999999943270497,61.68231410450704,0.0019326615777721656,0.003709870617177181,-0.0017772090394050154,0.005568922787806172,0.010986722206430113,835552.8,0.5835932809991181,1
2019-04-18,4.209754467010498,4.280034362706141,4.128932876001317,4.202726502574917,2115753,0.0016722722979851667,-0.0033277368679873742,-0.008278188656745011,4.206943130493164,4.209684085845947,1.000668261117427,1.00001671887085,64.15102310433821,0.0024140610138534413,0.003450708696512433,-0.0010366476826589918,0.005626559168488924,0.010966731549323655,966029.9,2.190152706453496,0
2019-04-21,4.171100616455078,4.216782636120645,4.153530956900395,4.209754420423009,1582756,-0.009181972691834739,-0.008354149839164493,-0.0050293187352359325,4.204834747314453,4.212916955947876,0.9919772992551205,0.9900742549805638,61.81821546204804,-0.00031978290262646425,0.002696610376684654,-0.003016393279311118,0.004936042114411538,0.011156118625717928,974908.2,1.623492345227992,0
2019-04-22,3.9216792583465576,4.02912270240706,3.8756321856615723,4.554827056689512,479538,-0.05979749256696132,-0.06530951127836215,-0.06452607065251015,4.1777842283248905,4.208350205421448,0.9386983731131994,0.9318804440976457,33.14008230333707,-0.02235489963328252,-0.002313691625308781,-0.02004120800797374,0.01937488180564406,0.016746450597004265,961905.8,0.4985290659438793,0
2019-04-23,3.7720255851745605,3.93319059641028,3.6453961491382025,3.9216788294978837,700000,-0.03816061011452865,-0.09871344243019464,-0.10621774654424632,4.132957196235656,4.201563448905945,0.9126698889139631,0.8977671362208673,11.893420638031344,-0.051302308041297096,-0.012111414908506445,-0.03919089313279065,0.0211019126529411,0.017945847192595413,837459.0,0.8358618153246905,0
2019-04-24,3.6530706882476807,3.7566768734949765,3.5878376114748134,3.7720258973149914,560788,-0.03153607902194944,-0.13078550166353597,-0.1387070945457125,4.074126243591309,4.192327337265015,0.8966513234571566,0.8713705763803421,9.98003103846662,-0.08288653936320944,-0.026266439799447046,-0.0566200995637624,0.02119480820297658,0.01889643771704154,837606.1,0.6695127936627969,0
2019-04-30,3.614698648452759,3.6645824265408726,3.591674838446335,3.6530706587687574,378894,-0.01050405072049898,-0.04170887316887617,-0.13630508914868678,3.850426769256592,4.1544045734405515,0.9387787030035256,0.870088260436122,3.6393678216670935,-0.1474608214104398,-0.08888082940131369,-0.05857999200912613,0.0215710416103922,0.01862387024979643,630535.2,0.6009085614887163,0
2019-05-02,3.622372627258301,3.676093931897791,3.580162815106993,3.6146983904202368,272920,0.002122992689536307,-0.008403358053852839,-0.13952876452894858,3.732885813713074,4.130615277290344,0.9703947048021685,0.8769571562797669,4.977033657494829,-0.15759986875580845,-0.11311988494812206,-0.04447998380768639,0.021247391973401267,0.016721436944083606,397489.6,0.6866091590824012,0
2019-05-05,3.5072546005249023,3.5878372417379034,3.45353329715318,3.6223725417739754,367093,-0.03177973073977458,-0.03991603233736596,-0.1591536807602506,3.666501212120056,4.116424717903137,0.9565671460659156,0.8520147557347922,4.285814702798007,-0.16743443899235766,-0.12398279575696919,-0.04345164323538847,0.02178941926312795,0.017545413297773454,275923.3,1.330416822356068,1
2019-05-06,3.52260422706604,3.5878375776867757,3.4535336205264375,3.50725492892838,1516810,0.0043765361484850995,-0.03571419014730959,-0.10176126220194104,3.6265937089920044,4.102541151046753,0.9713258527780142,0.858639583948416,6.284185585115637,-0.17200703020583274,-0.1335876426467419,-0.038419387559090856,0.0166068294887343,0.01768673837864498,379650.5,3.9952798692481637,1
2019-05-07,3.618535041809082,3.6453961054113115,3.5686509935825685,3.5226039264853233,1017429,0.027232924438673756,0.0010613314495706572,-0.04069180865812583,3.6112446546554566,4.090927610397339,1.0020188017846499,0.8845267837573947,15.066861623897154,-0.16597675000662226,-0.14006546411871795,-0.025911285887904312,0.017382634904362287,0.019151177255646246,411393.4,2.4731291265246353,0
2019-05-08,3.549464225769043,3.6262098818649244,3.4765566484181996,3.6185348222234612,1114099,-0.019088060566495813,-0.018046987875915743,-0.028361472120413844,3.6008840084075926,4.0786354351043705,0.9857202335541797,0.8702577816147017,13.243658622044322,-0.16487062121548757,-0.14502649553807187,-0.019844125677415697,0.015540413917965162,0.01908220793395309,466724.5,2.387059175166506,0
2019-05-09,3.5149292945861816,3.5878374284747188,3.4535334768998536,3.5494645964197185,1017586,-0.00972961804548933,-0.029661038144891405,-0.037815143874963764,3.587069869041443,4.064738931655884,0.97988871778666,0.8647367896649337,13.30467055853211,-0.1648800519012319,-0.14899720681070389,-0.01588284509052801,0.01565231599528171,0.019053031131614155,568483.1,1.7900022005931224,1
2019-05-12,3.5839996337890625,3.626209992950814,3.5187665651570166,3.5149290352187252,365985,0.019650562903005042,0.02188179701943338,-0.018907669835359964,3.580162763595581,4.050326280593872,1.0010717027260594,0.8848668935539595,26.34399353019127,-0.15749858105591574,-0.15069748165974628,-0.006801099396169463,0.01731842156023347,0.02008518998323409,605081.6,0.6048523042181418,1
2019-05-13,3.599349021911621,3.645396088799027,3.5264408915443926,3.5839997251536504,945087,0.004282753820019414,0.021786380160425,-0.014705892910555463,3.574790596961975,4.039523773193359,1.006869891895351,0.8910330088406022,35.09931349587127,-0.14869606916384415,-0.15029719916056586,0.0016011299967217119,0.01741976545622615,0.020235763907025205,699590.3,1.3509149569397974,1
2019-05-14,3.60318660736084,3.645396144861264,3.572488013372788,3.599349077265704,518952,0.0010661887540932558,-0.004241615535266141,-0.0031847858456600653,3.573639392852783,4.030414447784424,1.0082681018591722,0.8939990301348693,44.62812081663839,-0.13979883999132703,-0.1481975273267181,0.008398687335391064,0.017125483026599417,0.020297334885892127,713596.1,0.7272349162222159,0
2019-05-15,3.52260422706604,3.580163065849042,3.488068923796239,3.6031868758244356,278701,-0.02236419843762205,-0.007567338898079257,-0.025477759100648423,3.5644299507141115,4.018428435325623,0.9882658028839388,0.8766124079998939,38.02818195581233,-0.1376631512900368,-0.14609065211938185,0.008427500829345042,0.018503264856539036,0.020377092132480516,741466.2,0.37587822614166366,1
2019-05-16,3.5648140907287598,3.6453964661225493,3.4957432087861724,3.522604275046299,380874,0.011982573386586814,0.014192261625123548,-0.015889733733192912,3.5586740970611572,4.003140120506287,1.0017253599234257,0.8905044498612027,42.48368003736079,-0.13105391145934941,-0.14308330398737537,0.012029392528025956,0.01902766980244975,0.020776794829492226,752261.6,0.5063052533852586,1
2019-05-19,3.5878376960754395,3.645396536757723,3.5149295567490113,3.5648141598025256,225576,0.0064585711234026455,0.001070888024148342,0.022976117997956846,3.566732406616211,3.9879608869552614,1.0059172618108605,0.8996672228685499,44.654114839023805,-0.12254559935398301,-0.1389757630606969,0.01643016370671388,0.015825129268594737,0.021025652374918866,738109.9,0.30561302591931094,1
2019-05-20,3.607023239135742,3.6530703057747025,3.553301935852455,3.587837235831675,551836,0.005347383211143919,0.0021321125507427485,0.023964943725742982,3.5751743078231812,3.9721814298629763,1.008908357626891,0.9080711198179509,49.35057285070539,-0.11295254114292863,-0.13377111867714325,0.020818577534214622,0.015841661495962226,0.017152367694161598,641612.5,0.8600767597264705,1
2019-05-21,3.622372627258301,3.645396161159014,3.587837326407231,3.6070233301956516,1038121,0.004255417030869069,0.0053247366812105845,0.001060535660116324,3.575558066368103,3.954460005760193,1.0130929382270528,0.9160220667251248,50.632867587985444,-0.1029249512852557,-0.12760188519876575,0.024676933913510057,0.01331854178775683,0.015224360347642373,643681.7,1.612786257555559,0
2019-05-22,3.5878376960754395,3.626210530992497,3.5494648611583814,3.6223730004848096,262839,-0.00953378758523804,0.01851853481244814,0.010811059885547092,3.5793954133987427,3.9374534845352174,1.0023585778327522,0.911207639700905,47.27275671295355,-0.09665056683260254,-0.12141162152553311,0.02476105469293058,0.012066047124122393,0.013688472272963494,558555.7,0.47056900502492416,1
2019-05-23,3.6338841915130615,3.7106290257724908,3.5648135936636334,3.5878371262801094,804043,0.012834051966171822,0.019375512726999444,0.033842756697865406,3.591290903091431,3.921157064437866,1.0118601610315014,0.9267377286336813,61.22452084931559,-0.08696008288940282,-0.11452131379830707,0.02756123090890425,0.011916022191423844,0.014025183767310273,537201.4,1.4967254366798002,1
2019-05-26,3.6837692260742188,3.791212116638945,3.6453963926738426,3.6338846249923873,642891,0.013727744730463343,0.026737979285884172,0.027837500691839656,3.601267862319946,3.9062800216674805,1.0229089773125415,0.9430376741147507,63.461577524228744,-0.07439739233769327,-0.10649652950618432,0.032099137168491054,0.011140384685378327,0.014365696068740757,564892.0,1.1380777210511035,1
2019-05-27,3.7067925930023193,3.7912119443681616,3.6569079941872196,3.6837690586855865,208002,0.006249948222906587,0.02765974801162696,0.02985083425825552,3.6120122194290163,3.8936907148361204,1.026240324731871,0.9519997515155316,58.39423010202901,-0.06187037312100463,-0.0975712982291484,0.035700925108143766,0.01118663801006649,0.014421728219873822,491183.5,0.42347106529433504,1
2019-05-28,3.7451648712158203,3.787374958541079,3.683769054240791,3.7067925885297437,1283650,0.010351881647206351,0.03389829169796332,0.03940352785640844,3.6262100458145143,3.8836961221694946,1.0328041740269864,0.9643300488514306,69.7675370700924,-0.04828964500974697,-0.08771496758526812,0.03942532257552114,0.011391573819571192,0.01431271110783901,567653.3,2.261327468720784,0
2019-05-29,3.6952810287475586,3.8142356881201622,3.5993493560314955,3.7451650813773765,809521,-0.013319531765251136,0.029946542116340957,0.049019643011483094,3.643477725982666,3.873547215461731,1.0142180923449782,0.9539785687902289,67.66927655121509,-0.04107850192848339,-0.07838767445391118,0.037309172525427786,0.009224816304954163,0.014708811448188969,620735.3,1.3041323733320789,0
2019-05-30,3.6530706882476807,3.6837692848121018,3.580163099564806,3.695281052677113,1160967,-0.01142276870730563,0.005279886678675405,0.02475769991721455,3.652303385734558,3.8622729778289795,1.0002100872879618,0.9458344112955751,57.14290645444275,-0.0383278215265892,-0.07037570386844678,0.032047882341857584,0.010134327038262189,0.014973854979598468,698744.6,1.6615040745932061,0
2019-06-02,3.599349021911621,3.645396088799027,3.549464424988096,3.65307032548476,131704,-0.014705892910555463,-0.022916800424158,0.0032084299266863514,3.6534545183181764,3.849924306869507,0.9851905925924973,0.9349142307783095,50.0,-0.040021434805172174,-0.06430485005579187,0.024283415250619694,0.011351475740413577,0.013443418242991011,689357.4,0.19105329107948937,1
2019-06-03,3.618535041809082,3.6837689357878523,3.5571392268082573,3.599349038314066,827188,0.005330413855578531,-0.02380968154513141,0.0031914966747201845,3.6546056985855104,3.8398569107055662,0.9901300824900511,0.9423619488842315,51.42851943998913,-0.039361746358620664,-0.05931622931635763,0.01995448295773697,0.01135065163649312,0.013456284794031638,716892.6,1.1538520553845861,0
2019-06-09,3.787374973297119,3.806561251945999,3.702955072779871,3.6185351722626224,1469373,0.04665974753242286,0.05223887715274622,0.02812492880649664,3.6661173343658446,3.8012071800231935,1.0330752204231481,0.996361101599837,66.66672542084886,-0.020900771487138314,-0.042904650690067644,0.02200387920292933,0.017609925926757367,0.0143417279441638,589040.5,2.4945194770138897,1
2019-06-10,4.036797046661377,4.163426774351284,3.7912123780606026,3.7873753963643977,1747291,0.06585618670525295,0.1155887672827911,0.08902695399846206,3.6991177797317505,3.8003483867645262,1.091286432884036,1.0622176273944595,76.73271377134114,0.010941203678094258,-0.03213547981643527,0.043076683494529526,0.026637984773201603,0.020111460367162378,742969.4,2.3517671118083734,0
2019-06-11,3.9792377948760986,4.075169463428631,3.9216789584218885,4.036796631330309,1096198,-0.014258643949633942,0.09968198425589492,0.06250003183018471,3.7225250720977785,3.7974950456619263,1.0689619862341593,1.0478585875765096,74.51919759475578,0.031172312811253544,-0.019473921290897506,0.05064623410215105,0.027605669264611176,0.020593042548437603,724224.2,1.5136169158666612,1
2019-06-12,3.9907491207122803,4.044470695460223,3.9140042883916566,3.979237354694864,351928,0.0028928469293802994,0.1028631959073445,0.07995821959578131,3.7520718812942504,3.7924121379852296,1.0636121180428184,1.0522983725161317,73.3668057726376,0.04758593926078847,-0.00606194918056031,0.05364788844134878,0.026781752674771786,0.01956423704239882,678464.9,0.5187121691925404,0
2019-06-13,3.9869117736816406,4.029122133271505,3.925516234365188,3.9907493036588533,254772,-0.0009615605778683367,0.101802726135378,0.09138642909592809,3.7854559898376463,3.78725248336792,1.053218366396233,1.0527187693956352,71.12293068801633,0.05959721504346893,0.007069883664245539,0.05252733137922339,0.02613372913265033,0.01958516087999572,587845.4,0.43339966596659596,1
2019-06-16,4.044471263885498,4.105867632402748,3.9907496815873214,3.98691215124669,5036563,0.014437111596955488,0.06788244955966483,0.12366742965578581,3.829968214035034,3.784298219680786,1.0560064830471467,1.0687506716176978,72.44894756813252,0.07292022845022483,0.020239952621441397,0.052680275828783436,0.024776037520046347,0.019680560828461077,1078331.3,4.670700924660167,0
2019-06-17,4.006099224090576,4.052146297442526,3.9754006262648622,4.0444715107549944,430863,-0.00948752934346675,-0.0076044998586662915,0.10710527265965952,3.8687246322631834,3.7805765151977537,1.035509012629578,1.0596529941891748,67.34697500435878,0.07946646964338466,0.03208525602583005,0.04738121361755461,0.02564677067671261,0.019990982192040818,1038698.8,0.41481033770328796,0
2019-06-18,3.9677257537841797,4.029122116227404,3.9408646908303027,4.006098583234506,276871,-0.009578761822882087,-0.0028930266763003143,0.09650057493999564,3.9036437034606934,3.7755251121520996,1.016415957805441,1.0509069959602317,68.39368864027361,0.08062855876294694,0.04179391657325343,0.03883464218969351,0.02625475132038026,0.02027168740356894,1066385.9,0.25963490327469635,1
2019-06-19,3.9945871829986572,4.029122485654519,3.9523768197171165,3.96772611758191,338274,0.00676998131457518,0.0009617398063077598,0.10392386334376025,3.941248917579651,3.7705892515182495,1.0135333409623266,1.0594066116828327,73.5449361483339,0.0827629755459478,0.049987728367792306,0.0327752471781555,0.026067583142105822,0.019992803291001345,1100213.3,0.30746219846642464,1
2019-06-20,4.07133150100708,4.128890605813234,4.002260904594277,3.994586668343896,3340027,0.01921207736685626,0.02117421506106809,0.1251325340134397,3.9865285634994505,3.767539677619934,1.0212723767450416,1.0806340077031544,81.53838604818034,0.0896141254530054,0.057913007784834936,0.031701117668170464,0.02593725667842922,0.020164916315255382,1434216.0,2.328817277174428,0
2019-06-23,4.0406341552734375,4.071331926872436,4.025284857780666,4.071331926872436,155505,-0.00753987871683981,-0.0009487293546435183,0.06686931813245889,4.011854481697083,3.764227557182312,1.0071736583935569,1.0734298322543572,77.77779172445823,0.09151180078658605,0.06463276638518517,0.02687903440140088,0.023471329162403992,0.020290092909403496,1302829.2,0.11935946784121818,0
2019-06-24,3.9907491207122803,4.02912194856582,3.967725588677448,4.040633714583236,517716,-0.012345842915784,-0.0038316832708457094,-0.011407045094620427,4.0072496891021725,3.760128574371338,0.995882320875895,1.0613331543801,72.98573928591306,0.0879762809742668,0.06930146930300149,0.018674811671265307,0.01161995385917194,0.020644305962432816,1179871.7,0.4387900820063741,0
2019-06-25,3.9523766040802,4.029122265830452,3.906329536384657,3.990749434955326,533842,-0.009615366807430692,-0.0038685006617054096,-0.006750335662394025,4.004563570022583,3.7554729700088503,0.9869681264812363,1.0524311147074734,69.68322865941002,0.08114265266092469,0.07166970597458613,0.009472946686338551,0.011116982415779872,0.020797828645049827,1123636.1,0.47510221503207306,1
2019-06-26,3.9677257537841797,4.009935564271159,3.937027984255812,3.9523764573267517,354955,0.0038835240771675217,-0.0067244568672333305,-0.005769184238770486,4.002261233329773,3.7507729578018187,0.9913710081545924,1.0578421563830163,70.22219657150558,0.07608840136433992,0.0725534450525369,0.0035349563118030197,0.011156127000090353,0.020444628525935257,1123938.8,0.31581345888228074,1
2019-06-27,4.002261638641357,4.017610937343762,3.9447027977405993,3.9677263341009024,4544226,0.008704201600687522,-0.01696493207409855,0.003850063866736253,4.003796219825745,3.746623101234436,0.9996167184591492,1.068231719737887,64.73682351717764,0.07401641294263817,0.07284603863055715,0.0011703743120810156,0.011526450198198614,0.02015139730001542,1552884.2,2.926313501032466,0
2019-07-02,3.9600517749786377,4.009935825247664,3.9178414128201786,4.002261313750555,490251,-0.010546502821102033,0.0019419128456823476,-0.0019341001071515596,3.9984241008758543,3.748618493080139,0.9904031376039347,1.0564029874709309,46.61025962893303,0.06249718045808095,0.06996318870543125,-0.007466008247350303,0.010102346625919386,0.01999096548041348,1027479.6,0.4771394001399152,1
2019-07-03,3.97540020942688,4.006098804033713,3.9331906710756526,3.960051735509998,512848,0.0038758166105858916,0.0019342202861125646,-0.004803243162006532,3.9965054035186767,3.755065083503723,0.9947190878127639,1.0586767795027323,48.760355192140715,0.05807007585902646,0.0675845661361503,-0.009514490277123838,0.009921989895081515,0.019961729006472508,1044937.0,0.49079322485470417,0
2019-07-04,3.93319034576416,3.9523763482666694,3.837258686478685,3.9753998806242663,767686,-0.010617764612133263,-0.017258065342435902,-0.033930215510269646,3.9826912879943848,3.760667476654053,0.9875709818686066,1.0458755979307175,37.6067935798525,0.050572610757224634,0.06418217506036517,-0.013609564303140531,0.007561459061395677,0.020238122990559333,787702.9,0.9745882616402707,0
2019-07-07,3.917841672897339,3.971563805867685,3.852608595303743,3.933190971372666,152830,-0.0039023468272647577,-0.021093065213166895,-0.030389408607023216,3.970412039756775,3.765962896347046,0.9867594682030391,1.0403293342846298,39.639575595926125,0.042897806807665084,0.05992530140982515,-0.01702749460216007,0.00742756414104879,0.017672351801860418,787435.4,0.19408576246381606,0
2019-07-08,3.917841672897339,3.9638887449367233,3.883306368867801,3.917841672897339,600559,0.0,-0.021093065213166895,-0.018269113294179906,3.9631212949752808,3.771258316040039,0.9885747574429906,1.0388685538282665,43.5643826262415,0.036395919875017224,0.055219425102863574,-0.01882350522784635,0.006702610807422016,0.00924019268919315,795719.7,0.7547368753092327,0
2019-07-09,3.898655414581299,3.9447024836353104,3.8756318800542937,3.9178414188916224,436951,-0.004897149991732852,-0.01550392870751549,-0.013592123140148793,3.9577491760253904,3.7769374513626097,0.9850688462517887,1.0322266293223301,37.37365559511548,0.029356552869811203,0.050046850656253104,-0.0206902977864419,0.00624337227048776,0.008783223482936102,786030.6,0.5558956610595058,1
2019-07-10,3.925516366958618,3.986911908348848,3.8909810661566695,3.8986553029838182,819583,0.006889799051451817,-0.012548130965524429,-0.010638181528878299,3.9535282373428347,3.783153805732727,0.9929147159947836,1.0376306564671425,27.907064112873215,0.025649585714978773,0.04516739766799824,-0.019517811953019465,0.00658633395286374,0.008920520739470342,832493.4,0.9844918890648262,0
2019-07-11,3.89481782913208,3.9600517249578746,3.8372589936308104,3.9255164236571125,1317627,-0.007820254702013196,-0.009756079228000036,-0.026845773517633176,3.9427838563919066,3.7886027097702026,0.9878344771088413,1.0280354335090258,27.90696330289812,0.020004077539531817,0.04013473364230495,-0.020130656102773134,0.005905028866639178,0.009058394815967036,509833.5,2.584426092047698,0
2019-07-14,3.8756322860717773,3.9293535978005405,3.841096980663295,3.8948182923920576,451380,-0.004925915383461765,-0.01077363261449682,-0.03163944889234349,3.930120921134949,3.79597026348114,0.9861356339520881,1.0209859448470975,30.76935331879855,0.013822521231570573,0.03487229116015808,-0.02104976992858751,0.005859886211337099,0.00831107177489415,554971.5,0.8133390633573075,0
2019-07-15,3.8717942237854004,3.9101670545433045,3.84493370884056,3.875631753877146,114669,-0.0009903060979675748,-0.011753269518388954,-0.03259842225113663,3.917074179649353,3.802954063415527,0.9884403629374192,1.018101759637887,34.78264001635253,0.008515729739734912,0.029600978876073446,-0.021085249136338535,0.005808041384564119,0.0081285743570259,566438.4,0.20243860585723,1
2019-07-16,3.9216792583465576,3.9523770323410115,3.89481819148478,3.871794655142287,310269,0.0128842163807934,0.0059055857255676525,-0.00968990276201298,3.913236927986145,3.8090169477462767,1.002157377770826,1.0295777918937696,42.30781792039892,0.008240374721212529,0.025328858045101266,-0.017088483323888737,0.007132172345562425,0.008521022055222576,548440.2,0.5657298644410093,0
2019-07-17,3.9101667404174805,3.933190272345309,3.864119676561824,3.921678506381395,196590,-0.0029356092557990543,-0.003910218454401759,-0.01640928348665649,3.906713581085205,3.8162309980392455,1.0008839038902146,1.024614794656429,33.333275803448004,0.007012355829496109,0.021665557601980235,-0.014653201772484126,0.006942783677420859,0.008357049813843605,516814.4,0.3803880077644895,1
2019-07-18,3.9140048027038574,3.929353277152946,3.890981267643662,3.910167272398304,905415,0.0009815597495381745,0.004926282669311055,-0.004877857762710214,3.904795026779175,3.824212508201599,1.0023585811448543,1.023479943729509,34.246703594129286,0.00627649009011888,0.018587744099607964,-0.012311254009489084,0.006204314561706892,0.006899631111925902,530587.3,1.7064392607964796,0
2019-07-21,3.89481782913208,3.9293531304328426,3.841096523793072,3.9140046565568585,228592,-0.004902133374625084,0.004950300143089281,-0.005876665186480667,3.902492642402649,3.8304288721084596,0.9980333561203478,1.0168098558081768,32.05134332543142,0.004097845364480435,0.015689764352582458,-0.011591918988102023,0.0062734122921645884,0.006811723893729694,538163.5,0.424763106379381,0
2019-07-22,3.8833062648773193,3.9140048610059006,3.8756320275384617,3.8948180325788937,115015,-0.0029556104443853037,0.002973309124022494,-0.00881490649786254,3.899039101600647,3.8361080169677733,0.9959649451279242,1.0123036806317185,35.714349114264266,0.00142592946664033,0.012836997375394033,-0.011411067908753703,0.006312990610284823,0.006355962274741324,489609.1,0.23491189195625653,0
2019-07-24,3.9293532371520996,3.9677260696573105,3.8986554651798633,3.883306167500468,590145,0.011857672079911286,0.004906823163395524,0.000977417958507809,3.897887873649597,3.849845390319824,1.0080724137077453,1.0206522181467839,49.25376871374097,0.0013445073329472201,0.008375187491921171,-0.007030680158973951,0.006953931616837246,0.006619200932512437,422970.2,1.3952401374848629,0
2019-07-25,3.8794689178466797,3.9331904953914267,3.8372588324564982,3.9293529653903505,564448,-0.012695300293636858,-0.008823669514487986,-0.003940854735385857,3.896352982521057,3.8561384868621826,0.9956667004375325,1.0060502056821827,43.42109458349173,-0.0010611378135725325,0.006487922430822431,-0.007549060244394963,0.007702928250823767,0.006786484051882962,347652.3,1.6235992110508115,1
2019-07-28,3.898655414581299,3.9178414188916224,3.8602825825741087,3.8794691358087943,165493,0.004945650330218099,0.0009853055053088422,0.0059404832063820745,3.8986552953720093,3.8623548412322997,1.0000000305770274,1.0093985599048214,46.91361907340687,-0.0014032630428304493,0.004909685336091855,-0.006312948378922305,0.007686454576392496,0.00693386235755227,319063.6,0.5186834223646948,0
2019-07-29,3.8833062648773193,3.9140048610059006,3.848770961772597,3.89865556294161,483832,-0.003937036765694235,0.0,0.002973309124022494,3.899806499481201,3.8678805017471314,0.9957689606891837,1.0039881695215818,47.50000970809694,-0.002879751867861824,0.0033517978953011194,-0.006231549763162944,0.00781048881873207,0.0069512445952984205,355979.9,1.3591553905150262,1
2019-07-30,3.9024927616119385,3.948539828504464,3.8372588679231896,3.883305934815716,865815,0.004940763212047505,0.004940763212047505,-0.004892418647900465,3.897887849807739,3.873482904434204,1.0011813864281462,1.0074893468987627,46.153882918218635,-0.002473180673682407,0.0021868021815044146,-0.0046599828551868215,0.006718834698818307,0.006748291996870182,411534.5,2.103869784914752,1
2019-07-31,3.9140048027038574,3.956214342518695,3.8410966672177174,3.9024930351737597,382009,0.002949919908926013,-0.0039060968871728052,0.0009815597495381745,3.898271656036377,3.8800062465667726,1.0040359287539948,1.008762500361222,53.42473798260651,-0.0012081181333174484,0.0015078181185400421,-0.0027159362518574905,0.006736611313534916,0.006718284251456514,430076.4,0.8882352065819002,1
2019-08-01,3.956214427947998,3.990749731284036,3.9140048872217004,3.9140048872217004,415722,0.010784254841736951,0.019782478407873505,0.010784254841736951,3.902492618560791,3.8864528512954712,1.0137660245996876,1.0179499351521204,63.29092121696401,0.0031639450517806367,0.0018390435051881611,0.0013249015465924756,0.007541298218056144,0.006769176875021363,381107.1,1.0908272241582484,1
2019-08-04,4.090518474578857,4.182612618816837,3.864120369993824,3.9562145142318035,872301,0.03394761559992587,0.04921262322388764,0.05024641819778952,3.9220626831054686,3.894587836265564,1.0429508157019067,1.0503084399557843,75.22111875146395,0.017267007448814375,0.0049246362939134045,0.012342371154900972,0.012489739789444737,0.01003272151270468,445478.0,1.9581236334903183,1
2019-08-05,4.128891468048096,4.201799609504698,4.048308814276294,4.09051863200989,697530,0.00938096080184292,0.06324126566889121,0.06324126566889121,3.9466212034225463,3.9030298137664796,1.0461838760881037,1.0578682882423736,74.5453200114549,0.031180733792198545,0.010175855793570433,0.021004877998628112,0.012224857474575718,0.010142837816897956,503729.5,1.3847312893130141,1
2019-08-06,4.163426876068115,4.194124651623204,4.117379801042157,4.128891569798646,465403,0.008364329333254705,0.06686344610883976,0.07213456577565247,3.974633264541626,3.9113950538635254,1.0474996305220783,1.0644352766043519,78.44825831580955,0.04448142676605116,0.01703696998806658,0.02744445677798458,0.012036889912030398,0.010054848493722658,550269.8,0.8457723829292466,1
2019-08-07,4.194124221801758,4.240171292108729,4.15191468181589,4.163426449392632,1545390,0.007373095924920525,0.07156849140920563,0.06738284106051973,4.001110363006592,3.9213719177246094,1.0482400737004736,1.0695553265030302,79.67470886150122,0.05684407788082968,0.0249983915666192,0.031845686314210475,0.011921012414937454,0.010064409437334039,645794.3,2.3930065657129522,1
2019-08-08,4.244008541107178,4.355288953639246,4.136565109717494,4.194123943785804,2696020,0.011893858328304363,0.07274482169775931,0.0939663729701532,4.037564325332641,3.9331906747817995,1.0511308796937937,1.079024357582822,84.73284904733266,0.06986149578850132,0.03397101241099562,0.035890483377505694,0.009854393700149268,0.009875158530808415,858951.5,3.138733677046958,0
2019-08-14,4.401336193084717,4.504942098460988,4.274706478718204,4.244008707142972,1111449,0.03707053142180894,0.049405301398999235,0.12450965569694827,4.191054582595825,3.986758828163147,1.0501739135925663,1.1039885738743274,97.22220304552758,0.10454361178097393,0.06828339495770165,0.03626021682327228,0.013270953583446805,0.01188836727956666,780381.5,1.4242380169186482,0
2019-08-15,4.313078880310059,4.4128475199753945,4.263194286015238,4.401335753860164,168022,-0.0200523906611193,0.016274787982604177,0.09020351623032696,4.226741027832031,4.000649704933166,1.0204265773345265,1.0780946092310053,83.33326941103013,0.10785150912288977,0.07619701779073929,0.03165449133215048,0.016695113239363395,0.013212341704153469,755611.5,0.22236559395932962,1
2019-08-18,4.324591159820557,4.33610292730241,4.3015676248568475,4.313079392338702,57891,0.0026691558002922555,0.018987383727638862,0.05722323140608676,4.250148296356201,4.011394028663635,1.0175153567060655,1.0780768802363851,85.71424712270849,0.1101324480369339,0.08298410383997822,0.02714834419695568,0.014203888785330096,0.0130223504144101,674170.5,0.08586996909535496,0
2019-08-19,4.278543949127197,4.320753761838609,4.220985113611636,4.324591017539647,4619077,-0.010647760445237076,0.008137450168988147,0.03624519613489596,4.2651135444641115,4.016228966712951,1.0031488973325264,1.0653137519270808,79.16661889618001,0.10699115604206266,0.0877855142803951,0.019205641761667558,0.015011608023979888,0.013388293249119939,1066325.2,4.331771395818087,1
2019-08-20,4.286218166351318,4.332265509014135,4.247846158441803,4.2785439294467205,1818751,0.0017936516056324958,0.009945697525181929,0.02949284181956524,4.2773926734924315,4.022368574142456,1.00206328797297,1.0655955781638218,79.04184977773677,0.10392294567031701,0.09101300055837949,0.01290994511193752,0.01492672326605312,0.013359420974204334,1201660.0,1.5135321139090925,1
2019-08-21,4.336102485656738,4.374475314483379,4.259357651389932,4.286217890520753,730390,0.011638306163935797,-0.014821341648582176,0.033851706899131306,4.2915904998779295,4.0292756414413455,1.010371908918168,1.0761493805635087,79.28988078650174,0.10431414597128796,0.0936732296409612,0.010640916330326766,0.015124870414181082,0.013353610786483495,1120160.0,0.6520407798885873,1
2019-08-22,4.347614765167236,4.374475830855266,4.305405224845965,4.336102997499019,458644,0.0026549832594084943,0.008007246288687098,0.02441235050696422,4.301951122283936,4.036489701271057,1.0106146354491954,1.077078126521222,74.452509061356,0.10435023521680264,0.09580863075612948,0.00854160446067316,0.014830165105442179,0.012707248832099699,896422.4,0.5116382633901161,0
2019-08-25,4.347614765167236,4.393662110302294,4.30924220627318,4.347614765167236,634876,0.0,0.005323880222618538,0.02441235050696422,4.312311744689941,4.042552571296692,1.0081865650183492,1.07546276479781,72.44087631236485,0.10318933379700024,0.09728477136430363,0.005904562432696603,0.014830165105442179,0.01277246749745434,959910.0,0.66139117208905,1
2019-08-26,4.420523166656494,4.48959405127063,4.393662373819634,4.347615025922807,1431084,0.016769747419526304,0.03318400353425366,0.0415914868784093,4.329963207244873,4.05084105014801,1.020914717995778,1.0912605831559292,74.452509061356,0.10691990364334103,0.09921179782011112,0.007708105823229908,0.015449678975821309,0.01280293317419179,1103018.4,1.297425319468832,0
2019-08-27,4.385987758636475,4.424360044469142,4.347614923879406,4.420523062901856,251167,-0.007812516011796111,0.023276834825719073,0.03345403670942115,4.344161128997802,4.059206290245056,1.0096282408494184,1.0805037844902656,68.11594072395867,0.10586929301259929,0.10054329685860876,0.005325996153990528,0.015876705769924997,0.013200127598737316,1128135.1,0.22263911476559853,0
2019-08-28,4.378312587738037,4.412847888971523,4.336102775119332,4.385987373585433,783064,-0.0017499298495131654,0.00973457205426409,-0.005231049012537126,4.341858768463135,4.066880798339843,1.0083959016676642,1.0765775553405263,63.77945898979857,0.1032274130107167,0.10108012008903035,0.0021472929216863473,0.010600798008549987,0.01329761267903124,1095296.6,0.7149332883896471,1
2019-08-29,4.385987758636475,4.412848276380682,4.374475990548015,4.3783129721153005,614229,0.0017529974721157693,0.008826217487501342,0.016904137473408465,4.3491496562957765,4.073173923492432,1.0084701850366018,1.076798546052713,64.3410621225111,0.10059344757651711,0.1009827855865277,-0.00038933801001059254,0.008065542248182267,0.013269325340996495,1139917.3,0.5388364576974136,0
2019-09-02,4.439709186553955,4.489593787641102,4.374475836352089,4.4243598885148545,271863,0.0122484217635348,0.004340214760591987,0.03766824399680058,4.371405839920044,4.089060196876526,1.015625029826826,1.0857529536848776,67.83211617939958,0.09804415583444825,0.09981916360136554,-0.0017750077669172887,0.007491021134497654,0.011546686650089531,699406.8,0.3887051141052675,0
2019-09-03,4.424359321594238,4.489593212361663,4.374475275823426,4.439708617666539,408598,-0.003457403247538182,0.00874867078281416,0.03222914697328938,4.385219955444336,4.098499851226807,1.0089252914443458,1.079507010417456,52.83011126311951,0.09622001134923064,0.09909933315093856,-0.0028793218017079264,0.007818681228438472,0.01159772808905458,558391.5,0.7317410813022762,0
2019-09-04,4.401336193084717,4.451220792357695,4.374475677264161,4.424359727612777,260428,-0.005203720321075855,0.005258556780792567,0.015044318634940712,4.391743326187134,4.107172060012817,1.0021842958900586,1.071622062278779,62.921293406886456,0.09185771112957664,0.09765100874666618,-0.005793297617089549,0.007611309994028045,0.01169481282867134,511395.3,0.5092498894690664,0
2019-09-05,4.309241771697998,4.393661667213598,4.240170898192114,4.401335903756293,947944,-0.020924196050148502,-0.017497993875462914,-0.008826217487501342,4.38790602684021,4.11331166267395,0.982072484082149,1.0476331785898956,48.18178737248789,0.08004657949495719,0.09413012289632439,-0.014083543401367193,0.01037227344208251,0.01257353839089593,560325.3,1.6917744031904323,0
2019-09-08,4.297730445861816,4.336103004820666,4.255520631007082,4.309242213549472,723523,-0.002671311206483007,-0.020122562494815477,-0.011473951120299142,4.382917594909668,4.11922103881836,0.9805638259896129,1.043335719389961,52.4752609245026,0.06896234974876592,0.0890965682668127,-0.02013421851804678,0.010382696716487453,0.012597069433277408,569190.0,1.2711449603822977,1
2019-09-09,4.301567554473877,4.351452153874545,4.25935801552657,4.297730298709378,474618,0.0008928220744404136,-0.031115018185977616,-0.02690984928659257,4.371022033691406,4.1252071571350095,0.9841102427116174,1.0427518887224445,52.0000347940194,0.05979832257480577,0.08323691912841132,-0.023438596553605542,0.008363194354512233,0.012596025515538156,473543.4,1.00226927457969,0
2019-09-10,4.297730445861816,4.336103004820666,4.293893464428123,4.301567701757701,37603,-0.0008920256542453986,-0.02862083897986689,-0.020122562494815477,4.36219630241394,4.131960730552674,0.9852216974929694,1.0401188990213297,44.318297353170436,0.05163097270507411,0.07691572984374388,-0.025284757138669775,0.008176692999527954,0.012600394161705789,452187.0,0.08315807398266646,0
2019-09-11,4.251683235168457,4.29005606980358,4.220985461492319,4.297730581838164,509896,-0.01071430869697687,-0.03400171024231036,-0.028921953385470878,4.349533367156982,4.137486391067505,0.9775033035204685,1.0276005364869585,37.113450927692156,0.04097038294891853,0.06972666046477881,-0.028756277515860282,0.008625270480600045,0.009487690930937754,424870.2,1.2001218254422175,1
2019-09-12,4.270869731903076,4.293893266215585,4.228659370072453,4.251682904384961,157843,0.004512682547917812,-0.008904591997353162,-0.026246773376582877,4.338021564483642,4.144239978790283,0.984520170869976,1.0305556033822532,40.1961429284992,0.03368171683447585,0.06251767173871822,-0.028835954904242372,0.008832240474689472,0.008526123467472281,379231.6,0.41621795230144326,0
2019-09-15,4.186450004577637,4.2900559132640605,4.067494797919923,4.270869908339876,954310,-0.019766401839613756,-0.025892838717078925,-0.04549437094664177,4.318067789077759,4.149612145423889,0.9695192871142413,1.0088774222415875,20.952435053984104,0.020853048988544565,0.05418474718868349,-0.033331698200138926,0.010274586475746623,0.00951207647444284,474662.6,2.010501775366334,0
2019-09-16,4.086681365966797,4.1442402043258975,4.029122527607696,4.186450019122571,1176684,-0.02383132212297978,-0.0499553211209216,-0.07951597858173542,4.282765007019043,4.152988939285279,0.954215643227942,0.9840337707882523,18.03284866695526,0.0026057050150729566,0.04386893875396139,-0.04126323373888843,0.010033726499312935,0.01057143821317078,565144.7,2.082093311677523,0
2019-09-17,3.8833062648773193,4.102030125669421,3.722141517055281,4.086681376529513,1002463,-0.04976534328884841,-0.0964286118464075,-0.1222895830535663,4.228659701347351,4.1526819562911985,0.9183302840945101,0.9351321160037834,12.716821548821542,-0.02794399653270574,0.029506351696627967,-0.0574503482293337,0.01631738309147432,0.014926188431298122,624531.2,1.6051447870018345,1
2019-09-18,3.963888645172119,4.02912254451048,3.8564457542465833,3.8833062711313233,404745,0.020750972186672323,-0.06768956530340742,-0.09938971455984336,4.184914946556091,4.153449401855469,0.9471849955837544,0.9543606438064064,21.354132620535438,-0.045132273715765336,0.014578626614149307,-0.05971090032991464,0.01943306900685783,0.015579682131628235,638962.9,0.6334405330888538,1
2019-09-19,3.9945871829986572,4.255520580842947,3.9523768197171165,3.9638885872690706,1602652,0.007744551014047252,-0.0646899967097121,-0.07301855068005514,4.153449487686157,4.1554447889328,0.9617517186236444,0.9612899186237404,24.500012271162248,-0.055635658534384014,0.000535769584442642,-0.05617142811882665,0.019793231757364596,0.015741031480694924,704433.7,2.2750927447111065,0
2019-09-22,3.88714337348938,4.009935548983359,3.7988864973530823,3.9945868015087735,574518,-0.026897349985642638,-0.07149413721911946,-0.09553578977196697,4.112390780448914,4.155675010681152,0.9452271393977433,0.9353819448100303,16.355167457016123,-0.07180179772880724,-0.013931743878207335,-0.0578700538505999,0.020619046087955093,0.01650238322719607,689533.2,0.8331984594795436,0
2019-09-23,3.8142354488372803,4.025284786217982,3.6262101945174985,3.887143581398584,875430,-0.01875617070091562,-0.0666667872368032,-0.11329174759321015,4.063657569885254,4.15452383518219,0.9386212748592848,0.9180920847142071,15.283884381495582,-0.08946533897612952,-0.029038462897791772,-0.06042687607833774,0.02042250531723526,0.015885160928019965,729614.4,1.1998529634283535,0
2019-09-24,3.7835373878479004,3.8679572871322256,3.7221412970681556,3.8142354332377733,705201,-0.008048286845726227,-0.025691735398719828,-0.11964292886470351,4.012238264083862,4.151760997772217,0.9429991787169743,0.9113090541286213,15.151549384270112,-0.10473359594140419,-0.04417748950651426,-0.06055610643488993,0.020122486560911094,0.015885705806969037,796374.2,0.8855146236530516,1
2019-09-25,3.9600517749786377,4.0214475924933275,3.837259042100537,3.7835374616207758,292761,0.04665326889531274,-0.0009679560999158454,-0.06859200087568718,3.9830751180648805,4.15275869846344,0.9942197065323166,0.9535954440222818,32.01586366423729,-0.10142144050557622,-0.05562627970632666,-0.045795160799249564,0.02750438173110273,0.019936528183839626,774660.7,0.37792158554061156,1
2019-09-26,4.052145957946777,4.163426375890726,3.9715635863321936,3.9600518189586817,1039069,0.023255802752386145,0.014409192317317743,-0.05121293499599122,3.9612027406692505,4.155521521568298,1.0229584859022292,0.9751233237308546,38.321191055833914,-0.0903241025284176,-0.06256584427074485,-0.027758258257672752,0.028956723913595214,0.020867635348782308,862783.3,1.2043221049827924,1
2019-09-29,4.0674943923950195,4.2555201860977085,4.006098578941908,4.0521456448783635,612046,0.0037877299108985962,0.04639680134662583,-0.028414435154497486,3.949307179450989,4.158975052833557,1.0299260623632878,0.978004037226381,38.989165626265915,-0.07937589592333705,-0.0659278546012633,-0.01344804132207375,0.028565350827604225,0.020920518667118616,828556.9,0.7386891594288817,0
2019-09-30,4.002261638641357,4.105867826724925,3.9485403282628524,4.067494991662216,385284,-0.016037576812798493,0.049295905385545735,-0.02065728148724122,3.9408652067184446,4.1613541603088375,1.0155794295674572,0.9617690502805767,36.8600831684596,-0.07509742499744565,-0.06776176868049977,-0.007335656316945882,0.028020122343639178,0.0207514206251517,749416.9,0.5141117047133578,0
2019-10-01,3.9984238147735596,4.067494693249267,3.8833061414176853,4.002261345014272,649819,-0.0009589137878304177,0.056795111266995546,0.029644210897663337,3.952376961708069,4.163656511306763,1.0116504203702248,0.9603154832574445,38.29787046529495,-0.07119568671735532,-0.06844855228787089,-0.0027471344294844324,0.022413438395507683,0.02076850898559267,714152.5,0.9099162993898362,0
2019-10-02,3.944702386856079,3.9562141538371525,3.898655318931785,3.9984236916389135,346923,-0.013435651248121294,-0.003876057434284763,-0.004840261680763458,3.9504583358764647,4.163963494300842,0.998542966782332,0.9473431724978227,35.395184967954805,-0.07161289243756919,-0.06908142031781056,-0.0025314721197586265,0.02203440801138393,0.020857405799274007,708370.3,0.48974808797037367,0
2019-10-03,3.8833062648773193,3.948540164110623,3.798886909527967,3.9447026337479065,1357105,-0.015564196220058113,-0.04166673531054377,-0.02785792699555034,3.939330244064331,4.164040241241455,0.9857782984121661,0.9325813488583293,36.14034789391609,-0.07602135801795118,-0.07046940785783869,-0.005551950160112493,0.02232343158564857,0.020679147964532005,683815.6,1.984606668815394,1
2019-10-07,3.97540020942688,3.9907495067302965,3.93702820124814,3.8833060723794497,205681,0.02371534415982257,-0.02264150213466254,0.022704805935232164,3.948155927658081,4.165575137138367,1.006900508051859,0.9543460575189308,44.876298168321085,-0.07126241828902113,-0.07062800994407518,-0.0006344083449459498,0.02193679209307554,0.021653452541183987,646931.9,0.3179330003668083,1
2019-10-08,4.013772487640381,4.079005825722363,3.917840833645914,3.97539966136531,1067497,0.009652431501741221,0.0028760860829006862,0.052313770735869625,3.968109631538391,4.168184461593628,1.0115074582967827,0.9629546208004885,57.08330237493823,-0.06366076048677005,-0.06923456005261416,0.005573799565844112,0.020687735072010705,0.021838352867318278,666138.6,1.6025148520142807,0
2019-10-09,3.9523766040802,3.990749434955326,3.8717942356129997,4.013772968803098,829450,-0.015296303851111914,-0.011516340644836642,0.04462469877384678,3.984993553161621,4.169182138442993,0.991815055997884,0.9479980660082746,49.36168727660377,-0.06187724425349117,-0.06776309689278957,0.005885852639298403,0.02132460227629089,0.021994164785953185,678563.5,1.2223616507519193,1
2019-10-10,3.9830751419067383,4.029122208952245,3.9370280748612307,3.952376548285395,124606,0.007767108477174656,0.009727667967682097,0.005813905533653019,3.987295889854431,4.170563545227051,0.9989414510324071,0.9550448275665573,49.36168727660377,-0.057325862486230506,-0.06567565001147777,0.00834978752524726,0.015567823126907219,0.022083069554655783,661748.0,0.1882982645961907,0
2019-10-13,3.97540020942688,4.0099357852818445,3.9063296066413074,3.9830752697718554,243340,-0.0019268861887914435,0.02371534415982257,-0.01893953211862698,3.9796213150024413,4.170947260856629,0.9989393197891345,0.9531168726910282,55.50238779276623,-0.0537189242340772,-0.06328430485599766,0.009565380621920458,0.013397173267716066,0.02201420797399901,582175.1,0.41798421127939,0
2019-10-14,3.963888645172119,3.9907497109812433,3.9331908723806746,3.975400412892233,645585,-0.002895699463783097,-0.002895699463783097,-0.025471638612855063,3.969260740280151,4.168414664268494,0.9986465754054613,0.9509343394145586,60.103642288912624,-0.051199095410301876,-0.06086726296685851,0.009668167556556632,0.01325171851411132,0.02167254702282411,585529.0,1.1025670803666427,1
2019-10-15,3.9830751419067383,3.99074937861882,3.952376548285395,3.9638883150467716,668263,0.004840321828411431,-0.0076480034252487394,-0.004793913658561411,3.9673420906066896,4.1654983377456665,1.0039656402046344,0.9562061532504046,63.684238408517004,-0.04711085832554751,-0.05811598203859631,0.0110051237130488,0.012505181095363823,0.021129035202336183,613826.9,1.0886831450364916,0
2019-10-16,3.963888645172119,3.975400412892233,3.937028402749571,3.9830754736300262,613471,-0.004817005969270816,0.0029126883000052395,-0.00863719585548639,3.9638885736465452,4.161507573127746,1.0000000180442947,0.9525126592988273,50.33553688612262,-0.044901494442241674,-0.05547308451932539,0.010571590077083713,0.012583260526686811,0.01780617740999794,610192.1,1.0053735536726878,1
2019-10-17,3.9677257537841797,4.029122116227404,3.937027984255812,3.9638882238232007,993648,0.0009680162475638188,-0.0038536526617498623,0.0058365282523760165,3.9661909103393556,4.156979603767395,1.0003869817362605,0.9544732310421494,41.2697739555801,-0.0423527192661286,-0.052849011468686036,0.010496292202557433,0.011774039060275937,0.017200766913039976,674864.6,1.4723664569159503,1
2019-10-20,3.9792377948760986,3.990749562166941,3.9370282559385266,3.9677260275852566,240300,0.0029014205633892676,0.0009653331103918195,0.024703570477156322,3.9757840633392334,4.151684188842774,1.0008686919314136,0.9584635087538432,40.80003817421858,-0.038954824106387065,-0.05007017399622624,0.011115349889839178,0.0103060544412071,0.017122692043001042,563184.1,0.4266810799523637,0
2019-10-21,3.89481782913208,3.986911965934113,3.8756318250938344,3.9792377289961207,224329,-0.021215109550055677,-0.017425014227926194,-0.020270256087353,3.9677258253097536,4.144700374603271,0.9816247393626343,0.9397103474590465,39.23073393662304,-0.04258308215618145,-0.04857275562821729,0.005989673472035842,0.009806765490118344,0.016695673812599936,565048.9,0.3970081173505514,1
2019-10-22,3.937028408050537,3.9485401757861505,3.894818044095569,3.894818044095569,157507,0.01083762598669824,-0.011560598837750846,-0.019120186763490477,3.960051417350769,4.138560771942139,0.9941861842501949,0.9513037563063194,44.28579480422305,-0.041573231516159215,-0.04717285080580568,0.005599619289646467,0.009969085560096281,0.016229364251868682,474049.9,0.33225827070103797,0
2019-10-23,3.8526079654693604,3.9331903283644682,3.837258669503376,3.93702785820258,1138521,-0.021442680578212636,-0.028073613984665013,-0.02524269537165169,3.950074553489685,4.130732760429383,0.9753253801414411,0.9326693806909184,41.891903238184156,-0.04704266325462658,-0.04714681329556986,0.00010415004094328079,0.01102180962471207,0.016915086387441956,504957.0,2.25468901312389,1
2019-10-24,3.8833062648773193,3.9255166287074745,3.8756320275384617,3.8526084921353134,129529,0.007968186662932197,-0.021276543326197883,-0.02504820358012594,3.9400976657867433,4.120372161865235,0.9855862961462698,0.9424649309152213,50.0,-0.0483428646553028,-0.04738602356751646,-0.0009568410877863406,0.011042781809202252,0.013236399417078635,505449.3,0.2562650695134013,1
2019-10-27,3.88714337348938,3.9140044363408495,3.8756316070368193,3.8833058435430314,78831,0.0009881035257932602,-0.023143734085282586,-0.02220074238770131,3.9312719821929933,4.1118534517288206,0.9887749794714032,0.945350659774861,40.17100689189318,-0.04850453099555052,-0.047609725053123275,-0.0008948059424272459,0.01109729074534731,0.01197441182547548,488998.4,0.1612091164306468,1
2019-10-28,3.917841672897339,3.9523769769268773,3.890981429798763,3.890981429798763,87783,0.007897393138962538,0.005911404531695252,-0.011616616004302749,3.9266672849655153,4.103718461990357,0.9977523911684679,0.954705277466119,39.13058277211835,-0.04562956728091594,-0.04721369349868181,0.001584126217765873,0.011536827695320226,0.012113558365210572,433218.2,0.20262999107609053,1
2019-10-29,3.9523766040802,3.971563431211023,3.8948177694607713,3.917841303308543,181491,0.00881478478871811,0.0038984214587527433,-0.007707245465583212,3.9235974311828614,4.097195115089416,1.0073348944182234,0.9646542312627805,50.0,-0.04010218447815639,-0.04579139169457673,0.005689207216420342,0.011829248326819716,0.011848262316456025,384541.0,0.4719678785877189,1
2019-10-30,3.9715633392333984,4.002261109190656,3.9331905092469506,3.952376512546924,308367,0.0048544805000088065,0.030876584077649705,0.0019361527904238063,3.9243649005889893,4.090902018547058,1.012027025987651,0.9708282724023676,48.57143533410496,-0.033784043187669255,-0.04338992199319523,0.009605878805525978,0.011851492182633969,0.011909115840100088,354030.6,0.8710179289586832,1
2019-10-31,3.9830751419067383,4.006098675429492,3.952376548285395,3.971563375145361,428680,0.0028985569887856055,0.025691735398719828,0.003868560751185912,3.925899839401245,4.083841471672058,1.0145636172201002,0.9753256020185174,50.943441570278786,-0.027530608707645676,-0.04021805933608533,0.01268745062843965,0.011880046415005247,0.011512144020520709,297533.8,1.4407774847765196,1
2019-11-03,4.05598258972168,4.086680907867575,4.01761030957917,3.983075010434967,691633,0.01830431142206357,0.043435294253306056,0.019286305267908865,3.9335743188858032,4.078008828163147,1.0311188402487204,0.9945987761749432,59.83599126889304,-0.01650147635535104,-0.035474742739938475,0.018973266384587434,0.013162459604922558,0.011508435022455639,342667.1,2.018381688816931,1
2019-11-04,4.105867385864258,4.163426220584732,4.029122272903626,4.0559827879776735,766332,0.01229906564909622,0.04799216728629796,0.05418727293317538,3.954679274559021,4.073173880577087,1.0382301827300764,1.0080265429971131,62.30762907252838,-0.003692953294683221,-0.029118384850887427,0.025425431556204206,0.010618092142397553,0.010637401049110654,396867.4,1.9309522525659704,0
2019-11-05,4.090518474578857,4.1902876797610675,3.994587348793161,4.10586777308072,842737,-0.003738287149322894,0.0349515960488298,0.03898627355963691,3.970028281211853,4.0665737867355345,1.0303499584467002,1.0058881724761584,62.790673032093,0.00515988470779849,-0.022262730939150245,0.027422615646948735,0.010779086803670304,0.010529392433157909,465390.4,1.8108173267003358,0
2019-11-06,4.044471263885498,4.094355864767424,3.998423918882014,4.090518334426792,390412,-0.011257059705151451,0.018357487574697018,0.04980088816090156,3.989214611053467,4.059743456840515,1.0138515116932851,0.9962381384150558,57.142857142857146,0.008363785028133286,-0.01613742774569354,0.024501212773826827,0.008320835216356414,0.010234979298818421,390579.5,0.9995711500475576,1
2019-11-07,4.09435510635376,4.15958816974169,3.998423178238202,4.044470514712155,1039045,0.012333835305913032,0.027938203644772397,0.054347719979049414,4.010319495201111,4.05406430721283,1.020954841940451,1.0099383719861685,59.999933725485164,0.014757987413007712,-0.009958344713953292,0.024716332126961005,0.008609059497123523,0.010438069357629089,481531.1,2.157794169473166,1
2019-11-11,4.190287113189697,4.259357712029103,4.113541454443811,4.094355451450583,879618,0.023430309375722436,0.033112697231087784,0.07798625123214675,4.040633869171143,4.050150294303894,1.0370370711289545,1.0346003996648943,75.16335118250419,0.027252203645470097,-0.0025162350420686137,0.02976843868753871,0.010138046015531681,0.011495248888251573,561609.8,1.5662440363398216,0
2019-11-12,4.125053882598877,4.18261272419781,4.0866815959951275,4.190287785335413,424657,-0.015567723363271835,0.004672946038314585,0.05288937813260319,4.061355090141296,4.044931616783142,1.0156841229205016,1.019808064364622,65.40876497137609,0.03152676259932363,0.004292364486209836,0.027234398113113796,0.012498224122683484,0.012150386074964816,595297.2,0.7133529269077699,1
2019-11-13,4.1365647315979,4.1634257928366045,4.071331392283401,4.1250529658365185,640248,0.0027904723978469104,0.01125682656250171,0.04660186666613586,4.079773902893066,4.038868727684021,1.0139200921562252,1.0241889525262933,76.42857301358707,0.035434741043440354,0.01052083979765594,0.024913901245784416,0.012451724177595817,0.012134377568105847,641172.9,0.9985574873797691,0
2019-11-14,4.0981926918029785,4.140402502048914,4.032959074233461,4.13656497210985,164146,-0.009276305892619074,0.013282682559072168,0.03188400681380599,4.092436838150024,4.032345395088196,1.001406461206511,1.0163297759152752,69.7183594691767,0.035031715384467255,0.015423014915018204,0.01960870046944905,0.013203162504794561,0.01230526944864089,626750.8,0.2618999449222881,1
2019-11-17,4.132728576660156,4.182612630465794,4.086681504412922,4.09819327247473,430440,0.00842710127472901,0.0093722867972168,0.03757233529914705,4.107402181625366,4.026973242759705,1.0061660372943484,1.026261742386939,71.33341976670445,0.037071732074625885,0.01975275834693974,0.017318973727686145,0.013303494146084003,0.012393378631818476,626926.8,0.6865873336408652,0
2019-11-18,4.0981926918029785,4.12505320567914,4.048308096141074,4.132727991095108,470775,-0.008356678697028719,-0.02197806949715564,0.010406874572949087,4.1116231918334964,4.022752261161804,0.996733528486464,1.018753436886861,65.5629149972822,0.03549256650623267,0.022900719978798327,0.012591846527434343,0.012727134971257962,0.012609443415212704,604841.0,0.7783450526667339,0
2019-11-19,4.0981926918029785,4.13656497210985,4.048308096141074,4.0981926918029785,642747,0.0,-0.00651171877031953,-0.0018692016424354252,4.1108557224273685,4.018761506080628,0.996919612003091,1.0197650907131879,63.38030757356252,0.033850854832919275,0.025090746949622517,0.008760107883296758,0.012104601173756198,0.011430871978572406,592482.5,1.0848371048933936,0
2019-11-20,4.090518474578857,4.13272856515013,4.036796890440036,4.098193261060889,161844,-0.0018725857472419172,-0.011131520961659369,0.0,4.1108557224273685,4.014540524482727,0.9950527945465081,1.0189256901587562,61.151107435800014,0.03156666049739787,0.02638592965917759,0.005180730838220279,0.012056944271174036,0.011301981896734445,524393.2,0.30863100436847773,0
2019-11-21,4.0406341552734375,4.098192991638151,4.006098853454609,4.090518205660675,68335,-0.012195109156805772,-0.01404485851645454,-0.0009487293546435183,4.110472011566162,4.009398598670959,0.9830097720903553,1.007790584007495,55.03357663746573,0.025437939628993433,0.02619633165314076,-0.0007583920241473266,0.012158045572989858,0.010450620271265025,492185.5,0.1388399292543157,0
2019-11-24,4.029122352600098,4.079006402549047,3.9907495208985893,4.040634119771897,64089,-0.00284900890082207,-0.02506968994895553,-0.01593236347585769,4.103948736190796,4.004947381019592,0.9817672226431973,1.0060362769546178,47.3684751451006,0.01942802375383401,0.024842670073279415,-0.005414646319445403,0.0113648268047061,0.010429195305192521,394689.9,0.16237811000484176,0
2019-11-25,4.025284767150879,4.067494579534643,3.9562141650683555,4.029122297284306,272956,-0.0009524618796304951,-0.017790262717008565,-0.03937733658379716,4.087448501586914,4.000035681724548,0.984791555315767,1.006312215048903,41.322284343407375,0.014191866052232882,0.022712509269070112,-0.00852064321683723,0.007298945369019386,0.010447100948832047,334023.7,0.8171755477231106,0
2019-11-26,3.9945871829986572,4.059820257997542,3.9600518803427955,4.02528495534168,153514,-0.00762618943204596,-0.02528078023552882,-0.03162787767466024,4.074401831626892,3.9961984252929685,0.9804107076507069,0.9995968062336161,39.99999999999999,0.007478922495504747,0.01966579191435704,-0.012186869418852293,0.00625625969552819,0.01054638642198335,306909.4,0.5001932166300543,0
2019-11-27,3.9945871829986572,4.029122485654519,3.9638885872690706,3.9945871829986572,41170,0.0,-0.023452110576294816,-0.03432257387747906,4.060204076766968,3.9943565416336058,0.983839015840662,1.000057741807134,44.247807074216645,0.0021342638969805705,0.016159486310881748,-0.014025222413901178,0.006017497045333364,0.010386605724407302,247001.6,0.1666790822407628,0
2019-11-28,3.9869117736816406,3.9907493036588533,3.9677257705685607,3.994586833636066,194226,-0.0019214524468720295,-0.013295532217803885,-0.027153656865358533,4.049075984954834,3.9964286518096923,0.9846473092863217,0.9976186543143358,36.274513387108364,-0.002689752145921709,0.012389638619521057,-0.015079390765442766,0.005668329975462509,0.010350367569446583,250009.6,0.7768741680319475,0
2019-12-01,3.9523766040802,3.975400137927972,3.933190600335897,3.986911904851858,520294,-0.00866213539748073,-0.019047758246996782,-0.04363992680247741,4.031040787696838,3.996198410987854,0.980485391302234,0.9890341263368799,13.953387562069352,-0.009193541752915202,0.008073002545033806,-0.017266544297949007,0.004352729234659708,0.010515781410442258,258995.0,2.0088959246317497,0
2019-12-02,3.9293532371520996,4.0598202089605735,3.841096628115324,3.952376771977915,2649207,-0.005825195631492308,-0.023832234375477546,-0.04119851538181307,4.014156842231751,3.994893732070923,0.9788738685575368,0.9835939328266318,15.999887332904763,-0.01602095556744043,0.003254210922538958,-0.01927516648997939,0.004169623690824318,0.009609979851481243,476838.2,5.5557776201654985,0
2019-12-04,3.9677257537841797,4.002261053273527,3.933190454294833,3.894817624844507,245052,0.009765606275675909,-0.0067244568672333305,-0.030018864737512252,3.9849936246871946,3.998807735443115,0.995666775776995,0.9922271877731348,26.388958404167,-0.02193284329924472,-0.0056938727034508115,-0.01623897059579391,0.006076596955176192,0.009426860919177715,420884.3,0.5822312687833687,1
2019-12-05,3.9715633392333984,4.029122172519819,3.856445398198389,3.9677258092188032,536944,0.000967200277276925,-0.0038497050648474973,-0.01709405340493264,3.978086543083191,4.002568254470825,0.9983602157019096,0.9922537447792941,17.187542473254,-0.02196072734991006,-0.008947243632742661,-0.013013483717167398,0.005237571276413184,0.009151912426160412,467745.2,1.1479412295412117,0
2019-12-08,3.9677257537841797,4.029122116227404,3.9140044512629144,3.9715632837451587,45394,-0.0009662657048192802,0.0038835240771675217,-0.015238206597597448,3.971946883201599,4.002721734046936,0.9989372643840552,0.9912569539958067,19.64291658067995,-0.022038441301794887,-0.011565483166553106,-0.01047295813524178,0.0052259190863046005,0.008609140669692665,465875.7,0.09743800760589144,0
2019-12-09,3.93319034576416,3.9907491766581527,3.890980810904055,3.9677256443005557,84118,-0.00870408142172674,0.0009765242217931736,-0.02287898290781143,3.9627374410629272,4.000342621803283,0.9925437665910962,0.9832133688566775,16.92312986424561,-0.024603139296443644,-0.014173014392531214,-0.01043012490391243,0.00568662999303372,0.006426743618352246,446991.9,0.1881868552875343,1
2019-12-10,3.944702386856079,4.013772988742519,3.8948177888092532,3.9331906198750053,26004,0.002926896508915977,0.00390627891604467,-0.012488097982913615,3.9577489614486696,3.9978867816925048,0.9967035366013172,0.9866968731881122,21.21221820454865,-0.025413800951056054,-0.01642117170423618,-0.008992629246819872,0.005565740676892681,0.005849246041182075,434240.9,0.059883811036684935,0
2019-12-11,3.944702386856079,3.983075217921831,3.8948177888092532,3.944702386856079,166102,0.0,-0.005802660858337361,-0.012488097982913615,3.9527604818344115,3.9967355966567992,0.9979614006425725,0.9869810727924446,26.415176179718898,-0.025759318760782524,-0.01828880111554545,-0.007470517645237075,0.005565740676892681,0.005756065974650759,446734.1,0.37181401643617534,1
2019-12-12,3.9830751419067383,4.048308212425704,3.8986552445278058,3.944702311573313,525562,0.009727667967682097,0.0028985569887856055,-0.0009623066655822798,3.9523768186569215,3.996428623199463,1.0077670537649415,0.9966586463686085,40.00004142141735,-0.022675395630336048,-0.01916612001850357,-0.0035092756118324797,0.006541301678669115,0.006111170647520271,479867.7,1.0952227040911484,0
2019-12-15,3.9677257537841797,4.029122116227404,3.9523764573267517,3.9830750502416077,60066,-0.0038536526617498623,0.0,0.0038835240771675217,3.9539117336273195,3.996889090538025,1.003493760378962,0.9927034911169077,38.095285058305585,-0.021225260086283004,-0.019577948032059457,-0.0016473120542235473,0.005993926084301795,0.00567239885357376,433844.9,0.13845040013147555,1
2019-12-16,4.02144718170166,4.0329589477713945,3.9638880768908384,3.9677256067095694,291568,0.013539602092267566,0.022438994347819374,0.02343743079110605,3.9631211280822756,3.9996519088745117,1.0147172018553994,1.0054492924193699,55.072275844929074,-0.01556176066563042,-0.018774710558773652,0.0032129498931432326,0.006827990105677034,0.006445381205752803,198081.0,1.4719634896835132,1
2019-12-17,4.105867385864258,4.159588690474527,4.029122272903626,4.021447487145389,831270,0.020992493584579552,0.040856060407798545,0.04492193449120685,3.980772542953491,4.002261252403259,1.0314247653089854,1.025886899162014,65.93391737521173,-0.004212828757098386,-0.0158623341984386,0.011649505441340215,0.008931542075668627,0.008100698299061845,281208.0,2.9560681061705214,1
2019-12-18,4.178775310516357,4.220984846090399,4.098192671439631,4.105867182355304,601840,0.017757009128718693,0.05933855097414176,0.053191568628676356,4.001877498626709,4.005561308860779,1.0442037048736132,1.0432433779686279,73.14814069056612,0.010542810787441681,-0.010581305201262546,0.02112411598870423,0.009778398174641954,0.008986695766547825,316886.8,1.899227105704624,0
2019-12-19,4.105867385864258,4.186449754472922,4.059820043625705,4.178775517639032,449733,-0.017447199055813933,0.030828502999001417,0.03381641816060843,4.015307903289795,4.00863112449646,1.0225535587196852,1.0242567246393899,66.94914049430989,0.016167334267042754,-0.005231577307601485,0.02139891157464424,0.012124577673968434,0.009460099777128007,308165.7,1.4593869466978318,0
2019-12-22,4.102029800415039,4.105867330473473,4.0713317556449224,4.105867330473473,137605,-0.0009346588889915797,0.03384912540963003,0.03384912540963003,4.028738307952881,4.011010217666626,1.0181921700690955,1.0226924335289684,69.91139834893237,0.02008363690876358,-0.00016853446432847207,0.020252171373092053,0.012123317842318739,0.009430411281066602,317386.8,0.43355615293389643,0
2019-12-23,4.025284767150879,4.098192899366828,3.9907494661096172,4.102029880575905,80236,-0.018709038451255267,0.0009542797097226163,0.023414687134554635,4.037947750091552,4.012007908821106,0.9968640052510866,1.0033092801987207,59.39846603325993,0.01680098091856852,0.0032253686122509263,0.013575612306317594,0.01356086098447356,0.010403514387255378,316998.6,0.25311152793734737,0
2019-12-24,3.963888645172119,4.009935990514766,3.9523768774520054,4.025285014141584,109650,-0.015252615785048218,-0.03457947550399343,0.004863803763743846,4.039866375923157,4.012007908821106,0.9811930089559767,0.9880061892342764,49.640303205579215,0.009139938934571212,0.004408282676714984,0.0047316562578562284,0.014656652317415097,0.010830724956708566,325363.2,0.3370079959872536,0
2019-12-25,3.956214427947998,3.990749731284036,3.9408651297808985,3.9638886653382572,451170,-0.0019360324951277486,-0.05325983476744012,0.0029183547864795045,4.0410175800323485,4.011470694541931,0.9790144065436925,0.9862254343103851,48.57144378751796,0.002421350947070522,0.004010896330786091,-0.0015895453837155692,0.014677964981694698,0.01083627077743972,353870.0,1.2749597309746517,1
2019-12-26,3.9907491207122803,4.009935397407974,3.979237354694864,3.956213822660031,74355,0.008729226737640428,-0.028037502026565297,0.0019266467571255053,4.0417849779129025,4.0120079040527346,0.9873729410447322,0.9947012110023563,52.02700915656418,-0.00011518951717803816,0.0031856791611932656,-0.0033008686783713038,0.014610618647105392,0.011019115822512165,308749.3,0.24082645693447727,0
2019-12-29,3.9600517749786377,4.009935825247664,3.9523767145571678,3.990749546504892,123640,-0.0076921261660677365,-0.034611651388304465,-0.0019341001071515596,4.0410175800323485,4.011854424476623,0.9799640057361337,0.9870876048786981,52.38100873702243,-0.004549985956328051,0.0016385461376890024,-0.006188532094017053,0.014780961011208826,0.01098056030092994,315106.7,0.3923750272526734,1
2019-12-30,4.02144718170166,4.029121966876969,3.979237372779303,3.960051370458566,199354,0.01550368788381662,-0.0009533699281442098,0.0,4.0410175800323485,4.012698612213135,0.9951570618184413,1.0021802209271082,56.24998301059945,-0.0030750505964887154,0.0006958267908534588,-0.003770877387342174,0.01499378950562334,0.011397107538744858,305885.3,0.6517279516210815,1
2019-12-31,4.052145957946777,4.098193027440825,3.952376758451973,4.021447637155228,372094,0.007633763383689818,0.022265336056337626,-0.013084063090404108,4.035645437240601,4.015845174789429,1.0040886943520635,1.0090393881181567,58.33336723504426,0.0005644740793089298,0.0006695562485445531,-0.00010508216923562329,0.013440270999379392,0.011481589187010196,259967.7,1.4313085817968925,0
2020-01-02,4.029122352600098,4.029122352600098,4.021447566690053,4.052145886943696,134086,-0.00568183021678359,0.018428709055063885,-0.035812635711626184,4.020680141448975,4.01768705368042,1.0020996972786003,1.0028462393329522,53.65854952195781,0.0015728798907623798,0.0008502209769881185,0.0007226589137742613,0.011690059319223902,0.01142297091289479,213192.3,0.6289439158918967,0
2020-01-05,3.8526079654693604,3.9331903283644682,3.798886390205955,4.029121987225561,303768,-0.043809636859706624,-0.0346153444038757,-0.061682318641567146,3.9953541994094848,4.01768705368042,0.9642719451604009,0.9589119097616531,42.718438988373066,-0.011735902904320028,-0.001667003799273511,-0.010068899105046518,0.01695292015744005,0.015168581330631429,198595.8,1.5295791753904162,1
2020-01-06,3.8641200065612793,3.9216788412964285,3.8372589425560357,3.8526082396142494,121396,0.002988116412336872,-0.024224877316882054,-0.05799806569657007,3.971563220024109,4.0173033285140995,0.9729468706626361,0.9618691173092276,39.487205794448975,-0.0211109299882426,-0.005555789037067329,-0.01555514095117527,0.017133104634423888,0.015200392697655878,196974.9,0.616301873995113,1
2020-01-08,3.9293532371520996,3.9830753673367054,3.71830444237764,3.8641201629411395,147124,0.016881781745922586,-0.022900697283456894,-0.023832234375477546,3.961970067024231,4.018147525787353,0.9917675223890247,0.9779016852752677,37.8947055176365,-0.023011665804717474,-0.009046964390597358,-0.013964701414120116,0.01784081130527458,0.015607797729538358,203663.7,0.7223869545726607,1
2020-01-09,4.036797046661377,4.090518632879188,3.9754006736645255,3.929353599763545,436867,0.027343891736022696,-0.0037878475861164995,0.018393150770786182,3.969260907173157,4.020526633262635,1.0170147896718431,1.0040468363681847,40.70353406206386,-0.015667588938768517,-0.01037108930023159,-0.005296499638536928,0.019411024564819086,0.01675590502599904,236385.4,1.848113292952949,0
2020-01-12,4.036797046661377,4.067495095928697,3.990749972760396,4.036797046661377,36106,0.0,0.0019048054116119761,0.02036861757141284,3.9773191690444945,4.022215042114258,1.0149542631830504,1.0036253667181987,45.00002071085166,-0.00973513454021857,-0.010243898348228987,0.0005087638080104161,0.019377073681397104,0.01675590502599904,194879.0,0.18527393921356328,0
2020-01-13,3.9945871829986572,4.0521460207584274,3.9523768197171165,4.036796722893634,251913,-0.010456275897652412,0.03685275501734053,0.0009617398063077598,3.9777029752731323,4.022675518989563,1.0042447130493362,0.9930174989609997,42.63161560731163,-0.008343427089489097,-0.00986380409648101,0.001520377006991912,0.019606079908621468,0.016828575993442594,212634.8,1.1847214096657743,1
2020-01-14,4.02144718170166,4.0329589477713945,3.960051370458566,3.9945866686677673,325887,0.0067240987547654285,0.04071487812832908,0.01550368788381662,3.9838425159454345,4.023442959785461,1.0094392952546976,0.9995039626251077,49.71748953222894,-0.005015298254752665,-0.008894102928135342,0.0038788046733826773,0.019485121730524312,0.016858024808104263,232859.5,1.3995005572029486,0
2020-01-15,4.002261638641357,4.048308711361964,3.9907498704612054,4.02144791894161,529530,-0.004770805680999746,0.01855480968213996,-0.004770805680999746,3.981923961639404,4.022368540763855,1.0051075000923875,0.9950012282766414,53.01208968072763,-0.0038811061838606165,-0.007891503579280397,0.004010397395419781,0.01893782555391362,0.016625850107047424,265877.1,1.9916344807431705,1
2020-01-16,4.029122352600098,4.086681188459092,3.952376689197081,4.002261288070389,1347823,0.0067113838084456034,-0.0019011840259907098,-0.00568183021678359,3.9796216011047365,4.020833640098572,1.012438557344653,1.002061441293881,55.55557170440531,-0.0008055300155538347,-0.006474308866535086,0.005668778850981251,0.018897012857939603,0.015965536345700027,363450.0,3.7084138120786903,0
2020-01-19,3.9792377948760986,4.009935840985011,3.9715635578110526,4.029122394265263,101490,-0.012380998480179484,-0.014258643949633942,-0.012380998480179484,3.9746331453323362,4.018608026504516,1.0011585093203306,0.9902030177193811,49.14288940109836,-0.002366105656367079,-0.005652668224501485,0.0032865625681344057,0.01922076349679712,0.01553629551786789,360190.4,0.28176764289109313,0
2020-01-20,3.937028408050537,3.990749716354541,3.8756320389984054,3.9792379486189278,282703,-0.010607404985927937,-0.014409192317317743,0.021912544265555,3.983075189590454,4.016459169387818,0.9884393893290647,0.9802236850949023,48.31461850762398,-0.006928945285181509,-0.00590792363663749,-0.0010210216485440193,0.012821167225410612,0.01525876638580587,358083.9,0.7894881618525714,0
2020-01-21,3.88714337348938,3.9216786728470616,3.8679570960684457,3.9370279692459706,99643,-0.012670732692492415,-0.03339688478898539,0.005958243245294481,3.9853775262832642,4.012314934730529,0.9753513557634033,0.9688031564627028,40.00002840341224,-0.014404290255254804,-0.007607196960360952,-0.006797093294893851,0.01364957097953709,0.015440796639313182,355908.6,0.2799679468267977,1
2020-01-22,3.906329393386841,3.983075052327687,3.8948176268843624,3.8871433903448733,114408,0.004935763375313318,-0.023969508721844224,-0.005859448712212445,3.9830751419067383,4.006635780334473,0.980732035980833,0.9749649350609907,38.95342767607986,-0.01856638184676518,-0.009799033937641798,-0.00876734790912338,0.012552468851960779,0.015040264883879438,352637.0,0.3244356094227208,1
2020-01-23,3.9293532371520996,3.986912074216639,3.883306167500468,3.9063297023262837,136903,0.005893984210403991,-0.024761996960358967,-0.026616103873277064,3.9723307609558107,4.0027217674255375,0.9891807791470593,0.9816703396997222,42.441830222131024,-0.019779037216711703,-0.011795034593455779,-0.007984002623255925,0.008412538340674684,0.014755055203390995,322640.6,0.4243204358038015,0
2020-01-26,3.9101667404174805,3.9753998064175113,3.879468697847043,3.9293527425618544,69472,-0.004882863814128613,-0.017357860479601972,-0.03136900487692973,3.9596677303314207,3.9981938076019286,0.98749870108172,0.9779832916010528,55.725184322671986,-0.02203426794730312,-0.013842881264225247,-0.008191386683077874,0.008382508267724388,0.014786584853558072,325977.2,0.2131191997477124,0
2020-01-27,3.898655414581299,3.914004712061484,3.8794691358087943,3.910167181844802,305497,-0.0029439475603929566,-0.009746689505915729,-0.024015439899685576,3.950074553489685,3.9942030620574953,0.9869827421705345,0.9760784201524852,53.43512971022467,-0.02446836624512816,-0.01596797826040583,-0.00850038798472233,0.007982070691637866,0.014633520689241548,331335.6,0.9220168312731866,1
2020-01-28,3.925516366958618,3.990749438455682,3.860282472075035,3.8986553029838182,162160,0.006889799051451817,0.009871772091285536,-0.023854799132895566,3.9404814720153807,3.9900588178634644,0.9962022140789033,0.9838241855944855,49.586818023802444,-0.023953827499705316,-0.017565148108265725,-0.00638867939143959,0.008003257909414321,0.014649156762982916,314962.9,0.5148542891877106,1
2020-01-29,3.963888645172119,4.009935990514766,3.9331908723806746,3.9255166350294575,76911,0.009775090619028814,0.014734868975136095,-0.009587827317122821,3.936644172668457,3.987372736930847,1.0069207353544465,0.9941103846296536,40.77659946674388,-0.020216684323157708,-0.01809545535124412,-0.002121228971913587,0.008802880360549822,0.014376640697084392,269701.0,0.28517135642804436,1
2020-01-30,3.9907491207122803,4.009935397407974,3.9331902906251988,3.9638880588761576,100414,0.0067762941758913176,0.015624933635307148,-0.009523967884235152,3.9328068494796753,3.9852238655090333,1.0147330579533218,1.0013864353395718,44.54533182030512,-0.014915617582508922,-0.01745948779749708,0.0025438702149881594,0.008809161047613659,0.014351984370042647,144960.1,0.6927009570219667,0
2020-02-02,3.9677257537841797,3.9984235233125474,3.948539750752261,3.9907492867770777,42915,-0.005769184238770486,0.01472034754214957,-0.0028930266763003143,3.9316556453704834,3.98276801109314,1.0091742796590462,0.9962231650783919,46.666571988020785,-0.012429003479883072,-0.016453390933974278,0.004024387454091206,0.008070661647541316,0.014353604936514493,139102.6,0.3085132844389681,0
2020-02-03,3.9408648014068604,3.9677258651144305,3.933190564656059,3.9677258651144305,157162,-0.006769861135614286,0.010826652354987587,0.0009744388301793361,3.9320392847061156,3.980772624015808,1.002244513867161,0.9899748550399021,39.99997633039455,-0.012481914518126302,-0.015659095650804682,0.00317718113267838,0.007601604363546895,0.010315984749296542,126548.5,1.2419112040047886,0
2020-02-05,4.029122352600098,4.0674946353772485,3.9907495208985893,3.948539982397506,171009,0.022395478058960583,0.016456997980362376,0.0314343586644632,3.9496907234191894,3.979084224700928,1.0201108478468779,1.0125752874464302,50.0,-0.005120574988900284,-0.013026916213523209,0.007906341224622925,0.00905836059081576,0.010817405140748651,122244.3,1.398911851104714,0
2020-02-09,4.063657283782959,4.079006030817737,4.05214551766026,4.075169049905658,202749,0.008571328483131024,0.024177963889587373,0.039254219463052964,3.975016689300537,3.9811563301086426,1.0222994269988888,1.0207228621117888,66.33654412823167,0.007876524548404262,-0.006661722387508505,0.014538246935912767,0.008820624763276434,0.00912094158406033,121881.7,1.6634900891602267,0
2020-02-10,4.029122352600098,4.052145886943696,4.029122352600098,4.063657654115494,474400,-0.008498485175086445,0.022395478058960583,0.03346459846921612,3.988063383102417,3.982000541687012,1.0102954656316772,1.011833702788278,69.07226928435313,0.010712259339475505,-0.003186926042111703,0.013899185381587208,0.009451307949778488,0.009008434423611475,138772.0,3.418557057619693,1
2020-02-11,4.0674943923950195,4.117378988288342,4.0406338783942495,4.0291221119101355,225991,0.009523672015112616,0.03213243726172821,0.03616798712939828,4.0022611856460575,3.984302897453308,1.0162990878713558,1.0208798118724574,70.58831770776544,0.0158729292666675,0.0006250450196441377,0.015247884247023363,0.009596895078132342,0.009131654506602188,145155.1,1.5568932817379477,0
2020-02-12,4.02144718170166,4.0559824799108615,3.9945866686677673,4.067494245980596,59052,-0.011320780375125739,-0.0019049237592609902,0.0145207248946424,4.008017039299011,3.9861447763442994,1.0033508196873828,1.0088562777666437,61.1111175033684,0.016062019333611843,0.003712439882437679,0.012349579451174163,0.010375806274773212,0.009446766176890161,143369.2,0.4118876299791029,0
2020-02-13,3.9907491207122803,4.059819716816778,3.975399824893574,4.021447163425391,720849,-0.0076335855234060945,-0.009523967884235152,0.0,4.008017039299011,3.987372694015503,0.9956916553953197,1.0008467798111385,59.45948971646748,0.013578275696495723,0.0056856070452492875,0.007892668651246436,0.010559203635728983,0.009477398592556837,205412.7,3.5092718220441093,1
2020-02-16,4.029122352600098,4.0674946353772485,3.952376689197081,3.9907495208985893,211318,0.009615546035870226,-0.008498485175086445,0.015474002646821416,4.014156699180603,3.9886006259918214,1.0037282185377938,1.0101593843074224,64.40681268179051,0.014538697035145987,0.007456225043228628,0.007082471991917359,0.010736454870920861,0.009292755933814437,222253.0,0.9507993142949701,0
2020-02-17,4.029122352600098,4.048308356757584,4.0060988182565005,4.029122352600098,18315,0.0,0.0,0.022395478058960583,4.022982454299926,3.9897518062591555,1.0015262055875012,1.0098679186708248,62.162181829173335,0.015125480738816144,0.008990076182346131,0.006135404556470013,0.010357624583638819,0.008910435338299562,208368.3,0.0878972473260088,0
2020-02-18,3.9945871829986572,4.048308490445588,3.944702582478002,4.029122485654519,139245,-0.008571387656955642,-0.01792435400345649,0.013632130077798843,4.028354692459106,3.9902890348434448,0.9916175431315271,1.0010771520853956,53.63642371499887,0.012657899105521064,0.009723640766981118,0.0029342583385399464,0.010906059107205456,0.008617027120599348,222292.8,0.6264035542311762,0
2020-02-19,3.9792377948760986,4.009935840985011,3.9331907257127305,3.9945870923927367,288408,-0.003842546781276157,-0.010496068932005942,-0.012380998480179484,4.023366236686707,3.9912099838256836,0.9890319600019936,0.9970003610438684,48.598186195435176,0.009355906475863485,0.009650093908757592,-0.0002941874328941073,0.008087982238584956,0.008650914691439216,234032.7,1.2323406088123583,1
2020-02-20,4.025284767150879,4.029122297284306,3.9715634622155362,3.9792376990958633,831154,0.011571807127001232,0.008653925715188748,-0.0009524618796304951,4.022982478141785,3.9928216314315796,1.0005722841254228,1.0081303746362593,56.63718030630771,0.010335517942059003,0.009787178715417875,0.0005483392266411279,0.009051636371145986,0.008910601866587,317148.1,2.620712531464007,1
2020-02-23,4.1212158203125,4.163425626417033,4.009935147938414,4.025284168340062,1792209,0.023832115914999452,0.022856954853448963,0.014164220186392962,4.028738331794739,3.996351900100708,1.0229544539509876,1.0312444757951984,67.93892984948266,0.018637855748215415,0.011557314121977384,0.007080541626238031,0.011596866342650699,0.010104757616530102,476094.1,3.764400777073272,0
2020-02-25,4.002261638641357,4.086681546424672,3.9754005717588003,4.032959687121761,587442,-0.028863856409762745,0.0019212137052266876,-0.016037576812798493,4.031424403190613,3.999805431365967,0.9927661388053872,1.0006140816891065,47.48201503165193,0.020086664197067172,0.015402836141330223,0.004683828055736949,0.01444906903324963,0.01222388317772904,464799.2,1.2638618999344233,0
2020-02-27,3.9984238147735596,4.032959391242505,3.9715635732482215,4.036796647021034,222237,-0.0009589137878304177,-0.006673056424858048,0.0019231211557366734,4.0302733182907104,3.9972728490829468,0.9920974333495927,1.0002879377350677,43.511432640878624,0.012421370728930903,0.01491217103787006,-0.002490800308939157,0.01380755184500472,0.011963911301132727,409032.8,0.5433231760386942,0
2020-03-01,3.8717942237854004,3.952376592006437,3.7221412542320467,3.998423659561315,151215,-0.031669877145159675,-0.0605213624818578,-0.03904774167832592,4.014540505409241,3.9911332273483278,0.9644426849270789,0.9700989676953944,36.77414130789453,-0.0006748261597699923,0.01179477159834205,-0.012469597758112043,0.01659614309005738,0.013887181804014846,403022.5,0.3752023770385028,0
2020-03-02,3.818073034286499,3.975400245369449,3.64923378150636,3.8717943402543633,554665,-0.01387501153054016,-0.07355663941011814,-0.05238096534283776,3.993435573577881,3.9853773403167723,0.9560872997547153,0.9580204603619854,29.559777182503623,-0.015213139965248867,0.006393189285623867,-0.021606329250872733,0.016817012130162595,0.01412782236730256,456657.5,1.214619271554721,1
2020-03-03,3.8602824211120605,3.9485398486984464,3.8065611172582026,3.8180728840402085,290257,0.011055154379321364,-0.03547474661788841,-0.0336216874820533,3.9800050973892214,3.980542392730713,0.9699189640848209,0.9697880440016737,36.70885130171753,-0.023063057075020765,0.0005019400134949406,-0.023564997088515706,0.01751549542259456,0.014402628485388017,471758.7,0.615265812797941,1
2020-03-04,3.9408648014068604,3.9907493987533447,3.8372589000317463,3.8602824336706605,690016,0.020874737002166244,-0.015340535621588991,-0.009643302423054334,3.9761677980422974,3.9788539934158327,0.9911213514045311,0.9904522276836907,46.198828709480274,-0.022522226102464682,-0.004102893209696984,-0.018419332892767697,0.019098958879781858,0.01427644524840162,511919.5,1.3478994255932817,1
2020-03-05,4.0406341552734375,4.086681224365209,3.967726021415952,3.9408649566502376,168718,0.025316614219031308,0.010556744971335297,0.0038132427916206524,3.9777027368545532,3.980388903617859,1.015821046111819,1.0151355189440963,50.802141880298706,-0.013883025731732612,-0.00605891971410411,-0.007824106017628502,0.02052951551138399,0.015445182782888003,445675.9,0.3785665771920806,0
2020-03-08,3.944702386856079,3.9907494547803726,3.914004616035391,4.0406340528271985,215883,-0.023741760508596776,0.01883058831556328,-0.042830427027487294,3.960051393508911,3.9801586627960206,0.9961240385218254,0.9910917430826655,44.81130015629858,-0.014608887016084982,-0.0077689131745002854,-0.006839973841584696,0.020046783232269567,0.016201172620621717,288043.3,0.7494810676033777,0
2020-03-09,3.818073034286499,3.9715635385488066,3.7605139236492713,3.944702473871604,563548,-0.0321011169287484,0.0,-0.07355663941011814,3.929737114906311,3.9767051410675047,0.9715848471908599,0.9601096633635697,40.25421698483281,-0.02511258552628659,-0.011237647644857546,-0.013874937881429045,0.02179583533324535,0.01755190453860322,344398.1,1.636327261968054,1
2020-03-10,3.8717942237854004,3.9140045846350495,3.779700088675644,3.8180729194335483,570972,0.014070236220334875,0.002982114109159717,-0.03259842225113663,3.9166903734207152,3.97493999004364,0.9885372226663647,0.9740509878094771,44.308917318911824,-0.028770344620962618,-0.014744187040078561,-0.014026157580884057,0.021320718560649685,0.017744750140399872,342751.1,1.6658502335951657,0
2020-03-11,3.8142354488372803,3.9216788826034334,3.74132786520033,3.8717942841786965,551212,-0.014866176150199917,-0.03213237676267766,-0.04697998451393248,3.8978877544403074,3.9707957553863524,0.9785390675994367,0.9605720575437053,38.95580274965521,-0.03589982630500588,-0.018975314893064026,-0.016924511411941852,0.02159681285229195,0.017856838268249946,397872.3,1.385399285147521,0
2020-03-15,3.442021369934082,3.7720253326647257,3.4343465847107497,3.8142351418512037,2156629,-0.09758550144476863,-0.1481482268217985,-0.13915544489897647,3.8422475099563598,3.9585932636260988,0.8958354090971034,0.8695061959412235,22.42989858260303,-0.07076877891805866,-0.029334007698062957,-0.041434771219995704,0.03636112817554924,0.027787449929986212,591311.5,3.6471961056059286,0
2020-03-16,3.1120171546936035,3.2194605995219554,3.100505386440088,3.4420220013476697,2091178,-0.09587512097485862,-0.21108949433980606,-0.19623384538989608,3.76626980304718,3.9402511596679686,0.826286303805362,0.7898017229327692,17.690408838395797,-0.12360639965780429,-0.04818848609001122,-0.07541791356779307,0.044529478606415734,0.03382598287579929,785307.8,2.662876899987495,0
2020-03-17,2.9355032444000244,3.058295422168531,2.8127105177071843,3.1120167254800855,2299194,-0.05672009552625934,-0.23115581654959216,-0.23115581654959216,3.678012824058533,3.9219090652465822,0.7981220797269597,0.7484883498224252,17.06159351100783,-0.17767565775757355,-0.07408592042352369,-0.10358973733404986,0.04584454179823157,0.035097687490455824,959760.7,2.395590900940203,0
2020-03-18,2.8741073608398438,3.0621334633601522,2.697593301369251,2.935503734435406,2350993,-0.020914943179607737,-0.25768075607337726,-0.25546707538256275,3.579395318031311,3.9021088123321532,0.8029589093893714,0.7365523359462882,16.438341395905425,-0.2229104956096859,-0.10385083546075613,-0.11905966014892977,0.044137075607542535,0.03508541393366554,1165834.3,2.0165755974069386,1
2020-03-19,3.0736448764801025,3.1542272472732593,2.5901501027968017,2.87218853780394,1392737,0.06942590884355537,-0.19416488108591645,-0.2200582787354609,3.492673325538635,3.8849946451187134,0.8800264410660534,0.791158072853967,25.357872093333512,-0.23989308247283336,-0.1310592848631716,-0.10883379760966178,0.05208440082573709,0.03988688146153233,1236106.4,1.1267128784382963,1
2020-03-22,3.2060301303863525,3.378706628092177,3.108179977788637,3.0736446782474722,1505571,0.04307109611760218,-0.06856181707908715,-0.20655273227293836,3.409212923049927,3.868379306793213,0.9404018472152792,0.8287786372852017,32.31396237160695,-0.23990405668394255,-0.1528282392273258,-0.08707581745661674,0.05418595531227166,0.04145963123106537,1369791.7,1.0991240492988825,1
2020-03-23,3.2923684120178223,3.4823129809957347,3.2060302959377083,3.2060302959377083,978509,0.02692996575832729,0.05795316939439399,-0.16536963016826367,3.343979525566101,3.8534907341003417,0.9845659600623478,0.8543859682554752,36.272535034229556,-0.23029132105897965,-0.16832085559365656,-0.06197046546532309,0.056284140380727134,0.04160010188149971,1446054.3,0.676675142835231,0
2020-03-24,3.2693445682525635,3.3902182486747425,3.223297504179762,3.292368100288964,443793,-0.006993094600597272,0.11372541471020292,-0.14371869293916717,3.2891066789627077,3.83898588180542,0.9939916479947143,0.8516167209020935,34.412955160062324,-0.22197223286617795,-0.17905113104816087,-0.04292110181801709,0.05606831607009735,0.041538125633955585,1434078.8,0.30946207419006544,1
2020-03-25,3.2866125106811523,3.3959744302816897,3.2232976573414382,3.2693447236022615,680119,0.00528177500660898,0.14352461409819095,-0.15113967305114784,3.230588507652283,3.8242891883850096,1.0173417329059908,0.8594048066927393,32.14660879429479,-0.211547330950264,-0.1855503710285815,-0.025996959921682522,0.05564768412470769,0.04145265056350027,1444993.5,0.470672705448156,1
2020-03-26,3.298124313354492,3.3269038673136695,3.2348094593216015,3.2866125466632545,1368420,0.0035026345928910185,0.07303362811759184,-0.13531181868704978,3.178977394104004,3.8102064418792723,1.0374796371535917,0.8656025240794537,28.71285991758313,-0.20005055651855264,-0.1884504081265757,-0.011600148391976928,0.05594851591547338,0.041499886771012996,1526714.3,0.8963170122923457,0
2020-03-29,3.2175424098968506,3.2808569985859544,3.188762851792925,3.298124788340751,713512,-0.024432645892502047,0.0035908207478732024,-0.06521718952649336,3.156529498100281,3.7939748430252074,1.0193291118721652,0.8480663533686675,28.96781602029948,-0.19519151977216787,-0.18979863045569417,-0.005392889316473692,0.04785533540481365,0.04159861417362483,1382402.6,0.5161390755486137,0
2020-03-30,3.108180284500122,3.1945186791038847,3.0678889604951154,3.2175422144032626,823487,-0.03398933454935704,-0.05594396023402959,-0.0012329206436714202,3.1561458110809326,3.776553692817688,0.9848024998045375,0.8230202818011857,29.26008490705611,-0.19788422155782026,-0.1914157486761194,-0.006468472881700854,0.03784990449062382,0.041665497229576125,1255633.5,0.6558338878343083,0
2020-03-31,3.096668243408203,3.1657388432072597,3.0333533896946516,3.1081800100413792,1685705,-0.0037037880811892077,-0.05281680203462136,0.05490199996052758,3.1722623109817505,3.7597464895248414,0.9761702973578649,0.8236375117407349,26.781618028087905,-0.19865713681536112,-0.19286402630396776,-0.005793110511393362,0.03223918784235565,0.041678788568096266,1194284.6,1.41147679539701,0
2020-04-01,3.0045742988586426,3.0506216469489975,2.958527225230496,3.096668720577144,1300734,-0.029739687080008848,-0.08581425735644665,0.04539389857053733,3.1853090047836305,3.7420951080322267,0.9432599142960496,0.8029123290879135,26.238749848691896,-0.2043453236984094,-0.1951602857828561,-0.009185037915553307,0.03315987210439614,0.041614479882064376,1089258.7,1.1941460738390246,1
2020-04-02,3.016085624694824,3.067888712156172,2.981550324541315,3.004573857976988,535919,0.0038312668255713334,-0.08551487508146982,-0.0187267085491003,3.1795530796051024,3.724290232658386,0.9485879144591665,0.8098417245376583,34.14284948406903,-0.2055548763326871,-0.19723920389282232,-0.00831567243986478,0.02428558417206342,0.04108540585270521,1003576.9,0.5340089035528817,0
2020-04-05,2.975794792175293,3.0333536298991293,2.935503468537514,3.0160858413508844,357507,-0.013358650095886437,-0.07513424437793426,-0.07181321723364908,3.1565295457839966,3.7052190637588502,0.9427425750377971,0.8031359930326023,43.533707320915575,-0.20737410932312228,-0.19926618497888232,-0.008107924344239958,0.01864792126724207,0.04011235306390659,888770.5,0.40224894953196577,1
2020-04-06,2.9930622577667236,3.021841813393439,2.9700387230502243,2.975794743960441,1218982,0.005802639898703665,-0.03703711374384211,-0.09090907115940294,3.126598930358887,3.686876974105835,0.957290117611332,0.811815061578674,53.2188955649587,-0.20505873495992288,-0.20042469497509047,-0.0046340399848324165,0.015225872552065029,0.040293647355716077,912817.8,1.3354055979188837,1
2020-04-07,3.0851566791534424,3.1657390508716734,2.9988182865099597,2.9930622655847086,3532105,0.030769296945876157,-0.0037174031410258657,-0.05633786382986483,3.1081801414489747,3.6706069993972776,0.9925926229343969,0.8405031319506644,61.410801218829626,-0.19356128000679584,-0.19905201198143155,0.005490731974635704,0.01986091984086742,0.0411614056179138,1221649.0,2.8912600918921885,1
2020-04-08,3.1427154541015625,3.2175420778806902,3.05062131681167,3.08515661829538,4137116,0.018656678066643284,0.04597694764792348,-0.04378278732644603,3.0937904357910155,3.6549509811401366,1.0158139406420519,0.8598516013807699,54.411764257983045,-0.17775589273988857,-0.19479278813312295,0.017036895393234386,0.021087878164209446,0.04131373897836416,1567348.7,2.639563231844962,1
2020-04-09,3.165739059448242,3.3096362894231626,3.096668454931205,3.1427155246092298,2791570,0.007326022887828243,0.04961843043450087,-0.04013955852731399,3.0805519104003904,3.6389879894256594,1.027653210049877,0.8699504006738671,47.008555178511685,-0.16151040550608142,-0.18813631160771466,0.026625906101633234,0.021278184305268368,0.04146106899846641,1709663.7,1.6328181969354558,0
2020-04-12,3.096668243408203,3.1542270765740836,3.056376922961004,3.1657388432072597,1171895,-0.021818227827052006,0.04061887988739721,-0.037567233338354766,3.068464493751526,3.6211063718795775,1.0091914863978741,0.8551718522979598,35.08771228626034,-0.15245180789297574,-0.1809994108647669,0.028547602971791153,0.021012047779222685,0.035986669694129565,1755502.0,0.6675554912497964,0
2020-04-13,3.0045742988586426,3.1484715411777042,2.958527225230496,3.096668720577144,9266827,-0.029739687080008848,0.0038462417753075684,-0.03333332566265279,3.058103895187378,3.6018433427810668,0.9824958215406036,0.8341768402783285,31.74604792232175,-0.15096379898189793,-0.17499228848819312,0.024028489506295186,0.02036257788360567,0.029641898277723722,2599836.0,3.564389061463877,1
2020-04-14,3.016085624694824,3.085156499464011,2.952771044977808,3.004573857976988,7023160,0.0038312668255713334,-0.02238818369431117,-0.026022360930949895,3.05004563331604,3.583347759246826,0.9888657375318368,0.8416949253423193,31.199945919722595,-0.1471593124580033,-0.16942569328215515,0.02226638082415186,0.020480829600341543,0.026626799030835615,3133581.5,2.2412565302673633,1
2020-04-15,3.021841526031494,3.108179910239111,2.970038440614492,3.016085505668646,7404673,0.001908401170557683,-0.03846162016109844,0.005746979590223855,3.051772356033325,3.564967293739319,0.9901923123647614,0.847649158335437,30.64510417912382,-0.14204239997558243,-0.1639490346208406,0.02190663464525816,0.018101265531599,0.026090834723855552,3743975.4,1.977756851714357,1
2020-04-16,3.044865131378174,3.0851564514952257,2.9815502781834247,3.0218415983004765,4038121,0.0076190644507145855,-0.03818189869734101,0.009542005852788638,3.05465030670166,3.5452821493148803,0.9967966299441811,0.8588498751690578,36.84203450577489,-0.13457806526824534,-0.15807484075032155,0.02349677548207621,0.01821287050642036,0.020939237116197263,4094195.6,0.9863038785933921,0
2020-04-21,3.033353805541992,3.073645131512794,2.998818500907963,3.0448655737533348,2750769,-0.003780570021822749,-0.020445986747526734,0.019342400059993325,3.06040620803833,3.5253667783737184,0.9911605190104231,0.8604363733583783,43.29895322366373,-0.128114569022725,-0.15208278640480224,0.023968217382077245,0.01760990071280176,0.018289236260682976,4333521.8,0.6347652387487701,0
2020-04-22,2.9988181591033936,3.050621247381035,2.96428285840569,3.033353459801097,4044073,-0.01138530110648528,-0.001915792116519044,0.0019230810591173153,3.060981798171997,3.504069995880127,0.9796916012026837,0.85581000454592,41.5841340524597,-0.12434556149187559,-0.1465353414222169,0.022189779930341325,0.018037360397327198,0.016993522522405182,4616030.9,0.876093138804595,1
2020-04-23,3.0794005393981934,3.131203627877707,3.021841704677719,2.9988181707895296,5327925,0.026871379329946654,0.020992412876134958,-0.001865752813833943,3.0604061841964723,3.4850755596160887,1.0062064817734997,0.8835964921625447,56.56564769046286,-0.11354736785881148,-0.13993774670953585,0.026390378850724372,0.01733512732153152,0.018365899678935385,4795612.9,1.110999805676559,1
2020-04-26,3.1542272567749023,3.200274325938273,3.113935934025862,3.079400632153334,5003573,0.02429911809761931,0.04380962059160898,0.0036630114439142325,3.0615573644638063,3.4668102169036867,1.0302688734128378,0.9098355720181412,60.90913198850735,-0.09782417467625981,-0.13151503230288064,0.03369085762662083,0.018087221306822956,0.019277508617127577,4882258.6,1.0248480078462048,0
2020-04-27,3.090912342071533,3.1657389653041914,3.050621294532546,3.154227198227027,4441776,-0.020073035183934884,0.015122906502107458,-0.02363641347930634,3.054074692726135,3.4481995201110838,1.0120618036726914,0.896384424405917,58.7719189878569,-0.08944139059588263,-0.12310030396148104,0.03365891336559841,0.018993077493909875,0.01964850648604103,5047279.2,0.8800337417434724,1
2020-04-28,3.177250862121582,3.2463214674050063,3.0794007007389705,3.090912468286208,7691880,0.027933021223172094,0.04743826991651523,0.026022360930950006,3.062132954597473,3.43192955493927,1.037594026526925,0.9257913984711161,62.698425482883145,-0.07496700385545907,-0.11347364394027666,0.03850664008481759,0.019790292125439167,0.020132963581226224,5699277.7,1.3496236549413971,1
2020-04-29,3.183006763458252,3.2463213453565944,3.1369594205383065,3.1772507426699423,2993937,0.0018115980092381356,0.061420397830966866,0.059386937000490025,3.079976201057434,3.415007243156433,1.0334517397781986,0.9320644252913072,57.657659002408806,-0.06231318731282354,-0.10324155261478604,0.040928365301962505,0.016230138489286196,0.01851969133820728,5071988.7,0.5902885785214782,0
2020-04-30,3.1427154541015625,3.1887625227465093,3.108180152617853,3.1830067763969803,3332417,-0.01265825439620305,0.020560792236447023,0.041984825752269916,3.092639183998108,3.3972791051864624,1.0161920829182267,0.9250683728939816,50.0,-0.05490322823450766,-0.09357388773873036,0.0386706595042227,0.017268502201980028,0.018755120173250754,4702914.4,0.7085855102954882,0
2020-05-03,3.021841526031494,3.1139356561398017,2.9067238633961097,3.1427152090297263,3869231,-0.03846162016109844,-0.041970891748227546,0.0,3.092639183998108,3.377824192047119,0.9771076890143104,0.8946118430752659,39.99998011759779,-0.0581143915578326,-0.08648198850255082,0.028367596944718215,0.021959565868373124,0.019588089806277333,4349370.2,0.8896071895650547,0
2020-05-04,2.981550455093384,3.044865312044913,2.94701515342769,3.021841777601117,2401388,-0.013333283890311631,-0.035381749747343205,-0.020793918138545697,3.086307716369629,3.3578704452514647,0.9660574152341914,0.8879289727540697,41.66666379016048,-0.06318209051495538,-0.08182200890503175,0.018639918390076365,0.022173419956156272,0.01980782230003737,4185696.9,0.573712826650205,1
2020-05-05,2.9988181591033936,3.027597713582566,2.9815503715234555,2.9815503715234555,864487,0.005791518295627407,-0.05615946324711718,-0.01138530110648528,3.082854151725769,3.337341113090515,0.9727408471220306,0.898565072458645,49.53269001997144,-0.06505500544050724,-0.07846860821212685,0.013413602771619612,0.02228845835125446,0.019609741765419634,3997068.7,0.21628024557096054,1
2020-05-06,3.0045742988586426,3.039109878541961,2.993062530451606,2.9988185518862283,1321817,0.0019194694209034857,-0.05605783394746777,0.0019194694209034857,3.083429765701294,3.315008282661438,0.9744260538314169,0.9063549899930974,49.05664211328423,-0.06532184210608483,-0.07583925499091845,0.010517412884833627,0.02198946636764129,0.01957438232834324,3724843.1,0.35486514854813617,0
2020-05-07,2.9412593841552734,3.021841754081367,2.9067240827583762,3.0045739661518294,1477049,-0.021072840411175964,-0.06410254854074315,-0.044859755486669095,3.0696156501770018,3.2914091539382935,0.9581849063043685,0.8936170638754976,43.96554864004971,-0.06983725614113823,-0.07463885522096242,0.0048015990798241925,0.020771967862108488,0.018752853105276624,3339755.5,0.44226261473332407,0
2020-05-10,2.9239916801452637,2.964283003495774,2.900968145219883,2.9412594685703928,1296386,-0.005870853860435399,-0.0323808661186592,-0.07299270404030667,3.046592092514038,3.2698437547683716,0.9597581794195478,0.8942297857141472,40.86959465884434,-0.07395658818488648,-0.07450240181374723,0.0005458136288607474,0.018171138865815825,0.018106764117522867,2969036.8,0.43663520775491904,1
2020-05-11,2.9412593841552734,3.0160857332841284,2.8491649726347035,2.923991596225736,3250391,0.005905524330750422,-0.013513462725167402,-0.048417082516148624,3.031626796722412,3.24862370967865,0.9701917753646861,0.9053862949384862,43.10344827586207,-0.07496369430172622,-0.07459466031134304,-0.00036903399038318296,0.018014590970000504,0.01806503186732733,2849898.3,1.1405287690441446,1
2020-05-12,3.0678887367248535,3.0966682909810053,3.0045738820386227,2.941259301814562,3103837,0.04305276618979592,0.02303259949649994,-0.034420362175526464,3.020690584182739,3.230013008117676,1.0156249543694604,0.949806929264566,54.54544313453776,-0.06479696362644383,-0.0726351209743632,0.007838157347919372,0.021386426887142942,0.02029223347299365,2391094.0,1.2980823840468003,0
2020-05-13,3.0103299617767334,3.0678887969569226,2.9873064277046577,3.0678887969569226,1406411,-0.018761689190060826,0.0019156334127856667,-0.05424958679444014,3.0034229040145872,3.2127837228775022,1.002299728670549,0.9369849393660887,45.31251162960779,-0.06068473259607021,-0.0702450432987046,0.009560310702634384,0.021825999803512568,0.019589484044262667,2232341.4,0.6300160898328544,0
2020-05-14,2.9527714252471924,2.993062476717374,2.9355036357155404,3.0103302662490257,1680961,-0.019120341377982797,0.003913983633655249,-0.06043946123295185,2.9844285011291505,3.195477690696716,0.9893925835817542,0.9240469535568543,36.000026509860845,-0.06136289943108464,-0.0684686145251806,0.007105715094095966,0.022159568149506842,0.020037475515560888,2067195.8,0.8131600306076473,0
2020-05-17,2.9297475814819336,2.970038628725117,2.877944492783927,2.952771115467231,797097,-0.007797367438738156,0.0019685081102500668,-0.030476100005980555,2.9752191066741944,3.1768669939041136,0.9847165793301554,0.9222128553394392,38.13561166433582,-0.06303159432376804,-0.06738121048489809,0.004349616161130054,0.01907460176578586,0.02008411408161109,1759982.4,0.4529005517327901,0
2020-05-18,2.9182357788085938,2.94701505870725,2.895212245104801,2.9297475456604904,1541540,-0.003929281398200479,-0.007827805147247124,-0.021235487119337426,2.9688876390457155,3.1564144134521483,0.9829391117498125,0.9245413930349341,28.571434207027792,-0.06453898803615132,-0.06681276599514874,0.002273777958997414,0.018733411470229906,0.019978241452142394,1673997.6,0.9208734827337864,1
2020-05-19,2.9412593841552734,2.9873064526844697,2.923991596225736,2.9182358498906753,704115,0.007889563109968911,-0.04127573176097776,-0.019193819663053335,2.9631317615509034,3.134426918029785,0.9926184931499024,0.9383722961402043,30.555564078529315,-0.06314786658046367,-0.06607978611221173,0.0029319195317480534,0.018841658382913573,0.020091543364247167,1657960.4,0.42468746539422775,1
2020-05-20,2.970038652420044,3.0045739536735123,2.906724070686441,2.9412593719399087,1797602,0.009784675374027163,-0.013384349844795418,-0.011494355939780876,2.9596781969070434,3.1149336433410646,1.003500534458046,0.9534837632157047,35.849048493443064,-0.05904254071707493,-0.06467233703318437,0.005629796316109437,0.01917440074574346,0.020092648764274544,1705538.9,1.0539788919502218,0
2020-05-21,2.958526611328125,2.9815501433647524,2.935503079291498,2.9700383773464387,1480661,-0.0038760576676464265,0.0019490794416809898,0.005870691740371914,2.9614049196243286,3.097742714881897,0.9990280598653937,0.9550588553126241,43.67814887994858,-0.05607160731329586,-0.06295219108920667,0.006880583775910817,0.017902274730496267,0.01905444263655179,1705900.1,0.8679646598297286,1
2020-05-31,3.016085624694824,3.0621329660283383,2.9642828116956443,2.9585267911056423,1196507,0.01945529681778324,0.029469447729424836,0.03149596668653487,2.9706143140792847,3.0806285429000853,1.015307039490124,0.9790487826407981,53.33331492371284,-0.04851335805528967,-0.06006442448242328,0.011551066427133612,0.0186412441678258,0.018732942588387178,1695912.2,0.7055241421106588,1
2020-06-01,3.033353805541992,3.0506215950901083,3.004574247782533,3.0160860159938756,1047713,0.005725361609690838,0.039447815549844556,0.03131122058898872,2.9798237562179564,3.0650109100341796,1.0179641662404817,0.9896714545489711,53.33335787947141,-0.04066127531485231,-0.05618379464890909,0.01552251933405678,0.018638490435527778,0.018311556631933276,1475644.4,0.7100037109211407,0
2020-06-02,3.033353805541992,3.0506215950901083,3.0160860159938756,3.0333538055419917,1228073,0.0,0.03131122058898872,-0.01125690471412899,2.9763702630996702,3.056837558746338,1.0191453137228221,0.9923176312927872,52.80899137871655,-0.03404598228100708,-0.051756232175328695,0.017710249894321614,0.012323529968157939,0.0170264058179332,1288068.0,0.9534224901169814,1
2020-06-03,3.039109468460083,3.0506212353137805,3.0218416809484503,3.033353447802148,706131,0.0018974584855795396,0.023255864358451728,0.009560249889139616,2.979248213768005,3.0553794050216676,1.0200927383007032,0.9946749865058185,60.75948437905533,-0.028015930784887733,-0.047008171897240505,0.018992241112352773,0.010644062166234631,0.017027475298337348,1218040.0,0.5797272667564284,1
2020-06-04,3.113935947418213,3.1657390376808894,3.0218418086953944,3.0391095969370143,2389794,0.02462118582258399,0.05252930140801482,0.05458076463115624,2.9953646659851074,3.0589480590820313,1.0395849235919694,1.0179760778130647,68.53931381519607,-0.017003197749559718,-0.041007177067704355,0.024003979318144637,0.010441414898876455,0.017840319833136546,1288923.3,1.8541010159409794,1
2020-06-07,3.171494722366333,3.21754178684621,3.136959149544271,3.1139356173043318,3371558,0.018484251416874153,0.05152675255604966,0.08251466522659201,3.0195393800735473,3.064895806312561,1.050324014084918,1.0347806003173803,70.83331355735845,-0.0035896362844294316,-0.033523668911049374,0.029934032626619943,0.010057433136236757,0.015865700210889885,1546369.4,2.1803056889252983,0
2020-06-08,3.1542272567749023,3.211786093229116,3.119691954902374,3.171495044942257,2428475,-0.005444582792351937,0.03984812157819251,0.08086785847806133,3.043138527870178,3.066507453918457,1.0365046572436099,1.0286057686715728,59.74028069911186,0.0055830101870477655,-0.025702333091429948,0.03128534327847771,0.01026646637333871,0.01554517456185187,1635062.9,1.4852486714731281,0
2020-06-09,3.108180284500122,3.1484713340429384,3.0736449815510554,3.154227355098878,1653129,-0.014598495455860672,0.024667903500547927,0.05675150625751013,3.0598306179046633,3.0645504570007325,1.015801419304892,1.0142369421262818,61.333358370437956,0.009032669774553082,-0.018755332518233345,0.027788002292786426,0.012481685193400581,0.016009502187799816,1729964.3,0.9555856152638526,0
2020-06-10,3.0851566791534424,3.1196919813183985,3.067888890839872,3.10818021393008,869076,-0.0074074227487683775,0.015151547244756314,0.038759773930752806,3.071342420578003,3.060406222343445,1.004497791741775,1.0080873109684914,66.66662664575975,0.009795817232554516,-0.013045102568075773,0.02284091980063029,0.01301463153801053,0.016144582779007485,1637111.7,0.5308593176629304,0
2020-06-11,3.0678887367248535,3.0966682909810053,3.033353436294774,3.0851565241709786,1164052,-0.0055971038830116004,-0.014787462385518091,0.03696506395378818,3.0822786331176757,3.056377105712891,0.9953314096142349,1.0037664301929383,67.64701940847462,0.008904591859391076,-0.008655163682582404,0.01755975554197348,0.013139457930909829,0.015360251479393497,1605450.8,0.7250623936902956,0
2020-06-14,3.050621271133423,3.073644805111155,3.02184171643017,3.0678887843856346,969621,-0.005628452357064551,-0.03811245542377051,0.011450486072355215,3.0857321977615357,3.051657280921936,0.988621525013226,0.9996605091289281,66.66666666666666,0.006727399888970975,-0.005578650968271729,0.012306050857242705,0.012158039929056194,0.01535362501785402,1582762.2,0.6126131897767081,1
2020-06-15,3.0678887367248535,3.1139358039649596,3.0045738820386227,3.050621223740899,2217097,0.005660311148691033,-0.02737232070536577,0.011385065309482023,3.089185690879822,3.047052569389343,0.9931059650386692,1.0068381384505245,66.17644908908832,0.006322418820989384,-0.0031984370104195066,0.009520855831408891,0.012155369860752592,0.015350635384311872,1699700.6,1.304404434522174,1
2020-06-16,3.102423906326294,3.142715225693394,3.0736446277459293,3.067888607352561,1959405,0.011256982428348605,-0.0018520091008021877,0.02277020921796513,3.096092700958252,3.044750199317932,1.002044901745378,1.0189420160055436,66.66664665618919,0.008688017908914158,-0.0008211460265527735,0.009509163935466932,0.012546965146790443,0.012228168144335553,1772833.8,1.1052389682552306,1
2020-06-17,3.1484711170196533,3.1945184589065683,3.096668303397902,3.1024240495949096,1311655,0.014842333634505156,0.020522276321987,0.0359847678060059,3.107028865814209,3.0455560159683226,1.013338225357808,1.0337918923545424,72.00003313736265,0.014115680521329388,0.002166219283023659,0.011949461238305729,0.013151240211051242,0.011721498693483164,1833386.2,0.7154275514891516,0
2020-06-18,3.113935947418213,3.159983016779622,3.079400645397156,3.1484712494392695,1559430,-0.010968869752291499,0.015009413523424442,0.0,3.107028865814209,3.045901370048523,1.0022230503488399,1.0223364348034047,61.971872892450506,0.015452317978561947,0.004823439022131316,0.01062887895643063,0.011554883210804438,0.011060143468767124,1750349.8,0.8909247740080297,0
2020-06-21,3.102423906326294,3.136959205300026,3.0506210950967745,3.113935672650871,774718,-0.0036969421614030384,0.01698101160017962,-0.021778631871253284,3.100121784210205,3.047858362197876,1.000742590864596,1.0179029133391453,58.571375314879354,0.015405106805487456,0.006939772578802544,0.008465334226684912,0.009586415867343323,0.010891673644561003,1490665.8,0.5197127350744882,0
2020-06-22,3.090912342071533,3.131203664072698,3.067888807917204,3.102424109148698,566873,-0.0037105065594958964,0.007504706761712221,-0.020073035183934884,3.093790292739868,3.04935489654541,0.9990697654346228,1.0136282744829745,56.94441887544471,0.014274259799929911,0.008406670023028018,0.005867589776901893,0.009535914850370931,0.010884536528104824,1304505.6,0.43455007015684716,1
2020-06-23,3.102423906326294,3.136959205300026,3.0506210950967745,3.0909121400017163,439048,0.0037243256944148317,0.0,-0.0018520091008021877,3.0932146549224853,3.05188747882843,1.0029772429110775,1.0165590729830132,57.534224033936354,0.01414390035094204,0.009554116088610823,0.004589784262331217,0.00855258168426495,0.010824418946626045,1183097.5,0.37110043762242756,1
2020-06-24,3.165739059448242,3.2060303826476066,3.108180222350711,3.1024242014098657,1169858,0.020408285596574816,0.005484548463933425,0.0261193802049986,3.1012728929519655,3.0553410148620603,1.0207870022153755,1.0361328061414992,56.33805035482674,0.018931364275555307,0.011429565725999721,0.0075017985495555856,0.010279766724498072,0.011432603777274536,1213175.7,0.964293960058712,0
2020-06-25,3.1484711170196533,3.177250671391204,3.119691837110274,3.1657389045350177,971123,-0.005454632268901638,0.011090520224114941,0.026266395951773047,3.1093311309814453,3.056607303619385,1.0125879118014214,1.0300541758476762,46.87499190982496,0.021088984600813987,0.013361449500962574,0.0077275350998514125,0.010267190033054041,0.011489749998108612,1193882.8,0.8134156887091429,1
2020-06-28,3.1542272567749023,3.1657390240657453,3.131203722193217,3.14847123589839,313646,0.001828233304772331,0.016697702187948638,0.03396225766267791,3.1196917295455933,3.0568375396728515,1.0110701730245442,1.031859631347132,50.0,0.02299827680648292,0.015288814962066645,0.0077094618444162755,0.00986249459426848,0.010832757437266598,1128285.3,0.2779846551222461,0
2020-06-29,3.1254475116729736,3.1657388319772455,3.1024239784882943,3.1542270653849056,802172,-0.009124182488789656,0.01117313135392739,0.018761689190060826,3.1254476070404054,3.056031708717346,0.9999999694867924,1.022714359526316,52.542302675273,0.02193625226653717,0.01661830242296075,0.005317949843576419,0.01056714266482052,0.01109122672292137,986792.8,0.8129082417301787,1
2020-06-30,3.159982919692993,3.183006728128502,3.108180105484078,3.1254476187329914,1506904,0.011049748201189091,0.018552917043131334,0.018552917043131334,3.1312035083770753,3.057298002243042,1.0091911660289479,1.0335868199222367,60.65566980067388,0.02360915730075197,0.018016473398518994,0.005592683902232977,0.010546960422172416,0.011283259397399334,941542.7,1.6004627299431031,1
2020-07-05,3.2866125106811523,3.3499273640208664,3.165738824515409,3.1599828040017237,2641318,0.04007287197630238,0.038181748073063515,0.04387570618474146,3.145017647743225,3.0629387664794923,1.0450219613360618,1.0730258621718214,73.74997281705411,0.03475229349127762,0.02136363741707072,0.0133886560742069,0.0157327233721693,0.014118697900461316,1074509.0,2.4581627515451245,1
2020-07-06,3.390218496322632,3.4880686518561457,3.286612594590649,3.286612594590649,4973408,0.03152363879367304,0.07678246689199963,0.0887245446180378,3.172645902633667,3.070421423912048,1.0685776479210471,1.1041541300878261,81.0525714544833,0.05135149826732022,0.02736120958712062,0.023990288680199597,0.016817665752312316,0.014720431792446505,1415906.8,3.5125249769264473,0
2020-07-07,3.38446307182312,3.453533679543054,3.3556835147087156,3.3902188185686826,773374,-0.0016976559197451335,0.07299277962730777,0.09090929351134358,3.2008498191833494,3.077673854827881,1.0573639074033836,1.0996821727922812,79.5699097141773,0.06331224879255082,0.034551417428206666,0.028760831364344153,0.01666561297059865,0.014389335090183137,1415772.4,0.5462558812419285,0
2020-07-08,3.3556833267211914,3.41324216326332,3.286612722870637,3.384462882223347,1445510,-0.008503489177214107,0.07366491172490641,0.08566111081371153,3.2273269176483153,3.0838902187347412,1.039771740622548,1.0881331982362075,73.91303173300352,0.06966587995042639,0.04157430993265061,0.028091570017775777,0.017129827939751967,0.014503557793400495,1503636.1,0.9613429738751283,0
2020-07-09,3.2578330039978027,3.3211478582501828,3.2002741703420794,3.355683158443617,2211333,-0.029159581878364316,0.030965383925023238,0.05009279916732434,3.2428678274154663,3.0883798027038574,1.0046147969571315,1.054867992966924,59.40592394583038,0.06604415918791684,0.04646827978370386,0.01957587940421298,0.020871211784315953,0.01575542481566019,1680864.6,1.3155925825316328,1
2020-07-12,3.4017302989959717,3.436265599936895,3.3211479301338165,3.257833074511036,1567416,0.04416963509841887,0.03502627338656383,0.07454538580601167,3.2664669513702393,3.096438045501709,1.0414096789098053,1.098594659091523,70.83328874757986,0.07393297518081399,0.051961218863125894,0.021971756317688093,0.023935955508862128,0.018100056664883648,1720620.4,0.9109597910149154,1
2020-07-13,3.4938244819641113,3.522603760311181,3.4362653763456588,3.4017300776518815,3941973,0.02707274677105387,0.03056026794552058,0.10968922759925781,3.301002287864685,3.1047265243530275,1.058413226433768,1.1253243899451548,75.37311149063763,0.0866176749541232,0.05889251008132536,0.027725164872797844,0.024193108261752912,0.018557052952649238,2017705.4,1.9536910591605694,1
2020-07-14,3.4995803833007812,3.5283599373884016,3.4650450830729382,3.4938246371605586,1776732,0.001647450055485944,0.03401346359369506,0.1094889804734589,3.3355376005172728,3.1116335868835447,1.0491803128701258,1.1246762466032463,76.6916836609482,0.09602789425688707,0.0663195869164377,0.029708307340449366,0.02420055995976329,0.018373399744530478,2164014.0,0.8210353537454009,0
2020-07-15,3.4132421016693115,3.539871814239067,3.2808566427803,3.4995804921555673,5627522,-0.024671038288892277,0.01715262417337815,0.09208108244386692,3.3643170595169067,3.1180801820755004,1.0145423398826239,1.094661427018641,68.4931328073356,0.09541885393082294,0.07213944031931475,0.02327941361150819,0.02604505653482918,0.019697940294453008,2646549.0,2.1263622929331745,1
2020-07-16,3.436265707015991,3.4823130508343,3.321148033625677,3.4132421723379283,1063858,0.0067453771695302756,0.05477036508600275,0.08743173439362772,3.3919453382492066,3.1232604789733887,1.013066357015547,1.100217458694155,66.90644523479953,0.09569093211975765,0.07684973867940334,0.018841193440354315,0.026045747914173474,0.019654694751332663,2602244.4,0.40882324504185696,0
2020-07-19,3.390218496322632,3.511092185574364,3.3096361283088673,3.4362655637590684,1473001,-0.013400363830812778,-0.0033841021073121036,0.03152363879367304,3.4023059368133546,3.127404713630676,0.9964472799580029,1.0840357442535313,64.58332134790608,0.09114032207435585,0.07970785535839385,0.011432466715962,0.024326020805851573,0.019945814141999495,2485412.7,0.5926585150224749,0
2020-07-20,3.38446307182312,3.4247541224286495,3.338416000009831,3.3902188185686826,880634,-0.0016976559197451335,-0.03130134633423598,-0.0016976559197451335,3.4017303943634034,3.1322396659851073,0.9949239591212475,1.0805249382980044,63.888902472384835,0.08607727097244888,0.08098173848120487,0.0050955324912440175,0.022232767203570564,0.019688310202114208,2076135.3,0.42416985058729073,1
2020-07-21,3.3959743976593018,3.442021463477788,3.3671948442916673,3.3844626312046806,1654596,0.003401226602830265,-0.02960525957222304,0.003401226602830265,3.4028815269470214,3.1397223234176637,0.9979702116476806,1.0816161583240589,66.66668625139982,0.08204783788555092,0.08119495836207408,0.000852879523476846,0.02224668380939357,0.019599274532843214,2164257.5,0.7645097683616667,1
2020-07-22,3.465045213699341,3.5053365360484907,3.3959746106398088,3.3959746106398088,3674614,0.02033902731647408,0.015177098631443009,0.03259004987368885,3.4138177156448366,3.149392218589783,1.015005926596414,1.1002266384118073,68.0272335034535,0.08346577919233722,0.08164912252812671,0.0018166566642105059,0.022803712250757596,0.019792188094982423,2387167.9,1.539319458844935,1
2020-07-26,3.5686511993408203,3.6089425226050773,3.5226041295886317,3.465045292398396,7970422,0.02990032719684721,0.03852597663054147,0.09540642352189366,3.4448995351791383,3.160788879394531,1.0359231562191977,1.1290381406379846,67.13288779409413,0.0918903898491985,0.08369737599234107,0.008193013856857431,0.02099772328638076,0.020492860554909873,2963076.8,2.689914078501104,0
2020-07-27,3.562221050262451,3.6458111490687104,3.530070917919618,3.986601080192097,6799166,-0.0018018429706878614,0.05073494647214938,0.04717915212556645,3.460948610305786,3.1719418144226075,1.0292614688513728,1.1230411081518803,61.847282057311844,0.09693073798892948,0.08634404839165875,0.01058668959727073,0.01722020867128954,0.020341943451193226,3486251.8,1.9502796671198563,1
2020-07-28,3.5686511993408203,3.600801025076973,3.5365010669982815,3.562221050229758,1923537,0.0018050954692705456,0.05442166855095354,0.02141685072131727,3.468431282043457,3.1844896507263183,1.0288948833486238,1.1206352008482372,62.674825375606105,0.10028805126717666,0.08913284896676234,0.011155202300414321,0.01533159575979597,0.020188879146506206,3284408.2,0.5856571055936348,1
2020-07-29,3.5943713188171387,3.665101122081524,3.5365012010495533,3.5686513346107445,2032598,0.0072072382644370325,0.058421206383235225,0.027086371831513967,3.477910375595093,3.1978972434997557,1.0334858954501145,1.1239796169571368,66.49466769125728,0.103827288565713,0.09207173688655247,0.011755551679160522,0.015408867912126324,0.02015952597440634,3309994.8,0.6140789103354483,1
2020-08-04,3.632951259613037,3.697251219500462,3.607231275658067,3.594371283680582,1790119,0.010733432184350633,0.04845710100689771,0.06436963783971628,3.4998812913894652,3.211731081008911,1.038021280479128,1.1311505129102548,78.23578394248612,0.1084945804321511,0.09535630559567221,0.013138274836478891,0.012115439495803662,0.019823067647466074,2926254.5,0.6117441254682393,0
2020-08-05,3.613661527633667,3.658671657955993,3.5879415407656032,3.632951671087929,1511612,-0.0053096588973848835,0.012612700367343521,0.05162459359748528,3.517620873451233,3.2226465368270873,1.0273027303503024,1.1213335022436437,69.63588617113209,0.10937610307066814,0.09816026509067141,0.011215837979996729,0.012656431464446751,0.020015756251696104,2971029.9,0.5087838395702446,1
2020-08-06,3.6779608726501465,3.716541153032537,3.61366091635679,3.61366091635679,1845297,0.01779340553197417,0.032490915289821176,0.08487428661003071,3.546395111083984,3.2359991550445555,1.0370984499597813,1.1365765862196295,67.98705847720049,0.113949595873434,0.10131813124722393,0.012631464626210079,0.011363284462116287,0.018646612549237964,3008259.5,0.6134101795406945,1
2020-08-09,3.7165415287017822,3.7486913567949878,3.6843913940021698,3.677961244419684,1048459,0.010489686374460128,0.04144151980677724,0.09811850501290298,3.5796029567718506,3.2512745571136477,1.0382552404788004,1.1431029472949772,69.91628603257075,0.11931190500936806,0.10491688599965276,0.014395019009715293,0.010819944190591294,0.017688232675328465,3025042.0,0.34659320432575813,0
2020-08-10,3.690821409225464,3.7294016953080686,3.645811586473128,3.7165417021493408,647318,-0.006920444525559399,0.026833646791969645,0.08682250719245332,3.609087657928467,3.2664960336685183,1.0226466517424269,1.129902308523668,78.67172269905049,0.12010171710910456,0.10795385222154313,0.012147864887561421,0.011900095410146385,0.017826494405605645,2924314.2,0.2213571988947015,1
2020-08-11,3.697251319885254,3.7229713045385524,3.66510118576543,3.6908211704187286,1268141,0.0017421354075053408,0.01769912549805741,0.0670138748169482,3.632308268547058,3.282076344490051,1.017879278556986,1.1264976593528053,77.91463828246329,0.11986476257196843,0.1103360342916282,0.009528728280340237,0.011267413920887674,0.017578880782324675,2683666.9,0.47254038867491344,0
2020-08-12,3.6779608726501465,3.7229709953586845,3.6458110478066565,3.697251012841342,3089882,-0.005217510406002379,0.01779340553197417,0.030630528791807166,3.643239235877991,3.2968103742599486,1.0095304300717403,1.1156118960817565,82.6450143874267,0.11677429513440885,0.11162368646018432,0.005150608674224524,0.008256180986213316,0.015861202107011124,2195612.9,1.4072981626223822,1
2020-08-13,3.690821409225464,3.710111552266766,3.6715315727905833,3.677961416066736,1053470,0.0034966485562557548,0.0034966485562557548,0.03610117315811667,3.656099271774292,3.311226029396057,1.0094970444919897,1.114638921190965,84.20558060789335,0.1140481392889452,0.11210857702593649,0.001939562263008704,0.008078157185670476,0.013104824780392873,1621043.3,0.6498715981244918,1
2020-08-16,3.7422614097595215,3.7615512447577792,3.68439129155195,3.690821134349236,2833006,0.013937277053145847,0.006920380374902946,0.04864869126205695,3.673460292816162,3.326900725364685,1.0187292393163763,1.1248491369844846,85.49856459423697,0.11471604413309144,0.11263007044736749,0.0020859736857239547,0.008670928016101902,0.012193981133926871,1711990.2,1.6548026968845968,0
2020-08-17,3.6458113193511963,3.697251288217194,3.5429313816192005,3.742261414278142,1738552,-0.025773210325925167,-0.012195141645640617,0.014311265022831865,3.6786042928695677,3.3394952392578126,0.9910854848992767,1.0917252632950185,67.5457743219476,0.10623800175182341,0.11135165670825868,-0.0051136549564352735,0.012894896055124918,0.013844374408819313,1682585.6,1.0332621413139396,0
2020-08-18,3.5107815265655518,3.6265214657049434,3.465771396930354,3.645811608864721,3945052,-0.0370369667977426,-0.050434708702866704,-0.03362823344359933,3.6663873195648193,3.3490437936782835,0.9575588230493506,1.0482937049651508,44.705921869690336,0.0876133639744614,0.10660399816149924,-0.018990634187037836,0.017217161136876807,0.015303978581317188,1898078.9,2.078444684254169,0
2020-08-19,3.440051317214966,3.530071267439015,3.4079014882952987,3.510781431408498,3695381,-0.020146571017131465,-0.0646851784651411,-0.04804274254550511,3.649026298522949,3.357177743911743,0.9427313030348474,1.0246854887125099,40.000039030558966,0.06638067250298318,0.09855933302979604,-0.032178660526812855,0.018031540534783685,0.015986984313697845,2116455.8,1.7460232337476644,1
2020-08-23,3.5107815265655518,3.536501513040972,3.478631390168064,3.4400514104549336,1192664,0.020560800647546396,-0.04878043738715998,-0.0454543568768675,3.6323083639144897,3.3666111850738525,0.9665428082713853,1.0428235794293355,45.71431699183802,0.05463119391935933,0.08977370520770869,-0.03514251128834936,0.0184329679275121,0.016270043244106157,2051192.5,0.5814490838865685,0
2020-08-24,3.4914910793304443,3.517211063565901,3.446481260221593,3.5107812208102356,2113931,-0.005494630494418229,-0.06701037233130958,-0.060553729222003305,3.609803318977356,3.3741622877120974,0.96722474074282,1.0347727173780676,42.30769093642696,0.04326434517646183,0.08047183320145931,-0.03720748802499749,0.017667103779290785,0.016335945987798098,2157739.7,0.9796969486171107,0
2020-08-25,3.465771198272705,3.5172111682750122,3.4336213703244662,3.4914911832738587,759885,-0.007366446161068629,-0.049382731388998735,-0.0609756436305019,3.58729829788208,3.3800478172302246,0.9661229455935896,1.0253615882608211,37.25492405708424,0.031813925077830874,0.07074025157673362,-0.03892632649890275,0.0176700092058145,0.016453429469330285,2168996.4,0.3503394473130523,0
2020-08-26,3.446481466293335,3.4914912880934095,3.427191323660149,3.4657713023201056,1127424,-0.005565783450732109,-0.018315027518991944,-0.06782602314405328,3.562221312522888,3.3858929014205934,0.9675090804092735,1.017894412681311,37.25492405708424,0.0209414643289505,0.060780494127177,-0.039839029798226504,0.017458116595921037,0.015872452724119253,2154924.7,0.5231848704504616,0
2020-08-27,3.4207613468170166,3.4464813315850362,3.4014712049378004,3.4464813315850362,2480723,-0.007462718058362294,-0.005607465883260776,-0.06992992441700596,3.5365013599395754,3.392144522666931,0.9672727361471914,1.0084362042828254,29.166777710443398,0.01013275803665703,0.050650946909073014,-0.04051818887241598,0.01744907207494908,0.01426725623085874,2094008.8,1.1846764922859923,1
2020-08-30,3.4271910190582275,3.4529110025455907,3.4079011847458993,3.420761176489581,852826,0.0018796026934746468,-0.023809658013410284,-0.0714286498686374,3.5101383209228514,3.398985209465027,0.9763692213009953,1.008298303127256,25.27473109560765,0.002061833706818117,0.040933124268622036,-0.03887129056180392,0.01734730802225867,0.01429389512059246,2073944.4,0.41120967370195655,1
2020-08-31,3.440051317214966,3.4979214385193482,3.3757513527692162,3.4271913243258156,1916362,0.003752431097427511,-0.01473289232213737,-0.08075600805342342,3.479917311668396,3.406428461074829,0.9885439822607978,1.009870413109902,28.08993117469629,-0.003259144005843151,0.032094670613729,-0.03535381461957215,0.016228251772406947,0.01432657228678825,1982280.0,0.9667463728635712,0
2020-09-01,3.4271910190582275,3.4593411517206256,3.388611043827183,3.440051010801909,900306,-0.0037384029977639566,-0.011131773278543422,-0.0599647872978446,3.458055281639099,3.4139598560333253,0.9910746763521253,1.003875605918892,26.666710612128696,-0.008416752676348338,0.02399238595571353,-0.032409138632061865,0.015039282514747747,0.01417525835271607,1898455.4,0.4742307878288845,0
2020-09-02,3.4207613468170166,3.452911174473839,3.4079013544330072,3.4271911897058196,357912,-0.0018760764151913856,-0.007462718058362294,-0.025641065690748976,3.4490532636642457,3.4210173082351685,0.9917971934080334,0.9999251797359997,27.272807712775702,-0.012874605087850544,0.016618987747000716,-0.02949359283485126,0.01038190457454797,0.013842394113949564,1539741.4,0.23244942300051166,1
2020-09-03,3.433621644973755,3.4786314690228264,3.395041664386081,3.4207616514445305,899383,0.0037594841770252074,0.0037594841770252074,-0.0018690628854968194,3.4484102964401244,3.427641263008118,0.995711458267702,1.0017447514213866,27.272777068968722,-0.015194612621819203,0.010256267673236733,-0.025450880295055937,0.00845165348604486,0.013908134668200504,1260141.6,0.7137158236820369,0
2020-09-06,3.382181406021118,3.427191226545775,3.3500312714123,3.4336213761101013,573399,-0.014981335823047504,-0.013133091440429179,-0.036630055037984,3.4355502843856813,3.432315468788147,0.9844656972109764,0.9853935154787128,18.181871808517144,-0.02094261920879381,0.0040164902968306245,-0.024959109505624435,0.005842498985191215,0.013314424074433796,1198215.1,0.4785442947597639,1
2020-09-07,3.3950412273406982,3.4400510455956326,3.375751086226875,3.382181235466947,1352311,0.0038022269582247414,-0.013084133265403586,-0.02762425846101324,3.4259052991867067,3.4379375743865968,0.9909909734360329,0.9875226509738031,24.00002768568443,-0.024181526153622013,-0.0016231129932599035,-0.02255841316036211,0.006252175209943854,0.013009266755778516,1122053.1,1.2052112328730253,0
2020-09-08,3.3436009883880615,3.4207612470480893,3.3178810043701836,3.395041263030212,2538144,-0.015151580056931846,-0.024390245599189342,-0.035250512193514605,3.4136882781982423,3.442761116027832,0.979468749312057,0.9711974998270635,29.032250347765043,-0.030547053207430785,-0.007407901036094081,-0.023139152171336705,0.007285995474779329,0.013220600071020942,1299879.0,1.952600203557408,0
2020-09-10,3.3371710777282715,3.362891061222385,3.3114510942341586,3.330740928551549,833213,-0.001923049634845908,-0.028090039386450938,-0.02443615926803111,3.3950412034988404,3.4525098323822023,0.9829545144515686,0.9665927802515922,17.07316411439507,-0.038932759763668834,-0.01815739660570331,-0.020775363157965524,0.007160832145159915,0.013197408571998302,1022385.6,0.8149694205395694,1
2020-09-13,3.3564610481262207,3.3886111821005156,3.337171213026765,3.337171213026765,502656,0.005780336083663018,-0.007604665394088217,-0.02063788406852296,3.3879682064056396,3.456324272155762,0.9907002792352513,0.9711071021796068,24.39025272553799,-0.039885639015018626,-0.022503045087566374,-0.017382593927452252,0.007519979876987273,0.013282270028262938,987368.6,0.5090864748990397,0
2020-09-14,3.3371710777282715,3.382181202146164,3.3114510942341586,3.3564609120456623,1117481,-0.005747115822696047,-0.01704549245128195,-0.02990660022187841,3.37768018245697,3.460098271369934,0.988006826419181,0.9644729183969123,25.0,-0.04171646069366153,-0.026345728208785404,-0.015370732484876123,0.0073013154528023,0.012540902461989014,907480.5,1.2314104820985134,1
2020-09-15,3.4079010486602783,3.440050873432469,3.3436007859031447,3.337170943591257,1763201,0.021194589454537338,0.019230781572180167,-0.005628507512618897,3.375751185417175,3.4651717472076418,1.0095237656679161,0.9834724790788467,43.74994206400459,-0.037033186997809775,-0.028483219966590277,-0.008549967031219498,0.010555814250177865,0.012962145966323328,993770.0,1.774254606196605,1
2020-09-16,3.465771198272705,3.5172111682750122,3.395041392822736,3.4079013853233127,1662098,0.016981170751767305,0.03653851350951465,0.013157846131993223,3.380252170562744,3.4719782209396364,1.0252995999691124,0.9982122518426249,56.60374190470127,-0.028325502657358115,-0.028451676504743846,0.00012617384738573129,0.011886045080412456,0.011046033842516848,1124188.6,1.4784867948314009,1
2020-09-17,3.4786312580108643,3.504351243509153,3.4529112725125755,3.46577126526172,1162199,0.0037105910928478814,0.04238925035239416,0.013108495253982388,3.384753131866455,3.478351187705994,1.0277355903036396,1.0000805181218793,57.407422666254675,-0.020154571384075837,-0.026792255480610247,0.00663768409653441,0.011884963636935166,0.010067467121275655,1150470.2,1.0101947881831272,1
2020-09-20,3.5107815265655518,3.5557916562007494,3.362891451028672,3.478631390168064,2264666,0.009242218036375371,0.04597713967974748,0.038022833522617594,3.3976131439208985,3.482834568023682,1.0333082013316135,1.0080241992538073,59.6491285132359,-0.010958469090001532,-0.023625498202488507,0.012667029112486974,0.010579667882486545,0.009164295658138063,1319596.9,1.7161801456187114,0
2020-09-21,3.472201347351074,3.5557914518965883,3.3564611082553144,3.5107813248475255,806495,-0.010989057257635437,0.04046249547227965,0.02272729985986488,3.405329155921936,3.4844742250442504,1.0196375117843883,0.9964778394384535,55.73773580891538,-0.00670628393551409,-0.020241655349093626,0.013535371413579536,0.011565634589875156,0.009417782871510672,1265015.3,0.6375377436146424,0
2020-09-22,3.465771198272705,3.49792133282735,3.3886112432692443,3.4722013478261964,442003,-0.001851894068088722,0.016981170751767305,0.03653851350951465,3.4175461769104003,3.4861003875732424,1.0141110079764606,0.9941685014657053,55.73766804831452,-0.003811321317189531,-0.016955588542712806,0.013144267225523275,0.009992255876135189,0.00927768619004494,1055401.2,0.4188009261312191,1
2020-09-23,3.4979209899902344,3.5300708147874147,3.4464810250296445,3.4657708585866773,551358,0.00927637454357999,0.00927637454357999,0.04615383298967446,3.4329781770706176,3.488945140838623,1.0189173392809134,1.002572654137363,57.812406759275405,0.0010649013990460254,-0.01335149055436104,0.014416391953407066,0.010047247857906968,0.009398437371147147,1110537.0,0.4964787305600804,0
2020-09-24,3.4593417644500732,3.504351590222046,3.4336217764071053,3.4979217465145256,218513,-0.011029187237379223,-0.005545138915304615,0.036609057155369884,3.4451952457427977,3.4929753160476684,1.0041061587800448,0.9903710880969947,59.677471443095506,0.0017956231262368227,-0.010322067818241468,0.012117690944478291,0.011062250251483557,0.009594902716894525,1049067.0,0.20829270199138855,1
2020-09-27,3.5043511390686035,3.5172111314344803,3.472201311457114,3.459341319091237,1468305,0.01301096499948895,-0.0018316114085398238,0.044061316017638186,3.4599842548370363,3.4950277328491213,1.0128228572628741,1.0026676200969318,62.68657872818486,0.005938154384902639,-0.007070023377612647,0.013008177762515286,0.011446121063184688,0.009987567679254355,1145631.9,1.2816551284928432,1
2020-09-28,3.697251319885254,3.8387112354783945,3.5236412701722895,3.5043511283791147,9920725,0.05504590526505293,0.06481478175390643,0.10789984503944039,3.4959922790527345,3.499096269607544,1.057568502664729,1.056630351099181,80.89894849373258,0.024504104645470814,-0.0007551977729959546,0.02525930241846677,0.019073063863209866,0.015661856688028494,2025956.3,4.896810952931216,1
2020-09-29,3.7486910820007324,3.793701205959484,3.71011110715311,3.697251115537236,1986741,0.0139129741705184,0.0816325912884932,0.09999997901183955,3.5300712823867797,3.504078483581543,1.0619307039789116,1.069807967933746,82.47428828088417,0.04287428482298594,0.007970698746200426,0.034903586076785516,0.018754001620030946,0.015716345317708238,2048310.3,0.9699414195202748,1
2020-09-30,3.800131320953369,3.9158715604017975,3.722971365725355,3.74869135080136,2692908,0.013722186711950135,0.08639712898831897,0.09647495565988451,3.5635072946548463,3.511816267967224,1.066402004186564,1.0820985584057998,84.61543946617456,0.06088177513694193,0.018552914024348728,0.0423288611125932,0.018641994790498866,0.01576457520206075,2151391.3,1.2517053499286719,1
2020-10-01,4.0058913230896,4.140921391803235,3.8129911373254366,3.8001311453815854,2778489,0.05414549781522027,0.1579923568859669,0.1515711284041732,3.61623330116272,3.523208780288696,1.1077524566242984,1.1370008344385858,87.96997092773641,0.09071030162014537,0.03298439154350806,0.05772591007663731,0.023196318534730073,0.019152558671891688,2313020.3,1.201238484590905,0
2020-10-04,3.9994614124298096,4.115201653436143,3.935161448874297,4.005891562088567,758549,-0.0016051136042379843,0.1412844357522911,0.13919404615937814,3.6651012897491455,3.5353936386108398,1.0912280715449338,1.1312633956091283,89.31303133186243,0.11253356679942295,0.048894226594691045,0.0636393402047319,0.023714673263894013,0.018534792300786928,2162408.6,0.35078893045467907,0
2020-10-05,3.954451322555542,4.012321132520284,3.903011355206265,3.999461140682964,800782,-0.011254037789783955,0.06956519327938748,0.13888882785336576,3.7133262872695925,3.5467934036254882,1.064935051927055,1.1149370353833834,83.46460899919069,0.12475858429407838,0.06406709813456851,0.060691486159509866,0.023745036548023523,0.019037844614627774,2161837.3,0.3704173297407719,0
2020-10-07,3.877291679382324,3.9223015010834534,3.8001314156256183,3.928731650815852,1290408,-0.019512098361942565,0.02030465579005236,0.10845604874372783,3.800131368637085,3.5662078714370726,1.0203046429873588,1.0872309801222817,74.21881042561358,0.1316351831794922,0.08859635371487724,0.043038829464614944,0.025844944366855343,0.01933742175889961,2191542.0,0.5888128085156479,1
2020-10-11,3.9158716201782227,3.9737414341794217,3.858001499570612,3.877291641975286,779011,0.009950229176991954,-0.022471828527277138,0.13197015120612798,3.8457843542098997,3.573152279853821,1.0182244399355362,1.0959151229732707,74.41865478523836,0.132210089739202,0.0973191009197422,0.0348909888194598,0.024717072883403586,0.019211339845271173,2247591.8,0.3465980788860326,0
2020-10-12,3.8451414108276367,3.9223013653069168,3.7486913144253347,3.9158715224035126,1272540,-0.018062443361554048,-0.038585195777252945,0.09724775236125716,3.8798633813858032,3.5788106870651246,0.99105072340311,1.0744187796032658,71.64183193179649,0.12551155151454996,0.10295759103870376,0.022553960475846194,0.02656369127200974,0.020089060089471065,2228015.3,0.5711540670299706,0
2020-10-13,3.7615511417388916,3.8451412420590962,3.729401315420161,3.8451412420590962,994424,-0.02173919243993494,-0.048780517215215036,0.017391249955827526,3.886293363571167,3.582668685913086,0.967902005802864,1.0499299465030536,65.75344448781632,0.11216490834554005,0.10479905450007103,0.00736585384546902,0.02281119558016329,0.020924334812757964,1335385.2,0.7446720242219249,1
2020-10-14,3.954451322555542,4.1152013738252275,3.7101111710400865,3.7615511383893634,3977469,0.05128208378617871,0.0,0.05488855604633924,3.906869387626648,3.589870285987854,1.0121790441931817,1.1015582757936233,70.7602673947186,0.11581795267034423,0.10700283413412567,0.008815118536218552,0.027555235436227617,0.023033809608255042,1534458.0,2.592100272539229,1
2020-10-15,4.0058913230896,4.095911266696559,3.9223012221513693,3.9544513553141942,1413911,0.013008125865819231,0.03316738959596721,0.05414549781522027,3.927445387840271,3.597329087257385,1.019973781301251,1.1135737726302108,74.56645850216292,0.12146363755237655,0.10989499481777586,0.01156864273460069,0.027533032334816587,0.022966694835083824,1406558.3,1.0052274406258168,0
2020-10-18,3.954451322555542,4.018751281742138,3.890151363368946,4.005891289904819,480336,-0.012841087384862893,0.009852136668250466,-0.012841087384862893,3.9223013877868653,3.604144883155823,1.0081967017804354,1.0971954376853428,70.11494301861647,0.12039921811475773,0.11199583947717223,0.008403378637585501,0.02201048544327426,0.023404961068236464,1176743.0,0.4081910833546492,0
2020-10-19,3.9158716201782227,3.9737414341794217,3.858001499570612,3.9544515983811594,1036756,-0.009756019035375929,0.01839469652570247,-0.020900262218257804,3.9139424085617067,3.608903098106384,1.00049290751246,1.0850586767577404,61.33334948333986,0.11511561730458952,0.1126197950426557,0.0024958222619338305,0.02218245103503441,0.023679656594685284,1204563.7,0.8606900573211695,0
2020-10-20,3.858001470565796,3.922301433753944,3.8322814852905367,3.915871590738334,3248133,-0.014778357215345261,0.025641105276138054,-0.024390198316416756,3.904297423362732,3.6117322969436647,0.9881423089030287,1.068185887927112,55.629157123714236,0.10504776294230256,0.11110538862258508,-0.006057625680282522,0.022374875403709037,0.023835166159376316,1449298.8,2.2411755257093984,0
2020-10-21,3.8194215297698975,3.8901516432674175,3.542931532070737,3.858001508057705,1330636,-0.009999980842474998,-0.03414627764298339,-0.03414627764298339,3.8907944440841673,3.6143042993545533,0.9816559534717157,1.0567515110589814,51.00672226539822,0.09288511523950183,0.10746133394596843,-0.01457621870646661,0.022486582832191026,0.024037055703610605,1582362.4,0.8409173524345624,0
2020-10-22,3.78727126121521,3.858001372222413,3.626521204039276,3.819421395292957,2031618,-0.008417575359016327,-0.05457463626491388,-0.023217344892003333,3.881792402267456,3.6161046981811524,0.9756501298222352,1.0473345152644922,36.0655752652142,0.0797327616817829,0.10191561949313134,-0.022182857811348447,0.021859762816763478,0.024201809792641322,1656483.4,1.2264644487231204,0
2020-10-25,3.7744107246398926,3.851570667372433,3.7036809304382423,3.7872707150953158,103963,-0.00339572628636875,-0.045528591258344075,-0.03612500849348366,3.867646312713623,3.618033695220947,0.975893455467412,1.0432215514259868,35.772331009210376,0.06749366396323886,0.09503122838715286,-0.027537564423914,0.021443354401672544,0.024007511068766533,1588978.6,0.0654275646003036,1
2020-10-26,3.941591262817383,4.044471195743649,3.793701205932683,3.7744110652058156,1029689,0.044293149414321054,0.006568050522041791,0.02508356434386272,3.8772912979125977,3.623049092292786,1.01658373332419,1.0879210196743465,49.295772441239514,0.0704718079533162,0.09011934430038554,-0.01964753634706934,0.025425088711894354,0.025551272844912605,1564693.5,0.6580771250088276,1
2020-10-27,4.025181770324707,4.102341727853934,3.954451655953042,3.941591663031504,1348132,0.021207299776581978,0.04333339451381635,0.07008561592065554,3.903654360771179,3.6287074995040896,1.0311317033533471,1.109260465572053,53.54840283896149,0.07867020275577508,0.08782951599146345,-0.009159313235688374,0.024433793811707752,0.023154540709537652,1600064.3,0.8425486400765269,0
2020-10-28,4.01875114440918,4.083051101398451,3.8965810728263754,4.025181293411297,2164667,-0.0015975988868220936,0.05218843039073806,0.016260112113880787,3.910084342956543,3.636166296005249,1.0277914213406636,1.1052165432654288,57.63883631741872,0.083683935616226,0.08700039991641598,-0.003316464300189975,0.018893996663345455,0.023082595547443612,1418784.1,1.5257198047257505,0
2020-11-01,3.9737415313720703,4.005891667297408,3.864431743760044,4.018751660346259,561911,-0.011199900521266626,0.049236048145394395,-0.008025627538176261,3.90686936378479,3.6454254961013794,1.0171165609495827,1.090062472987532,53.10343504911049,0.08306790037155398,0.08621390000744358,-0.0031459996358896014,0.01884520454987774,0.023187387349849438,1333584.1,0.4213540038457267,0
2020-11-02,3.9223015308380127,3.986601495617701,3.845141573102386,3.9737415026617633,1057859,-0.012944978964521625,0.039182488867114396,-0.00813002591134504,3.903654384613037,3.6550705003738404,1.004776843538833,1.0731124147774551,54.22534788327217,0.07753513311023008,0.08447814662800089,-0.00694301351777081,0.018852700138575346,0.019947097369794196,1391336.4,0.7603186404093216,0
2020-11-03,3.858001470565796,3.9544515686512227,3.793701507377648,3.922301433753944,1081653,-0.016393451591285246,-0.021207118312881135,-0.014778357215345261,3.8978673696517943,3.6620148992538453,0.9897723818423407,1.053518780426558,55.39568901863874,0.06718740314747462,0.08101999793189564,-0.013832594784421018,0.019319623867318718,0.020247682095925503,1395826.1,0.7749195977923037,1
2020-11-04,3.9030113220214844,3.986601114950154,3.729401280390573,3.8580011976703634,634323,0.01166662371673155,-0.03035153572539595,0.01166662371673155,3.902368354797363,3.670245304107666,1.000164763334894,1.0634197440844924,46.551732404653414,0.06190506835662468,0.07719701201684145,-0.015291943660216772,0.01908159541559927,0.02032147733892019,1134445.1,0.5591482567115852,1
2020-11-05,3.9930312633514404,4.04447123025349,3.9544512881749028,3.9030113212728534,552915,0.023064227567582973,-0.00639996858066727,0.04545445749529575,3.9197293281555177,3.6807905054092407,1.0187007645322326,1.0848298096518492,49.1803258758929,0.0642420940441708,0.07460602842230733,-0.010363934378136527,0.019754585185141015,0.020992401384049515,1056673.0,0.5232602706797657,1
2020-11-08,4.108771324157715,4.179501434279936,3.999461237588754,3.9930313948174967,868780,0.028985513303777966,0.03398051728317131,0.08488963181352527,3.9518793344497682,3.6940363025665284,1.0397006022780781,1.1122715067264062,59.09088993852468,0.07457381880335623,0.07459958649851711,-2.5767695160883175e-05,0.02053555063753799,0.021334042651910863,940389.2,0.9238515287074757,1
2020-11-09,4.18593168258667,4.359541734003245,4.115201570792834,4.10877142126321,1482691,0.018779423905946446,0.0672131272101184,0.10902919368586717,3.9930314302444456,3.7093397092819216,1.0483092246359842,1.1284843154462685,65.21735275341074,0.08797387313262517,0.07727444382533873,0.010699429307286443,0.020320201904865984,0.021572905652887265,1078262.0,1.3750748890343905,1
2020-11-10,4.513861656188965,4.693901857643775,4.372401738808076,4.185931694411883,3925437,0.07834097602846035,0.16999998331441368,0.145187655242196,4.050258469581604,3.731073122024536,1.11446261765493,1.2098025175501455,78.333285611259,0.12362959594995493,0.08654547425026196,0.03708412169969297,0.027997683949663746,0.02665844644574436,1367836.8,2.8698138549862087,1
2020-11-11,4.591021537780762,4.66175164864447,4.507431741239726,4.5138615840783896,516184,0.017093984589891642,0.17627676657697644,0.14057496027326222,4.106842446327209,3.7540925264358522,1.1178957064414679,1.222937768702119,82.25800503278005,0.15631131126487308,0.1004986416531842,0.055812669611688875,0.027909960027860524,0.025748061849943316,1284642.0,0.40181155528154927,1
2020-11-12,4.648891448974609,4.713191407524844,4.578161341266157,4.591021332976204,815496,0.01260501845125761,0.16425120224896284,0.15680003113456542,4.169856476783752,3.77852653503418,1.1148804460915982,1.2303450580194368,85.26311187975307,0.18475172146422025,0.11734925761539142,0.06740246384882884,0.02740869120525897,0.02389539890024693,1149724.9,0.7092966326118536,0
2020-11-15,4.571732044219971,4.6296018605170985,4.539581907805459,4.64889200368709,929446,-0.016597377160023297,0.11267619527527772,0.15048550795940252,4.229655528068543,3.801545948982239,1.080875738906245,1.2025981286491956,81.00003374195708,0.19877349521303334,0.1336341051349198,0.06513939007811353,0.028028102158822076,0.02450326669147845,1186478.4,0.7833652934600411,1
2020-11-16,4.700331687927246,4.758201807275879,4.571731763381846,4.571731763381846,729005,0.02812930470626851,0.12288781670290083,0.19836061836964491,4.307458543777466,3.8268801498413088,1.0912076437084515,1.2282411530766537,80.41239221736456,0.21775265140640965,0.1504578143892178,0.06729483701719186,0.02653567465941486,0.0244780975739163,1153593.0,0.6319429816235015,1
2020-11-17,4.783921718597412,4.86751182156932,4.65532148942377,4.700331615625505,1029705,0.017783857867917252,0.059829051703028435,0.23999997280867413,4.400050568580627,3.8549149560928346,1.0872424405205448,1.240992803495249,80.41238472982705,0.2368089995725562,0.16772805142588548,0.0690809481466707,0.023567445881055943,0.024142487931069122,1148398.2,0.8966445610938785,0
2020-11-18,4.758201599121094,4.886801518040694,4.661751506628197,4.7839215829050135,661082,-0.005376367129155124,0.03641456699006129,0.21911037569234648,4.485569596290588,3.8821781635284425,1.0607797955149247,1.2256525586132423,79.18786168619313,0.2469887614017967,0.18358019342106774,0.06340856798072897,0.024970994306821544,0.02371558700249372,1151074.1,0.5743175004980131,1
2020-11-19,4.912521839141846,5.144002015698054,4.661751826726362,4.758201925841982,2398567,0.032432471976231,0.05670822669464237,0.23027382335560675,4.577518653869629,3.913556580543518,1.0731844500489407,1.2552576506916353,84.11217366052585,0.264460118034318,0.19975617834371778,0.06470393969060023,0.025261066264264137,0.023654685906321315,1335639.3,1.795819425199603,0
2020-11-22,4.861081600189209,5.028261803658601,4.777491498454513,4.912521568454746,259449,-0.01047124890983131,0.06329101381500735,0.1830985997220751,4.652749681472779,3.943906192779541,1.0447760857511863,1.232555076763444,84.11215908667586,0.27103121749623327,0.2140111861742209,0.05702003132201236,0.02693873428450562,0.023756438193180213,1274706.2,0.20353631291665483,0
2020-11-23,4.8225016593933105,4.880371777420078,4.758201698589346,4.861081635875689,345360,-0.00793649314473488,0.025991776661178356,0.1520736660502009,4.716406679153442,3.973612804412842,1.022494875327187,1.213631497773952,85.71430337100276,0.2700132378374196,0.22521159650686068,0.04480164133055892,0.028073476327344835,0.023940554031570877,1160973.1,0.2974745926499072,0
2020-11-24,4.8160719871521,4.828932287193398,4.7839221568681385,4.822502137172749,614902,-0.0013332649100673555,0.006720483830181312,0.06695161570775521,4.746627712249756,4.00280502319336,1.014630234160376,1.2031742638590803,84.80396237560777,0.26562569316426465,0.23329441583834148,0.03233127732592317,0.017157132835320405,0.022912678117704716,829919.6,0.7409175539413697,1
2020-11-25,4.861081600189209,4.931811709857521,4.809641631923672,4.816071474653666,450573,0.009345710188132905,0.021621614579575343,0.05882352330217788,4.773633718490601,4.033283233642578,1.0183189341402294,1.2052418138259586,84.26399732126876,0.26275159517926383,0.23918585170652598,0.02356574347273785,0.016803530417334483,0.022768878225828473,823358.5,0.5472379285572445,0
2020-11-26,4.8225016593933105,4.918951753902456,4.796781675071725,4.861081635875689,414753,-0.00793649314473488,-0.01832463705937648,0.03734443196280557,4.79099473953247,4.061575245857239,1.006576279368638,1.1873476096034927,80.00004008554255,0.2544278867209222,0.24223425870940524,0.012193628011516966,0.017139313956096025,0.022977854537850385,783284.2,0.5295051272577693,1
2020-11-29,4.841792106628418,4.8675120925738575,4.816071814076561,4.82250196386613,213980,0.004000091362857949,-0.00396814847955651,0.059071717195211315,4.818000745773316,4.089095664024353,1.0049380151873106,1.1840740604887894,78.97731558085925,0.24654583871424318,0.24309657471037283,0.003449264003870356,0.01558204459363619,0.022507131328680804,711737.6,0.30064450718916635,0
2020-11-30,4.7196221351623535,4.86108206131147,4.629601875551946,4.841792224685258,10844546,-0.025232386846765653,-0.021333227336597704,0.004104060844185575,4.819929790496826,4.113915481567383,0.9791889799863385,1.1472336163221806,61.11114830468541,0.2278150530796461,0.24004027038422748,-0.01222521730458137,0.016233263334090767,0.023323950125272382,1723291.7,6.292925335855793,1
2020-12-01,4.8225016593933105,4.854651793098491,4.726051564884164,4.719621722106967,2014647,0.021798254454414634,0.001335044878557401,0.00806450085625765,4.823787784576416,4.140149884223938,0.9997333785729096,1.1648133024771585,62.162185184275835,0.21875066680225075,0.23578234966783213,-0.017031682865581377,0.01674886534163663,0.022641768078533738,1821785.9,1.1058637570968137,0
2020-12-02,4.771061897277832,4.848221853582657,4.693901940973007,4.8225018681477145,402888,-0.010666613668298797,-0.01851845130677776,0.002702764456031792,4.8250738143920895,4.166127095222473,0.9888059915367197,1.1452031558876519,56.46261866589717,0.205052597763145,0.2296363992868947,-0.0245838015237497,0.017050977921622256,0.023175326396109766,1795966.5,0.22432935135482762,1
2020-12-03,4.938241481781006,5.0282617315613445,4.816071405598881,4.771061587315103,3104182,0.03504033024567543,0.023999954911836374,0.0052355273892590315,4.827645778656006,4.195576500892639,1.0229088272412126,1.1770114263749831,67.70185791826191,0.205319973800985,0.22477311418971277,-0.01945314038872778,0.01760623546307193,0.023670810390351883,1866528.0,1.6630781858080885,1
2020-12-06,5.047552108764648,5.118282225023295,5.0154022789063,4.938242012712129,843553,0.022135536989620563,0.042496661898090426,0.03835988035423665,4.8462928295135494,4.226569123268128,1.041528501543581,1.194243359460713,67.08863314214909,0.21190956374612568,0.22220040410099537,-0.010290840354869685,0.018320413804378308,0.023444425810019362,1924938.4,0.4382233737973122,1
2020-12-07,5.066842079162598,5.182582321203377,4.9511018371218185,5.04755193662033,1940882,0.003821648589710236,0.07356943714060704,0.05066673627646323,4.870726871490478,4.258719129562378,1.0402640535686836,1.1897572779549004,64.8648892411961,0.21619622514518966,0.22099956830983425,-0.004803343164644591,0.017845981213646018,0.023408207736644353,2084490.6,0.9311061417115529,0
2020-12-08,4.970391750335693,5.066841845384103,4.944671765870304,5.066841845384103,726196,-0.01903559008155331,0.03066667497238096,0.03204266123830268,4.886158847808838,4.288039941787719,1.0172390839410856,1.1591290701139076,60.377367290637174,0.20939690257256416,0.21867903516238024,-0.009282132589816083,0.019367836267418524,0.01788849790687555,2095620.0,0.3465303824166595,0
2020-12-09,4.931811809539795,5.047551740476601,4.867511847908236,4.97039178651873,527375,-0.007761951720061666,0.03369269058397251,0.01455030282722114,4.8932318687438965,4.31273115158081,1.0078843475704335,1.1435472409941583,51.06382866820242,0.19860590639009335,0.21466440940792286,-0.016058503017829517,0.019532002723368087,0.017866003519024995,2103300.2,0.2507369133516937,0
2020-12-10,4.899661540985107,4.98325164211581,4.8353615811177955,4.931811674221961,680575,-0.006518956885682048,-0.007812485666858104,0.015999969941224323,4.900947856903076,4.3357505607604985,0.9997375373181829,1.1300607524169237,52.1739107070503,0.18532341324117318,0.20879621017457295,-0.023472796933399764,0.019459981242355016,0.017878173430916907,2129882.4,0.3195364213535921,0
2020-12-13,4.880372524261475,4.938242344537638,4.822502397378866,4.89966236215138,640385,-0.003936805953285272,-0.033120922954491316,0.00796821027904926,4.904805898666382,4.35735538482666,0.9950184829104959,1.120030865799031,53.333388265409816,0.17126622880476372,0.20129021390061114,-0.030023985095847416,0.019520140061457986,0.0173729144082526,2172522.9,0.2947655925744212,0
2020-12-14,4.764631271362305,4.9125213261339225,4.726051297066193,4.88037150085702,880520,-0.023715659475540662,-0.05964480500450875,0.00953659740355528,4.909306812286377,4.372530183792114,0.9705303525617921,1.0896737291885628,47.36838510337991,0.1490680928605812,0.19084578969260518,-0.04177769683202398,0.01929860853605831,0.017358946468422367,1176120.3,0.7486649112339954,0
2020-12-15,4.7389116287231445,4.816071582854981,4.636031689880696,4.764631613433757,653715,-0.005398034218040637,-0.046571806255898185,-0.017333333728843492,4.90094780921936,4.387319188117981,0.9669377869743067,1.080138331753333,43.624164414133055,0.12792589984066893,0.17826181172221794,-0.05033591188154901,0.017927758893847075,0.016935531806405148,1040027.1,0.628555736672631,0
2020-12-16,4.62960147857666,4.758201707018811,4.558871674870196,4.738911565440249,634560,-0.02306650950904876,-0.061277749969809836,-0.02964967165525212,4.886801767349243,4.400822191238404,0.9473683809948983,1.0519855784661634,40.62499565479565,0.10118376057018441,0.16284620149181125,-0.06166244092162684,0.019019823396308356,0.017659067357264597,1063194.3,0.5968429288983208,0
2020-12-17,4.546011447906494,4.60388125644068,4.526721307324177,4.6296012394795145,546866,-0.01805555641386769,-0.07217847398649291,-0.07942706635987584,4.847578763961792,4.412653393745423,0.9377901152845147,1.0302217378664038,36.470558982584606,0.07241070017010198,0.1447591012274694,-0.07234840105736742,0.014024095740557138,0.016138094844961877,807462.7,0.6772647207109381,0
2020-12-20,4.513861656188965,4.610311753160956,4.436701701253934,4.546011790715097,574270,-0.007072087715998765,-0.07509895325623162,-0.10573252956596035,4.794209718704224,4.425384793281555,0.9415236130740164,1.0199930327057054,39.74356475603141,0.04647785521627412,0.12510285202523036,-0.07862499680895624,0.00924079567292983,0.01608134180106577,780534.4,0.7357395138510231,0
2020-12-21,4.288811683654785,4.378831632114389,4.179501592936347,4.513861708106999,1438806,-0.049857525479455767,-0.09986493405427221,-0.15355331454032572,4.716406679153442,4.432843594551087,0.9093388198713588,0.9675080097404412,26.28572251878427,0.007677732668910586,0.1016178281539664,-0.09394009548505582,0.013994729970188156,0.01912377732634748,730326.8,1.9700851728294784,1
2020-12-22,4.340251445770264,4.443131381926327,4.179501392223217,4.2888114776922315,237303,0.01199394282372479,-0.0841248400870257,-0.12677880058908253,4.653392648696899,4.442745795249939,0.9327069029916646,0.9769299540862185,30.857128570344955,-0.01870526246490023,0.07755321003019308,-0.09625847249509331,0.01656051843784341,0.019511192915901157,681437.5,0.34823883334861966,1
2020-12-23,4.359541893005371,4.404551714928725,4.308101614711456,4.340251750319351,168828,0.0044445460075606125,-0.05833322518600825,-0.1160364463679372,4.596165657043457,4.454705610275268,0.9485171376111153,0.978637484584752,20.394794296656784,-0.03762369576790636,0.054517828870573194,-0.09214152463847955,0.017443578991721304,0.01935157705190598,645582.8,0.2615125433948984,1
2020-12-24,4.372401714324951,4.46242166124509,4.308101445632734,4.359541721907789,307523,0.0029498102404321713,-0.038189462470775926,-0.1076114793337638,4.543439674377441,4.463064618110657,0.9623549618107505,0.9796859531413,11.67882698036108,-0.05099121536422224,0.03341602002361411,-0.08440723538783634,0.018028480281501388,0.01942502833888418,608277.6,0.5055635782083707,0
2020-12-27,4.314531326293945,4.378831284373047,4.24380121910374,4.3724014418683295,101071,-0.013235377673878834,-0.04415960104176375,-0.11594221448354614,4.486855554580688,4.469237418174743,0.9615935422501366,0.965384230595657,9.090904376470192,-0.0654996879921379,0.013632878420463707,-0.07913256641260161,0.017852822510408244,0.01940073341367529,554346.2,0.1823246916818407,1
2020-12-28,4.372401714324951,4.436701676410764,4.308101445632734,4.314531595144517,61229,0.01341290250422511,0.019490254372496407,-0.08232107264938615,4.447632598876953,4.477596426010132,0.9830851845606586,0.9765064329884421,16.058425769349853,-0.07150384855008607,-0.003394466973646249,-0.06810938157643982,0.018993371775388825,0.01926317599780395,472417.1,0.1296079248613143,0
2020-12-29,4.365971565246582,4.4624216616880785,4.327391587991264,4.372401714759004,123937,-0.001470621754012802,0.005925951479466285,-0.07869740832813288,4.410338592529297,4.486598424911499,0.9899402219689281,0.9731139611258397,16.66669475685414,-0.07590605063963007,-0.017896783706843014,-0.05800926693278706,0.01910236857687295,0.01832604699652606,419439.3,0.29548256446165155,1
2020-12-30,4.462421417236328,4.533151524966346,4.417411292934246,4.365971326078374,511644,0.022091268930263697,0.023598700679082985,-0.03611111282773527,4.393620586395263,4.49868682384491,1.0156592562985765,0.9919386683206397,26.056348693641766,-0.07079603786570665,-0.028476634538615743,-0.04231940332709091,0.020434919862942297,0.01921633199047249,407147.7,1.256654526109321,0
2020-12-31,4.404551982879639,4.462422107851812,4.365972001767002,4.462422107851812,3029580,-0.012968168836131388,0.007352999713945874,-0.031117269863453534,4.379474639892578,4.510389432907105,1.0057261075925936,0.9765347423760591,25.0,-0.07060203928364306,-0.03690171548762121,-0.03370032379602185,0.02009218359871683,0.017071996907691084,655419.1,4.622355375362115,0
2021-01-03,4.359541893005371,4.404551714928725,4.340251750319351,4.404551714928725,275577,-0.01021899390658132,0.010432318902662496,-0.034187969179783284,4.364042663574219,4.521834845542908,0.9989686694389093,0.9641090490738498,27.007332459313133,-0.07323601292830872,-0.04416857497575871,-0.029067437952550013,0.020187966559176363,0.015794388449675137,625549.8,0.44053566958218193,0
2021-01-04,4.3209614753723145,4.372401752091686,4.282381497787591,4.359541759563445,1027094,-0.008849649476922461,-0.011764755919866032,0.00749620036712173,4.3672576427459715,4.532765860557556,0.9893992589490215,0.9532725952098509,26.61871463150611,-0.07754270920835271,-0.05084340182227752,-0.02669930738607519,0.01230110176870168,0.015582577450174311,584378.6,1.7575831832308713,1
2021-01-05,4.404551982879639,4.436702120443387,4.263092052133302,4.3209618704990405,1740811,0.019345348942302554,0.008836616788840068,0.014814933630639793,4.373687696456909,4.542025074958802,1.0070568107658286,0.9697330838534814,37.03708179638383,-0.0733650352196733,-0.055347728501756684,-0.01801730671791662,0.013228148422396831,0.016466116499854227,734729.4,2.369322637694912,1
2021-01-06,4.507431983947754,4.558871955852514,4.423841876299308,4.404551733531814,1715696,0.02335765396072209,0.010086579124412243,0.03392330996512816,4.388476705551147,4.551670079231262,1.0271062800096753,0.9902809090919481,47.8261196664605,-0.061048908388696255,-0.0564879644791446,-0.004560943909551654,0.014930490716035461,0.017704148377049166,889416.2,1.92901366087103,0
2021-01-10,4.507431983947754,4.565301799037401,4.475281848204069,4.507431983947754,479619,0.0,0.02335765396072209,0.03088240249755958,4.401979732513428,4.5614436960220335,1.0239556421978608,0.9881590751363691,49.62407985431561,-0.05070380721469814,-0.05533113302625531,0.00462732581155717,0.014970368935703941,0.01772189083500025,906625.8,0.5290153887083292,1
2021-01-11,4.513861656188965,4.571731775693441,4.501001663699793,4.507431813247582,592649,0.0014264601804550026,0.03539816039643773,0.0461997641969234,4.421912765502929,4.572246098518372,1.0207939178274534,0.9872306868284438,67.6767396811652,-0.04150794147548975,-0.052566494716102204,0.011058553240612452,0.013864843852144872,0.017763624791034705,955783.6,0.620066090273991,1
2021-01-12,4.65532112121582,4.74534136649923,4.513861217580483,4.513861217580483,2879657,0.03133890132252959,0.07738084399715595,0.06470572133479013,4.450204706192016,4.586906490325927,1.0460914561387267,1.0149152006988116,71.681374694754,-0.022545662658007615,-0.04656232830448329,0.024016665646475678,0.016106658565330383,0.018744554173737858,1237626.4,2.32675789721357,1
2021-01-13,4.661751747131348,4.732481859489342,4.616741619884187,4.655321597550436,1377293,0.001381349588585934,0.058394080771764445,0.06774670367512137,4.4797827243804935,4.602981495857239,1.0406200554684308,1.0127678660726755,71.1711368637936,-0.0069192613728947805,-0.03863371491816559,0.03171445354527081,0.015976430793680142,0.018721959983921458,1362962.0,1.0105145998200977,0
2021-01-14,4.65532112121582,4.693901401540925,4.6296011387366685,4.661751270138796,1183348,-0.0013794440940542163,0.03281006519782026,0.043227585640927435,4.499072694778443,4.618027691841125,1.0347290290771956,1.008075618394533,69.9999123587037,0.0048895131948052395,-0.029929069295571428,0.03481858249037667,0.01516599285085665,0.01796832463544816,1430132.4,0.8274394734361659,0
2021-01-17,4.616741180419922,4.6617513033826015,4.597451346726187,4.655321154413771,311989,-0.008287278104205709,0.024250880958703203,0.04817497860510134,4.5202916145324705,4.6305018901824955,1.0213370229428056,0.9970282465942302,71.9625688907617,0.01100807903826162,-0.02174163962880482,0.03274971866706644,0.014635266007820223,0.01756764870398552,1158373.3,0.2693337286002707,1
2021-01-18,4.62960147857666,4.68104175391736,4.60388149420951,4.616741486393085,1069456,0.0027855791897712923,0.025640976884837352,0.06194678069376591,4.547297573089599,4.640918493270874,1.0180995204655456,0.9975614709220549,69.99994808935453,0.01670227174249561,-0.014052857354544736,0.030755129097040347,0.013699138296952261,0.017469625646475077,1237761.2,0.8640244984250597,1
2021-01-19,4.693902015686035,4.790351809299056,4.610311908388763,4.6296017444688,579441,0.013889000469462287,0.008287482961033321,0.08630961938432602,4.584591627120972,4.6510778999328615,1.0238429935435074,1.0092073529350674,73.39447856016393,0.026102582129266416,-0.006021769457782505,0.03212435158704892,0.012797259153122265,0.012819325297324862,1192995.9,0.4857024236210703,1
2021-01-20,4.706761837005615,4.7774916421955895,4.642461568132687,4.693901844552311,968024,0.002739686784386519,0.009655188074303878,0.06861307467834576,4.614812612533569,4.654935903549195,1.019924801328296,1.0111335439478137,69.79165459667695,0.03419588704320731,0.0020217618424154572,0.03217412520079185,0.01228422309346989,0.012704913934648223,1115717.2,0.8676248784190116,0
2021-01-21,4.674611568450928,4.732481686133663,4.629601442852533,4.70676170196498,1484572,-0.006830655484183379,0.004143741480516772,0.037089763106475715,4.6315305709838865,4.656607704162598,1.0093016761536542,1.0038663047076601,72.82596429458098,0.03758240494528664,0.009133890462989694,0.028448514482296947,0.011421753007599789,0.012938589621025638,1092604.8,1.3587456324555776,1
2021-01-24,4.681041717529297,4.719621693780121,4.63603159193347,4.674611568184295,147013,0.0013755472479823894,0.013927689380136776,0.03851632907602753,4.648891544342041,4.657250709533692,1.0069156642783772,1.0051083803469938,79.06962907264713,0.04032031656205248,0.015371175682802253,0.02494914087925023,0.011380364896279657,0.012947371694409775,1059344.2,0.13877736811132774,0
2021-01-26,4.6360321044921875,4.661752091503,4.629601954436269,4.693902228569731,1697840,-0.009615298421409069,-0.012328742909515022,-0.004143434195275297,4.663680648803711,4.658150911331177,0.9940715185293368,0.9952515907577867,74.32428505144463,0.039257327081931415,0.02440996396922826,0.014847363112703155,0.0068321953213735884,0.012536446512992546,881897.6,1.9252121788289254,0
2021-01-27,4.597451686859131,4.661751648272646,4.558871710011022,4.63603166370724,539134,-0.008321861618618476,-0.023224066551883582,-0.013793111207988429,4.657250642776489,4.6544215106964115,0.9871600305622142,0.987760063478059,60.93742576964924,0.03357885930091431,0.02624374303556547,0.007335116265348839,0.007229499700257397,0.012756864578380683,798081.7,0.6755373541330418,0
2021-01-31,4.552441120147705,4.6231712241631,4.513861147031955,4.597451242085933,348031,-0.009790329464489878,-0.026134887683022523,-0.02209944242068662,4.646962642669678,4.650306301116943,0.9796595045430212,0.9789551107750187,54.92946124833798,0.02515666572569053,0.026026327573590483,-0.0008696618478999524,0.007705059932281154,0.012180265498738432,714550.0,0.4870631866209503,1
2021-02-01,4.558871746063232,4.591021573721035,4.526721611799027,4.55244159656783,601159,0.0014125665210840133,-0.026098885427269125,-0.012534693216531112,4.641175699234009,4.643233299255371,0.9822665724151834,0.9818312913103747,54.929555398420135,0.018784379769980042,0.024577938012868394,-0.0057935582428883525,0.007461057425256004,0.01172392342865242,743467.0,0.8085886797934542,0
2021-02-02,4.533152103424072,4.565301933508311,4.501001966733406,4.5588720901340345,756868,-0.005641668393362886,-0.031593312563615084,-0.020833191711836174,4.63153076171875,4.636674709320069,0.9787589323366235,0.977673092811987,32.07578057772896,0.011526071648051861,0.02196756473990509,-0.01044149309185323,0.007432275739509104,0.011520102232031502,712208.2,1.0627061019516484,0
2021-02-03,4.494571685791016,4.597451936239594,4.47528184962382,4.533151971338244,450877,-0.008510726477480302,-0.03051325260756943,-0.042465805470352724,4.611597728729248,4.630116109848022,0.9746235361750688,0.9707254805622022,27.586374434548247,0.002630371608599802,0.018100126113644033,-0.015469754505044231,0.0050924246355727055,0.011503513656433673,699351.8,0.6447069986807784,0
2021-02-04,4.494571685791016,4.546011964318514,4.481711692810745,4.494571685791016,290965,0.0,-0.022377614399337054,-0.04508198174513811,4.590378713607788,4.623686103820801,0.979128731245472,0.9720754361064669,28.070389991569428,-0.004369169694203201,0.013606266952074586,-0.017975436646277786,0.004731422031231352,0.010760595592391883,631645.9,0.46064575104500793,0
2021-02-07,4.475281715393066,4.546011827966295,4.404551602819838,4.494571550981687,1941900,-0.004291837297629941,-0.016949017618954954,-0.04264094463016854,4.570445728302002,4.615970106124878,0.9791783955950636,0.9695213817470062,29.62984325261131,-0.011342150750148328,0.008616583411630003,-0.019958734161778333,0.004665623470445061,0.009441253315004181,677378.7,2.8667863338484074,0
2021-02-08,4.404551982879639,4.468851951400701,4.346682164513901,4.475282101556025,596540,-0.01580453187341202,-0.03385042874190414,-0.05906585570777445,4.5427967548370365,4.607611112594604,0.9695683563632472,0.9559296293127003,22.22240532806616,-0.022318315131231614,0.0024296037030576796,-0.024747918834289295,0.005428537798667373,0.010054885192586417,722331.4,0.8258536178823183,1
2021-02-09,4.41098165512085,4.4688514672166,4.365971528729575,4.4045515056622095,691516,0.001459778943738943,-0.026950440999088165,-0.05769229985649171,4.515790748596191,4.598994903564453,0.97679053363845,0.9591186221367883,9.259312665224712,-0.030150626018749627,-0.004086442241303782,-0.026064183777445845,0.00562554670732958,0.010055329655481714,791483.0,0.8736965923462664,0
2021-02-10,4.41098165512085,4.4688514672166,4.359541685877336,4.41098165512085,556768,0.0,-0.01859799698699316,-0.04854376421450368,4.493285703659057,4.592822093963623,0.9816828810882904,0.9604076894069624,5.769345955396858,-0.03594345505006746,-0.010457844803056518,-0.025485610247010945,0.005742453642402515,0.006571945567143919,677375.8,0.8219484664199694,1
2021-02-11,4.430271625518799,4.501001738690879,4.385261804359993,4.410981789766857,480515,0.004373169490640372,-0.014306159689363218,-0.036363636363636376,4.476567697525025,4.584977493286133,0.9896581320479478,0.9662580965786914,12.000100854893532,-0.03853358323317213,-0.016072992489079643,-0.022460590744092488,0.0062909873934610385,0.006701818951778173,671513.9,0.7155697000464175,1
2021-02-14,4.443131446838379,4.501001565074817,4.378831485801447,4.430271454630993,278045,0.0029027162229751102,-0.007183965300799788,-0.024011221765297575,4.465636730194092,4.578418884277344,0.9949603416678421,0.9704510572626823,13.72549874949108,-0.039097902094917814,-0.020677974410247275,-0.018419927684670538,0.006200869882865352,0.006807803990841822,664515.3,0.4184177550163254,0
2021-02-15,4.3852620124816895,4.4367019857367245,4.32096173930647,4.44313182909039,3111309,-0.013024470477430494,-0.004379553351380294,-0.03808173233464218,4.448275756835938,4.567359294891357,0.9858341191511315,0.9601307296727574,11.666693446020858,-0.04371083725328706,-0.025284546978855234,-0.018426290274431826,0.006857823692062013,0.007102810633927633,915530.3,3.398368137023974,1
2021-02-16,4.481711387634277,4.5267215133035235,4.398121592257672,4.385261600153087,2082461,0.02199398231578087,0.016034918764922912,-0.011347670366264495,4.443131685256958,4.55604248046875,1.0086829977390346,0.9836851624731066,32.35284495036851,-0.039132863792506356,-0.028054210341585457,-0.011078653450920899,0.010602954477848632,0.008926112188094157,1048089.6,1.9869112335433918,0
2021-02-17,4.42384147644043,4.5010014273232954,4.3724015091851856,4.481711286299384,574951,-0.012912458252782533,0.0029154102930015746,-0.015736807485836724,4.4360586643219,4.543182468414306,0.9972459363579365,0.9737318514491605,30.98585664881645,-0.03971657705901066,-0.030386683685070498,-0.009329893373940162,0.011028084939209745,0.008481637110152563,1060497.0,0.5421524059002524,1
2021-02-18,4.475281715393066,4.533151835371745,4.372401774636668,4.423841745014867,803927,0.011627957110711629,0.01015966822779113,-0.004291837297629941,4.434129667282105,4.533280267715454,1.009280749819882,0.9872060519321,41.666709582395626,-0.03561779685781108,-0.03143290631961862,-0.0041848905381924595,0.011793813840198944,0.009010411852849957,1111793.2,0.7230904092595638,1
2021-02-21,4.526721477508545,4.597451586827664,4.46242151749407,4.475281509496965,761719,0.011494195312564903,0.018813314814182913,0.011494195312564903,4.439273643493652,4.525178461074829,1.0196986806936443,1.0003409846588347,46.83540382582706,-0.02789714420255507,-0.03072575389620591,0.002828609693650841,0.012257551434414263,0.00946494749844019,993775.1,0.7664903256280018,0
2021-02-22,4.513861656188965,4.591021611123995,4.481711521662833,4.526721648678136,311155,-0.0028408686912758663,0.029325418490672828,0.024817432904461034,4.450204610824585,4.517462463378906,1.0143042963034872,0.9992029137554255,48.05189551938377,-0.02255613833344583,-0.029091830783653894,0.0065356924502080645,0.01086437033381717,0.009442966687328894,965236.6,0.32236137751096466,0
2021-02-23,4.455991268157959,4.565301351031888,4.4302712847295505,4.513861384175071,363940,-0.012820594080826475,-0.0057389057999772675,0.010203990076643521,4.4547055721282955,4.508974838256836,1.0002886152651047,0.988249308989411,46.249945539878254,-0.022730980776549004,-0.02781966078223292,0.005088680005683917,0.011905964320857205,0.00974644913383268,932479.0,0.3902929717452082,1
2021-02-24,4.462421417236328,4.533151524966346,4.398121458666488,4.45599126807615,499121,0.001443034488042727,0.008720913939018748,0.011661749274282318,4.459849548339844,4.502930641174316,1.000576671672129,0.9910038090377017,46.913544077578884,-0.022095976715447385,-0.026674923968875816,0.004578947253428431,0.011900172153753516,0.009629475875422799,926714.3,0.5385920989888685,1
2021-02-25,4.558871746063232,4.597451723216437,4.501001627030224,4.462421649877019,249268,0.02161389967661065,0.018678160613364803,0.029027592756093012,4.4727095603942875,4.499329843521118,1.0192639795867606,1.0132335046802254,56.98926617509507,-0.013652617083486973,-0.02407046259179805,0.010417845508311076,0.0135427095728018,0.010824984823799533,903589.6,0.2758641755062254,1
2021-02-28,4.713191986083984,4.790351945815894,4.5717320599088165,4.5588720666201645,2822569,0.033850533337335786,0.04119328072246908,0.06078157769511261,4.4997156143188475,4.501001653671264,1.0474421919211558,1.0471429136755916,72.641539134237,0.005428582596581855,-0.01817065355412207,0.023599236150703924,0.01669946357460781,0.013004322976428274,1158042.0,2.4373632389844238,1
2021-03-01,4.745342254638672,4.816072066390961,4.693902280052849,4.713192117219315,1715194,0.0068213365060478814,0.0512821650464903,0.0821114544882593,4.535723638534546,4.504988269805908,1.0462150326627597,1.0533528547551843,73.63641573098094,0.02288107006428497,-0.009960308830440662,0.03284137889472563,0.015302576160366085,0.013051640894224668,1018430.5,1.684154196088982,0
2021-03-02,4.668181896209717,4.758201844087941,4.623171768967402,4.745341851533909,886794,-0.016260230408782217,0.047619175012314274,0.04160698725266876,4.55437068939209,4.508074674606323,1.0249894474076766,1.035515654278148,66.39345657369743,0.03013867615360244,-0.0019405118336320417,0.032079187987234484,0.01617948566525232,0.013587542996104032,898863.8,0.9865721592081025,0
2021-03-03,4.578161239624023,4.687471320035767,4.481711150636816,4.668181486202154,872453,-0.01928387937470577,0.025936551384556417,0.03488365575607477,4.56980266571045,4.513861665725708,1.0018290885898187,1.0142449145897736,58.64658635657791,0.02830023907539303,0.004107638348172973,0.024192600727220057,0.01703134392881273,0.014207037189556732,928614.0,0.9395216957745629,0
2021-03-07,4.616741180419922,4.681041443682716,4.591021197757356,4.616741180419922,1615219,0.008426951078522205,-0.020464009518143977,0.01988629151553689,4.589092588424682,4.523763847351074,1.0060248494582522,1.0205530916746,64.06242486427047,0.027931365977227784,0.012461139065981622,0.015470226911246162,0.016658184510184307,0.014241509468617373,933571.3,1.7301506590873132,0
2021-03-08,4.591021537780762,4.636031664077013,4.565301553213304,4.616741522348219,891577,-0.005570951810822677,-0.032520460817564545,0.017093984589891642,4.596808576583863,4.528136243820191,0.9987410746593669,1.0138876770871006,57.26495076414454,0.026653521686454518,0.015299615590076202,0.011353906096378315,0.016770061890455656,0.013756863293907306,991613.5,0.8991174484816917,1
2021-03-09,4.603881359100342,4.661751475531327,4.571731532888098,4.591021367294166,1476895,0.0028010805903986302,-0.013774214145679142,0.03318904415257484,4.6115975856781,4.533923244476318,0.9983267779908372,1.015429929191954,62.72723534182465,0.026374472484858025,0.017514586969032568,0.008859885515825457,0.015962678127871065,0.013756515326265494,1102909.0,1.339090532401132,0
2021-03-10,4.603881359100342,4.648891483725151,4.565301383681815,4.603881359100342,803910,0.0,0.005618002103925601,0.03170026508872903,4.625743579864502,4.538552837371826,0.9952737931995788,1.0143941304793416,59.803873812108264,0.02585528040400753,0.019182725656027563,0.006672554747979967,0.01598867732409627,0.013756515326265494,1133387.9,0.7092982023189061,1
2021-03-11,4.668181896209717,4.738911701953689,4.60388162683315,4.60388162683315,1151531,0.013966592988386761,0.0196630594411058,0.023977456755803317,4.636674594879151,4.5445970439910885,1.0067952366908308,1.027193797606772,60.57692033439531,0.030283246487234905,0.021402829822269032,0.008880416664965873,0.015174356194577784,0.014000209306093251,1223614.2,0.9410899285085119,0
2021-03-14,4.648891448974609,4.681041581552921,4.629601308106345,4.668181589842874,387646,-0.004132325531438719,0.006963844690068388,-0.013642673012095985,4.630244541168213,4.548326444625855,1.0040271971902572,1.0221103312554838,59.99994349875486,0.03186850336574132,0.02349596453096349,0.008372538834777829,0.01047390174644188,0.014083281091552626,980121.9,0.39550794651155124,0
2021-03-15,4.591021537780762,4.655321499199405,4.5138615840783896,4.648891656360742,585921,-0.012448109797575935,0.0,-0.032520460817564545,4.6148124694824215,4.552055835723877,0.9948446590497473,1.0085600228694664,59.99998587467874,0.028130936740950574,0.024422958972960908,0.003707977767989666,0.010581035233144773,0.014050696278524523,867194.6,0.6756511168312165,0
2021-03-16,4.539582252502441,4.5974523798001545,4.481712125204728,4.591022229386432,558929,-0.011204322361594743,-0.013966282269807562,-0.027548121852683294,4.6019525051116945,4.555656642913818,0.9864470021061769,0.9964715535714528,55.357190151812105,0.02077864455697842,0.023694096089764412,-0.002915451532785992,0.009994857398733825,0.013565248259416202,834408.1,0.6698508799231455,1
2021-03-17,4.584591388702393,4.629601205385694,4.53958126541271,4.53958126541271,608867,0.009914818962722727,-0.004189936467372091,0.0014045265646644989,4.602595520019531,4.56092924118042,0.9960882655799694,1.0051880102213224,51.923049497721074,0.018371980411048483,0.02262967295402123,-0.004257692542972747,0.008822479173338952,0.0133151230388064,808049.5,0.7535021059972192,0
2021-03-18,4.552441120147705,4.597451242085933,4.513861147031955,4.58459125104735,613145,-0.007012679174400183,-0.024793544603732398,-0.005618002103925601,4.600023508071899,4.563887023925782,0.9896560554873907,0.997492071184481,35.29404579832996,0.013712356247782331,0.02084620961277345,-0.00713385336499112,0.009111926409961233,0.013248369276816368,869364.0,0.7052799517808421,0
2021-03-21,4.494571685791016,4.59102178644625,4.44956186366328,4.55244180750544,514521,-0.012711737028421322,-0.033194959460202345,-0.026462279312307935,4.587806558609008,4.563629817962647,0.9796776800357814,0.9848677182579938,28.089816487464745,0.0052890222538319875,0.01773477214098516,-0.012445749887153173,0.009255039027202537,0.013338603473183724,759294.2,0.6776306206474382,0
2021-03-22,4.455991268157959,4.5267213758892755,4.372401475318826,4.494571243300571,517546,-0.008583780687050457,-0.02941181358257683,-0.02941181358257683,4.574303531646729,4.562601003646851,0.9741354585085485,0.9766339999040724,30.120404421619185,-0.004448369857499301,0.013298143741288269,-0.01774651359878757,0.009408822628464495,0.013458086574673109,721891.1,0.7169308500963649,0
2021-03-23,4.430271625518799,4.513861731394311,4.353111669298208,4.455991610925662,923487,-0.0057719239314829585,-0.02407944628019132,-0.03770942820634904,4.556942558288574,4.560929203033448,0.9722026487827075,0.9713528599769211,34.246565601257245,-0.014078396481666644,0.007822835696697287,-0.02190123217836393,0.009216083147403532,0.01321010935454088,666550.3,1.3854723341959339,1
2021-03-24,4.610311985015869,4.636031971287684,4.501001890057447,4.430271774506746,1048609,0.0406386729111643,0.005610226546439501,0.001396783586270267,4.557585620880127,4.5600290203094485,1.0115689245407,1.0110268957680906,52.47530931729555,-0.007100657649191433,0.004838137027519543,-0.011938794676710976,0.01686382319352084,0.016066426101755623,691020.2,1.5174795179648874,1
2021-03-25,4.616741180419922,4.6681814523514324,4.56530121509479,4.610311338057469,749200,0.0013945250180353863,0.014124303549505557,-0.01101943260427829,4.552441549301148,4.5591288089752195,1.0141242079491708,1.0126367062345958,50.0,-0.0010399787863972776,0.003662513864736179,-0.004702492651133457,0.016183827223087806,0.0153720366041524,650787.1,1.1512213441231396,1
2021-03-28,4.7196221351623535,4.764631958361133,4.629601875551946,4.6167418822656625,885783,0.02228432366509092,0.050071611958666606,0.01521452736938933,4.5595146179199215,4.56041482925415,1.035115035406,1.0349107070012404,59.25931012225812,0.011927295672867544,0.005315470226362452,0.006611825446505092,0.01769925125417506,0.014236521358995419,700600.8,1.2643191386592763,1
2021-03-29,4.796781539916992,4.906091623506996,4.7260514317223326,4.719621589126303,2092851,0.016348640324356012,0.07647911570076094,0.04481791262423318,4.580090618133545,4.564015636444092,1.0473114922498525,1.0510002423335807,62.71189316681655,0.028106083783227653,0.009873592937735494,0.01823249084549216,0.017492032229970363,0.014625117782905053,851293.8,2.4584356188192604,0
2021-03-30,4.7260518074035645,4.764631785865691,4.68104198583429,4.7967819212206715,827132,-0.01474524781352704,0.06676344181269678,0.0410763688218958,4.598737573623657,4.56594464302063,1.0276846051207893,1.0350655071185915,57.36437940997584,0.03481921735827065,0.014862717821842526,0.019956499536428123,0.01787751764599954,0.014536634833907396,878114.1,0.9419413718558898,0
2021-03-31,4.681041717529297,4.700331552351511,4.597451615682646,4.726051536518727,1126385,-0.009523824898355349,0.015341636909456113,0.021037933514550966,4.608382606506348,4.565687437057495,1.0157667271203492,1.0252654790898577,50.793641451455414,0.036091446267741745,0.01910846351102237,0.016982982756719375,0.018237320550924495,0.013983197298235274,929865.9,1.2113413342719632,1
2021-04-01,4.783921718597412,4.86751182156932,4.738911592395677,4.681041780543619,4448464,0.021978014142206126,0.03621180647650779,0.0508475765727634,4.631530666351319,4.567230634689331,1.0329029565437695,1.0474447430489398,57.55399022710068,0.04488385992854216,0.024263542794526326,0.020620317134015832,0.018896828885013105,0.014727427247530518,1313397.8,3.386989075206308,1
2021-04-04,4.796781539916992,4.861081498909233,4.745341572723199,4.783921548118544,1529061,0.0026881337271025263,0.016348640324356012,0.06723885505739569,4.661751651763916,4.569674034118652,1.0289654829857748,1.0496988415590878,62.12124446761582,0.05228686082299827,0.02986820640022072,0.022418654422777552,0.01788142179319617,0.014657560520679213,1414851.8,1.0807216699303772,0
2021-04-05,4.687471866607666,4.790351810000031,4.603881759298161,4.796781959765262,1081412,-0.022788128331401536,-0.022788128331401536,0.051948171466098536,4.684899711608887,4.56980263710022,1.0005490309626917,1.025749302289806,58.1560238926608,0.048771211107961676,0.033648807341768915,0.015122403766192762,0.019699565018281073,0.015601756857046421,1471238.4,0.735035192121141,1
2021-04-06,4.7260518074035645,4.79035177150711,4.642461700765749,4.687471828941438,2012502,0.008230436767147742,0.0,0.06676344181269678,4.7144777297973635,4.570702838897705,1.0024550073771794,1.033987982588543,57.857175395978715,0.04853858953023593,0.03662676377946232,0.01191182575077361,0.019323101959004812,0.015678956402028838,1580139.9,1.2736226710052698,1
2021-04-07,4.732481479644775,4.758201462691237,4.681041513551851,4.726051330579968,2030817,0.0013604743458670576,0.0109889561382992,0.02649918162284326,4.7266946792602536,4.572631826400757,1.001224280554848,1.0349579103047621,60.29415774131176,0.04831609816487514,0.03896463065654489,0.009351467508330255,0.015198521472446878,0.01567539438525235,1678360.7,1.2100003294881727,1
2021-04-08,4.783921718597412,4.848221679881033,4.7453417418272394,4.732481749570515,1968261,0.010869612310981047,0.0,0.03621180647650779,4.743412733078003,4.576361227035522,1.008540050760694,1.0453549187366802,66.66668497734878,0.05169466560800906,0.041510637646837725,0.010184027961171335,0.015400523946950446,0.015560576958197861,1800266.8,1.0933162795647844,1
2021-04-11,4.854651927947998,4.906091898020038,4.822501793349771,4.7839218157957415,989963,0.014784984686438962,0.01206442018454057,0.028610297375215588,4.756915712356568,4.582405443191528,1.0205461314644593,1.0594112607737427,72.14291995037752,0.05939487428677381,0.04508748497482495,0.014307389311948866,0.014552642838108927,0.015783827296007993,1810684.8,0.5467340312350333,0
2021-04-12,4.8289313316345215,4.918951267865283,4.76463107057761,4.854651313414739,2199595,-0.005298133974426578,0.030178200328961013,0.006702367295652545,4.76013069152832,4.587806634902954,1.0144535191499358,1.0525577287623997,72.14284352196354,0.06269915118915392,0.048609818217690746,0.014089332971463177,0.013929900629584876,0.015511177812901188,1821359.2,1.207666779842219,0
2021-04-13,4.764631271362305,4.854651517992946,4.73891128849823,4.828931535128871,544899,-0.013315588037250525,0.008163148761573868,0.008163148761573868,4.763988637924195,4.592436218261719,1.0001348939905093,1.037495360831764,59.836025216228975,0.05944410234521147,0.05077667504319489,0.008667427302016577,0.013759428078035261,0.01561719686657512,1793135.9,0.30388048111690813,0
2021-04-14,4.65532112121582,4.771061348978382,4.578161173778364,4.764631200055406,852835,-0.022941995701428186,-0.01630441846647157,-0.005494630867560857,4.761416578292847,4.5956512069702145,0.977717669661438,1.0129839954248714,52.17390837062735,0.04749652671681659,0.050120645377919236,-0.0026241186611026465,0.015440347684223487,0.016503290981644114,1765780.9,0.48297894716156464,1
2021-04-15,4.687471866607666,4.74534198806908,4.565301780526024,4.655321730994344,744458,0.006906235800861138,-0.020161252140644126,-0.020161252140644126,4.751771593093872,4.599509210586548,0.9864682623677329,1.019124356968056,48.03148043042096,0.04015935140711857,0.048128386583759106,-0.007969035176640535,0.013639102158898408,0.01644568667562131,1395380.3,0.5335162034321396,1
2021-04-18,4.745342254638672,4.771062241931584,4.719622267345761,4.687472129926404,485818,0.012345756876592562,-0.02251648005494189,-0.010723708146860966,4.74662766456604,4.60491042137146,0.9997291951216306,1.0304961053347457,46.77424370732922,0.03856963701701144,0.046216636670409574,-0.007646999653398136,0.014328538136244613,0.016252117374386296,1291056.0,0.3762950638856874,1
2021-04-19,4.803211212158203,4.828931501449271,4.758201395763186,4.745341404420842,1088687,0.012194896472001115,-0.00532625496407968,0.024691208575572388,4.758201599121094,4.612883605957031,1.009459374954904,1.0412600062042288,54.9179914329115,0.04150092136230921,0.0452734936087895,-0.0037725722464802963,0.012577270233941097,0.0161470081578574,1291783.5,0.8427782209634974,1
2021-04-20,4.8289313316345215,4.8675113043048475,4.790351052357828,4.803211043247936,1355986,0.005354775865615391,0.013495285702104676,0.021768598488444812,4.76848955154419,4.621242599487305,1.0126752464144038,1.0449421833362003,59.66383307814211,0.04537631411115406,0.04529405770926242,8.22564018916408e-05,0.012464407303208663,0.015987778846632373,1226131.9,1.1059054902657701,0
2021-04-21,4.783921718597412,4.886801656651206,4.719621757313791,4.828931844799147,2083680,-0.009320822754767644,0.027624431061375576,0.010869612310981047,4.773633575439453,4.628701400756836,1.0021552016918291,1.0335343121971956,50.0,0.04430497104690634,0.045096240376791205,-0.0007912693298848666,0.012993272580539958,0.013785240189843118,1231418.2,1.6920977779928867,0
2021-04-22,4.764631271362305,4.809641394677625,4.745341437517439,4.783921411813551,2537981,-0.004032350103078897,0.016460771808424646,-0.004032350103078897,4.771704530715942,4.6353885936737065,0.9985176661069213,1.027881735279969,47.74773149688469,0.04142186064964459,0.044361364431361884,-0.002939503781717291,0.01260442088844801,0.013849808672139068,1288390.2,1.969885365473907,1
2021-04-25,4.803211212158203,4.906091449503339,4.745341404420842,4.7646312381311695,5988476,0.008097151405562553,0.012194896472001115,-0.010596169726124538,4.766560459136963,4.642590188980103,1.0076891404893407,1.0345972865663136,58.999933999322195,0.04176857159106806,0.04384280586330312,-0.002074234272235062,0.01186916870670787,0.013080304291929664,1788241.5,3.3488071941066124,0
2021-04-26,4.647311687469482,4.818059214892247,4.543377948174749,5.545593619978688,1584912,-0.03245735359171753,-0.03245735359171753,-0.03761073241510837,4.748398494720459,4.647831182479859,0.9787113892476862,0.9998882285113249,44.821913718839916,0.029127786779794107,0.04089980204660132,-0.011772015266807212,0.015510457365534766,0.01453048846172623,1726773.2,0.9178460726631615,0
2021-04-27,4.5804972648620605,4.632463781348087,4.5433780210903185,4.647311762053059,686881,-0.014377004836489293,-0.05144700756976173,-0.03864601393332934,4.729985094070434,4.649806900024414,0.968395708181877,0.9850940831194539,40.740635298382934,0.013562171955785018,0.035432276028438056,-0.021870104072653038,0.015586885118789183,0.014513018539734584,1740971.4,0.3945389338388902,0
2021-04-28,4.4617156982421875,4.565649072329065,4.417172469638226,4.580496697198619,1622063,-0.025932024352698813,-0.06735185885309414,-0.04158798457346147,4.710624551773071,4.650564384460449,0.9471601162870867,0.9593923079853948,31.85872402300511,-0.00826311758775411,0.026693197305199624,-0.034956314892953734,0.016017134569986102,0.015427668745378023,1817894.2,0.8922757991086611,0
2021-05-04,4.417173385620117,4.4914118793579,4.290968725055709,4.461716623460936,2150202,-0.009983225206307678,-0.07292440190085103,-0.05766402203138221,4.683594703674316,4.64940221786499,0.9431160604385368,0.9500518945526909,24.62005843595034,-0.02882176974598849,0.015590203894962,-0.044411973640950494,0.015610329515443961,0.014403744970444063,1958468.6,1.0978996548629882,1
2021-05-05,4.49883508682251,4.558225592946317,4.4542922072296545,4.417172963904604,956446,0.018487320753185266,-0.063369298557023,-0.05194718412042798,4.6589439868927,4.648844490051269,0.965634079198927,0.9677318947644331,32.01698284362878,-0.038086198893747536,0.0048549233372200944,-0.04294112223096763,0.01649953004256621,0.015194507042571784,2005531.4,0.4769040265338155,1
2021-05-06,4.61019229888916,4.736397296912764,4.528530178874711,4.498834926868608,3474774,0.02475245478386734,-0.007987281911907673,-0.040185389470373645,4.6396420955657955,4.650771102905273,0.9936525714548583,0.9912748223642389,41.99679557508654,-0.03602742761794264,-0.003321546853812453,-0.03270588076413019,0.01834493436494199,0.01566229085377748,2244140.1,1.548376591996195,1
2021-05-09,4.810635566711426,4.914568951752797,4.706702181670055,4.6101924328482555,1715255,0.043478287851585584,0.05024308247377496,-0.003788781340343217,4.637812519073487,4.6578639888763425,1.0372639141679802,1.032798634352554,57.35397178326105,-0.01801408485343714,-0.006260054453737391,-0.01175403039969975,0.023677638222568655,0.018455714851662443,2280067.0,0.752282718007848,1
2021-05-10,5.02592658996582,5.107588716625704,4.7883642005895,4.810635818404144,2212290,0.0447531350626853,0.12645603841273867,0.05058713030934814,4.662013006210327,4.669134092330933,1.0780593240024683,1.0764151319236945,63.656944292121466,0.013478434379542215,-0.0023123566870814696,0.015790791066623684,0.027250210589120336,0.020885012844862886,2292928.0,0.9648318656320652,1
2021-05-11,5.070468902587891,5.137283394538492,5.011078400407497,5.025926025952596,1099934,0.008862507604268988,0.14789899782846283,0.06418914996923597,4.692596769332885,4.679366035461426,1.080525165879259,1.0835803107007633,63.2617884509008,0.04155169308315898,0.00646045326696662,0.03509123981619236,0.027065122391028967,0.02085110696007484,2149123.3,0.5118059070877878,1
2021-05-17,5.2189459800720215,5.3451506315258,5.04819809399297,5.070469357310259,2415589,0.029282711389542415,0.1600660791854276,0.08655350546765117,4.734170246124267,4.689481115341186,1.1023993030974386,1.112904786629536,65.79046789724248,0.07491721314218314,0.020151805242009924,0.054765407900173216,0.028010750655411976,0.02151935529201292,1791834.6,1.348109362326188,1
2021-05-18,5.389693737030029,5.4268126263347005,5.278336361125336,5.21894585504159,2676972,0.03271690444967046,0.16908219605691777,0.15974440697881898,4.808408451080322,4.702368144989014,1.1208893320656041,1.146165840454974,69.18529341326743,0.11382543638573583,0.03888653147075511,0.07493890491498073,0.024768418607876385,0.02233296792771372,1901040.6,1.4081614038122068,1
2021-05-19,5.426812648773193,5.5678652783029765,5.28576001924341,5.389693759315045,3908514,0.006887016879667529,0.12808641883529526,0.1847649578143824,4.893039989471435,4.717540760040283,1.1090881457029371,1.1503478029783583,72.11454871715803,0.14597298389355018,0.06030382195531413,0.08566916193823605,0.022779588822457918,0.02187778929118031,2223203.9,1.7580546705590072,0
2021-05-20,5.3971171379089355,5.567865012450565,5.315455018607636,5.426812389655712,1143912,-0.005471998535083178,0.07385514716513986,0.20965061490477188,4.98658013343811,4.733919878005981,1.0823283680368274,1.1400947369185948,71.60199353056922,0.16712742641456213,0.08166854284716374,0.08545888356739839,0.019080628040097403,0.020959218899977962,2175388.8,0.5258425528346933,0
2021-05-23,5.29318380355835,5.419388801594785,5.233793299540105,5.397117185590279,660589,-0.019257194478986994,0.04392392602127759,0.19831922848897898,5.074181175231933,4.748220329284668,1.0431601909280281,1.1147721538768152,66.01944320677279,0.17350585554790676,0.10003600538731236,0.0734698501605944,0.020812927994404415,0.021805979246687625,2026427.5,0.32598698941857035,0
2021-05-24,5.196674346923828,5.337726978819774,5.159555102847662,5.2931840983255825,1039316,-0.018232780159578632,-0.004267458071655739,0.1551155458321538,5.143965101242065,4.759818992614746,1.0102468124577741,1.0917798250284096,68.68687425733228,0.16882716552999089,0.11379423741584807,0.055032928114142815,0.02382651442285129,0.02242441402476986,2034714.5,0.5107920546101186,0
2021-05-25,5.115012168884277,5.2337935362891335,5.063045652515288,5.1966742926009895,625063,-0.015714315076889696,-0.05096422571444925,0.10950082713832887,5.194447088241577,4.770298805236816,0.9847077238428104,1.0722624258398732,68.0,0.15672320711929455,0.12238003135653737,0.03434317576275718,0.02533286888363654,0.022804532681037378,1749743.4,0.357231237448874,1
2021-05-26,5.189250469207764,5.263488958972367,5.092741069705418,5.115012333438515,198383,0.014513807176274929,-0.04377563681309948,0.07870371747057137,5.232308578491211,4.782006187438965,0.9917707244063454,1.0851618056953836,75.2577589235194,0.1513761729815135,0.1281792596815326,0.023196913299980915,0.022690638556443748,0.02293754276634078,1598056.2,0.1241401898130992,0
2021-05-27,5.16697883605957,5.233793330472643,5.092740705598005,5.189250098200375,541081,-0.004291878621074496,-0.04264096849647592,0.028064923665092723,5.246413803100586,4.793268136978149,0.9848591876237307,1.0779657403679115,76.43977649062299,0.14368516213260918,0.13128044017174792,0.012404721960861259,0.01878905339442327,0.022812756508935744,1430935.3,0.37813100284827694,1
2021-05-30,5.345150470733643,5.478779462598953,5.196674206433673,5.166978953573679,852165,0.03448274907391524,0.009817657784783274,0.05417281388030171,5.273881959915161,4.806807508468628,1.0135134823570506,1.1119959476880574,77.94116721010865,0.15023512549128526,0.1350713772356554,0.015163748255629855,0.02127080717737081,0.02369822153527058,1406158.4,0.6060234750224441,1
2021-05-31,5.411965370178223,5.478779871092515,5.37484612433798,5.3451508692639305,591936,0.012500097015119005,0.041428615472477226,0.0369843625213262,5.293183898925781,4.8220689868927,1.0224404580533368,1.1223326304308323,77.27272727272728,0.1589847454517379,0.13985405087887193,0.01913069457286598,0.019796066652457926,0.023738853074229016,1223793.1,0.48368960406787714,1
2021-06-01,5.426812648773193,5.486203155102504,5.315455272408066,5.4119650221908655,677627,0.002743417146898963,0.06095791556189556,0.006887016879667529,5.2968957901000975,4.838784809112549,1.0245269802958765,1.1215238666024685,73.98843179500241,0.1652124671268851,0.14492573412847456,0.020286732998410523,0.017006012167868415,0.0219559543585525,1023858.6,0.6618365075021102,0
2021-06-02,5.426812648773193,5.47877951880901,5.345150525572721,5.426812648773193,598531,0.0,0.04577967106715852,0.0,5.2968957901000975,4.856529417037964,1.0245269802958765,1.1174260840950592,68.74998606104859,0.16820897308744875,0.1495823819202694,0.01862659116717935,0.0168717517748294,0.021413057898244176,692860.3,0.8638552389276741,0
2021-06-03,5.404541492462158,5.456508009527291,5.322879367651502,5.4268127557771155,533119,-0.004103911034420871,0.04597709105070713,0.0013756148631784981,5.29763822555542,4.872928419113159,1.0201794200274086,1.109095194434592,65.95747200841103,0.16686313511051498,0.15303853255831854,0.013824602552196447,0.016826791494404542,0.020067441759504423,631781.0,0.8438351264124752,1
2021-06-06,5.54559326171875,5.723765121859822,5.278336002500115,5.404540996351017,2275753,0.026098748516098835,0.037499934208137686,0.04768575351392812,5.32287917137146,4.89279146194458,1.0418409066178196,1.1334211369627272,65.71426211931231,0.17515912244694132,0.1574626505360431,0.01769647191089821,0.017090963595935135,0.019813682428564825,793297.4,2.8687261549073524,1
2021-06-07,5.887089729309082,6.013295092736518,5.567865564389103,5.545593946373589,4862581,0.061579789839201426,0.087791463291498,0.13285715753844474,5.391920709609986,4.920641822814941,1.0918353674631305,1.1964068796905984,70.55215159077395,0.20690459572403164,0.1673510395736408,0.03955355615039083,0.022816673172785535,0.022727974218812383,1175623.9,4.136170589931015,1
2021-06-08,5.916784763336182,6.013294868473879,5.842546629378738,5.8870895097532046,2955206,0.005044094007818911,0.0902872728937405,0.1567489124130066,5.472097969055175,4.949857692718506,1.081264406594275,1.1953444180910644,70.37037330730271,0.2317873527640968,0.180238302211732,0.05154905055236478,0.02079048115808289,0.022654284408572808,1408638.2,2.0979169810956426,0
2021-06-09,5.827699184417725,5.97617581096059,5.75346104814397,5.916784947946229,211963,-0.01505641703759153,0.07387145302227394,0.12303293491004541,5.535942840576172,4.9778062438964845,1.0527021958577858,1.170736444706608,67.05885197762655,0.24153439710952274,0.19249752119129016,0.04903687591823258,0.022845942082319905,0.022259082691949587,1409996.2,0.15032877393570282,0
2021-06-10,5.798003673553467,5.894513423439912,5.753460793758647,5.8276989267500126,206406,-0.00509558059270776,0.0728021390232787,0.12212646064854549,5.599045324325561,5.001560077667237,1.0355343344629686,1.1592390341250678,71.25001003604949,0.24404956891110352,0.20280793073525286,0.041241638175850664,0.022910553917232054,0.02089628855046523,1376528.7,0.14994674647902365,0
2021-06-13,5.768308639526367,5.931632538312936,5.642103631648159,5.798003893851198,399954,-0.005121596276757789,0.040160784842448116,0.07916674583992478,5.641361141204834,5.024591426849366,1.0225029908818106,1.1480154602626753,75.49670339019099,0.24087011881717668,0.21042036835163763,0.03044975046553905,0.021960957400012585,0.021077051631544875,1331307.6,0.3004219310398288,1
2021-06-14,5.805427551269531,5.864818056510904,5.716341439412138,5.768308308496006,137377,0.006434973241343789,-0.013871400266415645,0.07270227249779149,5.680707359313965,5.0463075351715085,1.0219550461002145,1.1504307874237043,82.0689917899823,0.23859519083344338,0.2160553328479988,0.022539857985444584,0.02190220866488218,0.020395376690277058,1285851.7,0.10683735923823875,0
2021-06-15,5.75346040725708,5.805427273857716,5.62725541265219,5.805427273857716,339726,-0.008951475761864724,-0.027603565553229847,0.06019145668456605,5.713372135162354,5.065441112518311,1.0070165694000583,1.1358261362546402,76.76055509820064,0.22994827917757732,0.2188339221139145,0.011114357063662816,0.02247447239051861,0.019584448879387987,1252061.6,0.27133329542252554,0
2021-06-16,5.664375305175781,5.746037078375645,5.642103687215136,5.7534610690276455,800345,-0.015483742960833102,-0.028025447792268232,0.043775724679991024,5.737128400802613,5.084207582473755,0.9873189005815778,1.1141117299580718,72.18547976135076,0.21344663621361804,0.21775646493385523,-0.004309828720237191,0.023452220477873396,0.02001195070701393,1272243.0,0.6290818656498798,0
2021-06-17,5.649527549743652,5.708918057631334,5.590137041855971,5.664375176715573,692290,-0.0026212520590861432,-0.025608145867009546,0.045329665360730687,5.7616270065307615,5.103577299118042,0.9805437844796192,1.1069740338252458,65.89151571189359,0.19690112193429332,0.21358539633394286,-0.016684274399649535,0.02339615984078801,0.01996354288225592,1288160.1,0.5374254333758668,1
2021-06-20,5.731188774108887,5.790579630323676,5.656950646334545,5.6495270105547695,199545,0.014454522727115338,-0.006435138571317611,0.03346720605553655,5.780186557769776,5.122522640228271,0.9915231484016678,1.1188215605140774,66.41221112047063,0.18820851044618792,0.2085100191563919,-0.020301508710203975,0.02248383741296506,0.019448750458060538,1080539.3,0.18467167274711802,1
2021-06-21,5.857394218444824,5.894513462182148,5.7534608315738,5.731189214532337,234049,0.02202081440871062,0.008951393625423743,-0.005044175004912499,5.777217006683349,5.143734893798828,1.013878172079865,1.1387434110390036,69.86304322864447,0.18932090429346093,0.20467219618380572,-0.015351291890344787,0.01231270427881098,0.019089073779024943,617686.1,0.3789125253101859,0
2021-06-22,5.798003673553467,5.864818170243367,5.790580037252001,5.857394179946559,822889,-0.010139413991350876,0.007741995797903245,-0.02007527644384688,5.765338897705078,5.165945529937744,1.005665716522127,1.1223509113583976,66.23379006708365,0.18329722746687427,0.20039720244041945,-0.01709997497354518,0.012496433026553419,0.018791044156411314,404454.4,2.0345655777264384,1
2021-06-23,5.864818096160889,5.9019369851900265,5.790579964107274,5.798003600314967,1151957,0.0115236944247179,0.03538656607056989,0.006369393918343125,5.769050788879395,5.188720855712891,1.016600184464678,1.1303013323030473,69.37501053786042,0.1818188907028535,0.19668154009290628,-0.014862649390052773,0.01222417516805946,0.01873532567566199,498453.8,2.311060724183465,1
2021-06-24,6.40675687789917,6.451299402348666,5.87224162857059,5.8648179924941175,4725201,0.09240504528060889,0.1340340978052008,0.10499358721044261,5.8299261093139645,5.222206363677978,1.098943066819261,1.2268295106949618,77.10282828276765,0.22182022322637263,0.20170927671959957,0.02011094650677306,0.031216190784004075,0.02665909720713679,950333.3,4.972151349426564,1
2021-06-27,6.44387674331665,6.592353019155362,6.310247741066445,6.4067574973592905,699655,0.005793862031120645,0.1243525553419893,0.11711719084534877,5.897482919692993,5.255405464172363,1.092648648764904,1.2261426425128268,71.67632912120858,0.25359356163877056,0.21208613370343377,0.041507427935336794,0.030799167202966604,0.026102773929560688,980303.4,0.7137127138394093,0
2021-06-28,6.369637489318848,6.45872324416358,6.236008503056426,6.443875972351447,933987,-0.011520899134950247,0.08745241514750357,0.0971866297644064,5.953903913497925,5.28570517539978,1.0698253753941889,1.2050686290570654,67.03908489607012,0.26967502803454213,0.22360391256965545,0.04607111546488668,0.03164197934290782,0.026516567405908485,1059964.4,0.8811494046403824,0
2021-06-29,6.213737964630127,6.443876722427121,6.124652199415695,6.369638230753065,594172,-0.024475415586859728,0.07170300580749123,0.08000012597505313,5.999931669235229,5.313401308059692,1.035634788391207,1.1694463874213208,63.82978868788329,0.26676481850580913,0.2322360937568862,0.034528724748922934,0.033012472064770544,0.027507556718498992,1085409.0,0.5474176093988533,0
2021-06-30,6.191466331481934,6.265704110742719,6.161771078179482,6.213737594461101,140377,-0.0035842568957635823,0.055696226202628374,0.09305369046159906,6.052640771865844,5.341938009262085,1.0229363619697016,1.159029985137772,64.17112703558894,0.25966803040730735,0.23772248108697044,0.021945549320336905,0.032270214824037136,0.027568126639296614,1019412.2,0.13770386503124055,1
2021-07-04,6.302823543548584,6.384486023574449,6.198890507865782,6.1914665173196655,326332,0.0179855959969335,-0.016222456436440713,0.11563727905611776,6.117970371246338,5.37488805770874,1.0302147871083247,1.1726427556959043,68.18180786008352,0.26003188536214683,0.24218436194200574,0.017847523420141093,0.03207565572081404,0.02754401582556732,982816.4,0.332037601326148,1
2021-07-05,6.354790687561035,6.414181195183883,6.31024745284855,6.3028234623980195,420244,0.008245057735376982,-0.013824916165259049,0.1088084755241916,6.180330562591553,5.408234434127808,1.0282282837791006,1.1750213059293684,68.50000224807292,0.26149915773673715,0.24604732110095204,0.015451836635785116,0.03207105426309374,0.027216138848291365,1004886.3,0.4182005466688122,0
2021-07-06,6.154346942901611,6.310247196065202,6.08753244754712,6.354790428965086,331075,-0.031542147415142274,-0.03379949750331224,0.050697069956754603,6.210025835037231,5.436414527893066,0.9910340321256834,1.1320599103186464,62.272725680231794,0.24367886833959052,0.24557363054867976,-0.0018947622090892402,0.034383048599416446,0.02531757731408495,1014588.9,0.32631443139186717,0
2021-07-07,6.154346942901611,6.184042195504644,6.124651690298578,6.154346942901611,484943,0.0,-0.00955801838870285,0.06145964877075527,6.2456601619720455,5.4634372425079345,0.9853797330142275,1.1264606272070075,65.86534853910857,0.22694013598183016,0.24184693163530985,-0.014906795653479687,0.03401919491631489,0.025316189186461543,980794.3,0.49443904802464694,0
2021-07-08,6.050413131713867,6.146922878505669,5.939056112795221,6.154346868564422,516854,-0.016887870013181594,-0.022781873019457333,0.03164548883015983,6.264219665527344,5.4878668785095215,0.96586860850521,1.1025072702487146,62.27268931827379,0.20294851588049667,0.23406724848434723,-0.031118732603850563,0.03473042361211759,0.025385353475379534,917284.0,0.5634612617248311,0
2021-07-11,5.864818096160889,6.050413249297255,5.7237654682613535,6.050413249297255,431588,-0.030674770716095923,-0.06949352847360402,-0.08458862917176713,6.210025787353516,5.509484806060791,0.944411230643256,1.0644948307524522,53.84616440345276,0.16703355694353927,0.22066051017618565,-0.05362695323264638,0.01712598431089672,0.026395060247331306,487922.7,0.8845417522078804,1
2021-07-12,5.9464802742004395,6.013294770673136,5.827698907805053,5.8648181511777375,413706,0.013924076876827174,-0.06425237799882677,-0.0771890104248335,6.160286140441895,5.533121786117554,0.9652928676741437,1.074706197344145,52.63158191277088,0.14350590181439404,0.20522958850382733,-0.06172368668943329,0.01805642189216234,0.026509958640969482,459327.8,0.9006770328292779,1
2021-07-13,6.020718097686768,6.08753259465587,5.916784711064541,5.94648031838052,221448,0.01248433023622697,-0.021712920388567092,-0.05477853209341632,6.125394201278686,5.557471923828125,0.9829111237330542,1.083355558104115,56.52172698853846,0.12935926446352397,0.19005552369576667,-0.0606962592322427,0.019081232134332233,0.02659944016308069,388073.9,0.5706335829335598,0
2021-07-14,5.916784763336182,6.146923155601932,5.642103490695964,6.020718150876604,3052033,-0.017262614303519386,-0.03860071292201561,-0.04778978498679276,6.095698881149292,5.582861385345459,0.9706491214048655,1.0598122279853202,51.48935821291227,0.10851055879070337,0.17374653071475404,-0.06523597192405067,0.018406660590333794,0.026845748883427674,633860.0,4.814995424857224,0
2021-07-15,5.827699184417725,5.894513684061781,5.723765793634469,5.916784947946229,599174,-0.01505641703759153,-0.03680970909717951,-0.05875298799810169,6.059322166442871,5.607805423736572,0.9617741100963574,1.0392120881638283,27.586242537803784,0.08383297330664252,0.15576381923313176,-0.07193084592648924,0.01868266753536553,0.026831491947464762,679739.7,0.8814756589912286,1
2021-07-18,5.96132755279541,6.020718059055611,5.864818157120254,5.827698913709958,1475188,0.022929867199560583,0.016455660696057528,-0.05418142970267992,6.025172567367553,5.637797660827637,0.9894036205837607,1.0573858643802905,32.620292569059146,0.0742031340281013,0.13945168219212567,-0.06524854816402437,0.01943467896611811,0.027217740312219973,794625.3,1.8564573768290538,1
2021-07-25,6.005870819091797,6.087532588645245,5.939056322188665,5.961327585159481,865588,0.007472038048890628,0.009987512301862234,-0.05490658711265173,5.99028058052063,5.66957160949707,1.002602589037626,1.0593165115035135,36.61203662625162,0.06936607738590084,0.1254345612308807,-0.056068483844979866,0.019375893920314764,0.027108061237552633,839159.7,1.0314937669194553,1
2021-07-26,6.072685241699219,6.139499737784916,5.9464802397574985,6.005870745613523,566721,0.011124851769210187,0.00863138635114269,-0.013268946642109758,5.98211441040039,5.7010486125946045,1.01514027066105,1.0651874162734913,44.44444027091075,0.07011578948521446,0.11437080688174746,-0.044255017396532995,0.017612098938177185,0.026806763904051796,862724.3,0.6568969947873265,1
2021-07-27,6.198890209197998,6.280551977298624,6.050413237392245,6.0726852079575115,1090502,0.020782398967785998,0.047678841997076615,0.0072376917826777465,5.986568737030029,5.732822570800781,1.0354663049059556,1.0812981097254009,50.270272334660646,0.07997176315853682,0.10749099813710535,-0.02751923497856852,0.018944500744422166,0.02695275359099862,923280.2,1.1811170650036684,0
2021-07-28,6.169195175170898,6.236008965263641,6.124651940451706,6.198890428986794,265612,-0.004790379088024155,0.058598767703431864,0.01963205501363574,5.998446941375732,5.7599937629699705,1.028465407040177,1.0710419887659628,44.827601481735776,0.08441348610660171,0.10287549573100462,-0.018462009624402906,0.018048641695120212,0.02694984844874444,898156.0,0.2957303630995061,0
2021-07-29,6.124651908874512,6.16919514336405,6.05041342072218,6.16919514336405,522812,-0.00722027185582641,0.027397312869096524,0.044303814449711654,6.0244303226470945,5.781968269348145,1.016635861128755,1.0592676444357245,41.04044826346914,0.08337818243136663,0.09897603307107702,-0.015597850639710392,0.014490472817318118,0.016840031696936236,907278.4,0.5762420884262206,0
2021-08-01,6.102380752563477,6.198890505656472,6.050413526749891,6.124652016203181,410441,-0.003636313808914493,0.016069265620047624,0.026217269909972085,6.040020370483399,5.802606506347656,1.0103245317490688,1.0516619980844621,47.65102956727007,0.07984025189824973,0.09514887683651158,-0.01530862493826185,0.014275713864719177,0.01673868835013138,906951.9,0.45254990920687194,1
2021-08-02,6.146922588348389,6.184041828899327,6.102380066079764,6.102380066079764,446933,0.007299091549834991,0.012224797382779817,0.020961700683197693,6.052640819549561,5.821166038513184,1.0155769641070234,1.0559607040376413,49.677395560697704,0.07971170345886858,0.09206144216098298,-0.012349738702114407,0.013971061405006365,0.016738910458730636,929500.4,0.48083142298809123,0
2021-08-03,6.102380752563477,6.161771260929826,6.050413526749891,6.146923279842886,314793,-0.007246200866323216,-0.015568828189813644,0.031367710107921276,6.07120041847229,5.835419778823852,1.0051357774314809,1.045748375242583,52.38100023682414,0.07514939851116864,0.08867903343102011,-0.013529634919851471,0.012727207007915044,0.015925658860630017,655776.4,0.4800309983707861,0
2021-08-04,6.0652618408203125,6.124652352447208,6.013295320144465,6.102381087584808,785480,-0.0060826935008228,-0.016847146410424063,0.04076439927403763,6.094956684112549,5.848188762664795,0.9951279648353137,1.0371180013103076,60.62998895936307,0.0677574868773494,0.08449472412028597,-0.016737237242936576,0.011562716220545423,0.015958556045579077,674407.0,1.1646972822049593,1
2021-08-05,6.0875325202941895,6.154347016447126,6.013294741894787,6.065261257573436,231210,0.003671841390917585,-0.006060652773839603,0.021170614495021223,6.107577180862426,5.8619970703125,0.9967180667595908,1.038474166274134,57.98321142037947,0.06297051644560803,0.08018988258535038,-0.017219366139742356,0.009489081609534888,0.015377030768984178,550009.2,0.4203747864581175,0
2021-08-10,6.221161365509033,6.250856617764826,6.154346870935837,6.154346870935837,1082965,0.021951233076679566,0.01946463483053873,0.0035927650852709547,6.119455194473266,5.917824192047119,1.016620134930904,1.0512582266079422,76.23771821043594,0.06111073802414513,0.0694612935322989,-0.008350555508153779,0.0089744568343387,0.01442970302242067,406024.6,2.6672398667469905,0
2021-08-11,6.184041976928711,6.21373722848216,6.1469227354892375,6.2211612183681835,119835,-0.005966633301961455,0.01958367820313822,0.002406602698771243,6.120939874649048,5.937720022201538,1.010309217795295,1.0414842656450891,67.04550762888525,0.06276178066074056,0.06812139095798725,-0.005359610297246686,0.00905729218194276,0.013929498054354686,391446.9,0.30613347557484805,0
2021-08-15,6.102380752563477,6.206313788209236,6.080108780933066,6.184042524569531,486822,-0.013205153630892918,0.002439121634223218,-0.003636313808914493,6.118712759017944,5.956428060531616,0.9973308100743253,1.0245033920578963,56.98930449520615,0.05682581291200606,0.06586227534879101,-0.00903646243678495,0.009776891339294902,0.012276107646634489,387847.9,1.255187922894516,1
2021-08-16,6.154346942901611,6.198890175801496,6.08753244754712,6.102380427843971,255054,0.0085157240174345,0.010975616538339672,0.0085157240174345,6.123909378051758,5.972611989974975,1.004970283355097,1.0304280527902496,56.0439707811985,0.0556729893989516,0.06382441815882313,-0.008151428759871529,0.010069918671079021,0.012058621122013693,372309.2,0.6850596224858263,0
2021-08-17,6.154346942901611,6.198890175801496,6.094956437695545,6.154346942901611,159979,0.0,0.010975616538339672,0.0012078165043587497,6.12465181350708,5.987459621429443,1.004848460010256,1.0278728095092065,45.94588260618981,0.05413533007221183,0.06188660054150087,-0.007751270469289043,0.009815360117536346,0.011796062966184864,343613.8,0.46557792498438655,1
2021-08-18,6.161770820617676,6.184042082665905,6.124651578543523,6.154346830604714,46898,0.0012062819637796984,-0.00954653663552707,0.009732278345504941,6.1305908203125,6.002158784866333,1.0050859698875787,1.0265924380664142,49.29571858416367,0.05290590255342931,0.060090460943886564,-0.007184558390457257,0.009463999972046068,0.01097173621134778,316824.3,0.1480252619511824,1
2021-08-19,6.191466331481934,6.273128101066003,6.109803853907179,6.161771078179482,946960,0.004819314403076369,0.0012005666489525169,0.020807756363005137,6.1432112693786625,6.0174518585205075,1.0078550223958278,1.0289182991493364,56.52179579313452,0.05370863225804623,0.0588140952067185,-0.005105462948672271,0.009179962191104998,0.01021093082756242,332972.3,2.843960293393775,0
2021-08-22,6.154346942901611,6.221161438256103,6.117227700150154,6.19146618565307,293357,-0.005995250009126263,0.0085157240174345,0.010975616538339672,6.149892711639405,6.032447967529297,1.0007242778811045,1.0202072153839463,54.92955835217295,0.050764396530093236,0.057204155471393445,-0.006439758941300208,0.009499404555754265,0.009255385845240858,339187.0,0.8648827932674307,1
2021-08-23,6.169195175170898,6.236008965263641,6.10980395954841,6.154347194267602,544100,0.0024126414072922486,0.0024126414072922486,0.01341473817256289,6.158058977127075,6.04492000579834,1.0018083941847888,1.0205586127282664,52.23892759255727,0.049063621864087636,0.055576048749932286,-0.006512426885844649,0.009498081998818906,0.009156059117907159,393597.0,1.3823784225997657,1
2021-08-24,6.236008644104004,6.265703896390569,6.1766181395308735,6.1691948574522275,3907767,0.010830175903983275,0.013268946642109647,0.024390198050660894,6.172906589508057,6.051898384094239,1.0102224217523719,1.0304219020751653,62.85710091042724,0.052501825879812,0.05496120417590823,-0.002459378296096229,0.009931589112070753,0.009139778566596098,784373.7,4.982021962235603,1
2021-08-25,6.325094699859619,6.384485200591488,6.206312990405265,6.236008240771199,1550473,0.014285749241198298,0.02650599705776968,0.016706419950269558,6.183299922943116,6.060064582824707,1.0229318937595724,1.0437338766629738,72.72724997726895,0.061703844005061015,0.05630973214173879,0.005394111863322226,0.008444221083344685,0.008506979509214896,831124.5,1.865512326973877,0
2021-08-26,6.302823543548584,6.347366778834575,6.228585762059541,6.325095515186932,735896,-0.0035210787138932886,0.0179855959969335,0.01920775555260157,6.195178079605102,6.0695670700073245,1.0173756851797138,1.0384304960882453,68.83121649780364,0.06643360819797817,0.05833450735298667,0.008099100844991498,0.008230537092596264,0.008465809347014406,892730.6,0.824320349274462,1
2021-08-29,6.339942932128906,6.384486168425493,6.258281158241007,6.302823686546871,767659,0.005889326953840701,0.030156894135024315,0.03892942594013582,6.2189342975616455,6.080405855178833,1.0194580982491979,1.0426841699603027,70.73176845282995,0.07234327657549766,0.06113626119748887,0.011207015378008792,0.006321342078287319,0.008292961464698255,920814.3,0.8336740643580361,1
2021-08-30,6.369637489318848,6.414180720736536,6.302822996187637,6.339942237703936,927836,0.004683726258710941,0.03249083688495835,0.03498186703067674,6.240463352203369,6.092432432174682,1.02069944647137,1.045499898477367,72.0930510463276,0.07851773041832999,0.0646125550416571,0.013905175376672893,0.006119624320712332,0.00821626904588167,988092.5,0.9390173490842203,0
2021-08-31,6.332518577575684,6.384485801601014,6.3028233244143586,6.369637821025011,454670,-0.005827476336825788,0.01547623471672499,0.028950534691511765,6.258280515670776,6.102974252700806,1.0118623736534365,1.037611878302337,60.273993092980795,0.07949942374111352,0.06758992878154839,0.011909494959565128,0.0067325954572995915,0.008309365583065819,1017561.6,0.4468230719398216,0
2021-09-01,6.332518577575684,6.377061811313013,6.3102473147023606,6.332518577575684,693725,0.0,0.0011737180340127829,0.027710825658538774,6.275355291366577,6.114555416107177,1.0091091712827398,1.0356466082381623,64.70595458495485,0.07936258034738408,0.06994445909471553,0.009418121252668554,0.006776545567515752,0.008061241652701537,1082244.3,0.641005917055881,1
2021-09-02,6.362213134765625,6.436451613543228,6.317670613891547,6.332517884852705,245445,0.004689217540568169,0.009422696162552535,0.027577764965867724,6.292429971694946,6.128512172698975,1.0110900182258018,1.038133392817221,78.68848834050404,0.08071974657716652,0.07209951659120573,0.008620229985960792,0.00677227145022718,0.007858288542412951,1012092.8,0.24251234669389998,0
2021-09-05,6.302823543548584,6.384486023574449,6.280552279900941,6.362214051936101,302300,-0.009334737764837397,-0.005854845852351853,0.024125484316126267,6.307277631759644,6.141578092575073,0.9992938176387492,1.0262547261539263,66.129129172684,0.0761255390922786,0.07290472109142031,0.003220818000858286,0.007311967660413646,0.008276475965619243,1012987.1,0.2984243333404739,1
2021-09-06,6.458724021911621,6.488419277102381,6.176618743604031,6.3028237551624455,831187,0.02473502189706922,0.013986122874678708,0.04693138059661117,6.336230516433716,6.156128797531128,1.019332236281525,1.0491534914769565,74.69890799736575,0.08409506666906363,0.07514279020694897,0.008952276462114661,0.010163813184591712,0.00971999437573535,1041695.8,0.7979172038516427,1
2021-09-07,6.5700812339782715,6.777948003675229,6.421604261918343,6.458723504933325,1087412,0.01724136403550669,0.03751471922148486,0.05357154053821356,6.369637775421142,6.170382537841797,1.0314685804160781,1.0647769718790039,78.35061717931077,0.09826384659728493,0.07976700148501617,0.01849684511226876,0.010780925952985292,0.010192233737576798,759660.3,1.4314450814396908,1
2021-09-08,6.733404159545898,6.8076426388403,6.622047148594906,6.570080637883191,574133,0.024858585419458068,0.063305867493197,0.06455388876554546,6.410468721389771,6.189090547561645,1.050376259863587,1.087947269118352,81.73919551567403,0.12127353608379643,0.08806830840477223,0.0332052276790242,0.012188370341992298,0.010480345739481317,662026.3,0.8672359391160139,1
2021-09-09,6.889305114746094,6.993238854947921,6.688862332631254,6.733404858438694,684391,0.02315336366363452,0.08284726852362612,0.09305060932537423,6.469116878509522,6.20958028793335,1.064952951713153,1.1094638921302953,87.78637295006612,0.15035557941730282,0.10052576260727834,0.04982981681002448,0.012698331750039381,0.011028937103995978,656875.8,1.041887979432337,0
2021-09-12,6.75567626953125,6.978390296094849,6.68886177836592,6.889304543871285,590634,-0.019396563657606114,0.07184918360060943,0.06557367185365881,6.510690212249756,6.216558675765992,1.0376282773860992,1.0867228352346934,76.8708015055374,0.1607673513062755,0.11257408034707779,0.04819327095919772,0.015579283216540665,0.011650169071272764,639173.3,0.9240592496588953,1
2021-09-13,6.82249116897583,6.904153652868369,6.7556773748693075,6.7556773748693075,232853,0.009890186678411794,0.05632182855779355,0.07109567544720807,6.5559755802154545,6.2241309642791744,1.0406523156621668,1.096135542155314,76.87083182405475,0.17242257936522343,0.12454378015070693,0.0478787992145165,0.015599558527795205,0.011675019294878153,569675.0,0.40874709264054065,1
2021-09-14,6.85218620300293,6.96354393889441,6.829914939020921,6.822490948363345,146143,0.004352520698323925,0.04293782055017914,0.0820633400535864,6.607942342758179,6.233781938552856,1.0369621657659323,1.0992021008347355,75.53964314446536,0.18195807324416524,0.1360266387693986,0.045931434474766636,0.014989624390512506,0.01161278026462592,538822.3,0.27122671055002734,0
2021-09-15,6.71113395690918,6.9412727126088285,6.674014711410434,6.852186240215549,987540,-0.02058499899374222,-0.003307421047219705,0.05978906728741795,6.6458038806915285,6.243729858398438,1.0098302744694978,1.0748597567657474,67.74198761712287,0.1761032744780895,0.1440419659111368,0.03206130856695269,0.017428283033884422,0.012974236550586712,568203.8,1.7380031601337407,0
2021-09-16,6.71113395690918,6.792795730613845,6.71113395690918,6.71113395690918,341039,0.0,-0.02586199259132116,0.05484268048753571,6.680695962905884,6.254123210906982,1.0045561112453405,1.0730735117602392,66.66670948724075,0.16950930650491802,0.14913543402989304,0.02037387247502498,0.017529077413816957,0.013009942946733983,577763.2,0.5902747007770658,0
2021-09-19,6.674014091491699,6.748252575593517,6.6146235874065065,6.711133333542608,191999,-0.005531086945338881,-0.012087935357094404,0.058892739956690754,6.717815017700195,6.261547021865844,0.9934798850380535,1.065873029170824,63.57617387058052,0.15945023342705067,0.15119839390932457,0.008251839517726095,0.01720997937843416,0.012991353181979179,566733.1,0.33878204749290275,0
2021-09-20,6.6072001457214355,6.681438635984212,6.40675735479708,6.674014645359792,294437,-0.010011058540532747,-0.031556072103602784,0.022988460771214303,6.732662630081177,6.266595211029053,0.9813651015574163,1.0543524710344985,61.93550980389718,0.1444222091772236,0.14984315696290437,-0.00542094778568078,0.016470068089923164,0.01336986672821654,513058.1,0.5738862713599103,0
2021-09-21,6.391909122467041,6.532962106827458,6.236008865431714,6.6071998861833805,524897,-0.03258430477451313,-0.06717229609641595,-0.027118707541968212,6.714845418930054,6.271346454620361,0.9519071138178979,1.019224367321926,52.173914561218375,0.11382806628111464,0.14264013882654644,-0.028812072545431805,0.018845772121826813,0.015478617506666834,456806.6,1.1490573910271875,1
2021-09-22,6.555233001708984,6.607199515138883,6.4216040151856495,6.391908763512758,482404,0.025551658528415677,-0.023230195701829714,-0.026460784710854224,6.697028303146363,6.279364175796509,0.978827131226135,1.0439326049882245,56.43566497250161,0.10158979578886385,0.13443007021900993,-0.03284027443014609,0.018958849427407165,0.016163993160830406,447633.7,1.0776757871447122,0
2021-09-23,6.532961845397949,6.681438106158905,6.458723361022143,6.555233107514428,365022,-0.0033974621962680196,-0.026548734186388923,-0.05172412361087275,6.6613939762115475,6.28901515007019,0.9807199317031479,1.0387893317962569,57.868016663466,0.08906707229817101,0.12535747063484215,-0.03629039833667114,0.016687674590764638,0.01616182951909328,415696.8,0.8780967281922786,1
2021-09-26,6.5775041580200195,6.622047388810595,6.53296163522008,6.53296163522008,99608,0.006818088590774041,-0.014460552847006203,-0.026373689976058157,6.643576765060425,6.303268871307373,0.9900546634174694,1.0435068362641124,54.39557104308613,0.0817940452448509,0.1166447855568439,-0.034850740311993006,0.016258204593063277,0.016175167175684856,366594.2,0.2717118819664905,0
2021-09-27,6.480995178222656,6.599776904995491,6.458723914198689,6.577504932980806,887986,-0.014672583624244284,-0.01910112675798159,-0.050054442328349436,6.609427165985108,6.313959169387817,0.9805683632579513,1.0264550346864272,46.666654772078886,0.06746495676915654,0.10680881979930644,-0.0393438630301499,0.016023753809581848,0.016578014465875812,432107.5,2.0550117736905746,0
2021-09-30,6.473571300506592,6.532961804438617,6.362213574641055,6.377061554619388,264273,-0.001145484221467985,-0.009090906436748036,-0.03539828856463445,6.525537919998169,6.347366361618042,0.9920364236437397,1.0198830399410532,34.16665640758288,0.036471002806238495,0.07635074147751036,-0.03987973867127187,0.014898764316497826,0.016491080545186075,311062.6,0.8495814025858461,0
2021-10-03,6.40675687789917,6.532961877157177,6.384485615674422,6.473571372564075,87753,-0.01032110708384304,-0.025959281213476015,-0.04004444850262445,6.498812198638916,6.3562749481201175,0.9858350544797977,1.0079420620081865,26.666602435846798,0.02369889052220664,0.06582037128644962,-0.04212148076424298,0.015047675946531096,0.016525045357635697,300638.0,0.2918892488640824,0
2021-10-05,6.384485244750977,6.451299027543499,6.362213275829516,6.369637265470002,84054,-0.003476272562335181,-0.014891221304402569,-0.0011614491967618656,6.478025484085083,6.3705286693573,0.9855603779942034,1.002190803325446,27.999930630759096,0.003441007074211022,0.04496078736094915,-0.041519780286738125,0.010781061253813638,0.014998819903434322,227110.0,0.37010259345691515,1
2021-10-06,6.436452388763428,6.458723651882866,6.347366628294987,6.384485872154509,147685,0.008139598107016699,-0.006872831754126341,-0.018119968110148044,6.466147422790527,6.375279912948608,0.9954076156812577,1.0095952611728582,32.71025512810431,-0.00027268446515460454,0.0359140929957284,-0.036186777460883,0.0068871022587567365,0.013887433615993096,193638.1,0.762685649156855,0
2021-10-10,6.3473663330078125,6.421604109282538,6.310247090875122,6.436452089331877,225527,-0.01384086300570464,-0.019495416307363955,-0.028409091738516246,6.447587871551514,6.378843336105347,0.9844559639138993,0.9950654058362949,30.701749443614943,-0.01028574428459006,0.02667412553966471,-0.03695986982425477,0.007876112189156913,0.012755897732133339,179688.6,1.2550990992194273,1
2021-10-11,6.369637489318848,6.42160400264728,6.332518247802548,6.347366227605326,174836,0.0035087239561422123,-0.005793787603892042,-0.031602666255667544,6.4268012046813965,6.383743047714233,0.9911054172142574,0.9977903937721246,35.185142232507076,-0.016236901254668368,0.018091920180798093,-0.034328821435466464,0.0074845429144054605,0.012322679485891972,187211.4,0.9338961195739148,1
2021-10-12,6.384485244750977,6.39933251604133,6.347366004539162,6.369637265470002,203998,0.002331020479113155,-0.003476272562335181,-0.014891221304402569,6.417150211334229,6.3893851375579835,0.9949097394470278,0.999233119822719,49.38271017550871,-0.019530016381884785,0.010567532868261518,-0.0300975492501463,0.006442672179254765,0.012023143463473131,118812.6,1.7169727789813538,0
2021-10-13,6.37706184387207,6.473571594136792,6.347366590559131,6.384485834197976,538253,-0.0011627250427134195,-0.0011627250427134195,-0.016036631951188762,6.40675687789917,6.393987922668457,0.9953650443441149,0.997352813455218,30.0,-0.022479708174097723,0.003958084659789669,-0.02643779283388739,0.006423449005841434,0.011902402050100014,172637.9,3.117814801964111,0
2021-10-14,6.302823543548584,6.384486023574449,6.273128289354825,6.377062033028333,243530,-0.011641458424121232,-0.020761257466633154,-0.027491400591187265,6.388939714431762,6.397996778488159,0.986521054395199,0.9851245259673194,26.865641593959623,-0.030456684867032457,-0.002924869245574757,-0.0275318156214577,0.0071191555757580075,0.011384204102802848,196990.9,1.236249999365453,0
2021-10-17,6.273128509521484,6.3176717463708,6.161771479384292,6.302823764757451,453939,-0.004711385908541699,-0.011695846685305322,-0.030963247592472154,6.368895435333252,6.402154111862183,0.9849633383395693,0.9798465328877924,18.461603832501964,-0.038728202826710856,-0.010085535961801976,-0.028642666864908878,0.007118559115301268,0.011366026729699505,215957.5,2.1019830290682195,0
2021-10-19,6.213737964630127,6.302823729844559,6.206313973864575,6.236009228936053,278385,-0.009467452292936995,-0.02674409503275621,-0.030127397831324565,6.336230707168579,6.408390140533447,0.9806678847094585,0.9696254173615096,20.000042820454908,-0.053726484145806275,-0.02436282221270565,-0.029363661933100624,0.007027105700871534,0.01135943879122166,235020.7,1.1845126833508708,1
2021-10-20,6.236008644104004,6.273127886459876,6.132075615096356,6.213737381886745,628063,0.003584103417402895,-0.02211883830225181,-0.023255845217755478,6.321383047103882,6.411359663009644,0.9864943474610367,0.9726499481978327,23.809436420693316,-0.05835687156250202,-0.03116163208266493,-0.027195239479837093,0.007325857072443965,0.009045709164399188,289421.6,2.1700626352697934,1
2021-10-24,6.317671298980713,6.369637814965928,6.243432812152678,6.236008821871739,165782,0.013095340230793173,0.0023557307815362805,-0.018454434618374482,6.3095049381256105,6.413289861679077,1.0012942950255506,0.9850905596408939,35.61645643574114,-0.0548052325790076,-0.03589035218193347,-0.018914880397074132,0.008224942581498173,0.007383266406570521,291231.3,0.5692451326488602,0
2021-10-25,6.228585720062256,6.384485980525982,6.16919521207519,6.317671482042856,282054,-0.01410101518463458,-0.00710057021653876,-0.01871336972121318,6.297626876831055,6.4141807365417485,0.9890369565998263,0.9710648913551573,34.21056190068913,-0.0585045902967849,-0.04041319980490376,-0.01809139049188114,0.008267453561062538,0.007875309112470379,296884.0,0.9500478301289392,0
2021-10-26,6.132075786590576,6.347366548686822,6.124651796313644,6.228585536218643,410294,-0.015494678536866147,-0.022485227700471233,-0.03729595336102487,6.2738707065582275,6.4147746372222905,0.9773991325929893,0.9559300417209781,29.21349855300477,-0.06843502661703749,-0.04601756516733051,-0.02241746144970698,0.00904469780411892,0.00808534574478353,320429.8,1.2804489470080498,0
2021-10-27,6.0652618408203125,6.146923617309607,6.013295320144465,6.132076343398255,214032,-0.010895812135324534,-0.023894815754216037,-0.049999865563651325,6.241948366165161,6.4129929351806645,0.9716936900179136,0.9457770969226,27.368458772637965,-0.08076528406196193,-0.052967108946256794,-0.027798175115705134,0.009022609788811722,0.007850598812509543,321433.2,0.6658677448378076,1
2021-10-28,6.117227554321289,6.206313310006669,5.991022556769338,6.06526104050248,682451,0.008567760941702085,-0.0190476146781835,-0.04074514187132505,6.215964937210083,6.412250547409058,0.9841155180432677,0.9539907258915552,27.36831145088128,-0.08535992703369732,-0.0594456725637449,-0.025914254469952422,0.009967201319208707,0.008261981379254801,335853.0,2.0319931636757746,0
2021-10-31,6.072685241699219,6.191466253411267,6.013294735843195,6.117227767095899,60979,-0.007281454257918707,-0.03877790497283706,-0.03651352449568879,6.192951107025147,6.410468835830688,0.9805802010628663,0.9473075054599032,29.21340854373193,-0.09154018875025205,-0.06586457580104634,-0.025675612949205714,0.009692547773386295,0.008290094312349975,317597.9,0.1920006398027191,1
2021-11-01,6.124651908874512,6.161771152950678,6.087532664798346,6.072685391962295,59103,0.008557444541741566,-0.016686582774798064,-0.02366866873867035,6.178103446960449,6.40913254737854,0.9913482287007941,0.9556132383905235,32.258028869397066,-0.0911935919871274,-0.07093037903826255,-0.02026321294886485,0.010415486658436123,0.008691800717616128,278114.3,0.21251334433360672,1
2021-11-02,6.228585720062256,6.243432993063672,6.109803996097421,6.124651977089538,366464,0.016969749911361687,0.015738542188719284,-0.00710057021653876,6.173649168014526,6.410617322921753,1.0088985542509208,0.9716046686785333,40.00001223445872,-0.08159178232597597,-0.07306265969580523,-0.008529122630170735,0.01208790139029081,0.009538410484090846,314760.7,1.164262247478799,0
2021-11-03,6.206313610076904,6.302823360399897,6.154347093745557,6.22858558106807,513825,-0.003575789270044538,0.023255676829529115,-0.0011948290377681303,6.172906732559204,6.411359691619873,1.0054118552191134,0.9680183157075122,39.25229325030149,-0.07491586863215538,-0.07343330148307527,-0.0014825671490801134,0.011749032117247355,0.009544969297965764,338304.7,1.5188231201044502,0
2021-11-04,6.124651908874512,6.26570418677511,6.072685391962295,6.206313679449522,166363,-0.013157843179210649,0.001213679642827481,-0.01785705273753546,6.161771059036255,6.409132556915283,0.9939758959224381,0.9556132369685778,38.88886576049624,-0.07534603357043945,-0.07381584790054811,-0.0015301856698913402,0.012349936639138746,0.0098874420421541,292134.7,0.5694736024169672,0
2021-11-10,6.146922588348389,6.265703591718888,6.065260825528826,6.213737079741952,151546,0.0036362359535253574,-0.009569452248124444,0.013463680492486585,6.1394994258880615,6.392800149917602,1.0012090826866156,0.9615383625636439,43.74997072813023,-0.06771128112946645,-0.07233314853010857,0.004621867400642118,0.00861492592405713,0.009201557639604284,200073.1,0.7574531508733557,1
2021-11-11,6.154346942901611,6.213737448107677,6.124651690298578,6.146922952753187,358858,0.0012078165043587497,0.00484844436368248,0.006068008464733543,6.143211364746094,6.389236717224121,1.0018126640114355,0.9632366455152157,37.20924327069578,-0.06319376182166092,-0.07050527118841904,0.007311509366758118,0.008237973770871035,0.009226164855300081,167713.8,2.1397046635399115,1
2021-11-14,6.287975788116455,6.429028057719461,6.124651548583512,6.154346800499442,854913,0.021712920388567092,0.026666638638726647,0.035452281461733515,6.164740419387817,6.388345861434937,1.0199903581245804,0.9842885661647729,54.34779876760587,-0.04827438711240539,-0.06605909437321632,0.017784707260810925,0.010045912868036069,0.010294070104302515,247107.2,3.4596847036427913,1
2021-11-15,6.332518577575684,6.421604337059659,6.236008827803707,6.2879760518290375,1236673,0.00708380422574284,0.03393934411194488,0.03393934411194488,6.185527086257935,6.387751970291138,1.0237637778103523,0.9913532346007892,65.88236983234229,-0.03248201190342215,-0.059343677879257484,0.026861665975835336,0.009974608577586912,0.0103517444366115,364864.2,3.3894062503254636,1
2021-11-16,6.384485244750977,6.384485244750977,6.310246764327348,6.332518025258189,1774989,0.0082063189454058,0.04242418013993099,0.025029682771575024,6.201117038726807,6.389385204315186,1.0295701895124718,0.9992331093825897,75.90360420178081,-0.015593413866406003,-0.05059362507668719,0.035000211210281185,0.008984569476813224,0.010491655347073775,505716.7,3.5098484981808986,1
2021-11-17,6.44387674331665,6.495843262862517,6.310247741066445,6.384486232981166,968516,0.009302472523450955,0.04830940209514667,0.038277655330537286,6.224873352050781,6.3890882587432865,1.0351819834525178,1.0085753212907003,76.1905417319487,0.0025538797959407944,-0.039964124102161595,0.04251800389810239,0.008937956576942937,0.010350968734043356,551185.8,1.7571497669207006,0
2021-11-21,6.310247421264648,6.458723689578619,6.310247421264648,6.3473666653408145,853461,-0.020737411247134352,0.0035419400294580683,0.030303030303030276,6.275355386734009,6.378101034164429,1.0055601686885178,0.9893614709870037,64.04490651932616,0.017008680517132113,-0.01949646478231621,0.03650514529944832,0.010686139446944494,0.011124695172054831,619895.6,1.3767818322956318,0
2021-11-22,6.273128509521484,6.3844862476494075,6.273128509521484,6.310247755564125,252385,-0.005882322714966581,-0.009378585680665408,0.02424245538457992,6.290203046798706,6.365777502059936,0.9972855347990854,0.9854457695845525,53.749980931551896,0.014062153882735906,-0.012784741049305787,0.026846894932041693,0.011028561705956582,0.010720868310442895,645134.1,0.39121323768190214,0
2021-11-23,6.2657036781311035,6.310246909004663,6.236008426878942,6.273127667941803,259268,-0.0011835930635106795,-0.0186047209863206,0.02303016911903355,6.304308223724365,6.355978050231934,0.9938764818877375,0.9857969345728725,55.128148118869284,0.011001074911452413,-0.008027577857154149,0.01902865276860656,0.011064106287230297,0.010060648234527177,671060.9,0.38635539635821425,1
2021-11-24,6.280552387237549,6.310247641938809,6.258281123209284,6.26570440589156,45518,0.002369839026743481,-0.025345667303226405,0.02173930075879893,6.317671203613282,6.345139274597168,0.9941246045925114,0.9898210449661533,65.2173265478809,0.009661937698436596,-0.004489674746036,0.014151612444472595,0.011054796355242385,0.009655450730822012,660458.1,0.06891883073278987,1
2021-11-25,6.302823543548584,6.406757287222092,6.280552279900941,6.280552279900941,442834,0.0035460505601849768,-0.0218894937607802,0.024125484316126267,6.332518863677978,6.334152021408081,0.9953106621916722,0.9950540375801507,66.66657745781536,0.01027926502702936,-0.0015358867914229283,0.011815151818452288,0.011056019241457054,0.009534451671207112,668855.7,0.6620770369453381,0
2021-11-29,6.236008644104004,6.287975866598489,6.1691948574522275,6.221161371956052,151795,-0.010600788516913262,-0.0059172812036513145,-0.015240371155551657,6.324352645874024,6.3164833068847654,0.9860311391984672,0.9872595780166082,59.25916234102987,0.005481658744038498,0.0018166895491879748,0.003664969194850523,0.008994143075686028,0.009577478730274687,474876.6,0.3196514631380026,1
2021-11-30,6.287975788116455,6.3399423019716705,6.213737304331303,6.236008566270588,554954,0.008333398328686625,0.00355460633465432,-0.015116247110738779,6.314701700210572,6.308762540817261,0.9957676683138927,0.9967050982555902,61.17644125123549,0.005518750231258807,0.0025571016856021415,0.002961648545656665,0.009009454568559,0.008993852215658097,352873.1,1.5726730090789012,0
2021-12-02,6.310247421264648,6.377061919003609,6.310247421264648,6.31767141167802,963341,0.0035419400294580683,0.0011778653907681402,-0.020737411247134352,6.285748672485352,6.300744819641113,1.0038975068930986,1.0015081711600053,52.17391304347826,0.007172560943584649,0.003948644271140939,0.0032239166724437104,0.008407086431698766,0.008341931122501188,352355.6,2.734002240917982,0
2021-12-05,6.310247421264648,6.3473666653408145,6.310247421264648,6.310247421264648,381831,0.0,0.0011778653907681402,0.0,6.285748672485352,6.295845108032227,1.0038975068930986,1.0022875901464043,47.61910102278844,0.008413049129361916,0.004841525242785135,0.003571523886576781,0.005255254070338581,0.008341931122501188,305192.6,1.2511148697576548,0
2021-12-06,6.295399188995361,6.347366411822665,6.265703936518616,6.310247169229067,428705,-0.002353034877721427,0.00952380733909175,0.003550171089285792,6.287975740432739,6.291093854904175,1.0011805784355827,1.000684353816758,39.65526215247977,0.008104592009792633,0.005494138596186635,0.002610453413605998,0.004923422787302731,0.008381099677276758,322824.6,1.3279812009369796,0
2021-12-07,6.243432998657227,6.354790732225769,6.206313754134379,6.2953995161947915,712777,-0.008254629893680754,-0.007083804225742951,-0.0035543780264628566,6.285748672485352,6.284412431716919,0.993267997810133,0.9934791941959645,26.31590215824744,0.003625112222360727,0.005120333321421453,-0.0014952210990607263,0.00562796727225336,0.008652989534772969,368175.5,1.9359707530783552,1
2021-12-08,6.310247421264648,6.332518684514071,6.228585650689638,6.243432923525688,181261,0.010701551954156008,0.0035419400294580683,0.004728092721181909,6.288718175888062,6.280997476577759,1.0034234711708234,1.0046568948317467,36.363671752211324,0.005404161916305661,0.005177099040398295,0.00022706287590736583,0.006605769715903847,0.008906930825910226,381749.8,0.4748162278015601,0
2021-12-09,6.295399188995361,6.369637674182558,6.265703936518616,6.310247169229067,387823,-0.002353034877721427,-0.002353034877721427,-0.0011779410452990025,6.287975740432739,6.277285556793213,1.0011805784355827,1.0028855835915487,47.99993833908621,0.005551944009267729,0.005252068034172182,0.00029987597509554664,0.006565958641563444,0.008945422727839934,376248.7,1.0307623654247842,1
2021-12-12,6.310247421264648,6.369637928590237,6.280552167601854,6.295399440437905,923319,0.0023585847098055446,0.0,0.0011778653907681402,6.288718128204346,6.273870601654052,1.0034234787792038,1.005798146299193,55.319058799091486,0.006788932052194774,0.005559440837776701,0.0012294912144180728,0.006612088231944047,0.007543305179898928,468580.6,1.9704592977174045,0
2021-12-13,6.310247421264648,6.3473666653408145,6.258280904352432,6.310247421264648,488087,0.0,0.0023585847098055446,0.01190485475526648,6.2961420059204105,6.270604124069214,1.002240326747868,1.0063220857848874,56.52179983942472,0.007680715481243716,0.005983695766470104,0.001697019714773612,0.005446200912027499,0.007367524392540106,502209.8,0.9718786849639334,0
2021-12-14,6.273128509521484,6.3473670016067665,6.236009263478843,6.310247755564125,194843,-0.005882322714966581,0.004756279257044138,-0.002361217519798675,6.294657278060913,6.26793155670166,0.9965798346775028,1.0008291336261113,48.979589161583945,0.005330823892226277,0.00585312139162134,-0.0005222974993950623,0.005227528340530294,0.0071980563895651445,466198.7,0.4179398183650019,0
2021-12-15,6.161770820617676,6.31024708092363,6.1394995585694465,6.2731278388494776,553666,-0.017751539560330598,-0.023529441990915778,-0.020070841833916053,6.282036781311035,6.26303183555603,0.9808555783927995,0.983831949509903,34.426302006829474,-0.005454243833857397,0.0035916483465255923,-0.00904589218038299,0.007612802571254694,0.007712495829944393,521565.3,1.061546847537595,1
2021-12-16,6.1766180992126465,6.26570385549083,6.087532342934463,6.161770827161611,3886594,0.002409579815154883,-0.018867920240919656,-0.021176558244244137,6.268673849105835,6.258874492645264,0.9853149562237443,0.9868576381377713,36.50794621774717,-0.012657528303027021,0.0003418130166150694,-0.012999341319642092,0.007529184991129322,0.007767417321729548,813890.6,4.775327298288001,0
2021-12-19,6.161770820617676,6.198890062691828,6.146922840591753,6.1766180926529435,449175,-0.002403787696840687,-0.023529441990915778,-0.023529441990915778,6.2538261890411375,6.2533808612823485,0.9852801523993784,0.9853503180604473,41.07150230541601,-0.019341280201798483,-0.0035948056270676413,-0.015746474574730843,0.007492530255915933,0.006414518631189015,820625.0,0.5473571972581873,0
2021-12-21,6.191466331481934,6.228585575107669,6.109803853907179,6.10238057157458,674661,0.004819314403076369,-0.013017775407534238,-0.008323412325633939,6.23526668548584,6.246105527877807,0.992975384019121,0.9912522777349813,37.73591079472535,-0.02564100194890706,-0.011326063912329216,-0.014314938036577844,0.007480256741532658,0.006447159727181543,773942.9,0.8717193477710048,1
2021-12-22,6.302823543548584,6.325095515186932,6.161771263125907,6.1914665173196655,1085327,0.0179855959969335,0.022891588641845706,-0.0011764796560982393,6.234524297714233,6.24447229385376,1.0109550051572325,1.0093444645037912,49.23076467001786,-0.01747125223575363,-0.0125551015770141,-0.004916150658739531,0.008938328507133175,0.007655105064635255,864349.5,1.2556575783291366,1
2021-12-23,6.466147422790527,6.495842675272145,6.280551917782752,6.302823180146299,4500040,0.0259128116333065,0.04687505669401637,0.027122701622105394,6.25159912109375,6.246254005432129,1.03431894744704,1.035204046644143,62.06893496759675,0.002157336934715204,-0.00961261387466824,0.011769950809383443,0.012063290326672806,0.009564557329314468,1275571.2,3.527862654785558,0
2021-12-26,6.2582807540893555,6.577504546302066,6.236008783383996,6.466147524737975,1978551,-0.032146911462075045,0.015662694423614676,-0.00823528202716306,6.246402454376221,6.2453631496429445,1.0019016225419182,1.0020683512130355,47.78764985508301,0.0009293196996935649,-0.007504227159795878,0.008433546859489443,0.016356880421639606,0.012150285955182884,1381094.4,1.4325964973864207,1
2021-12-27,6.384485244750977,6.429027766612657,6.250856263184693,6.25828025282518,2365388,0.02016600015573844,0.036144548477538896,0.011764645429933163,6.253826236724853,6.247590284347535,1.0208926508477072,1.0219116417967442,57.72355940452393,0.010024202093128487,-0.003998541309211005,0.014022743402339492,0.017645874493567117,0.012710141439863565,1568824.5,1.5077454489013908,0
2021-12-28,6.384485244750977,6.421603776972171,6.347366004539162,6.384485244750977,168113,0.0,0.031174991986566036,0.017751387535019036,6.264961910247803,6.249817419052124,1.0190780624392408,1.0215474815773542,54.38594316596539,0.017035586280655934,0.00020828420876238237,0.016827302071893552,0.01747667689848162,0.01260198710709274,1566151.5,0.10734146728461455,1
2021-12-29,6.44387674331665,6.466148007694775,6.384486232981166,6.384486232981166,1044243,0.009302472523450955,0.022379366770063802,0.04578325467007471,6.2931725025177006,6.254420194625855,1.0239472604220936,1.0302916246103175,58.33339577983007,0.027072481626201572,0.005581123692250221,0.02149135793395135,0.016139592824654932,0.012740360538377796,1615209.2,0.6465063472892552,1
2021-12-30,6.451299667358398,6.473571638488707,6.384485877939545,6.443876384972319,277107,0.0011519345166628447,-0.002296229031184316,0.044471191796813025,6.320640659332275,6.258726015090942,1.0206717981717894,1.0307688260842742,57.983185566531766,0.03521976985038666,0.01150885292387751,0.023710916926509153,0.016163479048279437,0.012729455144736376,1254260.5,0.22093257341676628,0
2022-01-02,6.384485244750977,6.458723017183985,6.369637265470002,6.451299027543499,175323,-0.010356738339947547,0.02016600015573844,0.036144548477538896,6.342912101745606,6.260062294006348,1.0065542675569994,1.0198756729407878,53.9062351027241,0.03587168252628903,0.016381418844359813,0.019490263681929215,0.016725628471869373,0.01298814679193065,1226875.3,0.14290205369689976,1
2022-01-03,6.391909122467041,6.458723619480851,6.347366596451626,6.384485840124929,103840,0.0011627997295737824,0.0011627997295737824,0.03734937707830799,6.365925931930542,6.263328762054443,1.0040816042810317,1.0205290773161366,56.4515920165301,0.0365658643833191,0.020418307952151674,0.01614755643116743,0.016701199219609213,0.012968923066573304,1237259.3,0.08392743542117646,1
2022-01-04,6.458724021911621,6.473572003502366,6.377062247134712,6.391909520734727,229654,0.010453042770857124,0.011627997295738268,0.043165492004818784,6.392651700973511,6.2698617267608645,1.0103356672674735,1.0301222424642411,66.9491912911798,0.04202299753886951,0.02473924586949524,0.01728375166937427,0.016833906428470203,0.01295300256252083,1192758.6,0.19254021727447615,0
2022-01-05,6.414180755615234,6.547809034613648,6.384485503838849,6.45872327928449,1066125,-0.006896604676910001,-0.004608404053074944,0.01766782955246038,6.403787422180176,6.276840105056762,1.0016229978838866,1.0218805399308846,63.11477869625351,0.04226632566229416,0.028244661828055025,0.014021663834239133,0.016430729507761633,0.012912469557104015,1190838.4,0.8952726079373995,0
2022-01-10,6.3993330001831055,6.4958427488390225,6.38448572776948,6.451299515616801,972620,-0.002314832711742709,0.002325599459147565,0.022538497653941558,6.412695980072021,6.289312124252319,0.997916168187227,1.0174933082914637,63.1147454675256,0.04008450080411219,0.032809531702860974,0.007274969101251215,0.008906603010604528,0.012908699232423063,640241.3,1.5191459844905348,0
2022-01-11,6.384485244750977,6.451299027543499,6.347366004539162,6.39933251604133,702414,-0.0023202035949221322,-0.0011614491967618656,0.0,6.412695980072021,6.294508790969848,0.995600799506368,1.014294436113936,60.83330746264183,0.03696186580068339,0.033639998522425454,0.0033218672782579367,0.006359986261341589,0.012926496667576977,473943.9,1.4820614844921518,1
2022-01-12,6.429028511047363,6.458723765057185,6.3844859840279815,6.3844859840279815,476412,0.0069767983774429165,-0.004597736451273371,0.0069767983774429165,6.41715030670166,6.298517646789551,1.0018510092140585,1.0207208857030567,57.6576529658646,0.0376474480432849,0.03444148842659735,0.0032059596166875565,0.006729695361048173,0.012903503387602419,504773.8,0.9438128524103272,0
2022-01-13,6.421604633331299,6.443876605222859,6.354790841628761,6.429028623961819,456725,-0.001154743318264595,0.0011574163558714101,-0.003456321539429097,6.414923095703125,6.302823467254639,1.0010415616100914,1.0188457072760755,46.66668094013635,0.037163336215628284,0.03498585798440353,0.002177478231224751,0.0060224879148851615,0.012123381085017808,446022.0,1.023996574160019,0
2022-01-16,6.384485244750977,6.421603776972171,6.354789994179649,6.421603776972171,177342,-0.005780391459737966,-0.0046296654234855295,-0.010356738339947547,6.408241653442383,6.3080201339721675,0.9962928350745567,1.0121218875581899,62.6864841753282,0.03339944169221809,0.03466857472596645,-0.001269133033748357,0.006228431077316741,0.012251344421453376,436045.5,0.40670526355621145,1
2022-01-17,6.391909122467041,6.421604375807547,6.369637859459334,6.384485840124929,495491,0.0011627997295737824,-0.0011601017974610661,0.0011627997295737824,6.408984041213989,6.313365278244018,0.9973357838563578,1.012440883864852,50.98039462631153,0.030662119228807683,0.0338672836265347,-0.0032051643977270144,0.005307555079698146,0.012213940148430988,468062.3,1.058600532450488,1
2022-01-18,6.473571300506592,6.473571300506592,6.384485544608554,6.391908826607068,381065,0.012775866564265659,0.013953522068025359,0.012775866564265659,6.417150259017944,6.32034366607666,1.0087922269560947,1.02424356056022,59.67739763279895,0.034682429287937744,0.03403031275881531,0.0006521165291224346,0.006657681688978754,0.012440981414917071,495784.8,0.7686096871061799,0
2022-01-19,6.466147422790527,6.466147422790528,6.347366412864058,6.473571412908599,553492,-0.001146797860322235,0.005773642421927461,0.001149360284434131,6.417892599105835,6.327173576354981,1.0075187957634901,1.0219646015331236,52.72716868447759,0.03684478533653923,0.0345932072743601,0.002251578062179134,0.005844727418928902,0.012455095983645897,528168.6,1.0479456749227425,0
2022-01-20,6.384485244750977,6.451299027543499,6.310246764327348,6.466147006824472,1971855,-0.01262918592788731,-0.005780391459737966,-0.0046296654234855295,6.414923048019409,6.331924829483032,0.9952551569144964,1.0083008590094453,43.07695196159615,0.0316046935613592,0.033995504531759924,-0.002390810970400725,0.006811649490313386,0.012299275593997145,618741.6,3.186879627941616,0
2022-01-23,6.310247421264648,6.421604445502453,6.273128177188482,6.384485909416981,529959,-0.01162784792201732,-0.01162784792201732,-0.016203680300028722,6.404529714584351,6.335042839050293,0.9852788108539798,0.99608599051094,42.42431025254246,0.021216935527065495,0.03143979073082104,-0.010222855203755543,0.0076664449475696275,0.011052959978467,671737.5,0.7889376430525317,0
2022-01-24,6.310247421264648,6.377061919003609,6.26570418677511,6.310247421264648,509437,0.0,-0.01277579196415013,-0.013921072542389612,6.3956211566925045,6.335488271713257,0.9866512206811188,0.9960159581446463,41.538526909102046,0.012836590223535005,0.027719150629363833,-0.014882560405828828,0.007677598536186039,0.008305827859247026,625419.2,0.8145528631036592,0
2022-01-25,6.2657036781311035,6.310246909004663,6.2285851450588785,6.310246909004663,493220,-0.007058953502114496,-0.03211019277090865,-0.0186047209863206,6.383743000030518,6.3341519737243654,0.9815093869068899,0.9891937711824405,29.032244697107046,0.0025711596619846233,0.02268955243588799,-0.020118392773903367,0.007885880361982088,0.007038041972539623,604499.8,0.8159142484414387,0
2022-01-26,6.213737964630127,6.2953997390790075,6.198890691089752,6.26570448400753,419571,-0.008293675566297565,-0.039035524812001676,-0.033487259552090975,6.362213945388794,6.330737028121948,0.9766628437784178,0.9815188874577957,28.571501395231238,-0.009646270597563955,0.016222387829197604,-0.02586865842676156,0.007453764243887503,0.007223188359521594,598815.7,0.7006680018576668,1
2022-01-30,6.228585720062256,6.29539951055468,6.20631374857408,6.2137377390701385,166271,0.0023895045971757956,-0.024418495573608534,-0.03005773857007321,6.342912054061889,6.32643120765686,0.9819757340122002,0.9845338573386869,30.769314383005977,-0.017923966001797353,0.009393117062998613,-0.027317083064795966,0.007652692287520476,0.006843030666136454,569770.3,0.29182110755860735,1
2022-01-31,6.287975788116455,6.3102470500557395,6.206313314354658,6.228585284284595,232925,0.009535080790957773,-0.003529438968294829,-0.015116247110738779,6.333261108398437,6.323313188552857,0.9928496047286082,0.9944115688433125,39.43663373412666,-0.019467408926696628,0.003621011865059565,-0.023088420791756194,0.008522218077501897,0.007268826230439146,575328.6,0.40485559035306085,1
2022-02-01,6.3473663330078125,6.384485575140504,6.23600860660974,6.28797582879177,203686,0.009445097578715034,0.00588232271496647,-0.0069686205804559975,6.328806829452515,6.324055566787719,1.0029325438515404,1.0036860470269293,46.75326408653959,-0.015717100982771903,-0.00024661070450672853,-0.015470490278265175,0.00918526553582354,0.007312474417809681,546148.1,0.3729501210385974,1
2022-02-02,6.414180755615234,6.451299289342731,6.2879757585679315,6.347366262120704,102112,0.010526322115673503,0.02369679211009501,-0.009174309223520805,6.322867774963379,6.3268766117095945,1.0144417033380686,1.013798932595597,48.749989963950505,-0.007269787816054141,-0.001651246126816211,-0.00561854168923793,0.00884070299319677,0.007698340333583848,518252.8,0.19703125578868075,0
2022-02-03,6.40675687789917,6.525537887085374,6.40675687789917,6.414180867970973,284460,-0.0011574163558714101,0.031063252806562858,-0.009184842381110947,6.316928720474243,6.329697675704956,1.0142202265372695,1.0121742310837352,48.749989963950505,-0.0011608940950793567,-0.0015531757204688404,0.00039228162538948366,0.008840738429418318,0.007312749905043336,491349.6,0.5789360569338003,0
2022-02-06,6.391909122467041,6.458723619480851,6.354790586784423,6.406757103132637,173919,-0.0023175150415568613,0.026221587009507052,0.0011627997295737824,6.317671108245849,6.331924810409546,1.0117508513737437,1.0094733140164398,50.649356066009176,0.0024540694306995903,-0.0007517266902351543,0.0032057961209347443,0.007866698491538569,0.007168187122762566,311556.0,0.5582270924007241,0
2022-02-07,6.384485244750977,6.451299027543499,6.362213275829516,6.391908526400844,213037,-0.0011614491967618656,0.015348255127972,0.011764645429933163,6.325094890594483,6.333558044433594,1.0093896384455525,1.0080408515971748,49.350643933990824,0.004666121042713911,0.0003318428563546588,0.004334278186359252,0.006742374303535163,0.007171616046927755,279863.8,0.7612167061263372,0
2022-02-08,6.332518577575684,6.406757064474337,6.325095295278364,6.384485801601014,272265,-0.008139523420156336,-0.0023391993865103933,0.0035293634027699916,6.327322006225586,6.334151945114136,1.0008212907996439,0.9997421331927928,36.986274853127114,0.0022005456245501875,0.0007055834099937646,0.0014949622145564228,0.007364680065572088,0.0073770210521620135,256146.6,1.062926464766661,1
2022-02-09,6.37706184387207,6.384485834197976,6.3399426002332255,6.33251860990732,191429,0.007034052210145969,-0.005787007438271652,0.017772651159619235,6.338457822799683,6.336973009109497,1.0060904437880027,1.0063261804500265,42.30771131086686,0.003797058541374909,0.0013238784362699936,0.0024731801051049154,0.00712831128732378,0.007549973220926427,225967.5,0.8471527985219114,0
2022-02-10,6.369637489318848,6.384485469121625,6.236008503056426,6.377061479220236,851671,-0.0011642280935940663,-0.005793787603892042,0.025089491313623702,6.354047775268555,6.338606243133545,1.002453509101863,1.0048955945510762,48.529400652130384,0.004412360223629008,0.0019415747937417966,0.0024707854298872114,0.006318718218050801,0.007369565292240805,269177.5,3.1639754437127916,0
2022-02-13,6.109803676605225,6.369637666454499,6.087532414272353,6.369637666454499,793143,-0.04079255894065159,-0.044134771076490886,-0.019070467806910796,6.342169570922851,6.33504280090332,0.9633617657618361,0.9644455244618113,35.483839777002245,-0.01588333275145981,-0.001623406715298525,-0.014259926036161287,0.015081309913144329,0.011655823791182109,331864.7,2.389958920005653,1
2022-02-14,6.154346942901611,6.19146618565307,6.013294670034871,6.109803710001728,275946,0.007290457869693068,-0.03604649286934669,-0.02125148851040215,6.328806686401367,6.33192479133606,0.9724340223766645,0.9719551551405937,39.39393546185382,-0.028050201072953307,-0.006908765586829482,-0.021141435486123825,0.014909264298019247,0.011822738605076911,336166.8,0.8208603586076912,0
2022-02-15,6.117227554321289,6.236008561901795,6.087532302426162,6.15434679618786,979921,-0.006031409818898048,-0.033997693116411765,-0.03625736512004152,6.305792808532715,6.328064393997193,0.9700965033363818,0.9666822543911052,39.79594311260487,-0.0402240781794152,-0.013571828105346627,-0.026652250074068573,0.014377966661117068,0.011838355731260571,413790.3,2.3681584609402395,1
2022-02-16,6.221161365509033,6.3028231322147965,6.198890103314854,6.117227628618432,2184602,0.016990345751372926,-0.024447070168034712,-0.030092602229399912,6.286490869522095,6.326579637527466,0.9896079537266507,0.983337240964593,50.476162511867365,-0.0410126057529272,-0.01905998363486274,-0.02195262211806446,0.015204722229155261,0.01215095703322394,622039.3,3.5119999652755056,1
2022-02-17,6.2582807540893555,6.273128026568918,6.19889024818975,6.221161510904433,300644,0.005966633301961455,-0.017482429010477363,-0.023174927133882584,6.271643257141113,6.326876592636109,0.9978693776887673,0.9891580248891543,51.85183202760962,-0.03820192706191605,-0.022888372320273402,-0.01531355474164265,0.015462491072065149,0.012278085407118007,623657.7,0.48206572291178323,0
2022-02-20,6.132075786590576,6.250856799058756,6.124651796313644,6.2582807893356875,97935,-0.02016607634873413,0.003645306979442431,-0.04065034888608976,6.245659923553466,6.323313159942627,0.981813909442212,0.9697567764690962,41.025679031864925,-0.045632111511175744,-0.02743712015845387,-0.018194991352721873,0.01647066683182019,0.012742589218293696,616059.3,0.1589700861589136,0
2022-02-21,6.117227554321289,6.228585279921002,6.087532302426162,6.132075534264178,223369,-0.0024214039072636417,-0.006031409818898048,-0.041860491517215714,6.218934154510498,6.319749727249145,0.9836456541165591,0.9679540833627268,36.03606627194829,-0.052117931400182727,-0.032373282406799646,-0.01974464899338308,0.016451200071817378,0.012538731375535975,617092.5,0.3619700450094597,0
2022-02-22,5.983599662780762,6.117227950978313,5.939056428054447,6.117227950978313,965365,-0.021844518673517554,-0.021844518673517554,-0.05509954854779131,6.184042263031006,6.313216772079468,0.9675871231591486,0.9477893566467644,25.833418081968887,-0.06726525250277948,-0.039351676425995616,-0.027913576076783866,0.017366495698790535,0.013329824222144125,686402.5,1.4064124183696884,1
2022-02-23,6.1766180992126465,6.236008603398102,6.050413100820889,5.983599314605244,2999667,0.03225791284676016,-0.007159959962353746,-0.03143199008678843,6.1639978885650635,6.3105441856384275,1.00204740671164,0.9787774108720179,39.31034024513951,-0.06296877407859114,-0.04407509595651472,-0.018893678122076416,0.0208699398453574,0.015375012154845552,967226.3,3.1013083494524496,0
2022-02-24,6.035566329956055,6.094956839073227,5.76830868493342,6.17661861211166,434630,-0.0228364077219817,-0.035587157701062244,-0.05244743675334618,6.130590772628784,6.305792942047119,0.9844999533981318,0.9571462915806846,35.1852123517986,-0.0701369874011517,-0.04928747424544212,-0.020849513155709584,0.02176516909773347,0.016085365270526248,925522.2,0.46960515911990014,1
2022-02-27,6.124651908874512,6.228585650689638,6.035566147886129,6.035566147886129,82575,0.014760102705905664,-0.0012106630730654988,0.0024302306678267716,6.132075595855713,6.305050563812256,0.9987893679937315,0.9713882302589071,39.88440701325009,-0.06784728513443472,-0.05299943642324065,-0.014847848711194073,0.0185048958512704,0.016469177048896184,854465.4,0.09663937240758959,0
2022-02-28,6.072685241699219,6.117227767095899,6.050413271010203,6.124651757325571,123282,-0.00848483602798622,-0.007281454257918707,-0.013268946642109758,6.123909425735474,6.302971906661988,0.9916353785670005,0.9634637963847872,39.88440701325009,-0.06942565954190982,-0.05628468104697448,-0.01314097849493534,0.018524302432835708,0.016371742067902012,839199.0,0.1469043695237959,1
2022-03-01,6.184041976928711,6.198889956700757,6.087532232382339,6.072684960600935,105096,0.018337313856618298,0.033498617127536434,0.010922337286639383,6.130590867996216,6.303417329788208,1.008718753230056,0.9810618040002901,42.85711764884416,-0.06098794369422311,-0.05722533357642422,-0.003762610117798895,0.01939759718596349,0.01680290181306448,751716.5,0.1398080260310902,0
2022-03-02,6.124651908874512,6.161771152950678,6.05041342072218,6.1840424162001,383446,-0.009603762114773873,-0.008413372739486502,-0.015513093289877156,6.120939922332764,6.302674951553345,1.000606440610241,0.9717543671461341,41.26984612477629,-0.058419847604840314,-0.05746423638210744,-0.0009556112227328759,0.01881499449320314,0.016667914726455568,571600.9,0.6708281949870968,0
2022-03-03,6.050413131713867,6.08753237401697,6.050413131713867,6.1246516163200715,1655792,-0.012121305547679206,0.0024598854434130235,-0.033214812588850506,6.100153160095215,6.299853887557983,0.9918461017164737,0.9604053109332021,47.560973221639664,-0.061664234913953564,-0.058304236088476666,-0.003359998825476898,0.01889700489337086,0.016812383667266905,707115.7,2.341613967841472,0
2022-03-06,5.976175308227539,6.050413084260841,5.968751318227013,6.050413084260841,443955,-0.012269876762167398,-0.02424245538457992,-0.025423769012110853,6.084563112258911,6.293320922851563,0.9821864278450828,0.949605999993987,42.857131933534866,-0.06942551305631106,-0.06052849148204355,-0.008897021574267513,0.018264249483857777,0.016946520178374076,741717.7,0.5985498256277287,0
2022-03-07,5.842546463012695,6.0058707070637745,5.805427574088604,5.976175454326366,475129,-0.022360261927201752,-0.037897366572901325,-0.04490287288962391,6.057095003128052,6.280848903656006,0.9645789706113974,0.9302160508290241,39.77899631009929,-0.08537496349203355,-0.06549778588404155,-0.019877177607992,0.019321826238814562,0.017465978581795095,766893.7,0.6195500106468472,0
2022-03-09,5.790579319000244,5.872241078163917,5.7608840694870365,5.798002954380897,689860,-0.00889460517625984,-0.05454556354299944,-0.06250002412511335,6.0043858051300045,6.260656099319458,0.9643916142185451,0.9249157320156409,31.360876579879033,-0.1089673631517254,-0.07921574161393645,-0.029751621537788944,0.013798248180448515,0.017305040346317337,439376.5,1.5700885231686263,1
2022-03-10,5.939055919647217,5.939055919647217,5.790579663254164,5.790579663254164,672359,0.02564106153589618,-0.018404893953928525,-0.015990282441240344,5.994734764099121,6.251747512817383,0.9907120420430692,0.9499833298563188,42.44182442429389,-0.10533730689218235,-0.08444005466958564,-0.02089725222259671,0.01574056742597486,0.018581735481400175,463149.4,1.4517108302418182,0
2022-03-13,5.939055919647217,5.998446422204438,5.909360668368606,5.939055919647217,127395,0.0,-0.006211228196271179,-0.030303108158419523,5.976175165176391,6.241651096343994,0.9937887955919581,0.9515200109672871,42.94116113519348,-0.10129282057040712,-0.08781060784974995,-0.013482212720657166,0.014704396435039289,0.01635898652020036,467631.4,0.2724261031231008,0
2022-03-14,5.916784763336182,5.939056380521088,5.916784763336182,5.939056380521088,38413,-0.0037499489165203626,0.012706497208617051,-0.025672412146856782,5.960585117340088,6.23096079826355,0.9926516687302249,0.9495782359897171,47.09674531974734,-0.09874634580100317,-0.08999775544000059,-0.008748590361002576,0.014583018082072678,0.016240066210284555,459144.5,0.08366211508577365,1
2022-03-15,5.998446941375732,6.020718204764631,5.87966592598068,5.916784816293959,525512,0.013801782776614813,0.026683652299557048,-0.030011930100958595,5.94202561378479,6.223240032196045,1.0094953019825514,0.9638784476161387,41.428584536896,-0.08911156822294775,-0.08982051799659004,0.0007089497736422895,0.013918244292389918,0.01657287972241341,501186.1,1.0485366613319882,1
2022-03-16,6.139499664306641,6.161770926738435,5.939056178448483,5.9984466835937145,584920,0.023514873818081705,0.06025655225229487,0.0024242611095357525,5.943510389328003,6.218191843032837,1.032975339848072,0.9873448454610857,54.99999541209061,-0.06929536779866652,-0.08571548795700533,0.01642012015833881,0.01595224576978626,0.01700121631461461,521333.5,1.1219689507771897,0
2022-03-17,6.094956874847412,6.169195365674976,6.06526162011453,6.139500110942095,289740,-0.007255117174806314,0.02625012414590233,0.007362099440791026,5.947964763641357,6.210916500091553,1.0247130097516022,0.9813297079034259,48.50747449105539,-0.05653343479862816,-0.0798790773253299,0.023345642526701738,0.015599656706025198,0.016992619884028875,384728.3,0.7531029040494291,1
2022-03-20,6.132075786590576,6.154347049430689,6.087532552919668,6.0949565431965995,87868,0.0060901024413062554,0.032500092532353975,0.02608699884496457,5.963554811477661,6.205274400711059,1.0282584767710314,0.9882038070529008,53.030303767570395,-0.04292946088690908,-0.07248915403764573,0.029559693150736657,0.014951874459615091,0.01645471785302263,349119.6,0.2516845230115983,1
2022-03-21,6.5775041580200195,6.881881367775903,6.139499379864318,6.13207539006745,3008839,0.07263908453373835,0.11166865470213438,0.12579406936001414,6.037050580978393,6.2085408687591555,1.0895227843120106,1.0594283418697388,64.9717493622287,0.0037508954358687063,-0.057241144142942846,0.06099203957881155,0.024442741016442213,0.023072018624336235,602490.6,4.9940015661655135,1
2022-03-22,6.6072001457214355,6.829914908519052,6.532962363449372,6.577504891214468,990414,0.004514780528904305,0.10148513611859777,0.13087678250391677,6.113515949249267,6.212698211669922,1.0807529088940697,1.0634992913884795,68.78611815400289,0.04264998963148159,-0.03726291738805797,0.07991290701953956,0.02423359625733875,0.022263845314688654,701532.0,1.4117873454097603,1
2022-03-23,6.681437969207764,6.681437969207764,6.473571208403125,6.607199486353643,586327,0.011235897482900103,0.08827076057220151,0.15384620452126518,6.20260181427002,6.218637266159058,1.0771992414273812,1.0744215626737392,74.56648901116242,0.07856255374226429,-0.014097823161993518,0.0926603769042578,0.02305430246211642,0.02139855177673143,691178.7,0.8483001573977902,1
2022-03-24,6.725981712341309,6.75567696614453,6.599776706679942,6.6814384776411275,839248,0.0066667898944554604,0.10353228914514578,0.13250014873421767,6.2812943935394285,6.224576330184936,1.0707954906968313,1.0805525317000129,79.88166355141607,0.10935722531843517,0.01059318653409222,0.09876403878434295,0.022828290395784216,0.02043568829147036,707867.6,1.185600245017571,0
2022-03-27,6.651742458343506,6.755676188689251,6.570080696780102,6.725980938303412,403932,-0.011037682998986331,0.08474563750326114,0.11999997109618432,6.352563047409058,6.229179086685181,1.0470958585852164,1.0678361250781103,83.85086848961917,0.1263156488803565,0.03373767900334508,0.09257796987701143,0.023760830804237455,0.020641744294893193,735521.3,0.5491778416206301,0
2022-03-28,6.525538444519043,6.711133964224352,6.466147934852602,6.651743454557911,306395,-0.018973075794021632,-0.007900521573614538,0.102885892512949,6.413438415527343,6.232000150680542,1.0174789281082512,1.0471017790021149,75.84270271089488,0.1280951118345497,0.052609165569586,0.07548594626496369,0.02529468949987153,0.021112394878581638,762319.5,0.4019246523275346,0
2022-03-29,6.466147422790527,6.607199695080545,6.458723432672457,6.525537927753763,369992,-0.009101321252409367,-0.021348335122290507,0.07797026230051629,6.460208463668823,6.233484916687011,1.0009193138511092,1.0373246280713184,75.41899742036743,0.12329175928944025,0.06674568431355686,0.05654607497588339,0.025952581875300022,0.02100987343351784,746767.5,0.4954580910390449,1
2022-03-30,6.547808647155762,6.599775865682332,6.495842136619798,6.466146886600589,324484,0.012629038440634899,-0.020000084213585345,0.06650525371357485,6.501039361953735,6.234969663619995,1.007194124292761,1.0501749006673007,74.11763061220557,0.12463770030130306,0.0783240875111061,0.046313612790196954,0.0254448894120203,0.020927279380106547,720723.9,0.4502195639689484,1
2022-03-31,6.6072001457214355,6.651743381477244,6.532962363449372,6.547809636707499,471126,0.009070438946237713,-0.017660108471886593,0.08404378921661326,6.552263689041138,6.237790718078613,1.00838434765258,1.0592211961475697,75.28090090363163,0.12900962319844123,0.08846119464857313,0.04054842854986809,0.02496635312814219,0.020626456525746538,738862.5,0.6376369080850632,1
2022-04-03,6.636895179748535,6.755676901821152,6.503266892901712,6.607199926228053,907359,0.004494344559295538,-0.0022320886125630768,0.08232438911826256,6.602745628356933,6.242838916778564,1.0051720228695378,1.0631213248047913,77.09495121878578,0.13333355840265249,0.09743566739938901,0.035897891003263474,0.02498765938171071,0.0202415133855939,820811.6,1.1054412486373244,0
2022-04-04,6.614623546600342,6.725981272066093,6.577504304778425,6.636894808497233,925948,-0.0033557307362864774,0.013651762661228917,0.005643385042191529,6.6064575672149655,6.248926439285278,1.0012360602187018,1.0585215894071063,74.2689724596962,0.1334251316772912,0.10463356025496946,0.028791571422321735,0.01067274891942579,0.01929121742069772,612522.5,1.5116963050336927,1
2022-04-05,6.636895179748535,6.67401442364681,6.532962146422194,6.614623916605846,441193,0.00336702958094115,0.026406412627740572,0.004494344559295538,6.609427070617675,6.255459394454956,1.0041558986637389,1.060976462517157,71.61286900510447,0.13375301729542777,0.11045745166306113,0.023295565632366635,0.010632237529797377,0.019247099188410194,557600.4,0.7912350851972129,0
2022-04-06,6.6072001457214355,6.666590654735371,6.592352872463309,6.636895400228403,377513,-0.004474235801961934,0.009070438946237713,-0.01111105481012653,6.602003288269043,6.262289323806763,1.0007871637176593,1.0550774332005801,72.5489916206277,0.13011682220439358,0.11438932577132763,0.01572749643306595,0.010012156776891518,0.01908492800990194,536719.0,0.7033717830000429,0
2022-04-07,6.5700812339782715,6.644319012017563,6.5700812339782715,6.60719976900258,414135,-0.005617948741450052,-0.005617948741450052,-0.023178843629173107,6.586413240432739,6.269416189193725,0.9975203489580325,1.0479574231014983,69.28103642256218,0.12282408582929083,0.11607627778292028,0.006747808046370554,0.009706175564178299,0.01873631075896769,494207.7,0.8379776357187474,0
2022-04-10,6.5700812339782715,6.644319012017563,6.5329619909632894,6.5700812339782715,312312,0.0,-0.010067048516019361,-0.012276666584227658,6.578247117996216,6.276246099472046,0.9987586535027538,1.0468170192578876,49.462431685969214,0.11571069880231111,0.11600316198679846,-0.00029246318448734876,0.00921741442329707,0.01873631075896769,485045.7,0.6438815971361049,0
2022-04-11,6.37706184387207,6.570081344401514,6.3250953275720985,6.570081344401514,701543,-0.029378539356251676,-0.035914621755060994,-0.02275315698610003,6.563399457931519,6.278027820587158,0.9716095881023561,1.0157747028390278,36.521760500172306,0.09342133370087868,0.1114867963296145,-0.018065462628735818,0.011700176880832204,0.020201415602998304,524560.5,1.337391969086502,0
2022-04-12,6.362213134765625,6.488418123893187,6.236008145638063,6.377061113717388,746953,-0.0023284561871881326,-0.04138713020827267,-0.016073603218289878,6.553006029129028,6.278324756622315,0.9708846759006017,1.0133615863140601,29.906565618668864,0.0737090129240201,0.10393123964849563,-0.030222226724475526,0.011452051602060566,0.020108816373777066,562256.6,1.3284912973898395,0
2022-04-13,6.332518577575684,6.421604337059659,6.3102473147023606,6.362213830737009,371086,-0.004667331408260811,-0.04157306606242661,-0.032879713073716066,6.53147702217102,6.2766915130615235,0.9695385218504214,1.008894345754923,24.761887866772213,0.05505610162302066,0.09415621204340065,-0.03910011042037999,0.01032137038277003,0.019586181318518685,566916.8,0.6545687127282168,0
2022-04-14,6.080108165740967,6.310246893367911,6.013294381582146,6.332518154754185,2088945,-0.03985940329153348,-0.07457640945188426,-0.0797753917477122,6.478767824172974,6.270158538818359,0.9384667471884753,0.9696897021182485,20.155039917625402,0.0196792738576681,0.07926082440625414,-0.059581550548586035,0.014544940698494583,0.02162391281015113,728698.7,2.866678642352457,1
2022-04-17,6.198890209197998,6.273127987110202,6.169194956434982,6.080108490155261,949359,0.019536172748755076,-0.05649717432116319,-0.06599546304227344,6.43496732711792,6.266298160552979,0.9633133929173102,0.9892427794484276,32.81253057851157,0.0012136114243173068,0.06365138180986678,-0.06243777038554947,0.016629893583339005,0.022025389743387712,732898.7,1.2953481838622447,1
2022-04-18,6.2657036781311035,6.310246909004663,6.102380150239535,6.198889893806718,908224,0.010778295255813086,-0.017462299796884406,-0.052749769659766854,6.4000753402709964,6.263922529220581,0.9790046749458728,1.000284350405391,39.534860562232275,-0.0079377688740907,0.049333551673075286,-0.05727132054716599,0.01752041205271452,0.014437984458674504,731126.3,1.2422258643957957,0
2022-04-19,6.206752777099609,6.290969153683827,6.063584736118758,7.107868608913785,2208795,-0.009408504464909151,-0.0244349496587154,-0.06481078742383017,6.357061100006104,6.26140721321106,0.9763556900677972,0.9912712215879949,31.761000836410375,-0.01971983079844364,0.03552287517877151,-0.055242705977215145,0.01728529586629546,0.014426495631182005,907886.5,2.4328977245503705,1
2022-04-20,6.316234588623047,6.417294245662924,6.147801826889918,6.206753092708823,1518931,0.017639144888673686,-0.0025714869610174995,-0.044037648426135,6.327964544296265,6.2601906681060795,0.9981463303735179,1.008952430283393,35.230977530814826,-0.019992471776640208,0.024419805787689163,-0.044412277564329375,0.018916732222620608,0.014825097557184589,1022028.3,1.4861927013175662,1
2022-04-21,6.324656009674072,6.45098037184091,6.232017796053084,6.316234171356094,332758,0.0013332977002142865,0.040220969309565424,-0.03735497561810064,6.3034220218658445,6.259291038513184,1.003368644481453,1.0104428713665334,33.80132426740049,-0.019306450672562647,0.0156745544956388,-0.03498100516820145,0.018991741195476586,0.014695119270481906,1013890.6,0.3281991173406677,1
2022-04-26,6.392029285430908,6.400450722404771,6.316234344789319,6.324656183338547,453390,0.010652480649347984,0.031157040972644934,-0.027100418123681358,6.285616827011109,6.264935550689697,1.0169295172372765,1.020286519105088,38.96826604681588,-0.013174446890502622,0.009904754218410517,-0.02307920110891314,0.019509993990648934,0.01486756736441465,1027998.4,0.4410415424771089,1
2022-04-27,6.459402561187744,6.53519750386712,6.316234514604646,6.392029457284021,575641,0.01054020135833822,0.03091414675939741,0.012912014863835308,6.293850898742676,6.27103666305542,1.0263037153419285,1.030037441694775,41.57991243972145,-0.002845527947997084,0.007354697785128997,-0.010200225733126081,0.01738329498993582,0.014543171477034657,1015408.2,0.5669059989864175,1
2022-04-28,6.501510143280029,6.653100019147732,6.400450493751794,6.459402156764273,826717,0.006518804439483938,0.04748978681218863,0.02189442660341423,6.307780599594116,6.278722314834595,1.0307127904382691,1.0354829879829306,45.044522566238335,0.00863836697953868,0.007611431624010934,0.0010269353555277467,0.017396365692637843,0.014470962301774415,1023384.6,0.807826304988369,1
2022-05-08,6.7120513916015625,6.989966034763916,6.526775364402018,6.501510250814401,518662,0.032383437644736945,0.06266657728189351,0.05993394403450414,6.345733880996704,6.2885401153564455,1.0577265793798656,1.0673465173913599,55.725443033252354,0.03433259088312113,0.012955663475832973,0.021376927407288155,0.019557401011902613,0.015950076885978243,1038142.2,0.4996059306711547,0
2022-05-09,6.627834796905518,6.762580994059016,6.543618423684581,6.712051170126454,378146,-0.01254707239003272,0.04793601213531762,0.09008501431780047,6.400506544113159,6.295931196212768,1.0355172283983434,1.0527171581691366,52.18096864553705,0.04735400557959757,0.019835331896585894,0.027518673683011675,0.013367114577388811,0.016131588578027472,867062.3,0.4361232174435447,0
2022-05-10,6.543619155883789,6.678365368114735,6.526775879354921,6.62783553852813,228077,-0.012706357898517373,0.023715453056260882,0.05561139737146448,6.434979438781738,6.304162063598633,1.0168826828641147,1.0379839683481211,56.85290780075055,0.05029826504000745,0.025927918525270207,0.024370346514737243,0.014328363230328583,0.016352107109075066,794934.1,0.28691309128643494,1
2022-05-11,6.610991954803467,6.737316723687685,6.526775576072445,6.543618851818649,1319985,0.010295953556389126,0.023468020792908773,0.05510766139125067,6.469508266448974,6.314037351608277,1.0218693110090344,1.047030859442026,59.811785946006935,0.05740628971580186,0.03222359276337654,0.025182696952425324,0.014309488553460065,0.016514256644884966,836110.2,1.5787213216631015,0
2022-05-12,6.5183539390563965,6.686787103304277,6.493089225443213,6.610992159313962,928351,-0.014012725530509917,0.0025907512878029504,0.05020357232633277,6.500668382644653,6.324732437133789,1.0027205750810118,1.030613390186408,56.982624646277586,0.05493112500372899,0.03676509921144703,0.018166025792281958,0.014903173612772255,0.016788442974792806,708065.8,1.3111083743911935,0
2022-05-15,6.290968894958496,6.52677514127179,6.2320176345616805,6.518353303172049,889629,-0.034883813647409445,-0.06273529090822294,-0.004000119582331485,6.498141813278198,6.327019453048706,0.9681181291094066,0.9943021262447931,58.07479014460255,0.03422691978841286,0.0362574633268402,-0.00203054353842734,0.018723325963854797,0.01843796588319885,645135.6,1.3789798609780641,0
2022-05-16,6.232017517089844,6.316233888623085,5.996211275221435,6.290968776375444,347691,-0.00937079468250035,-0.059720450485651444,-0.014647198589540777,6.488877964019776,6.330948476791382,0.9604152754368014,0.9843734378720331,51.32951432625221,0.012912952000128541,0.03158856106149787,-0.01867560906136933,0.01892807903125591,0.018492668152630516,646628.9,0.5376978975112309,0
2022-05-17,6.181488513946533,6.307812887211612,6.1478019608657934,6.232018343567642,124975,-0.008107968728384818,-0.05534103273899138,-0.03293801734673718,6.467823886871338,6.332085208892822,0.9557292564032208,0.976216887489955,46.57538868442586,-0.007963985429477738,0.02367805176330275,-0.031642037192780484,0.018536011302163088,0.018524416998709877,613787.4,0.203612847054208,0
2022-05-18,6.147801399230957,6.274125760955624,6.114114849227666,6.181487949234249,259529,-0.005449676827769201,-0.07006369978047866,-0.04823993535084614,6.4366637706756595,6.333587532043457,0.9551223457156935,0.9706665247977463,47.552451151969365,-0.026917093872382836,0.013559022636165634,-0.040476116508548474,0.0178988032813974,0.01746532095405388,582176.2,0.44579115394961183,0
2022-05-19,6.072006702423096,6.147801643732587,5.979368485442093,6.147801643732587,597485,-0.012328748423353852,-0.06847545266894706,-0.06606210424832903,6.393713426589966,6.331346826553345,0.9496838999963673,0.9590387114724801,39.568323637920415,-0.04750594845052891,0.0013460284188267242,-0.048851976869355634,0.017565115866072116,0.017627165072180446,559253.0,1.0683626194226943,0
2022-05-22,6.055163383483887,6.139379761239674,6.013054993818311,6.072006659035044,441500,-0.0027739295696902477,-0.03748317873000151,-0.09786695151643288,6.328024625778198,6.329957056045532,0.9568805024584183,0.9565883828075581,38.57141643846587,-0.0644390656741356,-0.01181099039976574,-0.05262807527436986,0.011269470765776161,0.017618203714697238,551536.8,0.8004905565684828,1
2022-05-23,6.072006702423096,6.114115092389562,5.937260497050996,6.055163426751584,518923,0.002781645658835652,-0.02567560412466041,-0.08386269596549589,6.272441816329956,6.330388927459717,0.9680451218558873,0.9591838308834674,35.820874710665024,-0.07562777804877197,-0.024574347929566986,-0.051053430119204976,0.01193581914658875,0.015224271339752245,565614.5,0.917449959292062,1
2022-05-24,6.0888495445251465,6.114114657021043,5.996211334140644,6.072006270052995,589069,0.0027738510392831817,-0.01498651485194491,-0.06949817838187144,6.226964855194092,6.332642412185669,0.9778198024429607,0.961502189482324,32.812439177162105,-0.08218841967832446,-0.03609716227931849,-0.04609125739900598,0.012348798057448903,0.014540744583610238,601713.7,0.9789855208548518,0
2022-05-25,6.013054847717285,6.088849786643563,5.979368297433463,6.088849786643563,270535,-0.012448114582830017,-0.021917843919051716,-0.0904458984633505,6.167171144485474,6.336052579879761,0.9750102124365406,0.9490222456189584,28.030279958358193,-0.09243820395192426,-0.04736537061383964,-0.045072833338084616,0.010782406116396123,0.014495244020200575,496768.7,0.544589463869201,0
2022-05-26,5.920417308807373,6.046741677421488,5.8951521941393255,6.013055125581007,331565,-0.015406069170494918,-0.024965287596805386,-0.09173123089655078,6.1073774814605715,6.3376099967956545,0.9693878144554302,0.9341719215604594,10.169434595827639,-0.1068051240342891,-0.05925332129792954,-0.04755180273635956,0.01085763483553409,0.014717866960572368,437090.1,0.7585735755625671,0
2022-05-29,5.6003947257995605,5.928838810612432,5.558286334752233,5.920417373348194,592866,-0.054054058407629224,-0.07510427529086283,-0.10977230704674967,6.038320064544678,6.333806304931641,0.9274756332781212,0.8842068191190138,8.21912920727381,-0.14237297261187187,-0.075877251560718,-0.06649572105115387,0.01620751327636641,0.01798529847423167,407413.8,1.4551937121422986,1
2022-05-30,5.650924205780029,5.726719144362959,5.6340809307144175,5.600394380583194,470251,0.009022485459407426,-0.0693481607118499,-0.09324320891529947,5.9802107334136965,6.328043670654297,0.9449373036649329,0.8929970303437783,12.675977152426796,-0.16458619491652993,-0.09361904023188039,-0.07096715468464954,0.017463270804136902,0.018227273928931125,419669.8,1.120526185110294,1
2022-05-31,5.684610843658447,5.726719232760135,5.634081017681638,5.6509242930072405,583338,0.005961261671844964,-0.06638999665054535,-0.08038155683166637,5.9305229663848875,6.322954769134522,0.958534496178447,0.899043414229033,10.144874614324166,-0.1774268373482082,-0.11038059965514596,-0.06704623769306223,0.018149987239887557,0.018038273491737207,465506.1,1.2531264359371446,0
2022-06-01,5.591972351074219,5.768826934004194,5.558285802094732,5.684610561555477,2767660,-0.016296364893222726,-0.07002804852227829,-0.09041102860386285,5.874940061569214,6.316458520889282,0.9518347919247684,0.8853018400391452,10.14487045195034,-0.1928551766977149,-0.12687551506365974,-0.06597966163405516,0.01829143918027399,0.01776341747444032,716319.2,3.863724440165781,0
2022-06-02,5.499334812164307,5.684610840647818,5.474069698401602,5.591972625618382,830595,-0.016566165405327182,-0.07112378649671414,-0.09431344830865529,5.817672872543335,6.306476278305054,0.945280859313793,0.8720138742268168,11.4753596216634,-0.21013501630968356,-0.1435274153128645,-0.06660760099681906,0.018418636634323447,0.017585658282190525,739630.2,1.1229868655985114,0
2022-06-06,5.575129508972168,5.583551347657878,5.549864796065779,5.53302152026973,246457,0.013782520867834158,-0.013412796570574259,-0.0818308045102526,5.712402296066284,6.283276433944702,0.9759693417971199,0.8872965510244226,19.491461581314468,-0.22144142455249227,-0.17155041489432213,-0.04989100965817014,0.019652573899883397,0.015825928078184486,668233.6,0.368818628695115,1
2022-06-07,5.676189422607422,5.684611261677205,5.558286486658189,5.575129763222365,3015228,0.01812691767475827,-0.0014814419636869358,-0.06777308568722518,5.671136283874512,6.274158706665039,1.0008910275613156,0.9046933123603657,27.777752812826066,-0.21098364508352407,-0.17943706093216252,-0.03154658415136155,0.021157875683429618,0.01686142937486151,910849.5,3.3103470990542347,1
2022-06-08,5.768827438354492,5.810935829047923,5.6930328973118405,5.676189219774168,302048,0.016320458823679607,0.03162660259689942,-0.04061619518662929,5.646713542938232,6.257985172271728,1.0216256579137037,0.9218346288059891,35.9374785737825,-0.19299592891481154,-0.18214883452869235,-0.010847094386119194,0.022231330085921378,0.017235362944051282,914000.8,0.3304679820849172,0
2022-06-09,5.760406017303467,5.8362005585585175,5.735140902501532,5.768827454520527,249061,-0.0014598150388474007,0.04747323341028098,-0.027027029203814612,5.630712413787842,6.241049289703369,1.0230332494335967,0.9229867847394061,36.220459803219164,-0.17737539936316793,-0.1811941474955875,0.0038187481324195582,0.02186450059550763,0.0171814737002846,905750.4,0.27497752140103937,0
2022-06-12,5.701454162597656,5.768827264415443,5.684610887143209,5.760405827475902,47282,-0.010233975613650692,0.03675341788360842,0.018045056062305997,5.640818357467651,6.221449613571167,1.0107494695427892,0.916418924322843,33.33330473712002,-0.1678184327181782,-0.17851900454010564,0.010700571821927435,0.012969654224153707,0.015833104278534765,851192.0,0.05554798447353829,0
2022-06-13,5.6340813636779785,5.785670850917717,5.600394810958036,5.701454469117862,184927,-0.011816774632979254,0.010574078074946591,-0.002980546453768218,5.639134073257447,6.199611606597901,0.9991039919402822,0.9087797302789,30.43478796034924,-0.1637927883065151,-0.17557376129338756,0.011780972986872446,0.013360271880929208,0.015879757620880303,822659.6,0.22479163921505324,0
2022-06-14,5.558286190032959,5.6425025683595225,5.5330214773226745,5.6340811313145505,390224,-0.013452978179132935,-0.020771546507040717,-0.022222216630081504,5.626501607894897,6.1777424812316895,0.9878760511209628,0.8997277252846535,30.434775473160457,-0.16481854755331504,-0.17342271854537308,0.008604170992058041,0.013766926409864554,0.015981089225399633,803348.2,0.48574702725418445,0
2022-06-15,5.465648174285889,5.600394786144011,5.389853631789539,5.5582863946429635,1468080,-0.016666650938770955,-0.05255474657690273,-0.02259027206457187,5.6138691902160645,6.156544675827027,0.9735973513261589,0.8877785287169498,30.434762985981934,-0.17113385821877003,-0.17296494648005248,0.0018310882612824486,0.013809606342552764,0.016186708240262002,673390.2,2.1801327076040016,1
2022-06-16,5.516178131103516,5.549864682003278,5.415118076828866,5.4656479031785095,519092,0.009245007217141055,-0.04239768611211159,0.0030627920493133676,5.615553522109986,6.1375452899932865,0.9823035448571185,0.8987596621237396,45.283008789524146,-0.17010062804564008,-0.17239208279317,0.002291454747529925,0.013225202102305555,0.016441134450131716,642239.9,0.8082524925654728,0
2022-06-19,5.440383434295654,5.5414430915182376,5.431961595406082,5.516178378000282,166584,-0.01374043676734904,-0.045790200334269615,-0.01071972881852079,5.6096583843231205,6.115396785736084,0.9698243745999711,0.8896206779231609,38.53212820113241,-0.1733989491306165,-0.17259345606065932,-0.0008054930699571694,0.013962803672403308,0.016557450286904744,658898.3,0.2528220212436426,0
2022-06-20,5.440383434295654,5.499335101796518,5.423540158091891,5.440383434295654,71072,0.0,-0.034379682663275624,-0.02416913803700238,5.596183776855469,6.092060451507568,0.9721595378614675,0.8930284716641892,36.19049057027028,-0.17400704742647388,-0.17287617433382224,-0.0011308730926516408,0.012988917054716664,0.016498397206234472,641359.8,0.1108145537029293,0
2022-06-21,5.423539638519287,5.49091273688003,5.406696363929101,5.440382913109473,142060,-0.0030960677643023793,-0.024242463757137456,-0.04451045680080168,5.570918798446655,6.067793340682983,0.9735449096891411,0.8938240533269085,39.58334439201157,-0.17384415604013004,-0.1730697706750838,-0.0007743853650462318,0.010821080538648139,0.016398265359228142,354043.0,0.4012506955369828,0
2022-06-22,5.389853000640869,5.465647534261723,5.35616645201486,5.423539549266879,116169,-0.0062111904998660705,-0.013867554446993391,-0.06569349521429302,5.533021354675293,6.043297929763794,0.974124742187476,0.8918727925186927,42.69660633944749,-0.1744226577643202,-0.17334034809293108,-0.0010823096713891145,0.007978974304368947,0.01632108209188359,335455.1,0.346302679553836,0
2022-06-23,5.381431579589844,5.448804682061177,5.347745028354177,5.389853418186444,103429,-0.001562458391726862,-0.024427519980526058,-0.06578953576800595,5.4951239109039305,6.0181886577606205,0.9793103243607505,0.8941945634506387,42.22221243597962,-0.17355997153219338,-0.17338427278078355,-0.00017569875140982516,0.007971484831959417,0.016163931870465147,320891.9,0.3223172663442112,1
2022-06-26,5.389853000640869,5.457226097892888,5.34774461407069,5.381431162696699,70526,0.0015649034883142843,-0.00928802799748385,-0.05465292766903829,5.463963794708252,5.993841714859009,0.9864364412262107,0.8992317877329286,36.58534732824164,-0.17023439207523605,-0.17275429663967407,0.0025199045644380136,0.008266822211945345,0.01125235334527827,323216.3,0.21820062911431137,1
2022-06-27,5.431961536407471,5.4488048124282935,5.389853547143103,5.389853547143103,622722,0.00781255736688835,-0.0015480338821511896,-0.03587449563180645,5.443751811981201,5.9710793209075925,0.9978341636465166,0.9097118367507842,30.666663646912184,-0.16232980255834484,-0.17066939782340823,0.008339595265063393,0.00892404115846612,0.011193900927064187,366995.8,1.6968096092652831,0
2022-06-28,5.415118217468262,5.4572266079742695,5.356166952650298,5.4319614933555895,457028,-0.003100780229447042,-0.0015527536650077334,-0.025757574847697473,5.4294350147247314,5.947980060577392,0.997363114722316,0.9104129742060023,18.18183377971927,-0.1556304623957212,-0.16766161073787084,0.012031148342149633,0.008228811340167713,0.01104068845290308,373676.2,1.2230588943047482,1
2022-06-29,5.566707611083984,5.642502145104715,5.389853029076716,5.415117739891846,795016,0.027993736706748207,0.032812510920443794,0.01848992719171849,5.439540958404541,5.931772975921631,1.0233781956330268,0.9384559445684237,36.144547081218874,-0.13651552388989607,-0.16143239336827592,0.024916869478379844,0.011283634860548303,0.012451496881622764,306369.8,2.5949555080167825,0
2022-07-03,5.54144287109375,5.676189075363999,5.440383217891063,5.566707985182105,429174,-0.00453854266387721,0.02973396374875059,0.004580116774651755,5.442067432403564,5.915357570648194,1.018260604067211,0.9367891636154345,37.97467991537037,-0.12199912085589304,-0.15354573886579936,0.031546618009906324,0.011126193702985577,0.011895078483694262,297378.0,1.443193511288663,0
2022-07-04,5.389853000640869,5.541442469457912,5.364587888383694,5.541442469457912,492629,-0.027355667825004648,0.0,-0.00928802799748385,5.437014389038086,5.896504259109497,0.9913258665468494,0.9140759955043019,33.707833716740296,-0.12132820648240727,-0.14710223238912096,0.025774025906713682,0.013618092003736558,0.013423877305875923,329982.5,1.4928943201533416,1
2022-07-05,5.406696796417236,5.431961509535799,5.305637140792239,5.389853520479737,656775,0.0031250937222897512,-0.004651126452368759,-0.0061919602331814705,5.433645725250244,5.883036031723022,0.9950403596046434,0.9190317324698969,39.02441718994477,-0.11807623907392717,-0.1412970337260822,0.02322079465215504,0.0136754852074587,0.013014850330648812,388552.8,1.6903108149008321,0
2022-07-06,5.389853000640869,5.398274437009704,5.34774461407069,5.406696274953874,504492,-0.003115357936758878,-0.004665681488890017,-0.0062111904998660705,5.4302770614624025,5.86685528755188,0.9925558014141829,0.91869540605116,43.83559943845062,-0.11552646781498321,-0.13614292054386243,0.020616452728879214,0.013675887668375623,0.012172438944342999,424796.0,1.1876100528253561,1
2022-07-07,5.431961536407471,5.44038337520557,5.398274984365826,5.389853547143103,482124,0.00781255736688835,-0.024205703638577658,0.00781255736688835,5.434487915039062,5.850180444717407,0.9995351211243657,0.9285117933947525,43.05556101661727,-0.10885315736217915,-0.1306849679075258,0.021831810545346636,0.01374841774033749,0.011615487053670704,461391.5,1.0449347246319016,0
2022-07-17,5.347744941711426,5.507756258276065,5.322480229481692,5.431961318436142,176785,-0.0155039011472351,-0.03495442141842253,-0.006259791168985784,5.4311192512512205,5.833000288009644,0.9846487794351805,0.9168086195202643,42.465742799724815,-0.1091024213152254,-0.12636845858906573,0.017266037273840323,0.0146959706539069,0.0119412476960783,468727.1,0.3771597588447521,1
2022-07-18,5.373010158538818,5.415118146920876,5.305637055867232,5.347745044249289,237930,0.004724461825082349,-0.003124916783453724,-0.003124916783453724,5.429434967041016,5.814135799407959,0.9896076094759915,0.9241287689024981,44.736849947402774,-0.10603892225727662,-0.12230255132270791,0.016263629065431287,0.01477975289882316,0.011975043608146144,485467.5,0.49010489888612524,1
2022-07-19,5.440383434295654,5.474069986703182,5.373010329480599,5.373010329480599,231668,0.012539204983591068,0.006230539485909459,0.0015504340065253253,5.430277156829834,5.79645034790039,1.0018610979097282,0.9385715580685149,51.219545877628356,-0.09705581783802675,-0.11725320462577168,0.020197386787744936,0.015136269463913178,0.012255063408061042,446362.1,0.519013599048844,1
2022-07-20,5.4488043785095215,5.474069491316441,5.415117829150525,5.440382941957445,772520,0.0015478585867279016,0.010937474150341853,0.006220761890773474,5.43364577293396,5.777585849761963,1.002789766983168,0.9430936242572687,54.43036341665843,-0.08823996762539466,-0.11145055722569627,0.023210589600301618,0.01509297289605847,0.01195165604599252,477911.3,1.6164505840309698,1
2022-07-21,5.6340813636779785,5.684611192757892,5.448804922142913,5.448804922142913,1340242,0.03400323672826344,0.03720936275336428,0.012102980307398425,5.4403831481933596,5.761079425811768,1.0356037819779187,0.9779558564034387,64.99999150695496,-0.06554744835561621,-0.10226993545168027,0.03672248709606406,0.016365447386338074,0.013684297412400865,532433.9,2.517198848533123,0
2022-07-24,5.591972351074219,5.659345449033192,5.566707640127273,5.634080738086247,327668,-0.00747398020824297,0.045669232924304914,0.00911846989239029,5.445436096191406,5.742888669967652,1.02690992094927,0.9737211832639822,61.538415471698315,-0.05038055308579814,-0.09189205897850385,0.041511505892705705,0.01650798986053718,0.013703813884576772,522283.3,0.6273759854086853,1
2022-07-25,5.6003947257995605,5.608816163063799,5.541443058648377,5.591972886959944,873668,0.0015061545724066594,0.04231977244624807,0.03906260989560528,5.466490268707275,5.720655536651611,1.0244955081798675,0.978977791953815,59.999977351918346,-0.037251650225817556,-0.0809639772279666,0.04371232700214904,0.013181567225797726,0.013271305695856462,560387.2,1.559043461378133,1
2022-07-26,5.625658988952637,5.726719039063429,5.600394277606449,5.600394277606449,6328875,0.004511157586212677,0.03405560598707491,0.04049833027080352,5.488386487960815,5.700612020492554,1.0250114494110316,0.9868517570972246,62.37617823382931,-0.024525569725293295,-0.06967629572743193,0.04515072600213864,0.013179607632570173,0.013282200232803413,1127597.2,5.612709041845794,0
2022-07-27,5.558286190032959,5.6425025683595225,5.5330214773226745,5.62565929269421,1050383,-0.011975983445136062,0.020092813747405236,0.03125005252871693,5.505229806900024,5.680905361175537,1.0096374511135642,0.9784155581994761,49.45056586023262,-0.019649968452375433,-0.059671030272420635,0.0400210618200452,0.013988282050043842,0.01359771285427422,1182186.3,0.8885088585445458,0
2022-07-28,5.533020973205566,5.600394069728411,5.516177699074856,5.558285683613968,802788,-0.004545504848724402,-0.01793733245031426,0.018604593593078533,5.515335750579834,5.659345941543579,1.0032065541293425,0.9776785215742514,49.450535092085616,-0.017621580552959593,-0.05126114032852843,0.03363955977556884,0.014078071986152244,0.01355422024177512,1214252.7,0.6611375045738008,1
2022-07-31,5.558286190032959,5.591972741363584,5.516178201657362,5.5330214773226745,571795,0.004566260809373945,-0.0060240213875143445,0.03937009910090339,5.536389875411987,5.64014458656311,1.003954980612586,0.9854864719735789,63.157855526202475,-0.01381611312926001,-0.04377213488867475,0.02995602175941474,0.012676862308581442,0.013553036139318766,1253753.7,0.45606645069123225,0
2022-08-01,5.516178131103516,5.5919726698403,5.474069741691131,5.558286118940537,647723,-0.007575727029844326,-0.015037617671497472,0.02664576621675918,5.550706672668457,5.624648771286011,0.9937794332143403,0.9807151264739871,58.227815440982006,-0.01403622041128294,-0.03782495199319639,0.02378873158191345,0.013179106856938214,0.013711200525938072,1294733.0,0.5002753463455399,0
2022-08-02,5.457226276397705,5.533021214073131,5.431961163314113,5.516177939209187,260158,-0.010687083213177018,-0.029940085754520562,0.003095892468879091,5.5523909568786625,5.609152946472168,0.9828605944321948,0.9729145074979608,54.7618983423746,-0.018751424265055938,-0.0340102464475683,0.015258822182512365,0.013300520784950092,0.013868135542173931,1297582.0,0.20049445815370434,1
2022-08-03,5.490912914276123,5.516178027765318,5.4319612505182375,5.4572263640074326,1130016,0.00617284975411625,-0.012121231878568728,0.007728032214311176,5.556601810455322,5.59534143447876,0.9881782250339409,0.9813365240664058,54.21684610063674,-0.019544727689931207,-0.031117142696040885,0.011572415006109678,0.013425176094172044,0.013902630472804647,1333331.6,0.8475131017670322,1
2022-08-04,5.625658988952637,5.667767376630079,5.465647677983841,5.490912790905376,4620378,0.02453983094981904,0.016742755213776217,-0.0014948976029418581,5.555759572982788,5.5848985862731935,1.0125814328448919,1.0072983245890312,68.53927223174377,-0.009194555154714124,-0.026732625187775534,0.01753807003306141,0.010930264669198395,0.013564214452710185,1661345.2,2.7811065394476717,1
2022-08-07,5.676189422607422,5.794092760132044,5.650924708548852,5.625659592914893,2104708,0.00898213591581265,0.021212155787495357,0.015060351919841786,5.564181280136109,5.57698224067688,1.0201302108669927,1.0177886852869915,69.56517457822494,0.0030502534211764853,-0.02077604946598513,0.023826302887161616,0.010934859754119584,0.013630675722350489,1839049.2,1.1444544278641378,1
2022-08-08,5.954103469848633,6.0635845553566865,5.667767396422922,5.676188833042612,4488476,0.04896137647103882,0.07938926704992211,0.06315782393330749,5.599552154541016,5.5749610424041744,1.0633177985528879,1.06800808553829,76.0683218842477,0.03477878523724254,-0.009665082525339597,0.044443867762582134,0.018555722060237676,0.01571271814264922,2200530.0,2.0397249753468483,0
2022-08-09,5.777249336242676,6.021477040982893,5.735140945118344,5.954103936444264,1761810,-0.029702898933742117,0.058642072664103706,0.02694623822519704,5.61471118927002,5.569065895080566,1.028948621130019,1.037382111306316,64.23358991579273,0.04513296007343204,0.0012945259944147306,0.04383843407901731,0.02179305484875031,0.017539031249600788,1743823.5,1.0103144039520056,1
2022-08-10,5.819356918334961,5.970946794508314,5.7688270934689605,5.777248931734303,4031392,0.0072885173620826915,0.059815919353755964,0.046969644846670544,5.64081826210022,5.563676042556763,1.0316511980955518,1.0459553852205783,59.16663245850078,0.05608987898580331,0.012253596592692446,0.04383628239311087,0.02117731304263897,0.017487822470043844,2041924.4,1.9743101164763985,1
2022-08-11,5.937260627746582,5.979368617064593,5.844622408726355,5.819357293875247,2323870,0.020260608013257242,0.05538935783449572,0.07305948350794322,5.681242227554321,5.562160158157349,1.0450638064595377,1.0674379124159377,65.8915082538526,0.07344058282763832,0.024490993839681625,0.0489495889879567,0.0214125251754039,0.017849021907977693,2194032.6,1.0591775163231394,0
2022-08-14,5.8951520919799805,5.954103757466913,5.861465540723268,5.937260481838556,854517,-0.0070922498449563776,0.03857564522079948,0.060606073604321464,5.714928817749024,5.561654853820801,1.0315355238846076,1.0599636703327735,63.15788801498526,0.08283842392088392,0.036160479855922086,0.046677944064961834,0.02188882235031002,0.017444727125746243,2222304.8,0.38451836129769423,0
2022-08-15,5.853043556213379,5.895151945022252,5.794092293771385,5.895151945022252,907178,-0.007142909141205633,-0.01697315374968167,0.061068627064527536,5.748615360260009,5.566707830429078,1.018165799833344,1.0514371751682594,60.0,0.08589829173710761,0.046108042232159197,0.039790249504948416,0.021859151499709076,0.017656126349070343,2248250.3,0.40350400486992044,1
2022-08-16,5.886730194091797,5.911995308067566,5.810935655315216,5.853043643174346,3281316,0.005755405295533311,0.01895034323035194,0.07870370329917953,5.791565752029419,5.571423950195313,1.0164315568771765,1.0565934753332549,64.88547341760116,0.09000397932431081,0.05488722965058952,0.03511674967372129,0.02105487978969639,0.01755710961026713,2550366.1,1.2866058719961813,0
2022-08-17,5.8109354972839355,5.895151872287254,5.794092222283272,5.886730033999246,542783,-0.01287551736003334,-0.0014471394638971846,0.05828221791239274,5.8235680103302006,5.573950443267822,0.9978307949655852,1.0425165340862228,62.04379773212604,0.08614869914927858,0.06113952355032734,0.025009175598951244,0.022056501654948848,0.0179588672401146,2491642.8,0.21784141771846272,0
2022-08-21,6.147801399230957,6.232017774239186,5.911995147632566,5.89515187263092,4192150,0.0579710275745573,0.04285713130195434,0.08308601801503923,5.889256858825684,5.59129903793335,1.0439010467030005,1.099530065825866,72.18933325292566,0.10494709910794153,0.07326214352361698,0.03168495558432455,0.027300818990077365,0.020538631320042147,2238349.2,1.8728757782744532,0
2022-08-22,6.09727144241333,6.232018049963466,6.063584890919639,6.147801671229238,908101,-0.008219191469644449,0.04172664765849676,0.024045261102648707,5.903573656082154,5.60325777053833,1.0328102599569702,1.088165437341202,72.61904440927388,0.11758401395083773,0.08212651760906114,0.035457496341776584,0.023583017570688973,0.02073851018110898,1880311.7,0.48295237433240457,0
2022-08-24,6.038320541381836,6.063585255734467,6.004633987861397,6.038320541381836,785920,-0.00966840685842274,0.03913054003166638,0.03762677321904584,5.957472229003907,5.6209432315826415,1.0135709088133589,1.0742539628320844,65.80648672817227,0.12671168212108963,0.09808646640523622,0.028625215715853414,0.021292611869243198,0.02067383939241811,1379583.5,0.5696791821589632,1
2022-08-25,6.072006702423096,6.105693253766121,6.0130550367851185,6.038320151080071,725694,0.005578730180089364,0.04492756893639349,0.02269499069096037,5.970946836471557,5.6270068168640135,1.0169252664140715,1.07908287657044,65.35948631542486,0.1283990733719813,0.10414898779858525,0.024250085573396057,0.02053164977427734,0.020568257932239452,1219765.9,0.5949453087678546,0
2022-08-28,6.029897689819336,6.063584237683943,5.9793678680224245,6.072006075437758,332216,-0.0069349417198363295,-0.019178190991395727,0.022857018061106293,5.9844213962554935,5.632396650314331,1.0075991128553041,1.0705740494115983,53.59997173508527,0.12489874273836765,0.10829893878654173,0.01659980395182592,0.020523601541434844,0.020736862168372668,1167535.8,0.2845445938360091,0
2022-08-29,6.021476745605469,6.055163296222323,5.962525081238293,6.029898182472002,992464,-0.0013965318562676465,-0.012430920539411194,0.02877702647766678,6.0012647151947025,5.638797101974487,1.0033679618163802,1.067865474978162,63.80950942972972,0.12006121472359332,0.11065139397395206,0.009409820749641265,0.02030455599259186,0.020596474003840633,1176064.4,0.8438857599974968,0
2022-08-30,5.8277788162231445,6.021476680978839,5.8277788162231445,6.021476680978839,1902278,-0.032167844793835165,-0.044198889410690057,-0.01001428227979917,5.995369577407837,5.642671051025391,0.9720466338195031,1.0328049896093296,50.40651604106498,0.0994512230265503,0.10841135978447172,-0.008960136757921427,0.02308785114475863,0.021950589184763825,1038160.6,1.8323542619513782,0
2022-08-31,5.8277788162231445,5.937260305340571,5.810935541095491,5.8277788162231445,372429,0.0,-0.03486759666298045,0.0028985554816571835,5.997053909301758,5.648060903549195,0.9717736249100483,1.0318194006302264,44.03667341956262,0.08217044636332194,0.10316317710024177,-0.020992730736919832,0.022693474176640766,0.021954655384486026,1021125.2,0.36472412981287705,0
2022-09-01,5.768827438354492,5.85304381816598,5.743562725198733,5.827779105010221,425123,-0.010115582579171667,-0.04993065372401795,-0.00724634767484944,5.992843103408814,5.654124488830567,0.9626194677236088,1.0202865978190816,43.243240485977,0.06299228696684533,0.09512899907356248,-0.03213671210671715,0.022943121628854025,0.021546122745214735,1063637.5,0.39968786358134234,1
2022-09-04,5.8277788162231445,5.844622091350798,5.751983877361026,5.768827152488679,341725,0.01021895324458999,-0.03351945323010064,-0.05205480174552235,5.960840845108033,5.660356502532959,0.9776773055442186,1.0295780510671484,48.67257524011095,0.0519514767059448,0.08649349460003895,-0.034542017894094154,0.011575556821293066,0.021570567306601156,678595.0,0.5035772441588872,0
2022-09-05,5.8277788162231445,5.869886803254602,5.768827152488679,5.8277788162231445,413457,0.0,-0.032167844793835165,-0.044198889410690057,5.9338915824890135,5.668104410171509,0.982117508419094,1.0281706889105813,46.78899463819504,0.04270922961599766,0.0777366416032307,-0.03502741198723304,0.011634571170168879,0.01845880636660119,629130.6,0.6571878716438209,1
2022-09-06,5.903573989868164,5.9625252543717435,5.878308875384222,5.827779047991709,2133822,0.013005842540561696,0.013005842540561696,-0.0317678906662715,5.914521837234497,5.677368221282959,0.9981489885966078,1.0398434203610785,55.045896340915455,0.04102777660705481,0.07039486860399552,-0.02936709199694071,0.012850510444694466,0.01739241193538556,842512.8,2.5326879306759493,0
2022-09-07,5.903573989868164,5.987790368855686,5.895152151181726,5.903573989868164,1026995,0.0,0.013005842540561696,-0.02231523659438517,5.90104718208313,5.686968908309937,1.0004281965059874,1.0380879665513414,55.045896340915455,0.03924284588372817,0.06416446405994206,-0.024921618176213883,0.01266783562868291,0.017334901326545357,866620.3,1.185057631352508,0
2022-09-08,5.8951520919799805,5.945681918865051,5.878308816351624,5.903573930581842,476368,-0.0014265761558400758,0.021897804185580183,-0.0291262212165444,5.883361721038819,5.697074890136719,1.0020040193855495,1.0347682285493895,28.57141701623067,0.03672535165774882,0.05867664157950341,-0.021951289921754595,0.012381495693099334,0.016724952026250343,841687.7,0.565967638590893,0
2022-09-11,5.869886875152588,5.92883853960913,5.861465438273288,5.895151988941208,379081,-0.004285761661987353,0.007225404439205052,-0.02653624039706426,5.867360639572143,5.706843996047974,1.0004305574065802,1.0285697101966556,29.85072482629353,0.03231897447842602,0.05340510815928794,-0.021086133680861915,0.01231328801990056,0.01667600857795985,846374.2,0.4478881799563361,0
2022-09-12,5.853043556213379,5.937260333831126,5.836200281004901,5.869886831421857,458440,-0.002869445237608792,0.004335226299238215,-0.027972073381336893,5.850517320632934,5.716107807159424,1.0004317969577725,1.0239561172870888,28.98548465052464,0.027154750682058193,0.048155036663841994,-0.0210002859817838,0.012305877238852691,0.016608056575647453,792971.8,0.5781290078663579,1
2022-09-13,5.8951520919799805,5.903573930581842,5.794092438209841,5.853043702121406,1076235,0.007194297353536827,-0.0014265761558400758,0.011560712559866682,5.8572546482086185,5.725371618270874,1.00647017178653,1.0296540530517357,37.31340634824054,0.02615833602318407,0.04375569653571042,-0.017597360512526347,0.007012358692476595,0.016636806384446964,710367.5,1.515039750551651,0
2022-09-14,5.8614654541015625,5.9119952802398945,5.777249077204343,5.89515200486045,1031529,-0.005714294958436561,-0.007132719237341489,0.005780356279933452,5.86062331199646,5.73429856300354,1.0001436949724065,1.022176538193961,31.343312592272085,0.022392315408144903,0.03948302031019732,-0.017090704902052417,0.00734349827132461,0.016416170302063077,776277.5,1.3288147601856295,0
2022-09-15,5.6003947257995605,5.895152258404721,5.6003947257995605,5.86146570619701,3947215,-0.04454018032628981,-0.04999995955684,-0.02919704469492257,5.843780040740967,5.734972305297852,0.958351390154215,0.976533874562224,22.580709971342756,-0.0016396085896452917,0.031258494530228796,-0.03289810311987409,0.015950272554624122,0.019269161592005916,1128486.7,3.4977948787522264,1
2022-09-18,5.625658988952637,5.794092138087059,5.600394277606449,5.600394277606449,921325,0.004511157586212677,-0.0416069153280918,-0.034682137679600045,5.823568058013916,5.736656627655029,0.9660158399301382,0.9806511621826379,25.2631359366805,-0.018433971258441595,0.021320001372494717,-0.039753972630936316,0.015527490034322413,0.013363596886156329,1186446.7,0.7765414156405004,0
2022-09-19,5.6172380447387695,5.667767873435661,5.5330216635772835,5.625659482067227,370909,-0.0014968813841016448,-0.040287674132253315,-0.03612710401744823,5.802513980865479,5.741204328536988,0.9680697131040649,0.9784076168162076,32.87672401623844,-0.03205363019540375,0.010645275058915025,-0.04269890525431877,0.01549812499646772,0.01334545941740215,1182191.9,0.31374686292470794,0
2022-09-20,5.608815670013428,5.726718993951347,5.558285846143752,5.617237508112712,463718,-0.0014993800615643593,-0.04857150714671077,-0.04992879234860215,5.773038148880005,5.745246706008911,0.9715535434494856,0.976253232806732,32.432405549107116,-0.04303088996518323,-8.995794590462534e-05,-0.0429409320192786,0.014416203875082051,0.013325971938257549,1015181.5,0.4567833436681027,0
2022-09-21,5.608815670013428,5.743562268574572,5.558285846143752,5.608815670013428,470015,0.0,-0.04310351840619364,-0.04992879234860215,5.743562316894531,5.749625959396362,0.9765395342739209,0.9755096609105824,35.82085642164117,-0.05114092665130432,-0.010300151686984565,-0.04084077496431975,0.014416203875082051,0.01328790082381622,959483.5,0.4898625145716419,1
2022-09-22,5.659345626831055,5.7014540151659885,5.558285976717635,5.608815801774345,892690,0.009009024327145676,0.010526204654811577,-0.04000006470905593,5.719981670379639,5.754173641204834,0.9893992591160594,0.9835201333350928,34.848471850233935,-0.05288126166892404,-0.01881637368337246,-0.03406488798555158,0.015067628420593521,0.013433906046555132,1001115.7,0.8916951357370582,0
2022-09-25,5.608815670013428,5.642502219259878,5.583550958866262,5.659345493883103,251090,-0.008928586474390876,-0.002994017051564102,-0.04447636056570059,5.693874549865723,5.759395055770874,0.9850613358079164,0.9738549996485193,31.944430245661664,-0.05767301629588495,-0.02658770220587496,-0.03108531409000999,0.015149774673997363,0.013468669726755587,988316.6,0.2540582643254196,1
2022-09-26,5.6172380447387695,5.676189310764118,5.558286377138038,5.60881620583493,363148,0.001501631578012086,0.0,-0.040287674132253315,5.670293998718262,5.764279613494873,0.990643174059143,0.9744909028333981,23.437544234634657,-0.06009812730705555,-0.033289787226111076,-0.026808340080944473,0.015262551559429073,0.013508308203074321,978787.4,0.3710182619841653,1
2022-09-27,5.625658988952637,5.667767376630079,5.600394277606449,5.617237552362356,341527,0.0014991253970009222,0.0030030081090486327,-0.04571435966749249,5.643344688415527,5.767985124588012,0.9968660961824297,0.9753248088264546,24.615329670138223,-0.06064150787929368,-0.0387601313567476,-0.021881376522546077,0.014900543658450265,0.011710135608389566,905316.6,0.37724592700498366,0
2022-09-28,5.558286190032959,5.608816017028897,5.516178201657362,5.62565929269421,424867,-0.011975983445136062,-0.009008939311487052,-0.05172414073624776,5.613026762008667,5.770174760818481,0.9902475840047271,0.9632786562680354,22.222196009043543,-0.06575063037387885,-0.04415823116017385,-0.021592399213704996,0.01508459933660479,0.011923061973949304,844650.4,0.50300929236522,1
2022-09-29,5.575129508972168,5.625659336360316,5.541442957380069,5.558286233176118,152516,0.0030303079696420987,-0.014880893200729162,-0.004511327873194748,5.610500240325928,5.768995723724365,0.9936956189575521,0.9663951536738112,25.352103690459757,-0.06766058260811647,-0.04885870144976238,-0.018801881158354093,0.006154843121523351,0.011831274384755409,465180.5,0.32786413016022814,0
2022-10-02,5.516178131103516,5.600394508352922,5.499334855653634,5.5751293943904185,101230,-0.010573992545604649,-0.016516417076279155,-0.019460983693486145,5.599552154541016,5.767479839324952,0.985110590787178,0.9564278133218669,23.684206605228454,-0.07308859717878669,-0.05370468059556724,-0.019383916583219446,0.0066375917464395,0.011646628777973336,383171.0,0.2641901396504433,0
2022-10-03,5.507756233215332,5.558286059020246,5.4740696826787225,5.516178071637164,462117,-0.0015267632204797321,-0.019490327924767348,-0.019490327924767348,5.588603973388672,5.7656270694732665,0.9855334640711144,0.9552744509572498,18.055494391423878,-0.07718022897106103,-0.058399790270666,-0.01878043870039503,0.006637375078384478,0.011633147816437218,392291.8,1.1779930143836808,1
2022-10-04,5.6003947257995605,5.608816163063799,5.4824917930725725,5.507756506440666,4314660,0.016819642820348202,-0.004490898435665747,-0.0015013765310363247,5.587761878967285,5.765121784210205,1.0022608062236558,0.971426959468262,30.379751371613082,-0.0721164114059123,-0.06114311449771526,-0.010973296908197032,0.008912543385593098,0.011932491027300663,777386.0,5.550215722948445,1
2022-10-05,5.642502784729004,5.726719567860343,5.600394794738718,5.600394794738718,1058529,0.007518766264003274,0.015151539848210938,0.006006101233755778,5.591130590438842,5.766806116104126,1.0091881585413174,0.9784450302520145,54.71696702230741,-0.06396814608949164,-0.061708120816070536,-0.002260025273421104,0.0092346101284047,0.012134245726120898,836237.4,1.2658235568033671,0
2022-10-09,5.642502784729004,5.684611176294673,5.6172380710499095,5.642502784729004,176480,0.0,0.012084611783172106,-0.0029761112348746233,5.589446306228638,5.768995752334595,1.0094922601620204,0.9780736590845293,52.00005888521235,-0.056855195814922155,-0.06073753581584086,0.0038823400009187076,0.00875408895113148,0.012143144953605528,764616.4,0.23080854661239283,0
2022-10-10,5.583551406860352,5.659345947958538,5.49091318821215,5.6425026719839,620047,-0.010447735715470086,0.012213759990262973,-0.004504384640084957,5.58691987991333,5.769501056671142,0.9993970786899793,0.9677702373248062,46.42857142857143,-0.05533712308431227,-0.05965745326953515,0.004320330185222883,0.008932528281997214,0.0122785014685697,801512.1,0.7735965558099498,0
2022-10-11,5.499334812164307,5.650924290014452,5.474069698401602,5.5835511887477205,362735,-0.01508298008908282,-0.001529011215173015,-0.02098953820995597,5.575129556655884,5.769164190292359,0.9864048460719466,0.9532290347045266,40.00005226499047,-0.06023526028725801,-0.05977301467307972,-0.00046224561417828464,0.010011466730493307,0.012601277828383576,801470.8,0.45258666940829284,0
2022-10-12,5.474070072174072,5.549865017062145,5.431961680219501,5.4993351876618926,301020,-0.0045941447198940555,-0.022556383935500746,-0.026945983941836227,5.559970664978027,5.769501066207885,0.9845501715782354,0.9487943600939499,38.23535779113723,-0.06540181131115563,-0.060898774000694905,-0.004503037310460728,0.009955103533398962,0.01237121566739038,797420.1,0.37749236569281364,1
2022-10-13,5.516178131103516,5.541442843490656,5.4066966398916065,5.474069741691131,275921,0.007692276199292358,-0.02238805339491834,-0.007575727029844326,5.555759859085083,5.770006370544434,0.992875550962333,0.9560090192037399,37.31346941396987,-0.06534531169948199,-0.06178808154045233,-0.003557230159029659,0.009857602186854589,0.01261287904102874,782525.5,0.3526032059019163,1
2022-10-16,5.718297481536865,5.726719320115814,5.533021450129019,5.516178174546488,1001846,0.036641193527395366,0.01343281513533201,0.025679757274569948,5.570076656341553,5.771859140396118,1.0266101948572939,0.9907202068594527,57.64709330519629,-0.04843288875890739,-0.059117042984143345,0.010684154225235956,0.0154313457567738,0.011542817181325557,867458.5,1.154920955872817,0
2022-10-17,5.676189422607422,5.751984367933909,5.6425028694790695,5.718297814805557,238883,-0.007363740530359042,0.0165912353978237,0.0290076367551777,5.586077785491943,5.771859140396118,1.0161314683711558,0.9834248003179561,53.93258212521662,-0.03798952062879568,-0.054891538513073816,0.016902017884278135,0.015156747077417675,0.011663165122293397,881223.8,0.27108096717315167,1
2022-10-18,5.777249336242676,5.81093588851199,5.659346001724697,5.676189277859354,1289316,0.017804182720320583,0.05053602545959435,0.04892974409472339,5.613027095794678,5.768322057723999,1.0292573396930569,1.0015476387118023,59.00004869359611,-0.02131270609864444,-0.04817577203018795,0.026863065931543507,0.015741574505370514,0.012270957549616308,963943.7,1.3375428461226522,0
2022-10-19,5.718297481536865,5.810935698028471,5.693032768950752,5.777249146863408,282740,-0.010204138903264104,0.04461532390757217,0.021052579596605447,5.624817371368408,5.767143020629883,1.0166192258337652,0.9915303749329104,59.59595901825922,-0.012706657983478031,-0.041081949220845966,0.028375291237367935,0.015787250085236317,0.012533614123845746,560751.7,0.5042160371515593,1
2022-10-20,5.9119954109191895,5.937260525334498,5.693032826146449,5.718297538986387,1387957,0.03387335653797874,0.07175571027770467,0.047761186209698714,5.651766633987426,5.768995790481568,1.046043793699275,1.0247876104665496,66.66666666666666,0.009632464199740731,-0.030939066536728628,0.04057153073646936,0.018704671521547613,0.014517239124192852,593694.5,2.3378303150862942,0
2022-10-23,5.886730194091797,5.98779024841951,5.836200367715621,5.911995308067566,240914,-0.004273551495105887,0.029455045509395816,0.04328352482585829,5.676189374923706,5.767985181808472,1.0370919300364112,1.0205869135478767,68.96548694509579,0.025009394890394,-0.019749374251304103,0.0447587691416981,0.018875373935581665,0.014518913450970948,600137.9,0.40143107109216064,0
2022-10-24,5.743562698364258,5.9119954572003,5.735140859634769,5.886730342587207,641464,-0.02432037667892928,0.011869455146880536,0.028657619469089957,5.692190504074096,5.764953393936157,1.0090250307422761,0.9962895284471166,60.60607880362748,0.02535107147158211,-0.010729285106726862,0.03608035657830897,0.02052586851565624,0.01550692454975506,602279.6,1.0650601481438189,1
2022-10-25,5.954103469848633,5.987790019478087,5.743562333876868,5.743562333876868,934893,0.036656824786527764,0.030612169098620967,0.08269521191515672,5.737667369842529,5.766974592208863,1.0377219671435995,1.0324483617272355,64.38355633135072,0.04212514091745945,-0.0001583999018895995,0.04228354081934905,0.021929452058403284,0.017406954847521732,659495.4,1.417588356188686,0
2022-10-27,6.021476745605469,6.240439324615023,5.895151980004584,5.920417093754905,5836187,0.011315435833121112,0.01851850806312738,0.09160302704018508,5.83620057106018,5.77253288269043,1.031746025910078,1.0431255859384576,65.10067420136664,0.06945769572143501,0.02255610873230825,0.04690158698912676,0.021691007446532698,0.017140830579517513,1185420.0,4.923307350981087,1
2022-10-30,6.029897689819336,6.147801008920789,5.996211141954728,6.021476253640847,1463517,0.0013984848849599718,0.02432037667892928,0.05449177999020849,5.867360591888428,5.776912126541138,1.0277019104903173,1.0437925240572545,68.53144693433767,0.08083192109752435,0.03421127120535147,0.04662064989217288,0.019450653828128602,0.01715031315700684,1231587.1,1.188317902972514,1
2022-10-31,6.4846673011779785,6.543618968125188,5.979368618235278,6.029898446372011,4600902,0.07541912562238973,0.12903221253679087,0.14243320974287954,5.948208379745483,5.783649444580078,1.0901883201098361,1.1212068371908037,81.28343104144676,0.12510010745671618,0.05238903845562441,0.07271106900109177,0.028760966938019026,0.023050996518676616,1667789.0,2.7586835025293968,0
2022-11-01,6.450980186462402,6.6025700592270145,6.358342377078852,6.484666735615573,3438244,-0.00519488713159677,0.08345113905560009,0.11661792853446373,6.015581464767456,5.790723619461059,1.0723784931257312,1.1140196995039444,80.85103499412864,0.1556702259949354,0.07304527596348662,0.08262495003144879,0.02931646209914641,0.023148241557990543,1882681.8,1.8262480680484614,0
2022-11-02,6.324656009674072,6.476245485219491,6.25728250785631,6.45098037184091,1417945,-0.01958216784689959,0.06223481699669886,0.10603829725455993,6.076217317581177,5.795271310806275,1.0408870649464845,1.0913476989214757,74.24242294259804,0.16777001159025495,0.09199022308884029,0.07577978850141466,0.030222715671284244,0.0238537548228085,1996202.3,0.7103212935883302,0
2022-11-03,6.274126052856445,6.32465628178763,6.232018064180952,6.32465628178763,858298,-0.007989360487011044,0.04195803088260086,0.0612535390789406,6.112430381774902,5.799987421035767,1.0264535808151962,1.0817482172635482,68.33333071201753,0.17130711187930991,0.10785360084693421,0.0634535110323757,0.029521091632342893,0.02406532097357289,1943236.4,0.4416848099387187,1
2022-11-06,6.282547950744629,6.316234502632639,6.189909732264912,6.2741261119849385,702795,0.0013423220727848406,0.04189959331347515,0.06723898388448202,6.152012157440185,5.804198246002198,1.0212183900102627,1.0824144325311265,70.45453960533004,0.17279795881048354,0.12084247243964408,0.051955486370839465,0.029349609124202546,0.0240507855013377,1989424.5,0.35326547953943466,1
2022-11-07,6.417294025421143,6.459402415196954,6.257282706478575,6.2825478206591345,1145763,0.021447679465867564,-0.010389627197157414,0.11730198875495179,6.219385290145874,5.811946172714233,1.0318212694731808,1.1041557913163202,71.11109713076014,0.18274576838818568,0.1332231316293524,0.04952263675883328,0.027446173543504097,0.02398425102819078,2039854.4,0.5616886185602267,0
2022-11-08,6.29939079284668,6.459402104082365,6.240439130315002,6.417293716334688,1799757,-0.018372733446123446,-0.023498660549886363,0.0579914885165449,6.253914022445679,5.817504453659057,1.0072717293902318,1.0828338582335812,68.44919073665596,0.17905167735750194,0.14238884077498232,0.03666283658251962,0.027354195388810086,0.024156134926309136,2126340.8,0.8464104154893703,1
2022-11-09,6.400450706481934,6.476245646934962,6.232017951670052,6.299391053594805,1342559,0.016042807464812903,0.011984003033829405,0.07496464226622646,6.298548746109009,5.828957891464233,1.0161786412204679,1.0980437370897085,66.47726706084347,0.18217873102963633,0.1503468188259131,0.03183191220372322,0.02743493765340157,0.024071617539446557,2260596.7,0.5938958505955528,1
2022-11-10,6.56046199798584,6.594148548812888,6.400450680769677,6.400450680769677,1345336,0.025000003725027975,0.04563758246441885,0.08951047644146892,6.352447271347046,5.843611555099487,1.0327456046077002,1.1226725007518314,70.83334070578549,0.19531702447074117,0.15934085995487873,0.03597616451586244,0.027977740064985147,0.02436488281742927,1811511.6,0.742659334889161,1
2022-11-13,6.737316608428955,6.779424997861781,6.560462015331666,6.560462015331666,1547464,0.026957645741628067,0.0723860225580013,0.11731856077823677,6.423189163208008,5.862981338500976,1.0489052147211027,1.1491281004403684,80.10202651973091,0.21749278427367003,0.17097124481863699,0.04652153945503304,0.02837575387955016,0.02387765694596213,1819906.3,0.8502987214231853,0
2022-11-14,6.383607387542725,6.737316571815073,6.3330775614431545,6.737316571815073,4652707,-0.05250001468592258,-0.005249352413178143,-0.015584440795736065,6.413083171844482,5.874097909927368,0.9954038044553725,1.0867383358990788,61.9718253699266,0.20417228462665182,0.17761145278023996,0.026560831846411864,0.024994375565977247,0.027338032508737526,1825086.8,2.5493072439075224,0
2022-11-15,6.366764068603516,6.450980444859774,6.324656081263066,6.383607343854767,2127234,-0.002638526763421911,0.010695204976541861,-0.01305477856459969,6.404661560058594,5.884877614974975,0.9940828268442132,1.081885552284436,61.395342590285836,0.19006561946501588,0.18010228611719514,0.009963333347820735,0.024962994716291056,0.027265012566240667,1693985.8,1.2557566893417877,1
2022-11-16,6.400450706481934,6.459402371453773,6.349920880038369,6.366764155519557,2078156,0.005291014008911965,0.0,0.011984003033829405,6.41224102973938,5.894815149307251,0.9981612788410847,1.085776321117398,60.66349985992488,0.17953465212394804,0.17998875931854574,-0.0004541071945977082,0.024134407511842797,0.027022765731901554,1760006.9,1.1807658254067073,0
2022-11-17,6.375186443328857,6.535197772464367,6.316234774202493,6.400451157543448,3900434,-0.0039472631399989355,-0.02824123586324634,0.016107484870566458,6.422347068786621,5.904247398376465,0.9926567927655343,1.0797627560596275,59.62444459507775,0.16722253247843444,0.17743551395052348,-0.010212981472089044,0.023992027266362456,0.02628226493348659,2064220.5,1.8895432924922506,0
2022-11-20,6.324656009674072,6.442558935098287,6.307812333038116,6.375185834855878,3473922,-0.007926110726951596,-0.06124999354173277,0.006702385602079364,6.426557874679565,5.912837476730346,0.9841436322534365,1.0696482077453364,44.24242590620093,0.15163969722269677,0.17227635060495813,-0.020636653382261366,0.024192534322449843,0.026356118462527875,2341333.2,1.483736701807329,1
2022-11-21,6.35834264755249,6.383607359704417,6.316234258532132,6.324656096966347,3386079,0.005326240324674103,-0.003957752796567182,-0.009186329570551877,6.4206627368927,5.922606592178345,0.9902938229441453,1.073571669600611,46.66668725591023,0.14039008860838642,0.1658990982056438,-0.02550900959725738,0.023190146039027797,0.025504145646669706,2565364.8,1.3199210498249607,1
2022-11-22,6.434137344360352,6.484667171486501,6.265704587273183,6.35834280445881,3677116,0.011920511524656119,0.010582028017823708,0.021390409953083722,6.434137392044067,5.934228467941284,0.9999999925889498,1.084241595873793,54.0880465070731,0.13602270623588275,0.1599238198116916,-0.023901113575808847,0.022592568961462715,0.024488253087075265,2753100.7,1.3356271348883098,1
2022-11-23,6.5351972579956055,6.560461970221288,6.442559042825595,6.4341372043667935,1216891,0.015706831891587614,0.02105266608446965,0.02105266608446965,6.447612047195435,5.947029371261596,1.0135841316380487,1.098901123572093,59.39394209757651,0.13911261109173712,0.1557615780677007,-0.016648966975963575,0.02257018685540937,0.02459924222709797,2740533.9,0.44403428105742465,1
2022-11-24,6.568883419036865,6.636256516409495,6.459401935018672,6.53519687035055,1639359,0.00515457448511536,0.03038295074659292,0.001283662805090735,6.448454189300537,5.961177730560303,1.018675674231531,1.101943896985511,60.11903096834076,0.14263536294401202,0.15313633504296295,-0.010500972098950928,0.021184244082303405,0.024553879968485074,2769936.2,0.5918399853397345,1
2022-11-27,7.032074451446533,7.158398815159652,6.568883779247235,6.568883779247235,4482558,0.07051290194423654,0.11185089603140597,0.04375003583011239,6.477929973602295,5.9898113250732425,1.0855434498524048,1.1740060028285693,67.6328514308003,0.1807195914769757,0.15865298632976552,0.022066605147210178,0.02993597018816092,0.028602972612095063,3063445.6,1.4632406072430337,0
2022-11-28,6.989965915679932,7.07418188866963,6.745738228653618,7.032074303750131,2115878,-0.005988067398509878,0.09933772102869787,0.09498681408892473,6.538565826416016,6.017097463607788,1.0690365595831803,1.1616840109298847,70.70706579661896,0.20513909426669752,0.16795020791715193,0.03718888634954559,0.022833811531970803,0.02392915402178317,2809762.7,0.7530450881136688,1
2022-11-29,7.065761089324951,7.3268316583995325,6.922593046999899,6.989966148899838,2521853,0.010843425355622216,0.09816758815666726,0.109788428342807,6.608465528488159,6.0460679244995115,1.0691984483940267,1.1686539379905907,70.25640906518575,0.2279797545292821,0.17995611723957797,0.04802363728970413,0.022442550805394007,0.02387247410663086,2849224.6,0.8851015114778947,0
2022-11-30,7.057339668273926,7.411048875747498,6.947858170422509,7.065761507297291,3301930,-0.0011918632606682245,0.07989696250400025,0.10263167266122997,6.674154424667359,6.075038404464721,1.0574133020042709,1.161694659096687,66.66667732964139,0.24260500457106193,0.19248589470587477,0.05011910986518717,0.022707883924644387,0.023228160043669874,2971602.0,1.1111615889341844,1
2022-12-01,7.166820526123047,7.200507076057497,6.9899659381795045,7.057339038048406,456221,0.015513049250171385,0.09102568411449319,0.12417426373821172,6.753317832946777,6.106198501586914,1.0612295620323025,1.1736959622685852,65.08875501752385,0.26003232013510935,0.20599517979172172,0.054037140343387635,0.022204175723351847,0.02309060946241098,2627180.7,0.17365421419242308,1
2022-12-04,7.41104793548584,7.537372292206066,7.200506805518349,7.166820256849577,1397711,0.03407751156493788,0.05389213192436415,0.17177091120055277,6.861957025527954,6.141232547760009,1.0800195786588505,1.2067688168214685,89.10256247393555,0.29020539694915826,0.22283722322320904,0.06736817372594922,0.021990514430435922,0.023822678118537454,2419559.6,0.5776716556186505,1
2022-12-05,7.5289506912231445,7.62158930534105,7.377361619017778,7.411048168746826,2921312,0.015909053181636823,0.0771083553260481,0.1841058446451065,6.979017829895019,6.179635248184204,1.0787980307160783,1.218348719438646,91.07142736776261,0.31994343597112707,0.24225846577279264,0.07768497019833442,0.02166193604122813,0.02369685605126711,2373082.9,1.2310197844331523,1
2022-12-06,7.596324920654297,7.65527618442876,7.411048487597898,7.528951015146825,1980638,0.008948687831053848,0.0750894099902315,0.1806283444217469,7.095236587524414,6.219216985702515,1.0706232028979765,1.2214278643304526,91.27907474354576,0.344970972755255,0.26280096716928514,0.08217000558596987,0.021763260107106493,0.022851679757851438,2203435.1,0.8988864704932765,1
2022-12-07,7.798444747924805,7.950033836763949,7.579481749083968,7.596325427372087,5240944,0.026607580557928445,0.10501196123271428,0.19329906046579648,7.221561336517334,6.262672700881958,1.0798834745736132,1.2452262988015592,93.7823495225553,0.37677166759339986,0.2855951072541081,0.09117656033929178,0.021966202501577166,0.023127659225300138,2605840.4,2.0112298512218936,0
2022-12-08,7.495265007019043,7.958455721643992,6.737317149015154,7.798444792741231,4757010,-0.03887694927715413,0.04582847856993433,0.1410257312981822,7.314199495315552,6.301412277221679,1.024755342237993,1.1894579623226522,81.16590254540358,0.37320776920238785,0.30311763964376404,0.07009012955862381,0.028327721238145035,0.025283317338015927,2917605.5,1.6304500385675857,1
2022-12-11,7.646853923797607,7.933189994585516,7.4952640502862,7.4952640502862,1819175,0.020224624030852345,0.0318181707046683,0.08742505168224013,7.375677442550659,6.342846765518188,1.0367663151431377,1.2055870504973307,82.27845772701319,0.37825502428917357,0.31814511657284594,0.060109907716327626,0.020487470548923994,0.025047104171995637,2651267.2,0.6861530214683755,0
2022-12-12,7.630011558532715,7.7900224776604965,7.4110485718098635,7.6468544327379195,1555750,-0.0022025221656815086,0.013422968412767133,0.09156634675671715,7.4396820068359375,6.385123434066773,1.0255830224358908,1.1949669630228363,80.86958148639953,0.3765552773498362,0.32982714872824404,0.046728128621592147,0.020221075417415694,0.020992614072415868,2595254.4,0.5994595366065076,1
2022-12-13,8.926944732666016,8.926944732666016,7.663697881995394,7.630011331436872,6908049,0.16997787803911368,0.17516625814593345,0.2634087991105398,7.625800371170044,6.453507204055786,1.1706239736375808,1.383270282406405,88.1720518484898,0.47439139517893913,0.3587399980183831,0.11565139716055606,0.05483593711562315,0.04142549030008012,3033874.0,2.2769729395485774,1
2022-12-14,9.516459465026855,9.634361986640107,8.93536548251612,8.926944447508525,3396819,0.06603768142572353,0.22030222340925354,0.34844855318610124,7.871712350845337,6.531828498840332,1.2089440061926158,1.4569365173498383,89.95434557312872,0.5926642707584007,0.4055248525663866,0.18713941819201407,0.05540009672954542,0.0426688393717291,3043362.9,1.1161399779171917,0
2022-12-15,9.18801498413086,9.929119874195356,9.061690624649133,9.516459443194314,4853968,-0.03451330635127858,0.2258425786848921,0.2820210790322657,8.073831796646118,6.602738742828369,1.1379993063451699,1.391546045057517,80.33175015251963,0.6523734965026486,0.454894581353639,0.19747891514900962,0.05914823112942826,0.04412560227774793,3483137.6,1.3935619425428383,1
2022-12-18,9.272232055664062,9.465929520148887,8.691138055908159,9.188015277883268,2444486,0.009165970199075613,0.2125551433391648,0.25113642987875373,8.259950208663941,6.675333328247071,1.1225530204695822,1.3890290716162532,81.73302815759362,0.6984379440712711,0.5036032538971654,0.1948346901741057,0.05932353923543892,0.04373426437682261,3587815.1,0.681329982696154,0
2022-12-19,9.272232055664062,9.390134580776314,9.036425399138125,9.272232055664062,1977681,0.0,0.2152317181347958,0.23154373510151216,8.434278345108032,6.749106941223144,1.0993509671212183,1.3738457749172444,81.33971816837483,0.7265689164504341,0.5481963864078192,0.17837253004261489,0.05978000048534579,0.04384540656666371,3493452.0,0.566110826769625,0
2022-12-20,9.272232055664062,9.508037909039283,9.188015277883268,9.272232055664062,1163079,0.0,0.03867922714190786,0.22062078077426595,8.601869058609008,6.82456488609314,1.0779322485017526,1.3586554176602077,81.53477227993795,0.7403288644232777,0.586622882010911,0.15370598241236677,0.06007227288454095,0.044040054229875725,3411696.1,0.3409093207334616,0
2022-12-21,8.985896110534668,9.348027136043513,8.96905243346415,9.27223219552764,1573591,-0.03088101585577585,-0.05575217931017484,0.15226771503713588,8.720614194869995,6.894801406860352,1.030420095389695,1.3032857047330861,74.65753690281608,0.7198310404096482,0.6132645136906584,0.1065665267189898,0.06225541391475038,0.0454493762859353,3044960.8,0.5167853063986899,0
2022-12-22,8.758511543273926,9.129064418076332,8.682717403708242,8.985896371423232,1497081,-0.025304606737459046,-0.0467460535925065,0.16853927580571182,8.846938848495483,6.95964807510376,0.990004756816354,1.2584704641323903,68.34862647430614,0.6774293491028462,0.6260974807730959,0.05133186832975034,0.0610652631369599,0.04636705626707573,2718967.9,0.5506063532416106,0
2022-12-25,8.345850944519043,8.809041628879033,8.244791290265166,8.758511400176726,1100231,-0.047115379903995724,-0.09990918104547741,0.09140975199566737,8.916838550567627,7.012199144363404,0.935965241177072,1.1901902345753634,60.297246372386354,0.603569864000514,0.6215919574185795,-0.018022093418065488,0.06432672394490344,0.04647422079553062,2647073.5,0.4156405177264628,1
2022-12-26,8.354272842407227,8.581656865303305,8.295321577795418,8.345851003705327,989954,0.0010091119460640119,-0.09900088864752787,0.094922698126789,8.989264678955077,7.065760812759399,0.929361092455711,1.1823599841252797,59.69827412634312,0.5394962893045765,0.605172823795779,-0.06567653449120248,0.06426415309599551,0.046377237960948274,2590493.9,0.38214874777354235,0
2022-12-27,8.270055770874023,8.505862427330626,8.008985205501611,8.354272548630055,1187064,-0.010080718348784101,-0.10808360692157681,-0.0735849701621053,8.92357578277588,7.115616941452027,0.926764782659966,1.1622401597670067,56.22220723528504,0.47642991836004356,0.5794242427086319,-0.10299432434858835,0.031690837225501665,0.04659062639955321,2018395.4,0.5881226245363025,1
2022-12-28,8.421645164489746,8.497440099474261,8.261634259750736,8.270055294520716,1549611,0.01832991189123523,-0.06279295232263138,-0.11504428769549957,8.814094352722169,7.169683895111084,0.9554748142546015,1.1746187541451247,62.731472076294985,0.4336821443943837,0.5502758230457823,-0.11659367865139858,0.021349549743830555,0.04657332793709973,1833674.6,0.8450850548946907,1
2022-12-29,8.758511543273926,8.825884647210591,8.421646023590602,8.421646023590602,932685,0.04000006794451427,0.0,-0.0467460535925065,8.771144008636474,7.226614217758179,0.9985597699285167,1.211979950687193,64.53744798310966,0.4221205836759303,0.524644775171812,-0.10252419149588166,0.025243421892036315,0.047049706690367024,1441546.3,0.6470031521013234,1
2023-01-02,8.85957145690918,8.977473979964552,8.800619392230791,8.758511004075,886399,0.011538480384017058,0.06155400040154224,-0.044504990414126255,8.729877948760986,7.286071043014527,1.0148562796535547,1.2159600701949285,65.7327473121783,0.4163136493440476,0.5029785500062591,-0.08666490066221155,0.025396687983635046,0.0467384107786158,1285737.6,0.6894089431622751,0
2023-01-03,8.851150512695312,8.960632011698724,8.775355566989044,8.859572351807294,1043206,-0.0009504911445011865,0.05947587296477552,-0.04541317995935257,8.687769794464112,7.348222799301148,1.0188058295853222,1.2045294154032864,48.553066604523806,0.4063479855929586,0.48365243712359907,-0.07730445153064047,0.025380786634189335,0.046777086091073575,1192290.1,0.8749598776338073,1
2023-01-04,9.13748550415039,9.33960479931069,8.093200872854142,8.85114943443129,2839231,0.03235003077220133,0.10488801494318012,-0.014532266956299944,8.674295139312743,7.411890439987182,1.0533980406936378,1.2328144321796253,41.81818631037949,0.41675092088304666,0.4702721338754886,-0.05352121299244195,0.02792983828672409,0.0470650046963001,1359905.3,2.087815232428317,0
2023-01-05,9.086956024169922,9.373292117376602,9.086956024169922,9.137486253680233,1686115,-0.00552991082256904,0.07900010588020145,0.0112465036755518,8.68440113067627,7.474547491073609,1.046353788526844,1.2157198860562346,47.520680493280885,0.41612122880837,0.4594419528620649,-0.043320724053694915,0.026012092366119715,0.047026302585078276,1371157.7,1.2297017330683409,1
2023-01-09,9.221702575683594,9.305919360289238,9.095378201925909,9.086956362835188,2310932,0.01482856868188498,0.052884674538720366,0.052884674538720366,8.730720233917236,7.538552007675171,1.0562361785295769,1.2232723958519844,48.79033178662132,0.42163477070755384,0.4518805164311627,-0.030245745723608886,0.02448084346087493,0.04568322200159608,1452542.8,1.5909562182952544,0
2023-01-10,8.699560165405273,9.246966828586144,8.438489591820824,9.221702115724915,1767352,-0.056621042154963885,-0.018060838752998687,0.04238144477268935,8.76609115600586,7.5919452571868895,0.9924104153816602,1.145893426611561,39.03225830018907,0.3794971566096983,0.43740384446686986,-0.05790668785717157,0.0268208788004704,0.0480664731278428,1519254.9,1.1633018264413695,0
2023-01-11,8.50586223602295,9.137485645535028,8.371115234013786,8.699559696094319,2360182,-0.022265255449647303,-0.0390105530548952,0.01814513321210165,8.781250095367431,7.632369155883789,0.968639105326272,1.1144458637022012,36.33633551936912,0.3267069157947269,0.4152644587324413,-0.0885575429377144,0.028133950165646914,0.04848717379545008,1656277.7,1.4249917148555462,0
2023-01-12,8.430068016052246,8.918523430073083,8.295321805722466,8.50586296015044,1039045,-0.008910821486116882,-0.07741927336320531,0.019348387678564727,8.797251319885254,7.671950912475586,0.9582615875707644,1.0988167302196712,39.28572216425368,0.2755776222150246,0.387327091428958,-0.11174946921393342,0.028079774231338613,0.029541320848287957,1641475.8,0.6329944066187269,0
2023-01-15,8.371114730834961,8.547969306993831,8.337428183145208,8.430066791655017,518989,-0.006993215844169787,-0.07877679735996657,-0.006000066812105631,8.792198276519775,7.712880086898804,0.9521071372094339,1.0853422633983696,42.0138696386085,0.2276757469746773,0.3553968225381019,-0.1277210755634246,0.027609128910941732,0.024756863157071738,1538413.6,0.33735336193075777,1
2023-01-16,8.590079307556152,8.674296094190849,8.371116304826584,8.371116304826584,762986,0.02615715872518587,-0.06849312943500785,-0.01923069175459624,8.775355052947997,7.759199151992798,0.9788868092203741,1.1070832362061438,55.471705208388535,0.20501845201513014,0.32532114843350757,-0.12030269641837743,0.02564357202531966,0.024808704109768077,1521443.7,0.501488158911171,0
2023-01-17,8.489018440246582,8.758510834174826,8.42164534176452,8.590078087969674,3085504,-0.011764835188503242,-0.024201421813936363,-0.041825162589960274,8.738299751281739,7.803328561782837,0.9714725612384043,1.087871460625398,52.89853021002451,0.17686878191084432,0.29563067512897495,-0.11876189321813063,0.025370338951703156,0.024706919919471715,1741354.2,1.7718991345930657,1
2023-01-18,8.76693344116211,8.800619993357564,8.505862862435032,8.489019184761927,3416090,0.03273817849162963,0.030693091175813425,-0.009514816340814636,8.729878044128418,7.850321350097656,1.0042446637680826,1.1167610917039785,59.86621693580579,0.17496845603993982,0.27149823131116796,-0.09652977527122814,0.027924035686446816,0.026041996104109347,1978642.6,1.726481578835915,0
2023-01-19,8.716403007507324,8.969051718211345,8.556391300700735,8.766932428387863,2190439,-0.0057637523991612705,0.033965917108835786,-0.046082972876050454,8.687769794464112,7.89866159439087,1.0032958070621827,1.1035291110201713,56.097554239105826,0.16745473643597464,0.25068953233612934,-0.0832347959001547,0.025415163311282307,0.026045076923527918,1913763.4,1.14457147628594,1
2023-01-22,8.758511543273926,8.842728324770132,8.69113843933726,8.716403955676574,1192767,0.004830953287764839,0.046277804676597034,-0.03614460992464186,8.654925346374512,7.945822811126709,1.0119684679825465,1.1022787383339572,50.0,0.16301868847195955,0.23315536356329541,-0.07013667509133586,0.02557523249842019,0.025227119794924337,1864428.6,0.6397493580606948,0
2023-01-23,8.758511543273926,8.825884647210591,8.682717403708242,8.758511543273926,1129272,0.0,0.019607762593019773,-0.05022836386320262,8.608606243133545,7.989783802032471,1.0174134227895426,1.096213835103511,47.5000011795897,0.15768538948622535,0.21806136874788143,-0.06037597926165608,0.024821189459442262,0.024568693224248483,1746262.6,0.6466793711323829,1
2023-01-24,8.994318962097168,9.011161837913965,8.674296290069838,8.75851227545546,2064849,0.026923229781472324,0.05952402217139108,0.03388203438882287,8.638082122802734,8.034923849105835,1.041240270031011,1.119403136981578,53.18352218772227,0.17052074261451544,0.20855324352120824,-0.0380325009066928,0.018790374539848508,0.02254453149395101,1776012.3,1.162632150689497,1
2023-01-25,9.575411796569824,9.870169739864593,8.96905303493101,8.994318552231096,7148331,0.06460665192344539,0.09221905935908947,0.1257426385319591,8.745037078857422,8.098759937286378,1.0949538246921755,1.1823306124293176,58.60926345265963,0.22498865858333517,0.21184032653363366,0.013148332049701505,0.024707276248278263,0.02627782678053939,2254827.2,3.1702345084359456,1
2023-01-29,9.802796363830566,9.853325790739833,9.516460267508856,9.575411533286587,2566300,0.0237467141979415,0.12463780706187477,0.1628371615940012,8.882309913635254,8.167480583190917,1.1036314268636667,1.200222793795826,63.157868903898034,0.28323791824257327,0.2261198448754216,0.05711807336715166,0.02374916690903279,0.026197495253597786,2407552.7,1.0659372066912596,0
2023-01-30,9.642784118652344,10.190191568362303,9.642784118652344,9.802795835933223,3956854,-0.016323122427455594,0.10096151281064336,0.15191159465694515,9.009476852416991,8.232327251434326,1.0702934561694837,1.171331486727799,57.66867628076426,0.3128825104600388,0.24347237799234506,0.06941013246769373,0.024884845269361563,0.02667988656711904,2751339.2,1.438155644349486,0
2023-01-31,9.339605331420898,9.844903598110267,9.095377635066686,9.64278429143452,2354269,-0.03144100121924298,0.06634618054402419,0.08725484329410493,9.084429454803466,8.291615629196167,1.0280893674046316,1.1263914958303884,62.66663344944263,0.3083575155183915,0.25644940549755435,0.05190811002083717,0.028319550870790137,0.026829464175444163,2910467.5,0.8088971960690164,1
2023-02-01,9.853324890136719,9.853324890136719,8.94378725739491,9.339604813376283,6293918,0.05500441833313152,0.09550538864137192,0.16071427568373942,9.22086009979248,8.36218900680542,1.0685906502755065,1.1783188447567694,73.66857690394147,0.34227872341872256,0.273615269081788,0.06866345433693455,0.030713847964215817,0.029168457593516252,3231308.9,1.9477921160678882,0
2023-02-02,9.011160850524902,9.912277497782904,8.985896137992654,9.853325431006683,3539089,-0.08547003666293718,-0.05892706841569484,0.02785779212331052,9.245282840728759,8.415245370864868,0.9746766005716487,1.0708137972688476,58.04193441439006,0.29777337917309943,0.27844689110005033,0.019326488073049097,0.04342876255364976,0.035600864340151785,3243608.8,1.0910961272518438,0
2023-02-05,8.76693344116211,9.171172870658312,8.463754471403025,9.01116114536684,1844106,-0.02710276882346041,-0.10567014596880608,0.005797165827608364,9.250335884094238,8.461901292800903,0.9477421740151805,1.036047708169406,55.21065537506786,0.24002856251669513,0.2707632253833793,-0.030734662866684193,0.04445278182549304,0.03537117719144012,3208975.5,0.5746712619027474,1
2023-02-06,8.783777236938477,8.926945286481827,8.674295740043517,8.766933559038897,2369743,0.0019212870599978338,-0.08908286975462443,0.0028847017600786007,9.252862453460693,8.50687289237976,0.9493037728722777,1.032550662042542,52.69320743718652,0.19339519343168377,0.2552896189930402,-0.061894425561356436,0.04443791300831415,0.03536537701596272,3326673.1,0.712346217607014,1
2023-02-07,9.54172420501709,9.600675466000823,8.809041149209458,8.783776437809387,15145292,0.08628941144946323,0.021641050817876595,0.08942303242662608,9.33118371963501,8.566329708099365,1.022563105786788,1.1138637584770406,62.376236735686014,0.2151181502239794,0.24725532523922805,-0.032137175015248653,0.051928431617374204,0.04032148526628509,4728275.1,3.20313257576743,0
2023-02-08,9.457508087158203,9.684892915023283,9.095377854738974,9.54172486854914,4340253,-0.00882609013312352,-0.04017088722759288,0.05149796521703909,9.377502632141113,8.614838380813598,1.0085316377030782,1.0978160783864899,58.50622143428718,0.22296797705285876,0.2423978556019542,-0.019429878549095447,0.051850307640789295,0.03798301477886341,4955815.5,0.8757898674799334,0
2023-02-09,9.423821449279785,9.684892826689929,9.280654207262183,9.457508000898764,3520585,-0.003561893637094471,0.04579438827027982,-0.015831209196072726,9.36234359741211,8.663515491485596,1.0065665024176926,1.0877595196247307,58.75000471836994,0.22388992750623338,0.23869626998281004,-0.014806342476576667,0.04763388163225685,0.037507082143614805,4593040.9,0.76650416938373,0
2023-02-12,9.272232055664062,9.482773196965331,9.21327998995722,9.423821131258489,3289391,-0.016085766738217155,0.057636871306618875,-0.054123771266342935,9.309287166595459,8.707644910812379,0.9960195544225597,1.0648380992374449,56.186616396592115,0.2099681999945897,0.23295065598516598,-0.022982455990576273,0.0470356263876659,0.037689095809767134,4665350.0,0.7050684300213275,0
2023-02-13,9.263810157775879,9.41540003554771,9.25538831942173,9.272231996130028,1641974,-0.0009082923979495394,0.05464994248928767,-0.03930130097420759,9.271389770507813,8.751774320602417,0.9991824728633408,1.0585065174690447,56.07287486515395,0.1959962313149628,0.22555977105112537,-0.029563539736162575,0.046859529907141394,0.03760788237877544,4433862.0,0.3703259145187649,1
2023-02-14,9.474350929260254,9.533302189145212,9.221701410516511,9.263809797498915,8977262,0.0227272329525936,-0.007060912085617654,0.014427333174993562,9.284864330291748,8.79792492866516,1.0204081171493598,1.076884720667618,55.80446266139715,0.1996112321394765,0.2203700632687956,-0.02075883112931909,0.04633678415060099,0.03751763057665009,5096161.3,1.761573363072319,1
2023-02-15,9.727001190185547,9.853325557620776,9.533302916547358,9.47435165216435,7355743,0.026666761956749552,0.028495149096755545,-0.012820413551736576,9.272231960296631,8.844243993759155,1.0490463603408782,1.0998114928816187,51.991148169944516,0.22032316263546647,0.2203606831421298,-3.752050666333551e-05,0.043544556852581816,0.03756682951486719,5202343.8,1.4139286603857284,0
2023-02-16,9.693315505981445,9.937543227186023,9.64278527259565,9.727002060521704,2752307,-0.0034631109368106205,0.02859710979798491,0.07570108521776153,9.340447425842285,8.887531290054321,1.037778498614839,1.0906645714799166,48.48485488399668,0.23135247624840183,0.2225590417633842,0.008793434485017626,0.03192153023700982,0.03715661267838189,5123665.6,0.5371753769410713,0
2023-02-19,9.482773780822754,9.752266201272883,9.390135158929947,9.693314935087109,600603,-0.021720300451251395,0.022706692832399344,0.08165230687159819,9.41203145980835,8.925260267257691,1.0075161585802694,1.0624646785495209,47.81610296542872,0.22056182962196225,0.22215959933509982,-0.0015977697131375757,0.031307745028233004,0.0375843069519364,4999315.3,0.1201370515678417,0
2023-02-20,9.230123519897461,9.55856798423526,9.179593293402915,9.482773046068791,1244085,-0.026643075830432017,-0.0036363696259623657,0.050814845472396675,9.456666088104248,8.953893842697143,0.9760441400704885,1.030850229191137,48.48484208570198,0.18943965740923652,0.21561561094992718,-0.02617595354069066,0.03320063008752816,0.038240147027181946,4886749.5,0.2545833380655178,1
2023-02-21,9.457508087158203,9.51646015539216,8.943787969495586,9.230124062443872,1055009,0.024635051391302287,-0.0017777304458962417,-0.00882609013312352,9.44824447631836,8.993138704299927,1.0009804584188167,1.05163596360815,44.05064016925926,0.1810362724951755,0.20869974325897686,-0.02766347076380135,0.019359627200006835,0.03852339000692827,3477721.2,0.3033621556552607,0
2023-02-22,9.280653953552246,9.474351419278483,9.26381027662785,9.457507742354085,1519823,-0.01869986596639517,-0.04588744546301293,-0.01869986596639517,9.430559062957764,9.02581470489502,0.9841043242076358,1.0282344870783817,55.063300211574074,0.15828131043729954,0.1986160566946414,-0.040334746257341875,0.02005828933753917,0.03847951525996711,3195678.2,0.4755869974642628,1
2023-02-23,9.339605331420898,9.449086823324611,9.280654067761487,9.280654067761487,1606625,0.0063520715419076446,-0.03649011262888158,-0.008936514588285482,9.422137451171874,9.060006580352784,0.9912406160302075,1.0308607668866867,61.564626636407475,0.1433522471115367,0.18756329477802047,-0.04421104766648376,0.02020082748815841,0.03561019642056849,3004282.2,0.5347783240868651,1
2023-02-26,9.516459465026855,9.583832563991768,9.314340168132118,9.339604879456287,614305,0.01893593222948864,0.003552302836984822,0.02633965671875127,9.446560192108155,9.071796875,1.0073994418600218,1.0490159332438598,63.897751788247476,0.14413006573813547,0.1788766489700435,-0.03474658323190802,0.02027541648635281,0.03545266269728091,2736773.6,0.22446321464077262,0
2023-02-27,9.238545417785645,9.67647056991116,9.179593352636488,9.516459657422207,2348662,-0.029203512951696986,0.0009124360979599899,-0.002727251482914639,9.44403371810913,9.066238594055175,0.978241469010275,1.019005326403328,42.96875967634345,0.12092717837804301,0.1672867548516434,-0.046359576473600395,0.0226803355922531,0.03586247484232169,2807442.4,0.8365842162959426,0
2023-02-28,8.935365676879883,9.246966467158277,8.901679126664671,9.238545431967506,1830830,-0.03281682637204919,-0.055209300956063356,-0.056888884146753305,9.390135192871094,9.061185607910156,0.9515694389217667,0.9861144074876431,39.00708678744618,0.07718491204500033,0.1492663862903148,-0.07208147424531447,0.023278257452025396,0.03592413694368883,2092799.2,0.8748235377765817,1
2023-03-01,9.086956024169922,9.137486253680233,8.910101425609957,8.935366138789737,757518,0.016965209122025815,-0.02087115092877534,-0.06580087259179368,9.326130676269532,9.057480087280274,0.9743543533323854,1.0032543198114277,43.24325461695345,0.05412698279814343,0.13023850559188052,-0.07611152279373709,0.02194845433173361,0.033708270834043826,1432976.7,0.5286324613652127,1
2023-03-02,9.28907585144043,9.390135512918972,9.061691813901406,9.086956528483343,4186091,0.022242853022827358,-0.005410237176776023,-0.04170292964172806,9.285706710815429,9.057816963195801,1.0003628308248285,1.0255314154817095,50.33113551245574,0.05156834088787754,0.11450447265107994,-0.0629361317632024,0.02378105263722186,0.028052863277182153,1576355.1,2.655550770254748,0
2023-03-05,9.280653953552246,9.34802705494839,9.070112810901614,9.289074988863725,2181334,-0.0009066453997012003,-0.024778701820902915,-0.021314420436693293,9.26549472808838,9.057985401153564,1.0016360945539056,1.0245825691406307,50.33113551245574,0.048304201201998964,0.10126441836126374,-0.05296021715926477,0.022953787567554364,0.027227577970005728,1734428.2,1.2576675125554346,1
2023-03-06,9.381712913513184,9.381712913513184,9.204858334608021,9.280653268874614,1186616,0.010889206780763105,0.01549675725487254,0.016423333153553044,9.28065366744995,9.065901737213135,1.0108892379442709,1.0348350539697255,48.096888660404595,0.05325803499254356,0.09166314168751971,-0.038405106694976154,0.02148230802652332,0.0272792922704215,1728681.3,0.6864284353628398,0
2023-03-07,9.348027229309082,9.533302860028906,9.255388610798434,9.381713780635481,1881295,-0.00359056864291607,0.04618295068739653,-0.011576078692206337,9.26970558166504,9.077692050933837,1.0084492055280545,1.0297801662425237,41.44486741130075,0.05384513754158782,0.08409954085833334,-0.030254403316745518,0.019954329313221986,0.019135370451454227,1811309.9,1.0386378388369655,0
2023-03-08,9.230123519897461,9.432242819574244,9.053268931892601,9.348026846284268,304853,-0.012612683566213256,0.015755275512144618,-0.005444706149769107,9.264652538299561,9.095377502441407,0.9962730368722023,1.0148147800814078,39.92671288107808,0.04428607425753128,0.07613684753817293,-0.03185077328064165,0.019440041036990836,0.019236898530478788,1689812.9,0.18040636333170376,1
2023-03-09,9.676469802856445,9.727000025671515,9.204858137952133,9.230122847784346,1534876,0.048357563362699585,0.041704251059156094,0.03606838399287016,9.298338985443115,9.12182144165039,1.0406664908652297,1.0608045624170543,53.820562509899176,0.07189806634501039,0.07528909129954042,-0.003391024954530031,0.02484252080559,0.022159797206954344,1682638.0,0.9121843200973709,0
2023-03-12,9.508038520812988,9.642784731411632,9.179594030115716,9.676471284061293,1436690,-0.017406273721201182,0.024500920775492263,-0.0008848820556441872,9.297496891021728,9.14658109664917,1.0226449798541555,1.0395183096661371,55.67012395412612,0.0792759286283733,0.07608645876530701,0.0031894698630662854,0.025043928509196674,0.022217021094248744,1764876.5,0.8140456286884663,0
2023-03-13,9.103799819946289,9.550146839955543,8.969052807219205,9.508038448675252,3015762,-0.04251546730504141,-0.02962285204513082,-0.014585152937598767,9.284022331237793,9.160224189758301,0.9805878847700407,0.9938402850581869,43.269238447059465,0.05190591378262788,0.07125034976877119,-0.019344435986143313,0.027053222229823905,0.02430345331435851,1831586.5,1.646529934567655,1
2023-03-14,9.145907402038574,9.263810736915408,8.842728430691981,9.10379981393684,879463,0.0046252754811269,-0.021621655811698615,0.023562743011566356,9.305076503753662,9.167972106933593,0.9828943801105903,0.9975932840286096,47.29728902549223,0.03322965897030272,0.0636462116090775,-0.030416552638774783,0.024667724728474026,0.023719422472405074,1736449.8,0.5064718830339927,0
2023-03-15,8.421645164489746,9.26380968093872,8.295320808282668,9.145906359501623,1039745,-0.07918976277710765,-0.08759128235552549,-0.0732160316293542,9.238545417785645,9.159213581085204,0.9115769619183516,0.9194725169288968,35.46664178385595,-0.03955732496313935,0.043005504294634136,-0.08256282925777349,0.03501750371693859,0.02844443447127092,1764672.5,0.5891999790329367,1
2023-03-16,8.430068016052246,8.758511702943395,8.211105022690969,8.421646177118943,730110,0.0010001432496842266,-0.12880748994186575,-0.09247505878154494,9.152644634246826,9.150791931152344,0.9210526960163092,0.9212391757431929,31.830993553243957,-0.0954614601144037,0.015312111412826568,-0.11077357152723027,0.03366387807737955,0.02848936796359956,1419074.4,0.5144973371375032,1
2023-03-19,8.50586223602295,8.741668084025264,8.329007649233539,8.430067298377388,182179,0.008990938130793102,-0.10540305264816574,-0.08348460371510125,9.075165462493896,9.138159465789794,0.9372680058756196,0.9308069385160158,36.85799932397573,-0.13212685375246913,-0.014175681620232573,-0.11795117213223656,0.0340756612780091,0.028457158818687864,1219158.9,0.14943007019019425,1
2023-03-20,9.086956024169922,9.086956024169922,8.379537629930065,8.505862802130467,518779,0.06831685865849058,-0.0018501939969575165,-0.03141823801906163,9.04568977355957,9.138159465789794,1.0045619794226166,0.9943967445729569,52.472540634509976,-0.11299252260529613,-0.033939049817245284,-0.07905347278805085,0.0416395861537976,0.03232081311210038,1152375.2,0.45018237115828247,1
2023-03-21,9.221702575683594,9.305919360289238,8.84272865125976,9.086956362835188,851431,0.01482856868188498,0.008287332280242143,-0.013513509377617083,9.033057308197021,9.138159465789794,1.0208838780769594,1.0091422249968998,52.20994993624724,-0.08596456078684511,-0.04434415201116525,-0.041620408775679865,0.04198711999106737,0.03199566996815869,1049388.8,0.8113589548506711,0
2023-03-22,9.129064559936523,9.339605713797972,8.893258692493916,9.221702378501286,748585,-0.010045652089381463,0.08400014268348,-0.010948819887738659,9.022951412200928,9.14674955368042,1.0117603589876487,0.9980665269514479,47.27793417358767,-0.07119908129310204,-0.049715137867552606,-0.021483943425549434,0.04191302918668889,0.0317983613477098,1093762.0,0.6844130624395435,1
2023-03-23,9.28907585144043,9.364870798337035,8.901680080863951,9.12906492155377,639726,0.017527676625941124,0.10189809070964673,-0.04003463652639716,8.984212017059326,9.16241382598877,1.033933285835444,1.0138240891382126,50.13624398581001,-0.0460548666262639,-0.04898308361929487,0.0029282169930309673,0.03896623097134188,0.032019554872087554,1004247.0,0.6370205736238196,1
2023-03-26,9.583831787109375,9.61751833386114,9.356446994171991,9.28907390066846,1563258,0.03173145966110691,0.12673254294210712,0.007971493397978646,8.991791343688964,9.185489101409912,1.0658423244925432,1.0433665187886751,53.07691704633851,-0.0023168475418859913,-0.039649836403813095,0.037332988861927104,0.04008407309400976,0.032536857526047645,1016903.8,1.537272257218431,1
2023-03-27,9.962806701660156,10.257564619545063,9.684892460523283,9.583832809487214,3801214,0.03954315173399814,0.09638548653263035,0.09435696068709643,9.077692031860352,9.217322940826415,1.0975043729940694,1.0808785550446278,58.468672861198435,0.06220885116407615,-0.019278098890235247,0.08148695005431139,0.038431356965495975,0.03282380482370738,1095449.0,3.4700054498201194,1
2023-03-28,10.32493782043457,10.560743675140456,9.684892554510732,9.962806798344634,2657772,0.036348303205970156,0.11963465918539407,0.12891344363853907,9.195595073699952,9.252020111083985,1.1228134490137152,1.1159657779024088,64.1304476265689,0.1409421932300816,0.012765959533828124,0.1281762336962535,0.03926318853952057,0.03234789074950694,1273279.9,2.0873430892924643,1
2023-03-29,11.192367553710938,11.70608767295594,10.518635709960428,10.324938236575685,3710070,0.08401307091260124,0.22601472256307065,0.3290001341904156,9.47266731262207,9.306087093353272,1.1815434010648103,1.2026931879570428,67.64708102762322,0.2702183551302788,0.06425643865311827,0.20596191647716056,0.02941224743406303,0.03655351397005458,1540312.4,2.408647752235196,1
2023-03-30,11.655557632446289,12.27875921374483,10.956561112285629,11.19236696407278,4427393,0.04138445923193235,0.2547596573494333,0.38261727073283125,9.795216274261474,9.363859577178955,1.1899234591760026,1.2447386183420055,73.39448893159027,0.405373321815814,0.13247981528565742,0.27289350653015654,0.02783644055931161,0.037106823180393635,1910040.7,2.317957413158788,1
2023-04-02,12.144013404846191,12.245073058875267,11.537654677521006,11.65555800879696,3028463,0.0419075421188051,0.2671354917957096,0.4277227949231772,10.159031391143799,9.432411785125732,1.195390873133123,1.2874770187616777,82.5225119713923,0.545609459076374,0.21510574404380076,0.33050371503257325,0.026564373561311687,0.03755144936512824,2194669.1,1.3799178199574595,0
2023-04-03,12.110326766967773,12.632468710629018,11.916628495766416,12.144013318070089,2678023,-0.0027739295696902477,0.21555372191952338,0.33271545881328635,10.461368465423584,9.499448089599609,1.1576235754427584,1.2748453018261834,81.76894417657064,0.6465760518107135,0.3013998055971833,0.3451762462135302,0.026632540313165462,0.0377387671292076,2410593.5,1.1109392769871818,0
2023-04-04,12.034531593322754,12.110326532623958,11.840834129020317,12.110326532623958,2197878,-0.006258722419593132,0.1655790865398381,0.3050227433116546,10.7426513671875,9.564968490600586,1.1202571117667646,1.2581883155338134,94.96854659088157,0.7122662054649549,0.38357308557073766,0.32869311989421723,0.02867507621855022,0.03780709871073462,2545238.2,0.863525464925051,0
2023-04-05,11.781882286071777,12.042953659360649,11.571341140989077,12.034531820801165,1223267,-0.020993696787597216,0.052671137677691826,0.2905903128100673,11.007933139801025,9.620719757080078,1.0703083073308657,1.224636262520926,89.32805651837634,0.7354614955789973,0.4539507675723896,0.2815107280066077,0.03041703412738424,0.038155306933907764,2592706.4,0.471810845994749,0
2023-04-06,11.562918663024902,11.866098409195267,11.453437980408587,11.781881634558902,710488,-0.018584774294148843,-0.007948051250975974,0.24478676328516302,11.235317420959472,9.66046989440918,1.0291581652561317,1.1969312869259836,84.70361218722367,0.727785932484224,0.5087178005547566,0.2190681319294674,0.03354916841491348,0.037822316546834045,2599782.6,0.27328746642123075,0
2023-04-09,11.537654876708984,11.630293496864683,11.419752346548275,11.562919589864743,445213,-0.0021848970015421187,-0.04993065372401795,0.20386658833344473,11.430699729919434,9.695167064666748,1.0093568328550875,1.1900418837295785,81.83807499468486,0.7114631131171425,0.5492668630672337,0.16219625004990879,0.03423439680916105,0.03740060632448075,2487978.1,0.17894570695779033,1
2023-04-10,11.891364097595215,12.211386743102898,11.537654900094656,11.537654900094656,1609977,0.030656942391322772,-0.018080657408006795,0.193575711512469,11.62355546951294,9.740138664245606,1.02304016432706,1.2208618899078298,82.81573508673007,0.7187828578647153,0.58317006202673,0.13561279583798524,0.03376088854291257,0.03548335367433184,2268854.4,0.7095990822504962,1
2023-04-11,12.042953491210938,12.169277855236462,11.95873671309344,11.891363611859731,1808102,0.012747855701969346,0.0006998110248725986,0.16639477163495964,11.795357036590577,9.794205627441407,1.020991009755134,1.2295998214974155,85.30612009077757,0.7284190441762917,0.6122198584566424,0.11619918571964927,0.03318298230838111,0.03541631965824463,2183887.4,0.8279282164455916,1
2023-04-12,12.28718090057373,12.531408587700628,11.984001148863994,12.042953213446832,2341711,0.020279693809415855,0.042887766337582844,0.09781785146073019,11.904838371276856,9.842882747650146,1.032116566170219,1.2483315320917674,85.59999655747755,0.7471502194501873,0.6392059306553514,0.10794428879483597,0.02332199329169422,0.027723458240734352,2047051.5,1.1439433741652323,1
2023-04-13,13.129345893859863,13.685174386595952,12.127169596707814,12.28718131622319,4131660,0.06854013138577697,0.13546988234415003,0.12644510952533916,12.052217197418212,9.925246448516846,1.0893718291662045,1.3228231623227666,87.2566399705614,0.8204923622836127,0.6754632169810038,0.1450291453026089,0.028449179546591048,0.0294228607404351,2017478.2,2.047932909510497,1
2023-04-18,13.920980453491211,14.29995353350047,13.163031884020612,13.129345334476408,2644739,0.06029504942828634,0.20656932472416356,0.1463245295773392,12.229913902282714,10.028327388763428,1.138272972706117,1.3881657343067435,88.2736156952545,0.9317541500321447,0.7267214035912319,0.20503274644091274,0.03104848243510809,0.030376671503868836,1979105.8,1.3363302760266782,0
2023-04-19,13.62622356414795,14.27469069542654,13.533584943593434,13.920981497120174,1484053,-0.02117357253162011,0.14589238478565925,0.1251738971499059,12.381503582000732,10.125176315307618,1.1005305998503037,1.3457764230285372,82.34324502352177,0.9847934153572346,0.7783358059444325,0.2064576094128021,0.032667309649578896,0.030307601840102248,1859708.8,0.7980028916355076,1
2023-04-26,13.979931831359863,14.10625619241976,13.390416004678478,13.626222656611313,948224,0.02595790870058523,0.16083914477977101,0.16165151281139156,12.576043605804443,10.213940467834473,1.1116319463863387,1.3687109177290755,80.36697945394617,1.0433417224367343,0.8313369892428929,0.2120047331938414,0.032215613084588646,0.030292630783244904,1734743.4,0.5466076423752355,1
2023-04-27,14.948421478271484,15.08316768421939,14.10625688794633,13.979932520657853,2174267,0.06927713658367773,0.216586749982129,0.2687634382447619,12.892697525024413,10.323758735656739,1.1594487072435353,1.4479630782770856,82.3140594250658,1.15458140241007,0.8959858718763283,0.25859553053374174,0.03346002406976781,0.031133608692311337,1829843.4,1.1882257246713026,0
2023-04-30,14.224159240722656,15.521093464814157,14.123100390661854,14.94842129346474,2453162,-0.04845075037532165,0.08338673957663034,0.23015301372028873,13.15882158279419,10.419765491485595,1.080959959159371,1.3651131834344816,69.51026457752482,1.1708014700216385,0.9509489915053904,0.21985247851624812,0.038668566824021255,0.035238003643889966,2004110.8,1.2240650566824949,0
2023-05-02,13.584114074707031,14.48523153163717,13.474633385224728,14.173629927831202,2374530,-0.04499704729002374,-0.003090327209345989,0.14235120236997378,13.596747016906738,10.605210113525391,0.9990708849562326,1.2808906121890489,63.218390056540706,1.1052769966166558,1.01688947921587,0.08838751740078576,0.0436790416559664,0.038053364127682524,2036044.8,1.166246440156916,0
2023-05-03,13.297779083251953,13.828342880876917,12.893540458290506,13.5841143743576,3393258,-0.02107866511429113,-0.0487951412307821,0.10419583476402194,13.72222957611084,10.681678676605225,0.9690684017123707,1.244914726032384,62.85715163908901,1.0189999372519818,1.0173115708230924,0.0016883664288893652,0.04509496557944971,0.038623278928313375,2194560.4,1.5462130821279743,1
2023-05-07,13.47463321685791,13.626223097555794,13.061972767347811,13.297778623760621,961850,0.013299524115925276,-0.09859156457127083,0.0966415588647136,13.840974807739258,10.756631317138671,0.9735320961153324,1.2526815152052868,66.33095217844551,0.9538994377268359,1.004629144203841,-0.05072970647700514,0.044986937975433544,0.03487659917047698,2056574.3,0.4676952347406072,1
2023-05-08,14.106256484985352,14.207316939710116,13.56727167659043,13.474633060284514,2068988,0.04687498783545574,-0.008288908591500999,0.07440664592303525,13.938665866851807,10.84489013671875,1.012023433213368,1.3007283897901585,69.88266354375764,0.9424100257246852,0.99218532050801,-0.049775294783324764,0.0423051561330258,0.03515800405688346,1850307.1,1.1181862729705787,0
2023-05-09,13.895715713500977,14.518917316380602,13.895715713500977,14.106256860675234,2296498,-0.01492534689897873,-0.023090540654337688,-0.0018148678589587908,13.936139392852784,10.933148975372314,0.9970993631584556,1.2709710390667914,65.8666725853908,0.9058733590436248,0.9749229282151329,-0.06904956917150817,0.03848894996419638,0.034751969883092516,1815483.0,1.26495153080475,1
2023-05-10,14.299954414367676,14.316798091752682,13.474633498120172,13.895715794936427,937926,0.029090887378614427,0.052696873401078426,0.049443695610013716,14.003512477874756,11.034545593261718,1.0211691128894478,1.2959259892949275,67.17949306116415,0.8991713842595832,0.959772619424023,-0.060601235164439826,0.038629014125943044,0.03499418072569811,1760870.3,0.532649111067408,0
2023-05-11,14.249424934387207,14.737880332586588,14.165208154083558,14.299954360048803,1687480,-0.0035335413328101417,0.07156426988126285,0.01927713999454661,14.03046178817749,11.1303839302063,1.0156062679557862,1.280227620515072,65.38970725507654,0.8796427402649876,0.9437466435922159,-0.06410390332722837,0.038014906041561186,0.03493723259780524,1834795.9,0.9197099252292857,1
2023-05-14,14.350484848022461,14.443121857173516,14.08941267834757,14.249424394228726,826378,0.007092209973426522,0.06500003503388774,-0.039999984688561474,13.970668125152589,11.231780548095703,1.027186725750507,1.277667844966533,60.83707883141476,0.8623798614108935,0.9274732871559515,-0.06509342574505794,0.03016313670868632,0.03422302070329215,1700007.0,0.48610270428298236,0
2023-05-15,14.237007141113281,15.144824489117813,14.140989215212299,14.87422579170038,5162570,-0.007907586963852076,0.009268983324321356,0.0009032449773089812,13.97195291519165,11.329728584289551,1.0189704494089324,1.2566061962733273,53.1883748407631,0.8299747704593958,0.9079735838166404,-0.07799881335724457,0.025897263171944296,0.033827094687437734,1970947.8,2.6193337033076167,0
2023-05-16,13.547415733337402,14.315567416601658,13.311732206170618,14.237006240879396,3222995,-0.04843654294338973,-0.025065278201191754,-0.047577048030212565,13.904278564453126,11.410347709655762,0.9743343151921554,1.1872921034538846,49.263582236287476,0.7401176237037728,0.8744023917940669,-0.1342847680902941,0.030157794053472436,0.03626832131309862,2293247.3,1.405428450738828,0
2023-05-17,12.630870819091797,13.643435294036141,12.569767216319079,13.547416536054456,3302380,-0.0676545942256852,-0.11671950461596514,-0.07017338417307073,13.808954238891602,11.478194217681885,0.914686992264639,1.1004231658351138,38.593557561695974,0.5881676423604993,0.8171554419073533,-0.228987799546854,0.034131703106297366,0.039638663359977684,2386032.3,1.3840466451355249,1
2023-05-18,12.74434757232666,12.901469095504122,12.48247725708051,12.630870407971235,1160957,0.008984079946676493,-0.10562372650060015,-0.041618341488491084,13.753611087799072,11.55437385559082,0.9266182888966712,1.1029890266325464,28.21449746950826,0.47146802313467084,0.7480179581528169,-0.27654993501814606,0.03405012669716226,0.03960268928482968,2162802.2,0.5367837151266075,0
2023-05-21,12.726889610290527,12.927657164274354,12.595954864295328,12.744348020403388,605149,-0.0013698592208863936,-0.11313870262409076,-0.05549268722445755,13.678836727142334,11.627172527313233,0.9304073046677355,1.0945816431633713,32.79702452266157,0.3732711846256862,0.6730686034473908,-0.29979741882170463,0.033548119178690126,0.03941755565230069,2127132.1,0.2844905589079305,1
2023-05-22,13.006217956542969,13.311733484248565,12.691974055945693,12.726890044900944,1643426,0.02194788788193658,-0.0864499941856508,-0.07798231441582393,13.568832874298096,11.701515369415283,0.9585362335163826,1.1114986004751009,36.85042042279509,0.3143651400860694,0.6013279107751265,-0.28696277068905707,0.02998782061759101,0.036583697219970235,2084575.9,0.7883742683583745,1
2023-05-23,13.617247581481934,13.660891938744092,12.657056737384876,13.006216590258667,2456515,0.04697980819486247,0.005154625023626513,-0.020039855287805386,13.540986061096191,11.788247241973878,1.0056319030269771,1.1551545621638828,50.35998341359559,0.31337427595374123,0.5437371838108495,-0.23036290785710822,0.034390429429342576,0.03553804436643547,2100577.6,1.1694473938977545,1
2023-05-24,13.818015098571777,13.96640825285539,13.355378058285527,13.617248379519125,1399010,0.014743619508164496,0.09398752441404046,-0.03370215749161243,13.492792129516602,11.87697328567505,1.0241034595310872,1.163428995435886,55.75925665895608,0.32504238347029535,0.49999822374273867,-0.17495584027244332,0.03325379875544025,0.035345401944875135,2146686.0,0.6517068635096144,0
2023-05-25,13.521227836608887,13.966407268069666,13.407750677660292,13.818014124249407,856980,-0.02147828467733881,0.06095881016060489,-0.05110361303220101,13.41997241973877,11.960437297821045,1.0075451285370145,1.1304961097929243,50.50248124411469,0.30680453930565044,0.461359486855321,-0.15455494754967058,0.0337710124369615,0.03519455492345408,2063636.0,0.4152767251588943,0
2023-05-28,13.416481018066406,13.617248572426007,13.355378247482657,13.521228981551184,285268,-0.007746842210503813,0.05418381308330811,-0.06508517585625428,13.326572036743164,12.044164447784423,1.0067465947788636,1.1139403713915934,41.60770759518463,0.2806634104689305,0.425220271578043,-0.14455686110911248,0.03351988501243596,0.03106242341637829,2009525.0,0.14195792538037597,0
2023-05-29,13.215714454650879,13.573603542297999,13.006217692706251,13.416481178955236,913066,-0.014964174521260754,0.016107410994332882,-0.07173506877812386,13.224442768096925,12.114949340820312,0.999339986296655,1.0908600674145315,41.706903189263436,0.24096845933614297,0.388369909129663,-0.14740144979352005,0.033634054564048915,0.02945385022012917,1584574.6,0.5762215297405373,1
2023-05-30,13.617247581481934,13.861659478493587,13.180797349158317,13.215713334445697,1283332,0.030383005641420047,0.0,0.005154625023626513,13.231425952911376,12.197133522033692,1.0291594896833975,1.116430147860795,41.66840854929963,0.23915347971337475,0.3585266232464054,-0.11937314353303063,0.03201501776704781,0.030398890445241442,1390608.3,0.9228565657201959,0
2023-05-31,13.399023056030273,13.791828115946206,13.285545890727843,13.617248181812768,1737049,-0.01602559725420749,-0.030322158396310583,0.060815461415170136,13.308241176605225,12.283037986755371,1.0068214783772205,1.09085578587954,40.029973441169744,0.21759786709867157,0.33034087201685863,-0.11274300491818706,0.02245074918648501,0.02888124253903461,1234075.2,1.4075714348687989,1
2023-06-01,13.721996307373047,13.7481830896924,13.37283560244286,13.399023217225016,999069,0.024104238793545285,0.01484839048570552,0.07671234086311896,13.406006050109863,12.374559764862061,1.0235707977515491,1.1088876346403105,42.99610258101981,0.22399406681422462,0.30907151097633184,-0.08507744416210722,0.023161093326317155,0.028936313036557734,1217886.4,0.8203302048532606,0
2023-06-04,13.704538345336914,14.184633810014589,13.63470636856156,13.721996755762166,2753002,-0.0012722610941640067,0.021470408438890587,0.07681757011987389,13.503770923614502,12.480217628479004,1.0148675079618925,1.0981009108418185,43.93638270292061,0.22506003751937698,0.2922692162849409,-0.06720917876556393,0.023156886871396037,0.028819324351086018,1432671.7,1.921586082840891,0
2023-06-05,13.704538345336914,14.053699061676507,13.704538345336914,13.704538345336914,1235975,0.0,0.03698807902996171,0.053691272215121044,13.573602962493897,12.585707035064697,1.0096463247970942,1.088896977114998,52.122650564472636,0.2233304130004008,0.2784814556280329,-0.055151042627632096,0.02268834009105932,0.02674444506087833,1391926.6,0.8879598967359341,0
2023-06-06,13.512499809265137,13.809286122756866,13.477583821352157,13.704538159017929,655705,-0.014012769436857364,-0.0076922866820196,-0.0076922866820196,13.563128185272216,12.685839786529542,0.9962672050786886,1.065163996759078,64.80938773457082,0.20411090472481774,0.2636073454473899,-0.05949644072257215,0.01800505631718881,0.026720382753066662,1211845.6,0.5410796556921112,0
2023-06-07,13.093507766723633,13.695808757709285,13.049862574341994,13.512499615676642,906712,-0.031007737166013682,-0.022801310814159925,-0.05243208425231993,13.490677452087402,12.765970821380614,0.9705596930343691,1.0256570338383082,55.319152645549146,0.15330296858280335,0.2415464700744726,-0.08824350149166926,0.019422385747162544,0.02653055862032609,1162615.8,0.7798896247582391,1
2023-06-08,13.154609680175781,13.311732029535428,12.945113769338088,13.09350691429714,383973,0.004666580914812979,-0.041348694059362145,-0.02711426512912407,13.454015636444092,12.84462896347046,0.9777459782745247,1.0241331001142107,56.43043513045484,0.11662336534427098,0.2165618491284323,-0.09993848378416131,0.018735527350559257,0.026602367999382356,1115315.1,0.3442731116973131,1
2023-06-11,13.608519554138184,13.704538313868106,13.163340078870421,13.15461087367784,579304,0.03450576527910609,-0.007006349924322808,0.014313629320026777,13.47321949005127,12.934218063354493,1.0100421479949035,1.0521331469348068,58.60349976473704,0.12276607793393879,0.19780269488953361,-0.07503661695559483,0.02193411295547504,0.027861364352482227,1144718.7,0.5060666869511261,0
2023-06-12,13.538687705993652,13.835474025655072,13.529958500718237,13.6085196832713,349431,-0.005131480163343416,-0.012101877142012163,0.02443857669981009,13.505516815185548,13.019210300445557,1.00245609933052,1.0399008383427308,48.67258548042879,0.12060906910880043,0.182363969733387,-0.06175490062458658,0.021318951074679814,0.027838748043575782,1088355.2,0.32106338077862817,0
2023-06-13,13.425209999084473,13.608519140239272,13.320462037347847,13.538687165748186,926794,-0.008381736056954914,-0.006459930539337466,-0.014102525583702619,13.4863130569458,13.096037864685059,0.9954692540797978,1.0251352460798135,43.16109351837585,0.10849228991562399,0.1675896337698344,-0.05909734385421042,0.0191210698936988,0.025690703324110276,1052701.4,0.8803959033397315,0
2023-06-14,13.154609680175781,13.660891880931585,13.145881308237941,13.425209189354867,702380,-0.020156133045750813,0.004666580914812979,-0.01824113406122496,13.461871719360351,13.159873924255372,0.9771753849991991,0.9995999776206147,43.55828056376167,0.07617635724545302,0.14930697846495813,-0.07313062121950512,0.019516118273276498,0.020862357992288205,949234.5,0.739943607190847,0
2023-06-15,12.98875904083252,13.433938478518598,12.97130063192118,13.154609763176461,811918,-0.012607796306811081,-0.012607796306811081,-0.05343517445392021,13.388547992706298,13.21315034866333,0.9701394839760389,0.9830175770418362,42.642629144702504,0.036759249510724956,0.1267974326741115,-0.09003818316338655,0.01747557893739477,0.021052711752003146,930519.4,0.8725427970658107,1
2023-06-18,13.52995777130127,13.64343493637546,13.076049111004508,12.988759560344754,1618532,0.04166670031889841,-0.005772985262972541,-0.012738887632435025,13.371089935302734,13.259902153015137,1.0118814424827918,1.0203663356765211,54.838695466509414,0.048630539619077595,0.11116405406310473,-0.06253351444402713,0.022990939697747875,0.022899097151207953,817072.4,1.980891778990454,0
2023-06-19,13.433938980102539,13.94022120295589,13.364107006775374,13.529957735311697,3116675,-0.007096754684807527,-0.007736992548010413,-0.019745237556757833,13.344029998779297,13.295469779968261,1.0067377682253014,1.0104147655123028,46.884283098038594,0.04971759508277174,0.09887476226703815,-0.04915716718426641,0.02306448177579315,0.022573612486595257,1005142.4,3.1007298070402762,0
2023-06-20,13.250630378723145,13.529958283346057,13.189526775239766,13.433939524247636,696487,-0.013645186393275943,-0.013003865144249782,-0.01937979161801251,13.317843055725097,13.317602119445802,0.9949531859835922,0.9949711862449421,47.44745582207635,0.035379786061577434,0.08617576702594601,-0.050795980964368576,0.023043059643289877,0.02013434192464122,1009220.6,0.6901236459105174,0
2023-06-21,13.014945983886719,13.311732279375024,13.006216779322294,13.250629512349585,949017,-0.017786655283575814,-0.010617091626788255,-0.0060000562291316895,13.309986877441407,13.335694503784179,0.9778331191254034,0.9759481203017628,37.461296225515234,0.004942237114301307,0.06992906104361707,-0.06498682392931576,0.021503739269528904,0.02009479753004385,1013451.1,0.9364211060602727,1
2023-06-22,13.093507766723633,13.346648883581777,12.936385407134852,13.014946586929241,617710,0.006036274213829129,0.008064567643592202,-0.004644905089371876,13.303876686096192,13.356874027252196,0.984187397077093,0.9802823430099578,39.39394842314291,-0.012694130377223445,0.05340442275944897,-0.06609855313667241,0.021543898020737126,0.019686396983423442,1036824.8,0.5957708573328878,0
2023-06-25,12.761805534362793,13.346648950819809,12.54358040381802,13.093507832686385,1566721,-0.025333336052531408,-0.05677417845071353,-0.06221940721817276,13.219205284118653,13.376472492218017,0.9653988466080202,0.954048650852247,35.326099057778706,-0.05282771170133671,0.03215799586729183,-0.08498570756862854,0.018971422063349327,0.020364775010358625,1135566.5,1.3796822995394808,1
2023-06-26,12.96257209777832,12.997488082701475,12.665785809700125,12.761804560123117,971441,0.01573183064692052,-0.03508776413398751,-0.04255328291236693,13.16159372329712,13.404465560913087,0.9848786074313695,0.9670338618778423,41.463415356291954,-0.06765380925601328,0.01219563484263081,-0.07984944409864408,0.02021382666345418,0.020516478349830645,1197767.5,0.8110430446643443,0
2023-07-04,12.936385154724121,13.224442253374535,12.927656782388341,12.962572769119824,353313,-0.002020196520927109,-0.0237154923967704,-0.03641096447606307,13.112711238861085,13.43244016647339,0.9865530414782261,0.9630703725010893,47.22221566552007,-0.08058770098259238,-0.006361032322413831,-0.07422666866017855,0.02016615223684109,0.019161730484652417,1140419.4,0.3098097068499536,0
2023-07-05,12.657057762145996,13.049862836547618,12.630870979175974,12.936385667060426,447582,-0.021592383748416766,-0.02749824871988016,-0.03782338892043324,13.062956047058105,13.447754039764405,0.9689275319116212,0.9412023542905116,41.83384156505945,-0.11208524062095648,-0.027505873982122363,-0.08457936663883411,0.020302446163302644,0.01940908326424578,1114939.6,0.40144058027896756,0
2023-07-06,12.41264533996582,12.83163718027824,12.220606996924568,12.65705724681473,682594,-0.01931036634052108,-0.05200000174805586,-0.044354791636027846,13.005344676971436,13.455147876739503,0.9544264799029042,0.922520172477933,28.9230805433089,-0.15498276272668754,-0.0530012517310354,-0.10198151099565214,0.02073649136114953,0.018671155638303384,1102007.2,0.6194097461432194,0
2023-07-09,12.20314884185791,12.543580343558942,11.984923712361486,12.41264559884621,409568,-0.016877667279623365,-0.043775678214233005,-0.09806452849821057,12.8726637840271,13.453467235565185,0.9479894019293854,0.9070634824603452,27.565981371171958,-0.20353771849646307,-0.08310854508412094,-0.12042917341234213,0.01320115977064534,0.018839643183736605,981110.8,0.4174533600078605,1
2023-07-10,12.43883228302002,12.569767026698269,12.046027219522474,12.203148745443812,392271,0.019313330044266497,-0.040404003989923054,-0.07407408196184351,12.773153114318848,13.439656963348389,0.9738262879723839,0.925531977262683,34.08451475782978,-0.22045887408097187,-0.11057861088349114,-0.10988026319748073,0.0161916826138181,0.019621492754082856,708670.4,0.5535309503543537,1
2023-07-11,12.578495979309082,12.622141170480692,12.133316527791672,12.438832033530158,4751098,0.011228039184973504,-0.02766531539796835,-0.05072471121776401,12.705939674377442,13.412807273864747,0.9899697544349781,0.9377974142533647,40.2941296498201,-0.22006257434684606,-0.13247540357616214,-0.08758717077068393,0.017039343937551434,0.0197986610192984,1114131.5,4.264396078918871,1
2023-07-12,12.77053451538086,12.77053451538086,12.395187031039335,12.57849617078022,608688,0.015267209719482366,0.008965492246882478,-0.01877929180869864,12.681498527526855,13.395693492889404,1.0070209358665887,0.953331346537573,46.35569673918271,-0.20192493407823875,-0.14636530967657746,-0.05555962440166129,0.017496344579873688,0.0190926150874574,1080098.6,0.5635485501045923,1
2023-07-13,12.779263496398926,12.86655304607913,12.630870346233523,12.770534291692071,484581,0.0006835251106798168,0.029535860116189694,-0.024000006409538366,12.650074100494384,13.371680126190185,1.010212540644287,0.9556961709971709,34.751781567469436,-0.18471706433839152,-0.15403566060894028,-0.030681403729451245,0.01731238523493896,0.01905028656386778,1066785.7,0.4542439967089923,0
2023-07-16,12.683243751525879,12.805450118510905,12.665786174792458,12.779263337179387,169661,-0.007513715082258399,0.039341887564396494,-0.0061560084601960385,12.642217922210694,13.326376571655274,1.0032451449237485,0.95173985841753,34.75176810381399,-0.1767897720894851,-0.15858648290504923,-0.018203289184435867,0.015499253781053475,0.017115247163668867,927079.7,0.18300584081390198,1
2023-07-17,13.0760498046875,13.09350821522329,12.48247799833877,12.683244724723368,1622950,0.030970472605981625,0.05122808211968044,0.008754258495397682,12.653565692901612,13.30341438293457,1.03338854217376,0.9829093064605482,46.732021126602156,-0.13722927651873817,-0.15431504162778703,0.017085765109048856,0.01784505535657358,0.018746447245467462,992230.6,1.6356580819015258,1
2023-07-18,13.241900444030762,13.486312347110033,13.049862103951373,13.076048885451316,1210106,0.01268354295223073,0.05274115965954462,0.023616743445140198,12.684117221832276,13.283769207000732,1.043974934356363,0.996848126287236,54.36242004426597,-0.09144046942574136,-0.1417401271873779,0.05029965776163656,0.018170004710027464,0.018934491705034535,1077909.9,1.122641140971059,0
2023-07-24,12.936385154724121,13.180797894307275,12.849095604126813,13.093507511247179,336515,-0.023071861217953904,0.0122950480181796,0.042194052952756245,12.794975471496581,13.26969705581665,1.0110519698566487,0.9748817249037027,53.496492811045755,-0.0493510586502115,-0.10930773173516492,0.05995667308495342,0.016813058655919477,0.018896132382492978,998543.8,0.3370057477699025,0
2023-07-25,12.805450439453125,13.137152730329253,12.74434767066058,12.936385181855085,1070743,-0.01012142988207032,0.009635286549826372,0.049356244474316746,12.855205631256103,13.256313400268555,0.9961295685786618,0.9659888124849028,46.76260010642386,-0.05518072052800882,-0.0984823294937337,0.04330160896572488,0.01598422263539538,0.016243194809124964,1064661.3,1.0057123331147662,0
2023-07-26,12.761805534362793,12.875282702141611,12.683244354172626,12.80545072696431,665814,-0.0034083068999950505,-0.024032049052922444,0.02596491728437056,12.887502956390382,13.229424381256104,0.9902465650287001,0.964653122205691,46.428582576883215,-0.06260092416564689,-0.09130604842811633,0.028705124262469447,0.015315607277722482,0.016210630762900417,1092015.6,0.6097110700616364,0
2023-07-27,12.578495979309082,12.78799189797747,12.569766774582204,12.761805116259618,292504,-0.014363920102067551,-0.05009888629850956,0.0,12.887502956390382,13.203079986572266,0.976022742487281,0.952694067755524,48.32712335398993,-0.08232405762772999,-0.08950965026803906,0.007185592640309074,0.015855666528039557,0.016237556636433025,646156.2,0.45268311284485085,1
2023-07-30,12.918927192687988,12.953843178379195,12.569766503313156,12.57849570785165,580422,0.0270645404616654,-0.024390249172154488,0.01161992688155733,12.902342224121094,13.175459442138672,1.0012854230866617,0.9805295405008629,60.35712599532785,-0.0696815832600759,-0.08554403686644643,0.015862453606370536,0.01746567359203499,0.017086464813818602,643329.6,0.9022155983495863,0
2023-07-31,12.77053451538086,13.041133206330912,12.700702541428408,12.91892766814552,1093006,-0.011486455113015714,-0.012820477850622458,-0.0006830582232322246,12.901469326019287,13.145881633758545,0.9898511706434583,0.9714475507360574,61.904763810456075,-0.07082001112461889,-0.08259923171808094,0.01177922059346205,0.01793061487952721,0.01719704272897615,704172.1,1.5521858931928716,1
2023-08-01,12.814180374145508,12.875283146418369,12.657058008343482,12.770535180037964,860762,0.0034177002311126525,0.0006817358540927021,0.01032359112422454,12.91456298828125,13.115155544281006,0.9922271768524548,0.9770513457412451,58.56575075160692,-0.06742315520678588,-0.07956401641582193,0.012140861209036055,0.017748839536801585,0.01624046772074369,773282.2,1.1131279111299859,0
2023-08-02,12.735618591308594,12.962572924006436,12.735618591308594,12.814179770508831,464941,-0.006130847275680917,-0.0020519779104678504,-0.02603471372959043,12.88051986694336,13.085127773284912,0.9887503550220328,0.9732895858541107,53.68853211399423,-0.07026048261761808,-0.07770330965618116,0.007442827038563082,0.014386175964030242,0.01588099991738458,657481.3,0.7071547129933581,1
2023-08-03,13.006217956542969,13.224443095629011,12.65705806699044,12.735619250255468,1174619,0.021247445759646544,0.03400422259843028,-0.01779823738170716,12.85695161819458,13.074303817749023,1.0116097767792136,0.9947923910783208,55.3359692328686,-0.05009649652344805,-0.07218194702963454,0.022085450506186488,0.015597150675723046,0.01661918276540614,653932.6,1.7962386337674556,1
2023-08-06,13.355378150939941,13.381564933506134,13.006217442718535,13.006217442718535,3377588,0.026845636107560633,0.033783839148732175,0.008569593721748037,12.868299388885498,13.088793964385987,1.0378510592064045,1.0203673606047523,61.301364993867594,-0.005874366594371239,-0.05892043094258188,0.053046064348210645,0.018038680549683054,0.01677427176714971,991691.4,3.405886145629578,1
2023-08-07,13.372835159301758,13.591060280478159,13.311732391760453,13.355377582488288,1716696,0.001307114494589312,0.04716330731462226,0.03373817332721063,12.911944389343262,13.101363716125489,1.0356949159677986,1.0207208538789085,63.95759267144782,0.030232127511053974,-0.04108991925185471,0.07132204676290868,0.01595057955503416,0.015956113054956117,1129709.5,1.519590655827892,1
2023-08-08,13.879117965698242,13.879117965698242,13.311732959429014,13.372835729576,1629927,0.03785904786572725,0.08310618084488675,0.08384457316215821,13.019311141967773,13.124408283233642,1.0660408845256706,1.0575042825685892,65.5405315624428,0.09856339801831915,-0.013159255797819944,0.11172265381613909,0.018440922025186716,0.01688074200836725,1185627.9,1.3747373859876275,1
2023-08-09,13.896575927734375,14.132259460639819,13.617248036109654,13.879117518276438,4146034,0.0012578581779678633,0.0911582997011291,0.08891926697331876,13.132788181304932,13.14221544265747,1.0581588415106493,1.0573997959756751,63.44085726760635,0.15236872204805252,0.01994633977135455,0.13242238227669798,0.01817062104995685,0.01664562854686177,1533649.9,2.7033770875608574,0
2023-08-10,13.713266372680664,13.905304708549616,13.617247620977565,13.896575504086766,940522,-0.013190987190439318,0.05436233796020651,0.09021510959960688,13.24626522064209,13.144135818481445,1.035255307383611,1.0432991991302303,58.99998871047802,0.17816451030583202,0.051589973878250046,0.12657453642758199,0.01800824596849002,0.017106957857891923,1598451.7,0.5883956330992047,1
2023-08-13,14.053698539733887,14.053698539733887,13.634705862179977,13.71326704125026,508624,0.024825024016993158,0.05228757889905178,0.08783789320278612,13.359742355346679,13.148849487304688,1.051943829897998,1.0688158346707701,71.05262779593477,0.2235015029188112,0.08597227968636229,0.13752922323244893,0.017768462361827473,0.017552285126885468,1591271.9,0.31963362138173873,0
2023-08-14,13.914033889770508,14.271923801396992,13.809285927512562,14.053698671910572,595302,-0.009937928408561336,0.040470006847598716,0.08954201353219915,13.474092292785645,13.15670560836792,1.0326509264910124,1.0575621514948934,70.81964382686243,0.24533357345419482,0.1178445384399288,0.127489035014266,0.01757975040506137,0.01784619223656167,1541501.5,0.3861832116284026,0
2023-08-15,13.791828155517578,14.114801242706807,13.721996181663842,13.91403369353022,198696,-0.008782911930577786,-0.006289290889838761,0.07629421100897082,13.571857070922851,13.164212551116943,1.0162078839649737,1.0476758941686477,68.78978919317076,0.24989404224146483,0.144254439200236,0.10563960304122882,0.018395388493964052,0.017893028763657712,1475294.9,0.13468222522832554,0
2023-08-16,13.730724334716797,13.879117484901284,13.713266757763623,13.791827935209854,310625,-0.004430436640579516,-0.011934709231975371,0.07813564266813966,13.671367645263672,13.174512748718263,1.004341678974136,1.0422187595554642,71.9999664956366,0.24574488487711044,0.1645525283356109,0.08119235654149953,0.01826246059787675,0.016841016338028182,1459863.3,0.21277677163334402,0
2023-08-17,13.486312866210938,13.818015163674586,13.268087736231918,13.730724778697855,706650,-0.01780033321970409,-0.0165499232861005,0.03691272215121155,13.719377136230468,13.171894054412842,0.9830120370840999,1.0238704327941932,61.245670031343245,0.22019639788887702,0.17568130224626413,0.044515095642612884,0.019194666306138926,0.017252822052110817,1413066.4,0.5000826571207129,0
2023-08-20,13.486312866210938,13.617248443676035,13.355378121208648,13.486312866210938,525964,0.0,-0.040372694199949266,0.009803894265755453,13.732470607757568,13.173639850616455,0.9820747665458265,1.0237347475063887,65.07350903308368,0.19767041636944782,0.18007912507090088,0.017591291298546946,0.0174066701743541,0.017252822052110817,1127904.0,0.4663198286378983,1
2023-08-21,13.879117965698242,13.922763158287292,13.198255791682607,13.486312897322406,1132345,0.029126203980589294,-0.0025094034087365102,0.03785904786572725,13.783098888397216,13.17678228378296,1.0069664360735202,1.0533010007139352,69.5512486054432,0.2091040807635327,0.18588411620942727,0.023219964554105438,0.01953450589640295,0.017358750487763402,1069468.9,1.0587918919381387,0
2023-08-22,13.721996307373047,13.940221435780863,13.713267102445663,13.87911783375197,246672,-0.011320723601709881,-0.00506327713462662,-0.011320723601709881,13.767386722564698,13.177131443023681,0.9967030478545899,1.0413492774740312,67.60124324313287,0.20314520598351393,0.1893363341642446,0.01380887181926932,0.015882304514809195,0.017410874008530062,931143.4,0.26491300910257215,0
2023-08-23,13.355378150939941,13.922763157163367,13.29427454833508,13.721996436717875,782101,-0.026717552477121376,-0.027336226015974185,-0.03894468533894935,13.713266944885254,13.170148239135742,0.973902003411463,1.0140643756198415,56.024094997869234,0.16691563399329645,0.184852194130055,-0.01793656013675854,0.017785256463847737,0.01864167868093025,594750.1,1.3150077654463614,0
2023-08-24,13.163339614868164,13.512499485635438,13.08477843582983,13.355377960021563,1600184,-0.01437911633061939,-0.023948224733237655,-0.04010180673716468,13.658274269104004,13.163165035247802,0.9637630168728258,1.0000132627388545,46.49680885968968,0.1213091558072783,0.17214358646549965,-0.05083443065822135,0.017858609671244224,0.018642399906360123,660716.3,2.421892724608126,1
2023-08-27,13.268087387084961,13.425209742923313,13.180797836868043,13.163339427346989,534041,0.007957537773961576,-0.016181255862210198,-0.05590066916746328,13.579713153839112,13.16665662765503,0.9770521097740528,1.0077036078556867,48.1481543926285,0.09255109169812137,0.156225087512024,-0.06367399581390262,0.015477521625732656,0.01778380799263609,663258.0,0.8051783770418148,0
2023-08-28,13.268087387084961,13.60851888058046,13.180797836868043,13.268087387084961,680932,0.0,-0.04402517365465308,-0.046424100142550495,13.515118503570557,13.168926181793212,0.9817218682603239,1.0075299385783516,36.84210742488005,0.06896513159324691,0.13877309632826856,-0.06980796473502165,0.015489122335373981,0.017526522892051064,671821.0,1.0135616481175789,1
2023-08-29,13.477582931518555,13.486312136036172,13.180797470084377,13.268087017872277,799920,0.015789430557829665,-0.017811794317650786,-0.022784885401382127,13.483693981170655,13.16630744934082,0.9995467822348509,1.0236418208655242,41.6666540215897,0.06641207087793966,0.12430089123820279,-0.05788882036026313,0.016662583751765426,0.017793346622450846,731943.4,1.092871388689344,1
2023-08-30,13.678351402282715,13.818015354200963,13.425210281315188,13.477583847053122,592342,0.014896474522493541,0.024183010596374732,-0.0038142876630086198,13.478456687927245,13.169100723266602,1.01483068269489,1.0386701180071005,49.3103660027449,0.07967069538271332,0.11537485206710489,-0.03570415668439157,0.017473367575066505,0.01786664510720397,760115.1,0.7792793486144401,0
2023-09-03,13.870388984680176,14.018781301032734,13.617247877723926,13.870388984680176,346195,0.014039526895427867,0.04539475660836323,0.028478956574670367,13.536068153381347,13.188479137420654,1.0246985186178539,1.0517049646251242,49.027239835278,0.11088111360102815,0.11028022059545588,0.00060089300557227,0.016807191749342292,0.016679616336903978,671473.2,0.5155753051648228,1
2023-09-04,14.411587715148926,14.56871007437557,13.61724837899254,13.870389495267244,1840784,0.03901828067450053,0.08618426263735923,0.03836481185379825,13.589315128326415,13.216935710906982,1.0605087584663127,1.0903879711888198,61.63934672864623,0.16981540751764612,0.12218725797989394,0.047628149537752185,0.018703806059006976,0.018613619737758942,742317.1,2.4797812147935163,1
2023-09-05,14.664727210998535,14.839307970742178,14.455231298261472,14.411586940788318,2459441,0.017564997060214083,0.0880828769900377,0.06870216858453349,13.683588218688964,13.239631099700928,1.0717018794068602,1.1076386570415697,66.36085688215681,0.23424724535464847,0.14459925545484487,0.0896479898998036,0.01831354869747241,0.017162102817881747,963594.0,2.5523623019653505,0
2023-09-06,14.429045677185059,14.856766716845161,14.14098858251905,14.66472754378412,1103063,-0.016071320688237245,0.054881926397728265,0.08039214720172883,13.790954971313477,13.259533233642578,1.0462687832132636,1.0882016299469086,66.56443969150266,0.263257739591058,0.1683309522820875,0.09492678730897053,0.01635186118903726,0.017678816262236902,995690.2,1.1078375583087994,1
2023-09-07,14.533793449401855,14.533793449401855,14.140989210995421,14.429046318463724,266906,0.007259507978578439,0.06253985015887076,0.10411140900640037,13.928000354766846,13.285196495056152,1.0434946208504134,1.0939840788060866,67.75149908572821,0.29134261873270617,0.19293328557221123,0.09840933316049494,0.014393191291927277,0.01734033448734891,862362.4,0.30950560924270354,0
2023-09-11,14.184633255004883,14.577439149575255,14.13225969070403,14.31556799821981,442968,-0.024024023432873465,-0.015748053901477932,0.06907897432240917,14.146225547790527,13.33739595413208,1.0027150498261606,1.063523442191151,58.41270116537181,0.2932782094709143,0.231737152279408,0.06154105719150632,0.01800790813843287,0.017376576765460845,785161.9,0.5641740894457563,1
2023-09-12,14.193363189697266,14.402859122598526,14.123531212063511,14.184633984377337,209771,0.0006154501519666233,-0.03214270640832284,0.053108948527023525,14.217803573608398,13.36602710723877,0.9982810014370644,1.0618984291907074,67.51827305978205,0.2775106912168752,0.24089186006690147,0.036618831149973746,0.017808898217476696,0.01722145444890245,726147.0,0.28888227865707633,1
2023-09-13,14.359213829040527,14.385399778375223,14.132259500228288,14.193362268576667,192405,0.01168508387523337,-0.004839671985718885,0.04977664389030001,14.285889816284179,13.393959941864013,1.005132617827751,1.0720663561311339,75.27679263622537,0.2752249579316395,0.24775847963984907,0.027466478291790414,0.017645425418721637,0.01730244260024955,686153.3,0.280411097636636,0
2023-09-14,14.306838989257812,14.446502939256286,14.219550269202976,14.35921421920145,348925,-0.0036474726545815406,-0.01561563819756795,0.045947612288291806,14.34873857498169,13.421369018554687,0.997079911554251,1.065974638613914,72.45284574632558,0.2661196246009201,0.2514307086320633,0.014688915968856797,0.017797507797161275,0.016712947214905863,721045.8,0.48391516877291285,1
2023-09-17,14.40285873413086,14.568710300884876,14.298109938042629,14.306839143127117,933300,0.006711457712297086,-0.00900898418068441,0.03838895578478696,14.401985549926758,13.456285037994384,1.0000606294320373,1.0703443553301513,73.55074787212902,0.2636128089088796,0.25386712868742656,0.009745680221453057,0.017516309840412116,0.016715025290306572,779756.3,1.1969124199445391,1
2023-09-18,14.411587715148926,14.481419689813478,14.271923765819821,14.402858510200156,322434,0.0006060589206071665,0.01600002312812454,0.0,14.401985549926758,13.496263885498047,1.0006667250976526,1.0678205344394909,71.14627663594182,0.2593409739161707,0.2549618977331754,0.004379076182995323,0.012437651876431194,0.015585392317189903,627921.3,0.5134942866247728,0
2023-09-19,13.730724334716797,14.481419290347208,13.52995762121001,14.411587317608953,2011584,-0.04724416170443391,-0.032595435542457696,-0.0636904364358879,14.308585262298584,13.526815395355225,0.9596143911512774,1.0150744231662678,50.974005819523825,0.1987247540564585,0.24371446899783203,-0.04498971494137352,0.017965354137086626,0.018915528025155788,583135.6,3.4495990297968433,0
2023-09-25,13.660892486572266,13.82674404768535,13.617248127559884,13.68708010093504,197321,-0.005085809491344073,-0.0520896963897709,-0.036923109608619664,14.025765228271485,13.6125341796875,0.9739855376330019,1.0035524837804943,21.674914494379905,0.04281718127539058,0.1495333891801398,-0.10671620790474923,0.016059994184606994,0.017455754180618798,421574.0,0.4680578024261458,0
2023-09-26,13.5997896194458,13.748182769908503,13.556144428286869,13.660892387590637,207258,-0.004472831272665734,-0.009535892796270096,-0.041820501759747164,13.966407871246338,13.630865097045898,0.9737499967650722,0.9977202123725197,24.043734768711275,0.012097571236143523,0.12204622559134055,-0.10994865435519703,0.015990788090539547,0.01717495888383733,421322.7,0.49192222493589827,0
2023-10-02,13.521227836608887,13.704536965300811,13.163338783558642,13.224441548968368,926854,-0.00577669103973355,-0.015257497929531572,-0.06121221583828684,13.731597423553467,13.654084224700927,0.9846798897130687,0.9902698426415375,22.857174072342787,-0.05159996299194347,0.04566818200967498,-0.09726814500161846,0.014634621432512077,0.016543168650334898,366545.1,2.528621989490516,0
2023-10-03,13.416481018066406,13.660892932864218,13.31173305458163,13.521228981551184,641206,-0.007746842210503813,-0.017891325090662935,-0.06904906778845055,13.632086753845215,13.663686141967773,0.9841839521951404,0.9819078745418427,20.529799407861034,-0.0755581892540409,0.021422907756931807,-0.09698109701097271,0.01444024802407798,0.01361341963442759,398422.3,1.609362728943636,0
2023-10-04,13.206984519958496,13.364106874622285,13.137152547321874,13.416480437868362,354602,-0.015614861887092824,-0.02888317470188273,-0.038143640640579735,13.579712772369385,13.671716823577881,0.9725525672995619,0.9660077582342899,7.6923454030257545,-0.11017978871866241,-0.004897631538187036,-0.10528215718047537,0.005091749910688647,0.012917569147017026,232724.1,1.5237012410833257,0
2023-10-08,12.787992477416992,13.206985166201619,12.657057730432133,13.206985166201619,439999,-0.031725034727520085,-0.05969188970894457,-0.06865856704414341,13.485439586639405,13.672240562438965,0.9482814701929774,0.9353252979287666,6.060641174198537,-0.16947322999803127,-0.03781275123015588,-0.1316604787678754,0.009964550156700948,0.01404019889716928,276724.0,1.5900283314782961,1
2023-10-09,12.971301078796387,13.084778243241233,12.831637132545124,12.787991941225908,179843,0.014334431436608064,-0.046213107572690926,-0.05530831712936535,13.409497261047363,13.68009666442871,0.967321952962109,0.9481878233013258,10.57689529889501,-0.19937397812683955,-0.07012499660949262,-0.12924898151734693,0.011927795452402057,0.014472294622549543,294708.3,0.610240702416593,1
2023-10-10,13.041132926940918,13.259358048982827,12.945114172929078,12.97130095448453,416746,0.0053835654357512475,-0.03550675393310854,-0.050222507638021274,13.340538120269775,13.68254077911377,0.9775567379194444,0.953122167693302,13.488337822043803,-0.21495779030595052,-0.09909155534878421,-0.11586623495716632,0.012323985346810782,0.014630533204970044,336382.9,1.238903642248164,0
2023-10-11,12.857824325561523,13.22444261242741,12.83163754291762,13.041133468994467,683265,-0.014056186867070997,-0.041639584310714906,-0.05878592206183486,13.260231304168702,13.684286575317383,0.9696530950798218,0.9396050173893197,18.35440499634899,-0.23934057670667563,-0.1271413596203625,-0.11219921708631314,0.012647453684317644,0.014119999026205806,384977.3,1.7748189308824183,1
2023-10-12,13.08477783203125,13.137152226460916,12.88401112372017,12.857823510273956,351832,0.017651003834182166,-0.009253186277500824,-0.037869099583581534,13.208730125427246,13.689698524475098,0.9906158811468648,0.9558119785207584,29.8912688507108,-0.23761181822297495,-0.149235451340885,-0.08837636688208994,0.014705530382357397,0.014953226551183385,399434.7,0.8808248256848992,1
2023-10-15,13.879117965698242,14.24573625150577,13.09350782894657,13.084778623936199,5898018,0.06070719303483041,0.08532422037377074,0.020539166712773227,13.23666296005249,13.71256851196289,1.0485360250982174,1.0121457518035408,53.0909228153257,-0.17018338631817187,-0.15342503833634238,-0.016758347981829486,0.02520806544456044,0.020601878715968865,989236.5,5.962192054175114,1
2023-10-16,14.140989303588867,14.551251954813216,13.748183397684762,13.879118144677584,1851367,0.018868010095297816,0.09017508865818535,0.03979471001295676,13.290782928466797,13.735263938903808,1.0639696231364264,1.0295389565493447,57.70495244426995,-0.09452540973688528,-0.14164511261645096,0.047119702879565684,0.025716481938888147,0.021087728965647035,1174373.2,1.576472453560759,1
2023-10-17,16.166118621826172,16.969187196223658,14.097343581120738,14.140989607673994,5665063,0.14320987554409248,0.2396253233819532,0.19561025205537996,13.555272006988526,13.791478748321532,1.192607467669524,1.1721816722368252,77.12667417053046,0.1273767729111075,-0.08784073551093928,0.2152175084220468,0.05050392261178312,0.03844574111524735,1648194.1,3.43713340558615,0
2023-10-18,15.363048553466797,16.22721981607783,15.275758173774411,16.166117049770815,3677234,-0.049676121222761216,0.19484044613402096,0.14508778663937116,13.749928760528565,13.831283016204834,1.1173184109556231,1.1107464532008589,66.44950612629025,0.23571760260481334,-0.023129067887788762,0.2588466704926021,0.05455833248891638,0.040440462932790154,1951796.9,1.8840249208306459,0
2023-10-22,15.590003967285156,16.131201362440553,14.743289389332212,14.786935414699988,1592001,0.014772811075126402,0.12327051371818509,0.21911269457003413,14.24573631286621,13.894830188751222,1.0943628061685273,1.1220003235380516,67.81250197381706,0.3967942482227649,0.11542245076372504,0.28137179745903984,0.05112040729298883,0.03864732010647952,2031536.9,0.7836436542206051,0
2023-10-23,15.2844877243042,15.930433884772398,15.074991807254424,15.590003227682205,1421068,-0.019596931702010267,0.08086410336404981,0.17833111971235294,14.477054977416993,13.92625461578369,1.055773273510858,1.097530394638995,65.16516462327742,0.429701648122359,0.17827829023545183,0.2514233578869072,0.052721826027137576,0.03908115736055666,2155659.4,0.6592265921044855,1
2023-10-24,15.319403648376465,15.843144299800796,15.10990772079186,15.284488492908515,1946375,0.002284402637632743,-0.05237589759526706,0.17469883438800005,14.704882049560547,13.951568717956542,1.0417903113227815,1.098041658115437,66.56533329348406,0.45337223004236904,0.23329707819683526,0.22007515184553378,0.05281147519371525,0.03906585299973867,2308622.3,0.8430894044469727,1
2023-10-25,17.4405517578125,17.4405517578125,15.363049280439858,15.319403256065597,14624407,0.13846153271513484,0.1352272758310653,0.3564154647174993,15.163154792785644,14.022099075317383,1.150192819116402,1.2437903672006212,77.65106842267802,0.6359593188516026,0.3138295263277887,0.3221297925238139,0.06362799911219817,0.04884986662380511,3702736.5,3.9496213138580076,0
2023-10-26,16.724773406982422,18.060311768175566,16.585109460509024,17.440551548889985,2377599,-0.04104103819476035,0.08863636984394874,0.2781855085105489,15.527154350280762,14.08075798034668,1.0771306209550242,1.1877750778989415,74.75300446967708,0.7146653539624026,0.3939966918547115,0.3206686621076911,0.06774113951469585,0.050217305013381446,3905313.2,0.6088113496249161,0
2023-10-29,16.698585510253906,17.28342890056709,16.585109180010548,16.724773124121857,640070,-0.0015658147402811684,0.07110848369859646,0.20314457673202857,15.809101104736328,14.140115203857421,1.05626407217113,1.180937019926014,73.9081539633973,0.7660962289801301,0.46841659927979523,0.29767962970033485,0.06713730453516856,0.05023743017287065,3379518.4,0.189396808728723,0
2023-10-30,16.27959442138672,16.672400322717145,16.14865967591845,16.698586272855426,759827,-0.025091412000729174,0.06510566235727855,0.15123447673177237,16.022961616516113,14.195980834960938,1.0160165649155692,1.1467748942922205,69.88209411088837,0.7642368421586863,0.5275806478555735,0.2366561943031128,0.06868262815643617,0.05084784519586284,3270364.4,0.23233710592006201,0
2023-10-31,16.148658752441406,16.576379784471765,15.581273777908299,16.279593490422045,1090074,-0.008042931878775805,0.05413103036506417,-0.0010800285333297799,16.021215629577636,14.249227752685547,1.0079546475005612,1.133300627425081,70.33439561760595,0.7436257952213641,0.5707896773287316,0.17283611789263242,0.052299202344036094,0.05088780618393473,2812865.5,0.3875315047946658,1
2023-11-01,16.58510971069336,16.58510971069336,15.72966760940816,16.148659455148795,690265,0.027027071718012996,-0.049049024308301825,0.07954548558338015,16.143421745300294,14.30334758758545,1.0273602444612866,1.159526440166242,71.08305855316321,0.7538197716954524,0.6073956962020759,0.14642407549337655,0.049587320299462244,0.05084084896431566,2514168.6,0.27455000432349685,0
2023-11-02,16.497819900512695,16.8207938334183,16.471633949821467,16.585110287643317,747827,-0.005263143367956302,-0.013569900228063814,0.07386368292052481,16.256898880004883,14.358864059448242,1.0148196173382202,1.1489641403532198,67.24136891763021,0.7462526769904212,0.635167092359745,0.11108558463067619,0.049717925378294725,0.05059902490297631,2588951.3,0.2888532511214097,0
2023-11-05,16.34942626953125,16.654941783199217,16.20103311517399,16.497819423888515,323142,-0.008994741843244003,-0.0209095100006077,0.04871213014696485,16.33284111022949,14.418745021820069,1.0010154485181009,1.1339007829592282,64.76077452898645,0.7199820689581529,0.6521300876794267,0.06785198127872616,0.04993612918275985,0.049806433997577684,2462065.4,0.13124834133163157,0
2023-11-06,15.860601425170898,16.497818361403798,15.825684607605835,16.34942521660328,690286,-0.02989859315560961,-0.025737311714927213,0.037692705915855385,16.390452480316164,14.472690258026123,0.967673189267863,1.0958986299299178,47.430235050413785,0.6522001854060289,0.6521441072247471,5.607818128172681e-05,0.05062025356126198,0.05073930810975154,2388987.2,0.28894503913624986,0
2023-11-07,15.546358108520508,15.947893221578973,15.363049794788303,15.860602834833598,687187,-0.019812824761593517,-0.03729725503239334,0.014814836487978766,16.413147926330566,14.518255672454835,0.9471893008153833,1.0708144600329823,51.68000316048333,0.5665943974155159,0.6350341652629009,-0.06843976784738504,0.05122041025294766,0.051203495246749435,2263068.4,0.3036527751436943,1
2023-11-08,15.8169584274292,16.131201487892913,15.546358062821414,15.546358062821414,674247,0.017406026351624027,-0.04631571913985533,-0.09309300261420983,16.250788593292235,14.569233093261719,0.973304054546491,1.08564111276005,53.96342575406091,0.5146537696160589,0.6109580861335325,-0.09630431651747362,0.02082151741238787,0.05090806890622018,868052.4,0.7767353675884082,0
2023-11-09,15.607460021972656,16.279593798567973,15.537628049399478,15.816957604617748,1734102,-0.013245176461565311,-0.05396833544730173,-0.06680589074787102,16.13905725479126,14.6118306350708,0.9670614445177219,1.068138579741828,50.15288793140892,0.4513824218209077,0.5790429532710076,-0.12766053145009992,0.017780422049697157,0.05118187246282098,803702.7,2.1576411277453715,1
2023-11-12,15.90424633026123,16.22722024416573,15.624918439817101,15.607460030432954,903506,0.019015669934169255,-0.027229086325778695,-0.04756924947355001,16.059623336791994,14.656348533630371,0.990324990613273,1.085143840143228,55.43643643141212,0.42034215487256077,0.5473027935913183,-0.1269606387187575,0.019550075042005916,0.049840466421272024,830046.3,1.0885007258028858,0
2023-11-13,15.459067344665527,15.9304344226366,15.424152189774489,15.904246807774117,368861,-0.027991202874458443,-0.0253164473238785,-0.05040218174251654,15.977570629119873,14.691962852478028,0.9675480524236051,1.0522125259837636,51.14285321865262,0.35571977986695913,0.5089861908464465,-0.15326641097948734,0.019904595896500427,0.05039804117426135,790949.7,0.4663520322468041,1
2023-11-14,15.590003967285156,15.974079000967816,15.537628736843825,15.459067556107456,634606,0.00846989146889321,0.002807465160649336,-0.034594500615835355,15.921705150604248,14.726355152130127,0.9791667299336652,1.0586464747205357,27.54242015594525,0.3114810140189306,0.46948515548094333,-0.15800414146201275,0.020303219854366304,0.03867729551605586,745402.9,0.8513597143236228,1
2023-11-15,15.71220874786377,15.956621483314848,15.380507295753887,15.590003212601005,1222162,0.007838662570904598,-0.006622618377992051,-0.05263160618508189,15.834415054321289,14.752367572784424,0.9922822342323174,1.0650635344017652,35.64358202803972,0.2830199006055878,0.43219210450587225,-0.14917220390028446,0.0178773728665655,0.036979435167735525,798592.6,1.5303948471348219,1
2023-11-16,15.982808113098145,16.454175194775264,15.712209417094034,15.712209417094034,1297613,0.017222235878909586,0.024049274551852795,-0.031216960211727485,15.782913875579833,14.778729190826416,1.0126652302036316,1.081473779424765,40.50928261750872,0.279082283612631,0.40157014032722405,-0.12248785671459306,0.019237508635817833,0.03713705222146378,853571.2,1.5202164740328634,1
2023-11-19,16.000267028808594,16.393072942620247,15.8518738685826,15.98280861821126,1164141,0.001092355960661262,0.006037425260740692,-0.02135605463864798,15.747997951507568,14.810153617858887,1.0160191205306117,1.0803579383210855,45.85494105133377,0.27420956518636075,0.3760980252990514,-0.10188846011269065,0.019152461612774604,0.03702682382559747,937671.1,1.2415238136271876,0
2023-11-20,15.624918937683105,16.323240350970014,15.371778653249239,16.000266426774406,1261336,-0.023458864183308448,0.010728434602156556,-0.01485961857119511,15.724429702758789,14.831976127624511,0.9936715819297266,1.0534617102424904,42.75364250259741,0.23732471510236053,0.34834336325971327,-0.11101864815735274,0.018194109012793808,0.037154756014391804,994776.1,1.2679596946488763,0
2023-11-21,15.624918937683105,15.930434451938277,15.493984192981063,15.624918937683105,970161,0.0,0.0022395741829968063,0.005053326870139596,15.73228578567505,14.853798637390137,0.9931753815399345,1.0519140133185794,34.89013289583988,0.20572177312654993,0.3198190452330806,-0.11409727210653064,0.01699926960960159,0.03715644286812246,1023073.5,0.9482808419922909,0
2023-11-22,15.572545051574707,15.799499381342176,15.546357437204223,15.6249186153901,812170,-0.0033519461007945894,-0.00888886461033378,-0.015452615430197936,15.707844448089599,14.881556873321534,0.9913865077438205,1.0464325194020474,35.277799274375994,0.17443925191034282,0.29074308656853304,-0.11630383465819022,0.015959371720332686,0.018526118380307172,1036865.8,0.7832932670746783,1
2023-11-23,15.886789321899414,16.000265651160248,15.60745977116981,15.572544617907063,1897700,0.02017937782706425,-0.0060076296054659695,0.01789716581259926,15.735777378082275,14.915425395965576,1.0095967259950867,1.0651247886095545,43.00793138775936,0.1730101613889552,0.2671965015326175,-0.09418634014366228,0.01669559194292409,0.017363101485851105,1053225.6,1.8017982092345646,1
2023-11-26,16.29705238342285,16.53273591774216,15.982807670997108,15.886789748253577,1968727,0.02582416454392722,0.01854877509730901,0.024698187201378063,15.775057983398437,14.954182167053222,1.0330898561877717,1.0897989740507652,56.75675835286114,0.20264641547362494,0.25428648432081896,-0.05164006884719402,0.017586127777696144,0.01847863665651494,1159747.7,1.6975476648929764,1
2023-11-27,16.646211624145508,16.93426871139621,16.305780975101634,16.297051770648523,2681216,0.02142468665547259,0.06536307103644035,0.07679274907160738,15.893772411346436,15.000969619750977,1.0473417633853819,1.1096757107106148,66.8448801075941,0.2514095008058863,0.25371108761783245,-0.0023015868119461436,0.014755540954529687,0.018219459750844793,1390983.2,1.927568931098521,0
2023-11-28,16.12247085571289,16.8644365778059,16.017723733138286,16.6462114633624,1343935,-0.031463060800748566,0.031843487957548655,0.034154377994071616,15.947019100189209,15.035361862182617,1.011002166262007,1.0723034805211176,54.34238817048841,0.2449692413957294,0.2519627183734119,-0.006993476977682489,0.019204080991819115,0.01955346027884805,1461916.1,0.9192969418696463,0
2023-11-29,15.71220874786377,16.235949372444338,15.624918366279417,16.122471376907015,914158,-0.025446602541306373,0.008968585149473629,0.0,15.947019100189209,15.061374282836914,0.9852755959687379,1.0432121566601336,51.40845955402521,0.20440432024714994,0.2424510387481595,-0.03804671850100955,0.021159471876476293,0.019268755448537,1431115.7,0.6387729517606439,1
2023-11-30,15.912975311279297,16.043910049968858,15.729667010099016,15.712208600960267,554480,0.01277774287735478,0.0016482870672795968,-0.004369244836370023,15.940035820007324,15.105019302368165,0.998302355839498,1.0534892404132485,50.120481610528344,0.18630885921805174,0.23122260284213794,-0.044913743624086205,0.020805973674832196,0.0195538823535271,1356802.4,0.4086667299527183,0
2023-12-03,15.720937728881836,16.09628519890729,15.668564166646465,15.912975233695208,805652,-0.012067987201698438,-0.03535085001794758,-0.017457789887120212,15.912102890014648,15.144823570251464,0.9879861786682655,1.0380403347690372,53.88601461562999,0.15468908848584917,0.2159158999708802,-0.061226811485031035,0.02112593251453495,0.01962682055294304,1320953.5,0.6099018625561006,1
2023-12-04,15.974079132080078,16.122472289697242,15.729668047716965,15.720938842571762,966257,0.016102182170290025,-0.04037750493875103,0.02234636837410342,15.947018909454346,15.18969066619873,1.0016968828330473,1.051639528619686,55.499987982108635,0.14834654143243853,0.20240202826319187,-0.05405548683075334,0.020255291374022516,0.018836996408937996,1291445.6,0.7481979883628083,1
2023-12-05,16.497819900512695,16.576381082437692,16.06136962978524,15.974079242654618,1464735,0.03278691460722838,0.023281111695531598,0.05586595145299511,16.034309005737306,15.245032577514648,1.0289074443189001,1.0821767560435274,60.08969565550754,0.1834666408931085,0.1986149507891752,-0.01514830989606672,0.022367482517075165,0.019507897169031903,1340903.0,1.0923497076224007,0
2023-12-06,15.834413528442383,16.820791962960346,15.712207999004058,16.497818065969167,1759751,-0.04021175986105263,0.007777695837654086,0.016816035914514638,16.060495853424072,15.288502998352051,0.9859230793964877,1.0357072585948524,48.268822245516766,0.15597029436929866,0.1900860195051999,-0.03411572513590125,0.026648112116243697,0.021450412173072076,1435661.1,1.2257426212913338,0
2023-12-07,15.790770530700684,15.94789289059631,15.363049475943484,15.834414890704751,1433990,-0.0027562118207475894,-0.007679568288652683,-0.006043939354465566,16.0508939743042,15.332322616577148,0.9837938345353259,1.0299007479550337,47.57084505394448,0.12916864078442103,0.17790254376104414,-0.04873390297662311,0.02588476987445878,0.021229545534463507,1389290.1,1.0321746336492283,0
2023-12-10,15.49398422241211,15.878060917203188,15.45033986240373,15.790770532260813,541040,-0.01879492249675574,-0.014436384799920488,-0.04927689634400467,15.970587158203125,15.370206508636475,0.9701574568881011,1.0080530937372951,48.45361173090287,0.08302292588111726,0.15892662018505876,-0.0759036943039415,0.024699142120053776,0.021205504234532647,1246521.4,0.4340398809037695,0
2023-12-11,14.92659854888916,15.528900346587248,14.882952525910728,15.4939835282045,1122796,-0.036619739982839516,-0.06557376951309235,-0.10330356924947603,15.79862585067749,15.396742687225341,0.9448035981084434,0.9694647012107139,42.72727019909173,0.0006612103239227451,0.12727353821283155,-0.1266123278889088,0.02468096255602668,0.021859285521591335,1090679.4,1.029446416609684,0
2023-12-12,14.804391860961914,15.275758935861349,14.769476706298397,14.926599064598209,617765,-0.008187175901259836,-0.10264556467234531,-0.0817541558330015,15.666817951202393,15.422405967712402,0.9449520577231006,0.959927516624557,42.114686042001516,-0.07362341611905876,0.0870941473464535,-0.16071756346551225,0.023563860934002766,0.02177568807512526,1018062.4,0.606804651659859,1
2023-12-13,15.267029762268066,15.581274479512029,14.813121096232479,14.804391891317302,1488847,0.03125004428760736,-0.03583231959650157,-0.0283333166418267,15.622300052642823,15.459416942596436,0.9772587718084025,0.987555340473529,43.82608437904773,-0.09407902116399391,0.050859513644364016,-0.14493853480835794,0.025689263754090655,0.022950103916973184,1075531.3,1.3842897924030662,1
2023-12-14,15.485255241394043,15.71220957955649,15.2757593134577,15.267030108344647,665458,0.014293905397716244,-0.01934771255858936,-0.026878698767419107,15.579528045654296,15.504982357025147,0.9939489306746652,0.9987276918362847,41.59132357348622,-0.09162506642659807,0.022362597630171604,-0.11398766405676967,0.025794183260311913,0.022835544742140078,1086629.1,0.6124058337844992,1
2023-12-17,15.616189002990723,15.869330940521237,15.284487554250443,15.485254264407073,323295,0.008455382850046655,0.007887240546033514,-0.006663007493418971,15.569053173065186,15.561546287536622,1.0030275334923437,1.0035113936908613,38.825756596025045,-0.07821343353999488,0.002247391396138304,-0.08046082493613319,0.025757734403375178,0.022935808563329517,1038393.4,0.3113415397285846,1
2023-12-18,15.659835815429688,16.061369255989764,15.363049505048059,15.616189790417321,1864417,0.0027949720915010356,0.04912286373475849,-0.019672077122699916,15.537628841400146,15.615316982269286,1.0078652267522261,1.0028509721071273,44.397491374057545,-0.06333262577285481,-0.010868612037660319,-0.05246401373519449,0.02514883157720782,0.02232367210281729,1128209.4,1.6525451746812252,0
2023-12-19,15.363048553466797,15.851872348848435,15.345590144543218,15.659834845465598,1362809,-0.018952131137317862,0.03773587579629112,-0.06878310915556995,15.424151706695557,15.661755294799805,0.9960384756069123,0.9809276332243431,45.65217752728663,-0.07462747106033518,-0.023620383842195294,-0.05100708721813989,0.02244224065713499,0.022737694154963444,1118016.8,1.2189521660139633,1
2023-12-20,15.397963523864746,15.694749812345515,15.363048371356976,15.363048371356976,703037,0.0022726589892909654,0.008576243292606867,-0.027563382994492902,15.380506706237792,15.71255807876587,1.0011349962625011,0.9799781452947327,43.31065602341839,-0.07984101350669626,-0.03486450977509549,-0.04497650373160077,0.01921962247987872,0.022736624577586916,1012345.4,0.6944635694497154,0
2023-12-21,14.92659854888916,15.799499029351386,14.900410935102101,15.397963942577483,784963,-0.030612163371151913,-0.036076686098884814,-0.05472639730476647,15.29408950805664,15.749394493103027,0.9759717007688563,0.9477569791921724,40.38055769147706,-0.12061759304526909,-0.05201512642913021,-0.06860246661613888,0.021161420539175583,0.023159454849051353,947442.7,0.8285070959964123,0
2023-12-25,14.446502685546875,14.795664219336697,14.0536984574217,14.57743909318085,602103,-0.032163782108149075,-0.07748057796923458,-0.032163782108149075,15.189341354370118,15.776454372406006,0.9510947412733258,0.915700216571773,23.234623635576312,-0.21171890231117274,-0.09982394076596779,-0.11189496154520495,0.019910957908039522,0.022160248059976927,841269.4,0.7157077150315939,0
2023-12-26,13.966407775878906,14.830579057220348,13.94022099438871,14.446502377204524,6942272,-0.03323260446615106,-0.09090909090909094,-0.0566037492760989,15.105542945861817,15.732460155487061,0.9245882670973453,0.8877446780634494,24.401928507429773,-0.2950268611346285,-0.13886452483969994,-0.15616233629492857,0.022081020712366558,0.022267061905175668,1473720.1,4.710712705893066,1
2023-12-27,14.586167335510254,14.708374544191987,13.966408746546568,13.966408746546568,1623864,0.044375015363773196,-0.05272100996318885,-0.044596914878658356,15.037456703186034,15.71692253112793,0.9699889830718406,0.9280549233873123,35.74380155961559,-0.3074949909415654,-0.17259061806007303,-0.13490437288149237,0.02474360568420778,0.024563762442137826,1487221.8,1.0918774859271159,0
2023-12-31,14.760746955871582,15.18846799047686,14.664727370475823,14.813120518394024,417734,0.011968848042508862,-0.0111111444763764,-0.05477918120453784,14.862003707885743,15.684799766540527,0.9931868707608763,0.9410860945359231,47.65431446008822,-0.30116496594030906,-0.22089246911283578,-0.08027249682747328,0.02420703139672876,0.024461905032678245,1430119.9,0.2920971870959911,1
2024-01-02,15.013888359069824,15.013888359069824,14.760746430196358,14.760746430196358,297854,0.017149633684191423,0.039274950198887604,-0.04124867361146978,14.797408962249756,15.67938777923584,1.0146295474682316,0.9575557777168229,52.857147688079216,-0.26767195198204163,-0.23024836568667698,-0.03742358629536466,0.025151213461723283,0.024505724992004586,1273463.6,0.23389282583341994,1
2024-01-03,15.083721160888672,15.275758670516243,14.970243164120804,15.013889187849049,356095,0.004651213606278182,0.08000005462674897,-0.018181768521137176,14.769476222991944,15.674674129486084,1.0212766474011812,0.9622988673502466,47.20000815759304,-0.23280988617754161,-0.23076066978484994,-0.0020492163926916773,0.024686962257598085,0.023123326784947967,1172792.2,0.3036300889449981,0
2024-01-04,14.952784538269043,15.179738863595277,14.795663849897537,15.083720942633613,537803,-0.008680657857766616,0.025134580889268454,-0.028911549563404026,14.724958324432373,15.624918785095215,1.0154721126414767,0.9569831846123048,41.64381823101625,-0.2132882844464934,-0.22726619271717863,0.013977908270685235,0.024740994431328538,0.02156215102777152,1156268.8,0.46511935632960083,1
2024-01-08,15.101179122924805,15.14482515017183,14.926600008713809,14.952785960136323,313271,0.009924210723158078,0.0353082324896099,0.01169593819139969,14.742416381835938,15.592446899414062,1.024335409596143,0.9684932211308208,41.96188636164047,-0.1837252018704696,-0.21855799454783684,0.03483279267736725,0.022903955097013387,0.02174419636295303,1109099.6,0.2824552456785666,0
2024-01-09,14.978972434997559,15.171009945472962,14.926598871218008,15.101177972125036,746881,-0.008092526214838802,0.014784175880690809,0.003508762290139744,14.747653770446778,15.558054637908935,1.015685116300623,0.9627792666635597,39.62765516958827,-0.16821818975101976,-0.20849003358847343,0.040271843837453664,0.023101001518745896,0.021438809683296797,1183787.7,0.6309247849086453,0
2024-01-10,14.96151351928711,15.188467841221488,14.944056775234863,14.978971928264873,460102,-0.0011655616422430182,-0.003488426084577556,0.035649516353565724,14.7991548538208,15.531693019866943,1.0109708065811873,0.9632892885630366,43.31394721029116,-0.1555445388907355,-0.19790093464892586,0.04235639575819036,0.020102772756746566,0.01978115069591527,1169587.6,0.3933882335961838,1
2024-01-11,15.415422439575195,15.65983517486999,14.996430606148877,14.961513787567243,2220939,0.0303384359946568,0.021990679564311222,0.1037499897574845,14.94405632019043,15.51702829360962,1.031542046502322,0.9934519772657585,50.255114909708524,-0.10763319441720931,-0.17984738660258257,0.07221419218537325,0.016930763696855835,0.020762388837618065,697454.3,3.1843505732203528,1
2024-01-14,16.008995056152344,16.139929796146717,15.432880868236657,15.415422458923926,1446534,0.03850511517954258,0.07063637646754795,0.09754637307486469,15.086339092254638,15.5055060005188,1.0611583736952723,1.0324716301175014,65.27090646599223,-0.021518705038152675,-0.1481816502896966,0.12666294525154392,0.01566262824663823,0.021351157292938718,679721.3,2.128128101914711,0
2024-01-15,15.68602180480957,16.2795944270599,15.668565059686506,16.008995731007765,1197914,-0.02017448629410712,0.03872827923727673,0.075403938814119,15.19632453918457,15.489270038604737,1.0322247175204957,1.0127024556815434,59.81939416449208,0.020430891434198628,-0.11445914194491756,0.1348900333791162,0.018122626439593226,0.02174433580881039,799512.7,1.4983051551276172,1
2024-01-16,16.567649841308594,16.585108249574464,15.686020202987528,15.686020202987528,2492417,0.056204692781231635,0.10606050670065836,0.12241269976640679,15.37701482772827,15.493634510040284,1.077429528872752,1.069319779718072,74.84658725055486,0.12339385578215634,-0.06688854239950279,0.19028239818165912,0.02384546492749599,0.024999032088663917,1006981.0,2.4751380611947993,0
2024-01-17,16.323240280151367,16.890625281349013,16.235949895753514,16.567651358554635,817326,-0.014752216729486456,0.09101530798397062,0.08720938172492598,15.507950019836425,15.502887287139892,1.0525724070087983,1.052916142510562,79.22077707096744,0.18315958814727296,-0.016878916290147643,0.2000385044374206,0.025157936887270218,0.025321878033957818,1058928.2,0.7718426990611829,1
2024-01-18,16.550193786621094,16.585110608118303,15.93043518937679,16.323241106591972,660403,0.01390370432429977,0.07361273111352817,0.09722220465961096,15.654597282409668,15.522964000701904,1.057209807959593,1.0661748481715696,76.9784110460743,0.24600185660587748,0.03569723828905738,0.2103046183168201,0.025163616855115298,0.024927930400590464,1089359.0,0.6062308201428547,1
2024-01-21,17.86827278137207,17.89446039595888,16.41925807274701,16.55019281582988,3090878,0.07964130279951709,0.116139565206824,0.19497961972509836,15.94614610671997,15.563990287780761,1.120538634337615,1.148052167277462,83.0985826091924,0.39757971487573585,0.10807373360639308,0.2895059812693428,0.03247255952933287,0.030107451735683303,1344666.5,2.2986205129673416,0
2024-01-22,17.449281692504883,17.894461170188457,17.11758021801502,17.8682735544686,1599222,-0.02344888585448457,0.11240962875333183,0.15549133948192617,16.18095636367798,15.600826721191407,1.078383829751495,1.1184844242134055,75.83893761607038,0.4783826826148445,0.18213552340808337,0.29624715920676115,0.035056364835176004,0.029664675410361763,1473261.6,1.0854976468537563,1
2024-01-23,18.060312271118164,19.203811489060307,17.196140953901523,17.449281239586906,3698878,0.03501752045619977,0.09009500104763646,0.20571102921060347,16.489090347290038,15.643948040008546,1.0952885750963428,1.1544600010770873,77.39404511843543,0.5849813766289973,0.26270469405226615,0.32227668257673114,0.03453477108653528,0.03018117459318857,1768461.3,2.091579838360048,0
2024-01-24,17.885730743408203,18.33091019068739,17.458009705416565,18.060311506432587,1394012,-0.009666584114890964,0.0957218319671973,0.1954492919684523,16.78151206970215,15.692481307983398,1.065799712750536,1.1397643490777338,74.73034253744837,0.6479056859495032,0.3397448924317136,0.3081607935177896,0.035195753127798525,0.028919958792516222,1861852.3,0.748723193563743,1
2024-01-28,20.687742233276367,20.94961171372774,17.885730800803994,17.885730800803994,2714896,0.15666184010406425,0.25,0.34201591389191033,17.308744049072267,15.794436073303222,1.1952191432621717,1.3098120209713677,84.39791427638892,0.9133441020054853,0.45446473434646795,0.4588793676590174,0.056260395715880825,0.041865661397833015,1911248.0,1.4204833700283794,1
2024-01-29,21.647932052612305,21.7264932319625,20.68774282042211,20.68774282042211,1523668,0.046413465931118614,0.21152907824311828,0.35223553862569834,17.87263774871826,15.913150539398194,1.2112331910361014,1.360380020223889,85.7824470454011,1.1874965320589865,0.6010710938889717,0.5864254381700148,0.05642998669722338,0.04192897558316717,1918961.4,0.7940065912738006,1
2024-01-30,24.895122528076172,25.916416174278314,21.38606213703029,21.64793161967676,3796418,0.150000030837681,0.426713315011102,0.5870896290889354,18.79354782104492,16.091396827697753,1.3246632708805912,1.547107612511598,90.3983021102169,1.6477907356187167,0.8104150222349208,0.8373757133837959,0.06409349002304525,0.05055573392055225,2178811.8,1.7424258488043807,0
2024-01-31,20.94961166381836,25.322843298431508,20.783760105300644,24.895122260086282,2900030,-0.15848529605781825,0.1599805888916288,0.26448904126305806,19.231744003295898,16.19038372039795,1.0893245906470082,1.293953993037506,68.48060856090754,1.6749002479755006,0.9833120673830369,0.6915881805924637,0.09150577487086928,0.06557590373938643,2219573.1,1.3065710699052895,1
2024-02-01,21.473352432250977,21.70903596462993,17.56275862838957,20.94961180416182,2961965,0.025000022761145546,0.2005856926010694,0.3155079545304502,19.74675521850586,16.307352390289306,1.0874370089991807,1.3167896246013495,68.61588457014486,1.7188326024550662,1.1304161743974428,0.5884164280576234,0.09032070796677087,0.06558334654271324,2434037.0,1.2168939913403125,0
2024-02-04,19.42203712463379,22.695414168111395,19.072877239647976,21.47335373819822,5361251,-0.09552841430275705,-0.061181403672300405,0.1735232454096245,20.033939552307128,16.38329475402832,0.969456709895939,1.1854780992607303,59.62580534798941,1.5700270140185388,1.218338342321662,0.3516886716968768,0.09891092210145348,0.07046826406371028,2904121.8,1.846083383968262,0
2024-02-05,19.42203712463379,19.849758191857116,19.029231213446213,19.42203712463379,5018317,0.0,-0.10282252007114512,0.0869566052786892,20.1893159866333,16.4602845954895,0.9619957970588254,1.1799332515766998,60.732202415105526,1.4355493932888521,1.2617805525151,0.1737688407737521,0.09680923614629679,0.07034082619655384,3096865.7,1.6204503152978187,0
2024-02-06,18.147602081298828,20.076711375136835,18.147602081298828,19.42203600420846,5387376,-0.06561799028375559,-0.271037848444716,0.04002000776306458,20.259148025512694,16.50550085067749,0.8957732111165405,1.0994881188688035,54.438457321153244,1.2121655628409975,1.2518575545802797,-0.03969199173928217,0.09943655496802882,0.07264721943264135,3475681.1,1.5500202248129151,1
2024-02-07,19.640260696411133,19.640260696411133,18.243619602792347,18.14760168264814,5675951,0.08225101081814512,-0.0625000113805727,0.08748178888465863,20.417142868041992,16.572365016937255,0.9619495158234467,1.1851211746988697,58.707604183878345,1.1424083708142732,1.2299677178270785,-0.08755934701280532,0.10193297128425324,0.07414265808075354,3673388.4,1.5451540599409526,1
2024-02-08,19.779924392700195,20.50443171165005,19.640260451571944,19.640260451571944,5205368,0.007111091774590461,-0.0788618379404703,0.10590529827751638,20.606562232971193,16.63503927230835,0.9598847284216894,1.1890518602878806,58.51749238067501,1.0858776648470005,1.2011497072310628,-0.1152720423840623,0.10165425175544998,0.07406336299928158,4054524.0,1.2838419503744458,1
2024-02-11,19.893402099609375,20.27747709973077,19.22999755631949,19.779924108494725,3784607,0.005737014189551637,0.02426959499411807,-0.038396656566480725,20.527128219604492,16.71045789718628,0.9691273853207641,1.190476180964439,55.7030483657794,1.0382649041434924,1.1685727466135487,-0.13030784247005633,0.08861649253705439,0.07402866887661096,4161495.1,0.9094344482106923,1
2024-02-12,21.31622886657715,21.86615541263351,19.291100106922887,19.89340187826116,7040642,0.07152254601015229,0.09752796422888488,-0.015322626901682734,20.493957901000975,16.82253829956055,1.0401226044060534,1.267123218089745,60.307113647830185,1.1026312308245743,1.1553844434557539,-0.0527532126311796,0.09042481609426777,0.07493276521049537,4713192.5,1.4938159220103995,0
2024-02-13,21.07181739807129,21.90980273829876,21.028173039329737,21.316230135830462,3213245,-0.01146598068709448,0.16113508019805423,-0.15357647369250915,20.11162738800049,16.925715141296386,1.0477430290222904,1.2449587637605333,58.186991377529466,1.1209978798155582,1.1485071307277148,-0.027509250912156613,0.07403023893606955,0.07472985921849541,4654875.2,0.6902967022617491,0
2024-02-14,21.036901473999023,21.47335170514039,20.617909651685434,21.071816626729074,802664,-0.001656996328919469,0.0711111119743486,0.004166655286093945,20.120356369018555,17.03203441619873,1.0455531248140202,1.2351373276930069,58.63223389090763,1.1198274840299014,1.1427712013881521,-0.022943717358250737,0.053877111360808555,0.07427222701261016,4445138.6,0.18057119748752043,0
2024-02-15,20.94961166381836,21.298771525230222,20.775030900649654,21.036902045402712,527578,-0.0041493663070367726,0.05913507291007836,-0.024390265566824443,20.067982292175294,17.131545066833496,1.0439321382093716,1.2228676153896125,50.84269445683265,1.0991856508041629,1.1340540912713544,-0.03486844046719151,0.053263597516369054,0.07408906442943733,4201699.9,0.1255629893986479,0
2024-02-19,21.473352432250977,22.171672159752813,21.386062050081858,22.005820600124043,952758,0.025000022761145546,0.007371077063269338,0.10561792743230924,20.425871276855467,17.333359680175782,1.0512820795352025,1.2388453726492572,35.567007240499166,1.0775828078561673,1.1125890907276774,-0.035006282871510086,0.04198423912538693,0.07262998820048974,3259018.9,0.29234503672255474,0
2024-02-20,21.29877281188965,22.040738602790498,21.132921243352833,21.473353585604784,949864,-0.008130058914281424,0.010770566654546565,0.17364116297425958,20.740988349914552,17.44351972579956,1.02689285836166,1.2210134850472887,52.159833915743576,1.0569355214452152,1.101458376871185,-0.04452285542596979,0.03340630329495423,0.07231953129693977,2815267.7,0.3373973991887166,1
2024-02-21,21.717763900756836,21.813783489387752,21.036902570248408,21.298772056609252,700243,0.01967207653547498,0.03236514786169131,0.10577778148969919,20.948738670349123,17.567995319366457,1.036709858407666,1.2362118446613992,51.53172536953762,1.0621378138654087,1.0935942642700298,-0.031456450404621084,0.024391128926899677,0.07214926948328115,2317696.9,0.30212880726552294,1
2024-02-22,22.128026962280273,23.044571777996858,21.473351618218285,21.717762681115776,2265332,0.01889066772243253,0.05624998292914096,0.11871140268092462,21.18354892730713,17.712023887634277,1.0445854487467698,1.2493223305626324,71.34986242477906,1.0868370870356294,1.0922428288231498,-0.005405741787520402,0.024500772142569523,0.07198585926215315,2023693.3,1.11940480308948,0
2024-02-25,18.27853775024414,20.513162663587703,17.702423527779985,22.12802899349357,4744152,-0.1739644125794868,-0.12749992488822004,-0.08117587636741852,21.022062492370605,17.781506805419923,0.8694930745676285,1.0279521274694627,44.38731595175018,0.7867210011001795,1.0311384632785559,-0.24441746217837634,0.063728816780008,0.0751893209549005,2119647.8,2.238179380555581,0
2024-02-26,18.156330108642578,18.985586266722542,17.283429590632345,18.278537313313425,4174402,-0.006685854375847455,-0.1544715634912479,-0.14823910822655617,20.70607261657715,17.839292812347413,0.8768601581212816,1.0177718533817512,50.048303793705635,0.532873076309599,0.9314853858847645,-0.39861230957516547,0.05760435822597845,0.07427079444443345,1833023.8,2.27733104174643,0
2024-02-27,17.12630844116211,18.60150907868101,16.934269266746806,18.156329626525853,6050047,-0.056730719331335,-0.1959016328113673,-0.18724103775075018,20.31152172088623,17.872113876342773,0.8431819474929452,0.9582698812048259,35.33604813208689,0.24574977627512595,0.7943382639628368,-0.5485884876877108,0.05911986063137234,0.06525143642717553,2116704.0,2.858239508216548,0
2024-02-28,16.166118621826172,19.116521754873602,15.886790711588034,17.126309561964028,13069445,-0.05606519482203043,-0.25562692845819157,-0.2315351839334796,19.824443435668947,17.88311246871948,0.8154639334156253,0.9039879746941918,30.76208414351204,-0.058601282288940126,0.6237503547124814,-0.6823516370014215,0.05986826108103571,0.057008758237652696,3343382.1,3.909049163121379,1
2024-02-29,16.550193786621094,17.274702848357027,15.98280875669692,16.1661187397059,3757444,0.023758032078050828,-0.2520709679704941,-0.2099999726866255,19.384501647949218,17.90091962814331,0.8537848476683444,0.9245443323817485,32.700985117828054,-0.26574667078382674,0.4458509496132198,-0.7115976203970465,0.06153485885519219,0.0569678655329692,3666368.7,1.0248407368304229,0
2024-03-03,16.070098876953125,16.66367151308051,16.061369671724705,16.55019351003669,2529194,-0.02900841620694916,-0.12082141927690682,-0.23291662228243304,18.896550369262695,17.915060634613038,0.8504250015438214,0.8970161589017829,19.91991133728338,-0.46330978367175035,0.2640188029562258,-0.7273285866279762,0.0610947778071194,0.05363604566096784,3919288.1,0.6453197456956532,1
2024-03-04,17.21359634399414,17.327074335309703,16.11374157277089,16.070097216065204,3535685,0.07115684077594309,-0.05192314520651331,-0.1983740592763279,18.47057476043701,17.951373291015624,0.9319469787623907,0.958901364532889,29.94553381874178,-0.5215966435929609,0.1068957136463885,-0.6284923572393494,0.0667200233651314,0.056477753770138556,4177580.8,0.846347484170743,0
2024-03-05,17.01283073425293,17.65004770675145,16.698586017984905,17.21359745190168,2363356,-0.011663199585324246,-0.006625929183690427,-0.2012295316490803,18.04198055267334,17.9930979347229,0.9429580463510744,0.9455198207653691,29.43798625646312,-0.5773343557773316,-0.02995030023835553,-0.5473840555389761,0.06666121339331278,0.054659991873988636,4318930.0,0.5472086836322886,1
2024-03-06,17.885730743408203,18.98558555464051,17.37071932390437,17.012830258137377,8018042,0.05130833444418004,0.10637136605321906,-0.176446947985059,17.658777236938477,18.05228057861328,1.0128521643047281,0.9907740279971944,35.5078316148673,-0.544791145438996,-0.13291846927848364,-0.4118726761605124,0.06944896330825481,0.05255549247544249,5050709.9,1.587507926361005,0
2024-03-07,17.66750717163086,18.636427328037435,17.1175805502458,17.885732312088145,2399006,-0.012200987195212565,0.06751059228762535,-0.20157783602907187,17.212725257873537,18.11670066833496,1.0264212614181647,0.9752055572961351,34.78963554553613,-0.5304940302964525,-0.21243358148207742,-0.31806044881437506,0.06835596525911002,0.05253216257531004,5064077.3,0.4737301304622661,1
2024-03-10,18.784820556640625,20.076712993138685,17.76352682908828,17.66750723417096,7204543,0.06324114512339696,0.16892999230893402,0.027698211602824818,17.263353538513183,18.213068923950196,1.0881327613857394,1.0313923828585843,38.19018068232222,-0.4241166583145244,-0.25477019684856683,-0.16934646146595755,0.04673183115520992,0.05463806597670417,5310116.4,1.3567580175831926,0
2024-03-11,17.98175048828125,19.640261091949665,17.946833669397957,18.78481900841577,3299468,-0.04275101089935518,0.04462484938861255,-0.009615358352524472,17.24589557647705,18.280980587005615,1.0426684081752116,0.9836316166247088,36.191849270724475,-0.4000018947412265,-0.2838165364270988,-0.11618535831412768,0.04896181116694747,0.05255062733900299,5222623.0,0.631764536708853,0
2024-03-12,17.19614028930664,18.23489067186838,16.45417454110143,17.98175039596634,3111109,-0.04368930597088383,0.010774782745862632,0.0040774606147284675,17.252878761291505,18.333180046081544,0.9967113620416691,0.9379791310663569,31.73483097518742,-0.43921989476877243,-0.31489720809543353,-0.1243226866733389,0.047429454598410435,0.0531825984470717,4928729.2,0.631219300910263,0
2024-03-13,16.201032638549805,17.25724309788448,15.415422530034052,17.196140329933613,4103509,-0.057868081675027994,-0.09419229938252849,0.0021597031136770806,17.25637016296387,18.361985759735106,0.9388435972080003,0.8823137568310326,27.138036743917624,-0.5443227000385455,-0.36078230648405596,-0.1835403935544896,0.047674989269130864,0.05426599340551877,4032135.6,1.0177011408048875,0
2024-03-14,16.15738868713379,16.67240012273368,15.755853585598429,16.201033046791164,1733099,-0.002693899357511742,-0.08547433827687378,-0.023734169191713117,17.217089653015137,18.384855766296386,0.9384506332232656,0.8788422869628355,38.41752939483111,-0.6239466638239648,-0.41341517795203775,-0.21053148587192705,0.047015325663573936,0.05427733601801706,3829701.1,0.4525415834671797,1
2024-03-17,16.803335189819336,17.37072020090603,16.23595017873264,16.157388997897876,2729503,0.03997839720226071,-0.10548332686206119,0.045627367851344136,17.290413284301756,18.419248046875,0.9718295863451312,0.9122704220637379,43.01172195251991,-0.6276911120020259,-0.4562703647620354,-0.17142074723999046,0.04757487976203405,0.0554437202347226,3849732.0,0.7090111727257897,0
2024-03-18,16.017724990844727,17.19614103435358,15.764583039049402,16.803335131542088,2243006,-0.04675323024268352,-0.10922326492720957,-0.06947248728570632,17.170826148986816,18.440546855926513,0.9328453303215041,0.8686144242895308,44.125806743077455,-0.6861413808688255,-0.5022445679833935,-0.18389681288543203,0.043963794535307306,0.05542059014791486,3720464.1,0.6028833875859735,1
2024-03-19,16.061368942260742,16.218491299384937,15.450339588353478,16.017724583026503,732451,0.0027247284767943913,-0.06598988656492599,-0.05592613051022444,17.075679969787597,18.459750652313232,0.9405990842343321,0.8700750754858141,49.38523594630724,-0.7206349072940306,-0.5459226358455209,-0.17471227144850965,0.0440045223793811,0.05552394919529774,3557373.6,0.20589656368957143,1
2024-03-20,16.41053009033203,17.021561156802935,16.183577406709286,16.061370194459677,1131221,0.02173918981168388,0.012931117198278663,-0.08247919384674052,16.92815990447998,18.488381805419923,0.9694219680657105,0.8876131109279254,49.17695658272877,-0.7115940753617203,-0.5790569237487608,-0.13253715161295943,0.04067782507431911,0.05558880999144676,2868691.5,0.3943334443595625,1
2024-03-21,16.637483596801758,16.794605958223258,16.070098586610722,16.41052925974022,911884,0.013829748656530638,0.02971364488187822,-0.05830044752906827,16.82515754699707,18.521901206970213,0.9888456348969638,0.8982600333998485,53.44644571419038,-0.6782969150654701,-0.5989049220121027,-0.07939199305336742,0.04119642386831114,0.055450394725141156,2719979.3,0.33525402196994664,1
2024-03-24,17.108850479125977,17.36199076348613,16.63748340042515,16.63748340042515,853430,0.028331621160235354,0.01818182437327942,-0.08921938181209699,16.657560539245605,18.55576976776123,1.0270921986936277,0.9220232139790218,49.307173717387634,-0.6068776004021963,-0.6004994576901214,-0.00637814271207493,0.035887057391555094,0.04105051728893187,2084868.0,0.40934486020218064,1
2024-03-25,17.92937660217285,18.147601721488925,17.02155930665373,17.108849687365268,2108643,0.04795916149059676,0.11934601277152468,-0.0029126133266352827,16.652323150634764,18.59417739868164,1.0766892066642009,0.9642468294103763,55.60299072429593,-0.4785512374981451,-0.5761098136517262,0.0975585761535811,0.03774422462380823,0.042548600627749567,1965785.5,1.072671967516293,0
2024-03-26,17.588945388793945,18.269808403203786,17.4667398470764,17.929377728461684,1049951,-0.01898734244545064,0.09510873276273712,0.02284263171146428,16.691603660583496,18.632235870361328,1.053760066825064,0.944006157456016,48.05936605533764,-0.39971397033575684,-0.5408306449885323,0.14111667465277544,0.035268500115280044,0.04068546072078643,1759669.7,0.596675046459003,0
2024-03-27,16.890625,17.711151935791253,16.777147002695322,17.588944733699634,663997,-0.039702231905208496,0.029255295656220648,0.04256471651130034,16.760562896728516,18.638695373535157,1.0077600080661295,0.9062128363331041,45.220189760731365,-0.38909820547886653,-0.5104841570865991,0.12138595160773258,0.032122477397637746,0.03960403349733138,1415718.5,0.46901767547715173,0
2024-03-28,16.611297607421875,17.012831050175723,16.410529221119326,16.89062550932466,578316,-0.016537421947271036,-0.0015739152635387832,0.028092962859124437,16.805953788757325,18.644456520080567,0.9884174273128331,0.8909510228700458,35.08981553299482,-0.39862937024988554,-0.48811319971925643,0.08948382946937089,0.032765644572143524,0.03951384736769429,1300240.2,0.4447762805672367,0
2024-03-31,15.71220874786377,16.750960792373917,15.563815598648034,16.61129684780917,638527,-0.05412514306867844,-0.08163270425246916,-0.06493511137102403,16.696841144561766,18.62769681930542,0.9410288216691397,0.8434863902004197,34.63356621375537,-0.47327621041699786,-0.48514580185880474,0.011869591441806882,0.03451445172637389,0.04089028258368068,1091142.6,0.5851911564996178,1
2024-04-01,16.148658752441406,16.375613075239755,15.895516816076722,15.712208515888936,758065,0.02777776260368081,-0.09931844755358876,0.008174304507757357,16.709934520721436,18.593304538726805,0.9664106542378122,0.8685201018897096,42.55582433663742,-0.49155021633185214,-0.4864266847534143,-0.005123531578437868,0.03277621447755673,0.037942778406994185,942648.5,0.8041862900116002,1
2024-04-02,16.57638168334961,17.021561175420935,16.34069812903084,16.148660602322426,1068071,0.026486591701836426,-0.05756818746446546,0.03206530794107865,16.761435794830323,18.5758465385437,0.9889595310481821,0.89236211383178,52.90149846838697,-0.4661453978014478,-0.48237042736302105,0.016225029561573234,0.03373811920165126,0.038414110693920284,976210.5,1.094099069821519,0
2024-04-03,16.366884231567383,16.663670532160516,15.991536753468681,16.57638014994038,423743,-0.012638310083838089,-0.031007779074641584,-0.0026596251628923095,16.757071208953857,18.541977977752687,0.9767150850813366,0.8826935427927345,51.57894237484227,-0.4576411868693562,-0.4774245792642881,0.01978339239493193,0.033443359894307745,0.03647901788302414,905462.7,0.4679850423435444,1
2024-04-04,16.58510971069336,16.75096127397946,16.358155378019116,16.366884582921077,946759,0.013333355086918575,-0.0015765112002337212,-0.003147945168731292,16.751833820343016,18.51596555709839,0.9900474114393858,0.8957194081804281,48.24191078895431,-0.42835475903650533,-0.46761061521873154,0.03925585618222621,0.03342130786562161,0.03661587329637537,908950.2,1.0415961182471825,1
2024-04-07,16.59383773803711,16.9342683804275,16.585108533754603,16.585108533754603,1325698,0.000526256834956218,0.05611107924550751,-0.030102124144297138,16.70033254623413,18.434087467193603,0.9936231923584639,0.900171368263739,55.30544946377985,-0.3998317634359232,-0.4540548448621699,0.05422308142624671,0.03194386028359528,0.033215535720388475,956177.0,1.3864566915958028,1
2024-04-08,17.283430099487305,17.405637307756148,16.576381125261406,16.593839535717763,800234,0.0415571353858355,0.07027031559969887,-0.036027270608352646,16.635737895965576,18.346797428131104,1.0389337826534766,0.9420407113116461,60.05746792642975,-0.31791798291025586,-0.4268274724717871,0.10890948956153124,0.030864103124511797,0.03360709409857708,825336.1,0.9695856027623171,1
2024-04-15,18.21743392944336,18.24361987854871,17.353260980604638,17.28342900811445,2282399,0.054040420482492024,0.09899942444871002,0.03573201955870697,16.69858675003052,18.213243656158447,1.090956630171716,1.0002300673819566,63.564866614870326,-0.17561009454852083,-0.3765839968871339,0.20097390233861306,0.03507416600881436,0.03423935734345493,948580.9,2.4061194991381334,1
2024-04-16,19.107789993286133,19.6402597915213,18.278535578821614,18.217432814747177,5501177,0.04887384618992696,0.16746655765012797,0.13126601255348058,16.92030324935913,18.1764072227478,1.129281769462959,1.051241301931919,66.86529789475466,0.00891149936962421,-0.2994848976357823,0.3083963970054065,0.033957902124047874,0.03245100940109205,1432298.9,3.8408023632497383,1
2024-04-17,19.273643493652344,19.727552165486742,19.029230747681755,19.107791927996388,2584240,0.008679889219239234,0.16210527574777123,0.1602732037647041,17.18653783798218,18.13241304397583,1.1214383999468276,1.0629386969571415,65.42287603974216,0.1666086228461623,-0.20626619353939338,0.37287481638555564,0.03242842208548656,0.03233870624087999,1632891.3,1.5826160626858627,0
2024-04-18,17.693695068359375,19.465682171411636,17.32707675998206,19.27364464413808,4239525,-0.08197455897808403,0.06628107058086541,0.1261112522302128,17.38468647003174,18.09784620285034,1.0177747581965493,0.9776685507236041,48.48485926045093,0.16222605463094908,-0.1325677439053249,0.29479379853627397,0.03949370405780814,0.037367061362622106,1992991.1,2.127217226409089,1
2024-04-21,18.069040298461914,18.453115304464163,17.859542721646402,17.693692831978595,1790782,0.021213501682514346,0.045454530405854676,0.11891895020260912,17.57672462463379,18.070786266326905,1.0280095230676904,0.9999033817433697,53.072623175069985,0.18688575823540532,-0.06867704347717885,0.25556280171258416,0.039268537789887786,0.03562973125263447,2096262.8,0.8542736149303417,1
2024-04-22,18.243619918823242,18.723716187563006,17.964292028245843,18.06904081967515,750806,0.009661809231572116,0.0014374137148680521,0.10057914129404466,17.74344844818115,18.072706623077394,1.0281890790340342,1.0094569839100693,59.28143124958785,0.21800286600862862,-0.011341061580017353,0.22934392758864597,0.03893840035900151,0.03562321778216157,2064536.3,0.36366810309898645,1
2024-04-23,18.330909729003906,19.168893374594127,17.554028849455616,18.243619349690217,2827146,0.004784675989144116,-0.040657776988086924,0.11999996270813962,17.939850997924804,18.046519603729248,1.0217983265928094,1.0157587242038564,62.11560712284365,0.24686129295638182,0.04029940932726248,0.20656188362911934,0.03817901603750457,0.03545540356493143,2304876.6,1.226593215445894,0
2024-04-24,17.458009719848633,18.50549096900977,16.62002605246016,18.330910205841064,4085616,-0.04761902284501107,-0.09420293440633987,0.05263154868324227,18.02714099884033,18.00008131027222,0.9684291991154721,0.9698850476795214,62.34568109384081,0.19702488834800036,0.07164450513141007,0.12538038321659029,0.04256805637192725,0.03736626444524375,2618762.3,1.5601324335545843,1
2024-04-29,16.983152389526367,17.104195590091432,16.387252866500386,16.573470579485676,993216,-0.08800000245820361,-0.06009660120288629,-0.01737373358369676,18.199917221069335,17.887989292144777,0.9331444853971992,0.9494165113898098,52.257601468475734,0.15541154342233554,0.11670729457905667,0.038704248843278874,0.05489901556311342,0.043370773395354535,2505490.7,0.39641575999463896,0
2024-04-30,16.284832000732422,17.309035639806048,15.651687868362522,16.983152421566167,2124382,-0.041118419759608615,-0.10736838011352123,-0.10608529918077159,18.00665702819824,17.792249584197997,0.9043784182278,0.9152767289862901,49.56804321033893,0.02494022866293122,0.09835388139583158,-0.07341365273290036,0.052620291177879815,0.04410844263457046,2489689.0,0.8532720351819042,1
2024-05-02,17.020397186279297,17.07626232320186,16.089303283273395,16.50829447407364,738194,0.045168730356800246,-0.07149195332357472,-0.10924302641698902,17.797917747497557,17.711919498443603,0.9563139591805574,0.9609572349160083,52.1731611888815,-0.01888754136036397,0.07490559684459247,-0.09379313820495644,0.052171732954998766,0.04446319856406904,2013390.7,0.3666422021319558,1
2024-05-07,17.75596046447754,18.295994857740787,16.582781932370345,17.020397203823435,3821115,0.04321657539174262,0.01706670745463934,-0.07874396087458213,17.64614944458008,17.648046474456788,1.0062229451383904,1.0061147838757645,55.40929232020356,0.005667117325064197,0.06105790094068682,-0.05539078361562262,0.05464869282361453,0.045200323132958534,2137078.2,1.7880089741217704,0
2024-05-08,17.72802734375,18.100464519895894,17.50456326214192,17.755959022010604,735580,-0.0015731686710737103,-0.04800001065221571,0.0019403677557447985,17.64958267211914,17.58361478805542,1.0044445624062701,1.0082129048796429,52.20528840832136,0.022612232108031094,0.05336876717415568,-0.030756535066124586,0.04785160379452109,0.0431024096852715,1786683.7,0.41170129889246765,1
2024-05-09,18.016666412353516,18.016666412353516,17.59767346809762,17.728027815155336,358223,0.016281510796815946,0.06085525225955846,-0.002898542769471657,17.6443452835083,17.51448106765747,1.021101442012315,1.0286725791507114,48.936036443632574,0.05865596873989176,0.054426207487302904,0.004229761252588858,0.047647850667107416,0.04288619162717207,1643427.8,0.21797306824187834,0
2024-05-12,17.90493392944336,18.34254916624895,17.867691099712133,18.01666597047813,878210,-0.006201618010396426,0.09948533264807846,-0.018564626476921697,17.610476684570312,17.446604290008544,1.0167205720859924,1.0262704209837152,43.05210565455697,0.07731378690888846,0.05900372337162002,0.01831006353726844,0.047582094862099376,0.04270201102548848,1656168.2,0.5302661891467304,0
2024-05-13,17.411457061767578,18.00735660389517,16.38725339179524,17.90493570412172,711385,-0.027560943236115132,0.022975954744671068,-0.050158594463074135,17.51853141784668,17.360478153228758,0.9938879376629697,1.0029364921915667,39.63596442062069,0.051684990766201366,0.057539976850536294,-0.0058549860843349275,0.048251987021117465,0.043149740829960155,1444592.1,0.4924469682479919,1
2024-05-14,17.420764923095703,17.6907829895892,17.039016590130846,17.411455547490228,526198,0.0005345825622236067,-0.018877916632695002,-0.0021333930585789584,17.514806938171386,17.26633291244507,0.9946307135780795,1.0089441117250395,48.15917251656686,0.03175895434137033,0.0523837723487031,-0.020624818007332776,0.045762039085591455,0.04309887912964491,1088650.3,0.483348968902135,1
2024-05-15,17.52318572998047,17.877002382592078,17.243858289220196,17.420764839605443,497747,0.005879237067769605,-0.011554676095518746,-0.05900006217206666,17.404937744140625,17.251225872039797,1.006793933283654,1.0157646685492336,46.17766125251597,0.02395578271339005,0.046698174421640495,-0.022742391708250445,0.03966276950706294,0.043096990084129816,1138425.0,0.4372242352372796,1
2024-05-16,17.783893585205078,17.970111296930394,17.51387550571049,17.523186657684853,299038,0.014877880040874203,-0.012919861078675043,0.04714914977578211,17.485011863708497,17.243777141571044,1.0170935955792477,1.0313223975930383,46.81914123979443,0.03836639415994725,0.04503181836930185,-0.006665424209354599,0.027234319518151796,0.042266000302119605,1069007.2,0.27973431797278825,1
2024-05-19,18.52876853942871,19.087425243194144,17.960802459330477,17.78389411835527,2078243,0.04188480720798493,0.034841491872779295,0.1377930419297766,17.709405517578126,17.271826343536375,1.046267110493195,1.0727741334872047,51.25480675600973,0.1086397596568851,0.05775340662681851,0.0508863530300666,0.02410216233919714,0.041564264817265585,1064393.3,1.9525141693394725,0
2024-05-20,18.435657501220703,18.99431416584691,18.30530493064547,18.528767241311833,1189081,-0.005025214601276362,0.05882336187142467,0.08315083951638291,17.850931549072264,17.31721712112427,1.0327560469626487,1.0645854569053197,56.88072852608995,0.15503151864037434,0.07720902902952967,0.07782248961084468,0.021836613505565424,0.04006378410938708,1109482.0,1.0717442914801683,0
2024-05-21,18.370481491088867,18.789474439814402,18.351859187607598,18.435657777352706,1581633,-0.003535323333465068,0.05451635288035317,0.03460928108286421,17.9123836517334,17.353622875213624,1.0255743651019409,1.058596330183459,47.90696935819909,0.18441237152415724,0.09864969752845519,0.08576267399570205,0.018219205970295815,0.040001331378493134,885533.8,1.7860786341526431,1
2024-05-22,18.53807830810547,18.62187689621207,18.26806201658909,18.37048113189227,610439,0.009123158644366525,0.057917127271476465,0.0456932375299528,17.993388748168947,17.40298246383667,1.0302716496353113,1.065224213529349,67.14578658124924,0.21869953942560372,0.12265966590788491,0.09603987351771881,0.018198581124995068,0.035277839216795615,873019.7,0.6992270621155514,0
2024-05-23,18.314617156982422,18.761541804541523,18.193575730905422,18.538079480761972,429635,-0.012054170200874736,0.029842934520192266,0.01653750687333644,18.023183822631836,17.425002880096436,1.0161699141072196,1.0510538955435205,75.00002349202352,0.22524444194341342,0.1431766211149906,0.08206782082842282,0.018387104061107586,0.03515461539380648,880160.9,0.48813234034822495,0
2024-05-27,18.71498680114746,19.087423987176546,18.249439874630962,18.426348203964995,1757216,0.021860661390478375,0.015151577854397802,0.07486620647287467,18.19450511932373,17.46762372970581,1.0286065313901254,1.0714100034866425,66.04362742470306,0.2591539643537928,0.17991268259940063,0.07924128175439216,0.015683744749838028,0.03540826776921353,896923.0,1.9591603738559498,0
2024-05-28,18.500835418701172,18.6218768367349,18.249439655184315,18.714986576102685,401862,-0.011442774965417457,0.007095836201981731,0.06199902819270342,18.302512168884277,17.484290294647217,1.0108358485429154,1.0581404853684664,62.17010647423929,0.26367824038447196,0.1966657941564149,0.06701244622805705,0.0166876557490887,0.03363927306311782,884489.4,0.4543434890231584,0
2024-05-29,18.407726287841797,18.6591220596691,18.34255000090597,18.500836030287534,750832,-0.005032698726958995,-0.007031582135818115,0.05047829609817844,18.39096622467041,17.47674840927124,1.000911320425835,1.053269513113588,56.56251720425014,0.25679051184554424,0.2086907376942408,0.048099774151303454,0.017060422249727206,0.03019136337469429,909797.9,0.8252733931348929,0
2024-05-30,18.29599380493164,18.538078419142877,18.249439822780495,18.407725848383205,188652,-0.006069868769395748,-0.0010168572944305732,0.0287957312201077,18.442176246643065,17.48303327560425,0.9920734711697577,1.0464999703719486,56.56251720425014,0.23955462319291954,0.21486351479397656,0.02469110839894298,0.017007712095973192,0.02212206274060041,898759.3,0.20990269586083837,1
2024-06-02,18.621877670288086,18.69636510993241,17.970111241459744,18.295994455873913,1161408,0.017811760805723775,0.016776791492391085,0.005025111661427495,18.451487159729005,17.511548023223877,1.009234513678169,1.0634055678910674,71.523157245699,0.2493171883146772,0.2217542494981167,0.027562938816560495,0.011791551671163617,0.019580361138523093,807075.8,1.4390321206508732,1
2024-06-03,19.55297088623047,19.86023178626298,18.621877034505207,18.621877034505207,3157207,0.04999996415119723,0.04477609810719341,0.06060610449807835,18.56321849822998,17.57858678817749,1.0533179301905466,1.1123175669264185,78.55361455877005,0.32839994245032145,0.24308338808855767,0.08531655436176377,0.019325612277729783,0.020100137867122406,1003888.4,3.144978067283176,1
2024-06-04,20.11162757873535,20.25129130149256,19.47848347458737,19.55297091178592,1341868,0.028571448080981776,0.08706591478598558,0.09477955645806446,18.73733310699463,17.657671566009522,1.0733452548392652,1.1389739300310477,80.88888605639208,0.4311821219592602,0.2807031348626982,0.150478987096562,0.020200479540446705,0.01895092601440666,979911.9,1.3693761653471093,0
2024-06-05,19.618146896362305,20.111627270182083,19.087423692474925,20.111627270182083,895908,-0.02453708335842586,0.06575611727342912,0.0582621655980704,18.845339965820312,17.71396780014038,1.0410078529728637,1.1074959104423139,70.73681831766625,0.4674297338415272,0.31804845465846404,0.14938127918306315,0.022858464948008785,0.02012008033355642,1008458.8,0.8883932590999255,0
2024-06-06,19.106046676635742,19.618147595786407,19.08742437297774,19.618147595786407,391253,-0.026103394088741294,0.04427487680312581,0.043212998277258,18.924482917785646,17.775734233856202,1.0095941199365326,1.0748386775633598,56.888888281925006,0.44965072580709275,0.34436890888818983,0.10528181691890293,0.024460882689862667,0.021106996206957315,1004620.6,0.3894534911985679,0
2024-06-09,18.482213973999023,19.18053438780815,18.351859622461944,19.10604694803867,562892,-0.0326510613731299,-0.007499979258906886,0.009150986645260373,18.941242599487303,17.824151134490968,0.9757656540706202,1.0369197295592192,50.49311569360038,0.38083264664319927,0.3516616564391917,0.02917099020400754,0.0271594756640249,0.02250594454727759,1060909.8,0.5305747953313279,1
2024-06-10,19.12466812133789,19.273642992069668,17.783892508831343,18.48221288135676,321132,0.03476067035273367,-0.021904741094571745,0.02189054817635827,18.98221073150635,17.878433895111083,1.0075047839182973,1.06970600632797,57.11775872801234,0.37382527846327207,0.3560943808440078,0.017730897619264274,0.02851997110713463,0.022537297521445225,917301.4,0.35008340770002094,1
2024-06-11,19.55297088623047,19.636769474959387,19.087423960367836,19.12466856687873,345088,0.022395304440065544,-0.02777779621852028,0.05686961932896106,19.087424278259277,17.936743640899657,1.0243902268417353,1.090107060550582,59.12898437441024,0.39824166038252784,0.3645238367517118,0.033717823630816046,0.02868476554465561,0.022840333966659274,911624.0,0.3785420304862531,1
2024-06-12,20.037139892578125,20.25129104987309,19.357441814596424,19.552970668842985,1119888,0.02476191516699977,0.021357419659932875,0.08851791792517827,19.25036563873291,17.9953094291687,1.0408706135047212,1.113464593173364,64.79999396920624,0.45145610643380607,0.38191029068813065,0.06954581574567542,0.028967325881621344,0.023220631085593146,948529.6,1.180656881978169,1
2024-06-13,20.651662826538086,20.79132655527454,20.06507267955605,20.037140999361156,1253574,0.030669194169153036,0.08089670124131088,0.128753269525675,19.485932540893554,18.049755153656005,1.059824197953991,1.1441519649841378,68.1620837218127,0.5370253098219742,0.41293329451489935,0.12409201530707481,0.02918755840076417,0.023765406006192594,1055021.8,1.1881972486255734,1
2024-06-23,21.880706787109375,22.53247323156176,20.707528252647496,20.651663115555223,1256755,0.059513075092041845,0.18387909683825687,0.17500002816691662,19.811815452575683,18.135590381622315,1.104427145482254,1.2065064509442258,71.79487448849804,0.6959901548033258,0.46954466657258465,0.22644548823074118,0.03277817001297925,0.025370005377865823,1064556.5,1.1805432590942802,0
2024-06-24,21.433780670166016,22.327629906090227,21.41515836710412,21.880705288128123,912692,-0.020425579543283168,0.12074000626718262,0.09619048659557117,19.999896430969237,18.226453495025634,1.0716945832267637,1.1759709960040075,69.56520854009213,0.7769515236815145,0.5310260379943706,0.2459254856871439,0.03240108706860113,0.026032014218682866,840105.0,1.0864022949512264,1
2024-06-25,22.029680252075195,22.4766048718894,21.089275254599116,21.43378075898959,980766,0.02780188857389132,0.1266666523596609,0.09537033568421194,20.191701698303223,18.334821147918703,1.0910264316120728,1.2015214151448605,72.64259449642013,0.8790647961608116,0.6006337896276589,0.27843100653315267,0.03235215015941239,0.026250887594318255,803994.8,1.2198660986364587,1
2024-06-26,22.34625244140625,22.998018847982166,21.880705515543617,22.029680389746012,1263429,0.014370258020482751,0.11524162436393603,0.13906030775770195,20.464512252807616,18.46750202178955,1.0919513822441809,1.2100311355071312,74.68785328534737,0.9743038618258559,0.6753678040672983,0.2989360577585576,0.030045432888240582,0.026273684425428906,840746.9,1.5027459512488242,0
2024-06-27,21.824840545654297,22.47660518120593,21.610687608449044,22.346252609279723,384478,-0.023333303743844236,0.05680790592845808,0.14230017936380812,20.736391639709474,18.581025657653807,1.0524897930583295,1.1745767401523561,69.06873727492298,0.996224074160704,0.7395390580859795,0.2566850160747245,0.029649802919648693,0.02687949981324515,840069.4,0.4576740921642902,1
2024-07-02,21.97381591796875,22.132101948568007,21.694486688482662,21.78759643164469,532223,0.006825954673199908,0.004255307278932641,0.1889168661764089,21.085551834106447,18.688974342346192,1.0421266699990044,1.1757636088236068,65.892426048543,1.0139291240759292,0.7944170712839694,0.21951205279195973,0.02505145096414687,0.026800477263051337,837002.5,0.6358678737518705,1
2024-07-03,22.30900764465332,22.625579693613957,21.694485849828684,21.973815068516608,592227,0.015254142836905737,0.04083399881503613,0.16650430235506053,21.40398578643799,18.80781681060791,1.0422828657823522,1.186156153545194,64.86145510835912,1.042984795237043,0.8441306160745842,0.19885417916245884,0.024327319018452767,0.02668038937526608,864112.0,0.6853590738237636,0
2024-07-04,21.899328231811523,22.625580313264873,21.88070592820487,22.309008255634215,489183,-0.018363856401294565,-0.005917109044349056,0.12000004292101707,21.638621520996093,18.914101181030272,1.012048212524188,1.1578307645818908,65.60511515465295,1.02118236454983,0.8795409657696334,0.14164139878019655,0.026420832686479188,0.027004553199769427,878521.5,0.556825302511094,1
2024-07-07,22.104167938232422,22.234520509836234,21.517579590094687,21.899327929152065,112734,0.009353698170674551,-0.0108333378855624,0.10315983502315795,21.845324325561524,19.02430778503418,1.0118489251435843,1.1618907866714117,71.40958073490637,1.0088037716227696,0.9053935269402607,0.10341024468250892,0.02602118980691323,0.02680727700643805,777806.1,0.1449384364560782,0
2024-07-08,21.275495529174805,22.53247262330368,21.275495529174805,22.10416851470303,409666,-0.03748941879980494,-0.025170631388135245,0.030207383680265876,21.907707595825194,19.104149093627928,0.9711420255229778,1.1136583694413857,69.37985891255639,0.9215041830328978,0.9086156581587882,0.01288852487410963,0.02882917846573204,0.02862837978351018,693415.3,0.5907945786601477,0
2024-07-09,21.11720848083496,21.647931683112365,21.098586177897374,21.27549450396336,175787,-0.007439875988918154,-0.03898309880867401,-0.03489367659385734,21.831357765197755,19.162144584655763,0.9672879125502103,1.1020274055203994,64.81994868525472,0.8299787102469622,0.8928882685764231,-0.06290955832946088,0.02106615578952234,0.02872764921881208,585318.5,0.3003270868766321,1
2024-07-10,21.619998931884766,21.880705853728696,21.33136033064654,21.117209167660782,343766,0.02380951305690404,-0.030884776398097058,0.008688073494096615,21.849979591369628,19.212388763427736,0.9894745595288473,1.125315503350635,65.20548460310654,0.7889209118773763,0.8720947972366139,-0.08317388535923753,0.021715224422466848,0.02720647881941574,528425.9,0.6505472195817805,0
2024-07-14,21.34067153930664,21.629310141314296,21.303426932120818,21.61999898951784,104788,-0.012919861534598787,-0.025510220523265348,-0.03127638281103284,21.781078720092772,19.25372932434082,0.9797802860709621,1.1083915837711231,59.887013986540055,0.7254800423863976,0.8427718462665706,-0.11729180388017302,0.01988852226703846,0.02692603698900882,440828.1,0.23770716975619297,1
2024-07-15,21.387226104736328,21.601379050044898,21.284806984027707,21.340672120407017,86777,0.002181494867391498,-0.032434689941711725,-0.04291665187192217,21.68517608642578,19.32759994506836,0.9862602000324102,1.106563989606661,56.10509875091858,0.6712218331341688,0.8084618436400903,-0.1372400105059215,0.019062497306116956,0.026122381838169006,323162.9,0.2685240168348532,1
2024-07-16,21.443092346191406,21.489646329064282,21.22893940758259,21.387225435639223,243257,0.002612131240465443,0.00787745774413473,-0.01749145422915377,21.647001266479492,19.39508098602295,0.9905802693972287,1.1055943701211846,45.48943545400143,0.6255191547405516,0.7718733058601825,-0.1463541511196309,0.017901101868511415,0.025112834196808854,309040.8,0.7871355497397108,1
2024-07-17,21.452404022216797,21.7037980221629,21.415159414271802,21.443092870230547,323299,0.0004342506143730773,0.015873099026608717,-0.023728782369819346,21.594860076904297,19.45925666809082,0.9934032425225178,1.1024266953318071,50.21098742286772,0.5833266013260356,0.7341639649533532,-0.1508373636273176,0.017678851209385216,0.023462395885635885,288148.4,1.1219878368229703,1
2024-07-18,21.880706787109375,21.973816532876956,21.4617138191156,21.45240444286746,893565,0.01996525724804621,0.01205864329808648,-0.019198561601936337,21.5520299911499,19.53025260925293,1.0152503869052911,1.120349399717588,48.245630191737426,0.577788763214059,0.7028889246054943,-0.12510016139143532,0.018250854058213,0.02278913573478848,318282.2,2.807461428882922,1
2024-07-21,22.30900764465332,22.625579693613957,22.16003277172132,21.880705328953965,967953,0.01957436118088607,0.045375146867479454,0.018707396341349325,21.59299793243408,19.627272567749024,1.033159347046653,1.1366330990537548,49.57263685272331,0.6010319640048891,0.6825175324853734,-0.08148556848048427,0.018364599552924347,0.02269737290457492,366159.2,2.643530464344471,1
2024-07-22,22.59764862060547,22.71869004213694,22.318319394430297,22.309008242632395,544498,0.012938315345520257,0.056595582332254146,0.022325232225525182,21.642346000671388,19.706787986755373,1.0441404374509329,1.1466936486957184,59.36795970686485,0.6354185728029478,0.6730977405488883,-0.03767916774594049,0.018557876744244722,0.022357935774738998,409335.6,1.3301994744654508,1
2024-07-23,23.286657333374023,23.32390016378619,21.00547669719029,22.597648099503484,1479500,0.03049028349526095,0.08597477254767605,0.09452949292961654,21.843462181091308,19.832858085632324,1.0660698904009829,1.1741453114235594,64.07186534651845,0.7100820687738114,0.6804946061938729,0.029587462579938495,0.014297887085537888,0.02234769172470343,516319.0,2.8654765755279197,0
2024-07-24,22.82111167907715,23.677718137249403,22.76524654239132,23.28665862860727,476715,-0.019991948506480672,0.06380206411565226,0.08068789962407075,22.013852500915526,19.963583679199218,1.036670509086406,1.1431370261871014,55.33983710603064,0.7233494613566585,0.68906557722643,0.034283884130228426,0.016324848455812533,0.019229655968745936,546411.8,0.872446385674687,0
2024-07-28,22.243831634521484,22.71868971382853,22.066925080679702,22.821110606204734,231021,-0.025295877460909444,0.016595663519701098,0.028854428004466914,22.0762357711792,20.06805236816406,1.0075916866027081,1.1084200512556504,53.470907210464354,0.6794500136851447,0.687142464518173,-0.007692450833028275,0.018279153331315225,0.01956034740807109,535137.3,0.431704162651342,0
2024-07-29,21.97381591796875,22.62558056826167,21.97381591796875,22.24383221962593,295526,-0.01213890308959542,-0.015024950101933499,0.0296684374479943,22.13955020904541,20.15240947723389,0.9925141075806975,1.0903815716325385,48.70371424127585,0.6157731241470152,0.6728685964439415,-0.05709547229692624,0.01820510378762441,0.018816355473898566,554211.1,0.5332372447971541,1
2024-07-30,22.34625244140625,22.672135644694208,22.113478978474934,21.973815255900263,121211,0.0169491054638784,-0.011124882213186749,0.044841080931834254,22.2354528427124,20.244773979187013,1.0049830151640093,1.1038035032833509,61.71078877419769,0.5885765017443845,0.6560101775040301,-0.06743367575964565,0.018716182122631885,0.018928214835784204,557654.5,0.21735859748285005,1
2024-07-31,22.830421447753906,23.2401014598527,21.973815041488276,22.346252223360167,520269,0.0216666757711248,-0.019592158680767247,0.06469818248061165,22.37418575286865,20.34104907989502,1.0203911641712708,1.122381709914823,67.490508142026,0.5991843507758219,0.6446450121583885,-0.04546066138256666,0.01945203798589746,0.018659908209093225,585355.7,0.8888082921205005,0
2024-08-01,22.54178237915039,23.184237664917003,22.532473002996685,22.83042276569405,283308,-0.012642739393315616,-0.012239951491182288,0.05078117845465702,22.483123588562012,20.43378604888916,1.0026090142838613,1.103162298225973,59.840966014376185,0.5776416931109836,0.6312443483489075,-0.05360265523792396,0.02032217750727565,0.0189239524579628,581356.6,0.4873222390525884,0
2024-08-04,21.1451416015625,22.439363329270734,20.679594651892653,22.54178245057204,934221,-0.06195786802021863,-0.04939302054659789,-0.03361706697610978,22.409567070007324,20.50845973968506,0.9435765329827762,1.0310448405174684,48.31460415540483,0.4427677916786905,0.5935490370148642,-0.15078124533617365,0.02853845439782358,0.02332348153106721,585422.2,1.5958072652523256,1
2024-08-05,21.424470901489258,21.78759695503157,18.761541773057164,21.14514166529306,1177801,0.01321009360874248,-0.024999982639805074,-0.03964930925002641,22.32111339569092,20.58853385925293,0.959829849062334,1.0406020675367633,50.308650659045895,0.35433424848027073,0.5457060793079455,-0.19137183082767473,0.028044776290786,0.02325548396947144,606407.0,1.9422615504108627,1
2024-08-06,22.057613372802734,22.318318509119983,21.27549441200989,21.42446928302562,456305,0.029552303728978657,-0.012916665528609372,-0.023897851359203304,22.267109870910645,20.679222412109375,0.9905916619030298,1.0666558409800844,54.64788236624711,0.3315178035323818,0.5028684241528327,-0.17135062062045092,0.029588117488354083,0.024142880704517568,597587.7,0.7635782998880333,0
2024-08-07,21.880706787109375,22.33694258785777,21.619999854144286,22.057615126475714,232308,-0.008020205210029108,-0.04159864778746625,-0.06037579915987623,22.12651481628418,20.76115867614746,0.9888907931856535,1.0539251266475878,53.15933988629674,0.295751484517524,0.46144503622577104,-0.16569355170824707,0.027305280680771333,0.022571296177570258,472868.5,0.49127400112293373,0
2024-08-08,21.629310607910156,22.001747808199656,21.424470591731094,21.880706384075815,148765,-0.011489399389389199,-0.04047913141439108,-0.05222362030065608,22.00733470916748,20.82316951751709,0.9828228131096741,1.038713659307,48.09590235598207,0.2443046563558866,0.41801696025179413,-0.17371230389590753,0.026946597321562914,0.02267504231601294,440073.5,0.3380458037123344,1
2024-08-11,21.917949676513672,22.253142248695085,21.443091608676077,21.629309309683407,185497,0.013344811299623949,0.03654778433330841,-0.014650441675797321,21.9747465133667,20.89281536102295,0.9974153587246852,1.049066355959053,46.97407403362438,0.2242385525126558,0.3792612787039665,-0.1550227261913107,0.026481986127502757,0.02224857196966741,435521.1,0.425919662675356,0
2024-08-12,21.80621910095215,22.30900888098127,21.554823322977253,21.917951149803436,317467,-0.005097674609648828,0.017818325652856792,-0.007627114818940073,21.95798683166504,20.961530113220213,0.9930882675230486,1.0402971053720549,43.703701905291126,0.19704884059624206,0.3428187910824216,-0.14576995048617952,0.026250010260143366,0.02206037496881619,437715.2,0.7252821012384308,0
2024-08-13,21.657243728637695,22.048303226868047,21.4337814119233,21.806218606447292,134892,-0.006831783704674743,-0.018151086311935183,-0.030833300329672464,21.889085960388183,21.02391342163086,0.9894083182746852,1.0301242824922987,35.81847531536006,0.16161671363270003,0.3065783755924773,-0.14496166195977728,0.02556708909908669,0.022133668143348263,439083.3,0.30721277716551737,1
2024-08-14,22.504539489746094,22.811800403739223,21.629310732099945,21.65724418825229,849599,0.03912297297499623,0.028510628505119318,-0.014274022875730763,21.856497764587402,21.10771186828613,1.0296498429043224,1.066176174384807,47.41641062967821,0.19960525933506545,0.28518375234099497,-0.08557849300592951,0.027913472536015307,0.023733342284246423,472016.3,1.7999357225587338,1
2024-08-15,23.268035888671875,23.277347040598592,22.7186903564401,22.504539189887545,782533,0.03392632847580179,0.0757641013376733,0.03221810490874133,21.92912311553955,21.206780242919923,1.061056375399869,1.0971979537742473,58.1121069621347,0.28799935677304944,0.2857468732274059,0.0022524835456435577,0.02960372386513794,0.02472666705760826,521938.8,1.49928114177371,0
2024-08-18,22.746623992919922,23.46356671368672,22.597649112750283,23.26803607351366,307945,-0.022408934653818546,0.03780802167340602,0.07573760542890295,22.089271354675294,21.28741298675537,1.0297589100015967,1.068548066741245,55.88652857328821,0.3123778362240408,0.29107306582673287,0.021304770397307937,0.02137377595502506,0.02513159098710224,459311.2,0.6704495775413271,0
2024-08-19,22.392807006835938,23.184237156599007,22.12279070628185,22.74662367422208,386753,-0.015554703247132928,0.026900028068514548,0.045197667181567036,22.18610496520996,21.365252418518068,1.0093167341428388,1.0480946617521472,50.355617823318205,0.2996932062917743,0.2927970939197412,0.006896112372033136,0.022433834482152817,0.025084237316429635,380206.4,1.017218542349629,1
2024-08-20,23.407699584960938,23.510120480099538,22.43936287282369,22.392807113251305,899066,0.045322258072209465,0.08082542165827822,0.06120726614162497,22.32111358642578,21.46525188446045,1.0486797396701546,1.0904926581321277,54.0789471556264,0.36729989042556355,0.3076976532209057,0.05960223720465785,0.0248072417451699,0.02690899818652753,424482.5,2.118028422844287,0
2024-08-21,23.277347564697266,23.649784770548283,23.20286012352706,23.407700142764952,412579,-0.005568766797888203,0.03434009726363385,0.0638297835246664,22.46077766418457,21.56487895965576,1.036355370803335,1.079410072657734,55.31629390152516,0.40568388474951433,0.32729489952662744,0.0783889852228869,0.02466245026843518,0.026103172518173713,442509.6,0.9323616933960304,0
2024-08-22,22.299699783325195,23.277347675320375,21.722420779572147,23.277347675320375,1702470,-0.041999964929628986,-0.0416165812181043,0.030994477242832996,22.527816581726075,21.638435401916503,0.9898739943317045,1.0305597132660582,58.88253826637299,0.35314463979701216,0.33246484758070444,0.020679792216307724,0.028690364993271596,0.02743379939025639,597880.1,2.847510729994191,0
2024-08-25,22.17865562438965,22.513849984752813,22.066925354882336,22.299698821596618,199554,-0.005428062265935063,-0.024969347922006335,0.011894632103993663,22.553887176513673,21.690949096679688,0.9833628877724117,1.0224843332366962,55.94712755288358,0.29830102905249944,0.3256320838750635,-0.027331054822564038,0.028583177695746528,0.026853514693319893,599285.8,0.33298636476953064,0
2024-08-26,22.029680252075195,22.346252301757065,21.52689049876436,22.178655125346598,404918,-0.0067170605305141295,-0.01621622312244686,0.010247588088908577,22.576233291625975,21.729310150146485,0.975790778182935,1.0138232691168378,49.76152364327389,0.24004887094493554,0.3085154412890379,-0.06846657034410236,0.02862956311773639,0.026749584608375242,608030.9,0.665949707490195,1
2024-08-27,22.076234817504883,22.160033407925017,21.6013785063516,22.029680834347303,92027,0.0021132655988187476,-0.05688148733383003,0.019346464126141383,22.618132400512696,21.778471908569337,0.9760414532282281,1.013672350851135,51.70730196226559,0.19538787057078366,0.2858899271453871,-0.09050205657460342,0.028483637465372497,0.026472792395004694,603744.4,0.15242708669430308,1
2024-08-28,22.271764755249023,22.718689372858435,21.992437313223284,22.076234125094555,332682,0.00885703288447992,-0.04320005991461506,-0.010343456910243853,22.59485492706299,21.8417862701416,0.985700719351511,1.0196860494736741,55.66501833393151,0.17376824570371951,0.26346559085705357,-0.08969734515333405,0.025595470099420516,0.02606587986333283,552052.7,0.6026272491738561,0
2024-08-29,22.14141273498535,22.625580194778543,22.113479279721652,22.271765307708062,370618,-0.005852792614152835,-0.007098169476622451,-0.04841934914820312,22.482192611694337,21.914970245361328,0.9848422312451978,1.010332776503402,52.027031936925475,0.14445107650531241,0.23966268798670534,-0.09521161148139293,0.022513785917930792,0.02594902580174351,510861.2,0.7254769005749506,1
2024-09-01,22.169343948364258,22.439362015809508,21.880705353721858,22.141412269608246,345590,0.0012614919252542656,-0.0004198485328907875,-0.025378713110804862,22.424464607238768,21.975863761901856,0.9886231103688354,1.0088042130474901,53.344752949774765,0.12206374926607211,0.2161429002425787,-0.0940791509765066,0.021676573489233034,0.02155681668374914,514625.7,0.6715366138923882,0
2024-09-02,22.09485626220703,22.53247150092687,22.066924583766568,22.16934369791586,219104,-0.003359940931527805,0.002958554522174417,-0.013305645180523795,22.39466953277588,22.026701469421386,0.9866122931561881,1.003094189698819,54.08694276694762,0.09719074299753316,0.1923524687935696,-0.09516172579603643,0.021189130495242483,0.02144518134758246,497860.8,0.4400908848417068,1
2024-09-03,22.150724411010742,22.346253274722653,22.094857499161066,22.094857499161066,254825,0.0025285590519668055,0.00337419827799601,-0.05369921847244574,22.26897201538086,22.06897315979004,0.9946900286062398,1.0037043522881097,46.122456146365096,0.08105247653218939,0.17009247034129354,-0.08903999380910416,0.013794665311791302,0.02042909014922833,433436.7,0.5879174513833277,1
2024-09-04,22.34625244140625,22.495227315608645,22.001746934862844,22.150723584985826,426490,0.008827161891749036,0.003344489625128233,-0.04000005244167626,22.175862503051757,22.1028649520874,1.0076835766063685,1.0110115810708902,38.461531115283464,0.08308253826146483,0.1526904839253278,-0.06960794566386297,0.014509663938178088,0.020410631765085587,434827.8,0.9808250530439866,0
2024-09-05,22.17865562438965,22.579026271285514,22.16003332083156,22.34625280457123,515416,-0.007499996585828228,0.0016820466629687836,-0.005428062265935063,22.163758087158204,22.108823928833008,1.0006721575453432,1.003158544108064,42.199473885779454,0.07035668625588087,0.13622372439143843,-0.06586703813555755,0.0061681631352178716,0.020298768881192503,316122.4,1.6304317568131836,0
2024-09-08,21.75035285949707,22.346252353975157,21.694485949949318,22.178655177173052,295736,-0.019311484525760814,-0.018899570950005606,-0.019311484525760814,22.120927810668945,22.11515537261963,0.9832477663530393,0.9835044110260146,41.353388476934825,0.02541790145944134,0.11406255980503902,-0.08864465834559768,0.008511278046839795,0.020602682211775462,325740.6,0.907888055710587,1
2024-09-09,22.234519958496094,22.318318545569365,21.694485606201983,21.75035251486453,247501,0.022260195139207406,0.006321095490806838,0.009298351318630882,22.141411781311035,22.119252166748048,1.0042051599105188,1.0052111975069993,31.57890638570599,0.028542805582276287,0.09695860896048648,-0.0684158033782102,0.011202235090004497,0.021159908951376694,309998.9,0.7983931555886166,1
2024-09-10,22.625579833984375,23.37976713079228,21.992437508055616,22.234520346131582,1777208,0.01758796125206441,0.0214374669723032,0.024883999514441646,22.196346282958984,22.12483871459961,1.0193380273290713,1.0226325319630167,40.54050612447376,0.061861477733618386,0.08993918271511286,-0.028077704981494478,0.012382475963074973,0.0213764504537038,478517.0,3.713991352449338,1
2024-09-11,23.510120391845703,23.510120391845703,22.253143302840122,22.625580498417907,1577262,0.03909471334443859,0.052083361784765136,0.05560204367302424,22.320181846618652,22.15854431152344,1.0533122244883197,1.0609957071782636,68.0555326363492,0.15782251633988764,0.10351584944006784,0.054306666899819805,0.016949131557234674,0.02137389645974665,602975.0,2.615799991707782,1
2024-09-12,23.74289321899414,24.487767590006115,23.510119756062824,23.510119756062824,3173287,0.009900962788313539,0.07052896357181893,0.07232964324260616,22.48032989501953,22.193925857543945,1.0561630247363198,1.069792400469955,72.58065848402966,0.2497758915863919,0.13276785786933265,0.11700803371705926,0.01649725112045375,0.020149056807806306,883241.9,3.5927722631818075,1
2024-09-16,23.83600425720215,24.273617752009315,23.323901545317323,23.742894511775756,384383,0.003921638249778203,0.09589046261354794,0.07517860306194879,22.64699592590332,22.224465789794923,1.0525018123899983,1.0725119101916598,76.50276771871694,0.32640034656150974,0.17149435560776807,0.15490599095374166,0.016413360857387874,0.01937025560014853,887121.2,0.43329254221407404,0
2024-09-17,23.184236526489258,24.20844011740995,23.184236526489258,23.83600293232622,299422,-0.02734383345799063,0.042713607928839714,0.04930470021412159,22.755933952331542,22.25016395568848,1.0188215774863343,1.0419804803533583,63.80510043840804,0.3307212219801734,0.20333972888224916,0.12738149309792424,0.01960209657834781,0.020114295834045552,895153.0,0.3344925392642375,1
2024-09-18,23.463565826416016,23.49149750544118,22.681446847140776,23.184236604720237,370453,0.012048242330844339,0.0370371057263672,0.05926855442942913,22.88721809387207,22.277351913452147,1.0251820789306962,1.05324752769415,64.5454583546525,0.35262029961595687,0.2331958430289907,0.11942445658696615,0.01969983627335345,0.017548764589230957,906715.8,0.40856572698964766,1
2024-09-19,23.55667495727539,23.836004192799855,23.398388923254398,23.463566988021245,128076,0.003968243000582294,0.0019801925576627966,0.05416668942781211,23.008260345458986,22.32297550201416,1.0238355531266683,1.0552659055308249,67.4311743411084,0.3731867406855862,0.2611940225603098,0.11199271812527639,0.019680860137040422,0.01751140778884113,876874.4,0.14605968654119678,0
2024-09-22,23.1749267578125,24.003601541984786,23.14699507721479,23.556675117293842,347538,-0.01620552137155462,-0.023921535422956497,0.04492026704843477,23.10788745880127,22.36412986755371,1.0029011435654063,1.036254345465732,61.392410260310896,0.3545943610458302,0.27987409025741394,0.07472027078841625,0.020493704659210802,0.014962007630503479,860086.6,0.4040732642503674,0
2024-09-23,22.97008514404297,23.463565519438145,22.923531162329706,23.17492514987011,272568,-0.00883893252005541,-0.03632819929949205,0.05607873547731046,23.229860687255858,22.391131591796874,0.9888171717122951,1.0258563775516463,59.63114392816815,0.3196460789071871,0.2878284879873686,0.031817590919818506,0.019373438225857565,0.015070568027382339,857769.8,0.31776357712756964,0
2024-09-24,22.532472610473633,23.18423726104,22.476605699000594,22.84904467180496,2196353,-0.01905141103418273,-0.02811237347716622,0.013400453553020775,23.259655952453613,22.414967613220213,0.96873628124739,1.0052422559461613,53.87523263477715,0.2537129938824094,0.2810053891663768,-0.027292395283967374,0.019834562089041427,0.015680161698275803,1052655.0,2.086488925621405,1
2024-09-25,22.849044799804688,23.463566622085537,22.811800191947352,22.774555584090017,358767,0.014049598319888945,-0.026190436319763477,0.009876651447608964,23.282002449035645,22.444203987121583,0.9814037624049434,1.0180376551966557,54.98156348314862,0.2244183242069866,0.26968797617449874,-0.04526965196751215,0.019545288356176593,0.01593994546629938,910810.9,0.3938984480752261,0
2024-09-26,22.532472610473633,23.18423726104,22.476605699000594,22.84904467180496,2196353,-0.013854941950735777,-0.04347822214550012,-0.04158412483975027,23.184237670898437,22.465991592407228,0.9718875785489847,1.0029591846766681,53.405028447742275,0.17365556421029282,0.25048149378165757,-0.07682592957136475,0.014695456067104748,0.016220440749664247,972720.0,2.257949872522411,0
2024-09-29,22.532472610473633,22.765246080516043,22.457985171096887,22.532472610473633,238800,0.0,-0.027721949417695124,-0.05098033324566276,23.063195610046385,22.487592964172364,0.9769883146921077,1.0019957514516014,58.20312812576519,0.13190519026176872,0.22676623307767982,-0.0948610428159111,0.013959401950821383,0.016148510407211186,679271.3,0.3515532012025239,0
2024-09-30,22.34625244140625,22.81179936726888,22.309007834895358,22.532471922119534,526017,-0.008264524372741167,-0.027158484556096818,-0.06250006501596272,22.9142204284668,22.4969038772583,0.9752132965276467,0.9933034591482457,51.25001173619759,0.08283642008861136,0.19798027047986616,-0.1151438503912548,0.013608861882703945,0.01628031211429805,693434.7,0.7585674613629806,0
2024-10-01,22.30900764465332,22.616270317986206,22.262453662832282,22.346252250846604,328872,-0.001666713327014846,-0.009917463106842606,-0.037751033157203184,22.826697540283202,22.4969038772583,0.9773208588445046,0.9916479070351133,46.153849718933834,0.04047712724800334,0.16647964183349362,-0.12600251458549028,0.011460246482459519,0.01626345194167332,696379.7,0.47225960205330514,0
2024-10-02,21.489646911621094,22.439363105706484,21.322049727262417,22.30900875347159,1696966,-0.03672779829938322,-0.05949473599855748,-0.08412697922378964,22.62930564880371,22.474743843078613,0.9496379272581497,0.9561687137199166,25.057499303038753,-0.058533740458727834,0.12147696537504932,-0.18001070583377715,0.014059372067297399,0.018265120822922337,829031.0,2.0469270751033437,1
2024-10-03,21.694486618041992,21.778285209023668,21.49895775636518,21.489646604487145,227760,0.009532018244102769,-0.037190148055128436,-0.07905140868186356,22.44308681488037,22.442900428771974,0.9666445082615803,0.9666525361503404,24.537060087943303,-0.11909881703346059,0.07336180889334734,-0.19246062592680793,0.014709656816929087,0.018286469679122497,838999.4,0.2714662251248332,1
2024-10-07,21.71310806274414,22.122789849565887,21.471023451254954,21.69448575972484,641294,0.000858349175530293,-0.03636372101251917,-0.06307759719566608,22.296904945373534,22.42074035644531,0.9738171336308932,0.9684384956762703,23.113191822418045,-0.1637073650057026,0.02594797411353736,-0.18965533911923996,0.014654909448574928,0.01823323392502768,868375.0,0.7384989203972938,0
2024-10-08,21.3127384185791,21.88070625563705,21.052033267867106,21.713109072510402,585068,-0.01843907574208603,-0.046249993171656345,-0.07215239800248108,22.13117027282715,22.402118492126466,0.9630190430890623,0.9513715600633823,24.685139318885447,-0.22872979027340534,-0.02498757876385118,-0.20374221150955416,0.015139134183243695,0.01818786133767368,899625.0,0.6503465332777546,0
2024-10-09,21.135831832885742,21.554823014255508,21.107898377092834,21.312738391812232,495752,-0.008300509405170686,-0.05258753909875269,-0.06198346722670367,21.99150619506836,22.385358810424805,0.9610906886234784,0.9441810610175629,17.61655913784476,-0.2911788848230934,-0.07822583997569962,-0.21295304484739377,0.014588052181955628,0.017410488020943072,729564.9,0.6795173397185089,1
2024-10-10,22.169343948364258,23.798758176832905,21.228938951966168,21.135830988218704,2616496,0.04889857771627648,0.031629046281612005,-0.02974745147535618,21.923536109924317,22.381820640563966,1.0112120525269037,0.9905067288487415,34.70222849626663,-0.25434254929167466,-0.11344918183889464,-0.14089336745278003,0.022174394400910877,0.020444461267416263,955337.8,2.738817620322361,1
2024-10-13,22.476606369018555,22.99802023611954,22.346253790203654,22.169345450440083,1292430,0.013859788605831369,0.036051544558151516,-0.002479365776710596,21.91794948577881,22.37474433898926,1.0254885560167124,1.004552544980449,42.171183997201375,-0.19807271952920757,-0.13037388937695724,-0.06769883015225034,0.02236978112584677,0.018541508096554107,864945.5,1.4942328736319224,1
2024-10-14,23.32390022277832,23.417009962925096,22.076234322205018,22.476604961691752,1229445,0.037696698507282855,0.07418524125516668,0.035123868826398175,21.997092247009277,22.390386695861817,1.0603174256338102,1.0416926040446204,53.46715157931174,-0.08413903870849637,-0.12112691924326506,0.03698788053476869,0.025351933796742006,0.020432340561831637,964010.0,1.2753446541010984,0
2024-10-15,22.97008514404297,23.68702782831882,22.904908859276176,23.323900022457227,1389559,-0.015169636096702743,0.07776319930896802,0.027916658700265717,22.05947551727295,22.426885566711427,1.041279749650303,1.024220910019616,54.35991436564562,-0.022140474104677565,-0.10132963021554756,0.07918915611086999,0.025805355274073048,0.020650199871139235,1050364.2,1.3229306558620335,1
2024-10-16,25.511972427368164,26.014763984283746,23.268036277253824,22.97008651430563,6756617,0.11066076888201715,0.20704842038312776,0.14357271438214236,22.379771995544434,22.508635597229002,1.139956762403447,1.1334304257210908,68.38046780148888,0.22945784810493564,-0.03517213455145092,0.26462998265638654,0.04254199796668222,0.03170819718037754,1693138.7,3.9905868314273367,1
2024-10-17,26.070629119873047,26.33133605040322,24.35741620706488,25.51197242640592,2145506,0.0218978244075545,0.17597657290154678,0.21317159035194133,22.83787021636963,22.58889591217041,1.1415525560341548,1.1541347227080165,73.63185271152908,0.4685293427071002,0.06556816090025931,0.40296118180684093,0.038586299459521994,0.03189523675492146,1737992.7,1.2344735395033593,1
2024-10-20,27.25311851501465,28.15627894661351,25.623704211789878,26.07062885159629,5074208,0.04535714844871985,0.21251037935068218,0.25622325131906454,23.393733406066893,22.696344146728517,1.164975168433221,1.2007712933337307,77.22879875373505,0.7448263418772783,0.2014197970956631,0.5434065447816152,0.03914996038328186,0.03309405908661926,2222637.5,2.282966970547379,1
2024-10-21,32.35551071166992,32.70001443552327,26.554796555626,27.253116930698013,6550419,0.18722232444130005,0.3872255670203586,0.49013723038509927,24.457973670959472,22.91086814880371,1.3229023445261006,1.4122341633465934,86.84031916790573,1.3598387376340817,0.43310358520334685,0.9267351524307348,0.06370697343628572,0.05147822486098261,2813550.0,2.328168683691422,0
2024-10-22,30.018468856811523,32.122739505057254,29.52498667524983,32.355512979731586,3778179,-0.07223010249118023,0.3068505697113828,0.40847545103088745,25.328546714782714,23.072878532409668,1.1851634914091456,1.3010283400333265,74.26732337290974,1.6397586292196884,0.6744345940066152,0.9653240352130732,0.07123757234319118,0.05504476090426897,3132861.1,1.2059835656295135,0
2024-10-23,28.64044761657715,30.623676775659202,27.746596579076062,30.0184678920613,9620437,-0.04590578043162541,0.12262772696684521,0.3550660245136317,26.079008293151855,23.209563102722168,1.0982184327959246,1.2339933970242642,71.74406458703677,1.7304547572612847,0.8856386266575492,0.8448161306037355,0.07479760574245281,0.05622917677859823,4045329.6,2.3781590009377727,0
2024-10-24,27.700042724609375,29.096683534253547,27.560378998829083,28.640447749546926,3956252,-0.032834853161424205,0.0624999725646922,0.24947507644461409,26.632078170776367,23.3304190826416,1.0401006841067661,1.1872929768852236,67.47968400411565,1.706774641042756,1.0498658295345906,0.6569088115081654,0.07731821622618786,0.0571732956705789,4179305.2,0.9466291191176944,1
2024-10-27,28.165590286254883,28.74286928179148,27.467269865934515,27.700043339374638,4174701,0.01680674525573589,0.03348137097549131,0.2531068891733561,27.2009765625,23.443640098571777,1.0354624666338166,1.2014171079162221,68.30429013825615,1.7059091174011805,1.1810744871079086,0.5248346302932718,0.07727640797962519,0.056878417042205545,4467532.3,0.9344534565536325,1
2024-10-28,28.444917678833008,29.096684113340093,28.193523677793454,28.16559022171321,9182245,0.009917327836528322,-0.12086327635763294,0.2195609399432028,27.71307830810547,23.547177734375,1.0264077257167599,1.2079968988091558,70.37234825000027,1.7080729678887892,1.286474183264085,0.42159878462470424,0.07728256412236789,0.05680539741483073,5262812.3,1.74474111493583,0
2024-10-29,27.653488159179688,28.79873317275801,27.569689570291462,28.444916513914254,3168733,-0.02782323115114005,-0.07878418812474497,0.20389140857631105,28.18141860961914,23.645315017700195,0.9812667184092977,1.169512359572249,67.98561457793508,1.6271690945618502,1.354613165523638,0.27255592903821224,0.07806876869409037,0.0573592725111403,5440729.7,0.5824095617174292,0
2024-10-30,27.476579666137695,28.007302875322342,27.46726851454772,27.653487994506104,1187320,-0.006397330131507006,-0.04063721230969186,0.07700726568134675,28.377879333496093,23.74699047088623,0.9682393579602497,1.1570552361076631,65.37217239691465,1.531127273056633,1.3899159870302369,0.1412112860263961,0.07169822952506819,0.05742909045304342,4883800.0,0.24311396863098406,0
2024-10-31,27.37415885925293,27.755907196020072,27.057586807896676,27.476579751138946,1226185,-0.003727567554959843,-0.011764742336188627,0.04999993415526105,28.50823230743408,23.82631965637207,0.9602194399164686,1.1489042056871772,64.35589437862473,1.4302617670767646,1.3979851430395425,0.03227662403722209,0.07166782803612967,0.056422333182456076,4791867.9,0.2558887318241807,0
2024-11-03,27.281049728393555,27.895571541595768,27.281049728393555,27.37415947074069,943123,-0.003401351301353439,-0.031405006920554146,0.0010248813677420365,28.511025428771973,23.906393699645996,0.9568596470354523,1.1411612337329462,62.135925624003825,1.3275092973421927,1.3838899739000727,-0.05638067655788004,0.07041892707615653,0.056545320414765544,4378759.4,0.215385892177588,1
2024-11-04,27.299671173095703,27.727975264048197,27.048275409444496,27.28104887002808,1864369,0.00068257801248639,-0.040261902624155854,-0.15625899351824135,28.00544147491455,24.006393127441406,0.97479881534983,1.1371833756187968,63.55685152089724,1.233362385904254,1.3537844563009092,-0.1204220703966552,0.02769840656137444,0.05654731185663381,3910154.4,0.4768018879254487,0
2024-11-05,26.768949508666992,27.49520338684227,26.685150915957514,27.299672745213257,1240783,-0.01944058816912586,-0.031986512711202786,-0.10825066940105377,27.680489540100098,24.098199005126954,0.9670692228866625,1.110827805138958,54.50300483660074,1.1032083779468351,1.3036692406300943,-0.20046086268325913,0.019799080832021292,0.056576996469362074,3656414.8,0.33934415756111697,1
2024-11-06,27.830394744873047,27.87695050315402,26.806192925579932,26.768948318955154,2303580,0.03965210647740913,0.012876969514928227,-0.02828352693884717,27.599484252929688,24.214213294982912,1.0083664785119617,1.1493412734841728,56.08499352736039,1.0733373833989468,1.2576028691838648,-0.18426548578491797,0.021549904504881187,0.056647814796804793,2924729.1,0.7876216638320451,0
2024-11-07,27.187942504882812,28.21214437092593,26.91792442228989,27.830396015199895,2453478,-0.02308455362849593,-0.006802632925730023,-0.018487344038339737,27.54827423095703,24.316447448730468,0.9869199891414868,1.1180885925958837,49.765888139049466,0.9864526661511128,1.2033728285773144,-0.2169201624262016,0.02021180422039014,0.05668655710540197,2774451.7,0.8843109433117902,0
2024-11-10,27.187942504882812,27.644178301337814,27.057588151666618,27.187942504882812,1120566,0.0,-0.0034128900624318392,-0.03471071514695623,27.450509452819823,24.414771003723146,0.9904348970867629,1.1135858083918448,20.696928583974852,0.9071389684082085,1.1441260565434932,-0.23698708813528468,0.0191758410628181,0.05674328493150519,2469038.2,0.4538471701247878,0
2024-11-11,27.085521697998047,27.53244634385834,26.768949629866835,27.187942595311284,1239889,-0.0037671407781729727,-0.007844397602440822,-0.047790469854182116,27.314569854736327,24.513653182983397,0.9916144329580734,1.1049157584068277,27.722750187682948,0.8264905201298447,1.0805989492607635,-0.2541084291309188,0.018602586155651565,0.056473140275887145,1674802.6,0.7403194860098736,0
2024-11-12,26.62928581237793,27.243807642393364,26.46168862675178,27.08552160884874,2433850,-0.01684427166318303,-0.0052173768060581605,-0.03703700382773478,27.212149620056152,24.602852020263672,0.9785807510315674,1.0823658082585395,32.23683279548844,0.7174908330801841,1.0079773260246476,-0.2904864929444635,0.017371515462581408,0.056511966709659196,1601314.3,1.5199077407851787,0
2024-11-13,25.949586868286133,26.722394707264066,25.949586868286133,26.629284965331177,1756613,-0.02552449017524372,-0.06758107076197328,-0.05557434063503319,27.059450340270995,24.679946632385253,0.9589842565895318,1.05144420507923,33.79309321792951,0.56969468577093,0.9203207979739042,-0.35062611220297424,0.01871109040627859,0.051587308124362775,1658243.6,1.059321441071746,0
2024-11-14,25.912342071533203,26.238225277953383,25.800610026847203,25.94958667840207,870291,-0.0014352751333566172,-0.046917872991695475,-0.053401340849806855,26.913268661499025,24.755178985595702,0.9628091777868029,1.0467442827462818,27.340791068211004,0.4444366414341445,0.8251439666659522,-0.3807073252318077,0.01874983814792886,0.05137770730996887,1622654.2,0.5363379332454198,0
2024-11-17,25.60508155822754,25.968207601122348,25.484040135902813,25.912342465889445,1794171,-0.011857689762563517,-0.05821922517200406,-0.061433419419403834,26.745671844482423,24.82035556793213,0.9573542106967043,1.031616226775948,21.60146546304604,0.31672438180191875,0.7234600496931456,-0.40673566789122684,0.018844332138522435,0.05035238875496067,1707759.0,1.050599645500331,0
2024-11-18,24.673988342285156,25.651636226611203,24.673988342285156,25.60508224199403,4039685,-0.036363610630375076,-0.08903403754232031,-0.09618001675412857,26.483103561401368,24.870262222290037,0.9316879452998491,0.9921080896433424,21.01447016456325,0.1387802821652926,0.6065240961875751,-0.4677438140222825,0.02088069739547715,0.024114079164684124,1925290.6,2.098220912728707,0
2024-11-19,24.534324645996094,24.9533158358845,24.497080037514987,24.673988375958896,1253633,-0.005660361606385056,-0.07867132378773933,-0.08347824265376547,26.259641075134276,24.92594165802002,0.9342977908874803,0.9842887776358924,21.167864930221853,-0.013357415911137593,0.4825477937678325,-0.4959052096789701,0.020631884979120618,0.01973002258006854,1926575.6,0.6507053239955909,0
2024-11-20,24.422592163085938,24.813651665594698,24.422592163085938,24.53432421062586,1065802,-0.0045541291444674,-0.0588446634218438,-0.12244894882114099,25.918860816955565,24.969703102111815,0.942271048699378,0.9780890090367311,21.129304706002202,-0.1413145293836635,0.35777532913753335,-0.49908985852119686,0.012172882972676671,0.017827786760064704,1802797.8,0.5911933107528753,1
2024-11-21,24.692609786987305,25.139534417069818,24.497079151375818,24.422591713028734,3117404,0.01105605916432939,-0.04707147972879966,-0.09178085901304811,25.669327545166016,25.011043701171875,0.961950006035018,0.9872682676505159,25.528157203992862,-0.21841553969185057,0.2425371553716566,-0.46095269506350717,0.013694468224973418,0.017274492412470102,1869190.4,1.6677830145072434,0
2024-11-24,24.37603759765625,24.944005421918774,24.36672644592335,24.69260965289235,705003,-0.01282052371385567,-0.04800000178778452,-0.10342470404744897,25.38813705444336,25.028362045288088,0.9601349459152233,0.973936590558684,23.833325480732782,-0.30158687011137175,0.13371235027505093,-0.43529922038642266,0.013301258533534865,0.016506186456141405,1827634.1,0.3857462497553531,0
2024-11-25,24.022220611572266,24.487767536416072,23.863934586088547,24.376037268969085,1715525,-0.014514950785848968,-0.02641517543379568,-0.11309736325485642,25.081806945800782,25.033948593139648,0.9577547847123545,0.9595857609995796,24.61271475349031,-0.3915374228044648,0.028662395659147785,-0.4201998184636126,0.013104667674279267,0.016081462624294423,1875197.7,0.9148502048610662,0
2024-11-26,23.649784088134766,24.273617055904804,23.556674345378518,24.022221283239123,1272431,-0.015503834115072834,-0.0360531855114945,-0.11188815746827951,24.783856773376463,25.0302241897583,0.9542414767963011,0.9448490716200467,5.719929631697738,-0.4872595736752139,-0.07452199820772455,-0.41273757546748935,0.01305468868355691,0.01552009172446748,1759055.8,0.7233602254118374,1
2024-11-27,24.34810447692871,24.441214219616135,23.668406374375575,23.649784070653965,3394898,0.029527558737599602,-0.0030499500487017883,-0.06171514018647628,24.623708534240723,25.05350154876709,0.9888073700625245,0.9718443719148274,20.272901992557507,-0.5009962754089017,-0.15981685364796,-0.3411794217609417,0.01745252308340071,0.017613518472426863,1922884.3,1.7655238019260961,1
2024-11-28,24.413280487060547,24.999870616191913,24.329481897184635,24.348104200694973,2409528,0.0026768412380353546,-0.01131226315632139,-0.05785125791927148,24.473802375793458,25.07249584197998,0.997527074550836,0.9737076293052693,21.346141724838873,-0.5008500634186959,-0.2280234956021072,-0.27282656781658865,0.01762518420043619,0.017712631332214762,2076808.0,1.1602073951949337,0
2024-12-01,24.301549911499023,24.720541079676238,24.133952733859903,24.41328017931138,1130834,-0.004576630970210771,-0.003055774994554006,-0.05090909957713685,24.343449211120607,25.087393341064452,0.9982788265024316,0.9686757640029857,21.30517539862251,-0.5039407972213787,-0.2832069559259615,-0.22073384129541723,0.017497126835710686,0.017707045403177465,2010474.3,0.5624712536738221,0
2024-12-02,23.845314025878906,24.45052467215632,23.74289313426006,24.30154979848559,2304542,-0.018773941879494438,-0.007364289444920735,-0.03358493588108358,24.26058177947998,25.100801086425783,0.9828830257503423,0.9499821915553991,21.30517539862251,-0.5370142827034705,-0.3339684212814633,-0.2030458614220072,0.014655417952487943,0.017876354858658204,1836960.0,1.2545411985018726,0
2024-12-03,23.677717208862305,24.115330684930655,23.612540922630913,23.845314388269088,2043057,-0.007028501148473532,0.0011811152534602076,-0.03491465322537757,24.1749210357666,25.114953727722167,0.9794330733834171,0.9427736744235596,23.81973701794243,-0.5701762834249173,-0.3812099937101541,-0.1889662897147632,0.014686105803126962,0.017620383784691693,1915902.4,1.0663679945283226,1
2024-12-04,24.58087730407715,24.61812191054821,23.649783453347556,23.677716908200853,4242491,0.03814388385704692,0.009560203233438758,0.006481095042419449,24.19074954986572,25.155921821594237,1.0161271461807015,0.9771407892902791,37.20929295105835,-0.517613213335693,-0.40849063763526194,-0.10912257570043105,0.019685748650080312,0.017416908577707158,2233571.3,1.8994204483196935,1
2024-12-05,24.673988342285156,24.83227437627249,24.608812053452844,24.580878597130134,2618718,0.0037879460955025923,0.010678935809662615,-0.00075413027876714,24.18888740539551,25.192420692443847,1.0200547023415985,0.9794210982545958,40.67164906393737,-0.4631049335701505,-0.4194134968222397,-0.04369143674791076,0.019397843926512538,0.017066239695473148,2183702.7,1.199209947398059,0
2024-12-08,24.58087730407715,24.95331448918487,24.534323321908904,24.673987044334226,1780935,-0.003773651706256098,0.011494221298451013,0.008403322549871417,24.2093713760376,25.233388786315917,1.0153455421154498,0.9741409492096192,48.87890461193064,-0.42254912844200376,-0.42004062314619256,-0.002508505295811203,0.01893414446950794,0.017032349764834143,2291295.9,0.7772610250819199,0
2024-12-09,24.37603759765625,24.72054133217044,24.301550159713674,24.580877608018184,1466085,-0.008333295182549216,0.022256933634900333,0.014728737688535665,24.244753074645995,25.27026008605957,1.0054149663890595,0.9646136412780089,48.12360833003222,-0.40229975196273315,-0.41649244890950066,0.014192696946767502,0.018466592882543417,0.017047098451256952,2266351.9,0.6468920382576069,0
2024-12-10,23.97566795349121,24.543635801460766,23.901180512439524,24.376038615114297,1203025,-0.016424722129717018,0.012583592497565022,0.013779570424067522,24.277341461181642,25.30284839630127,0.9875738656074515,0.9475481802671646,45.04133193324081,-0.41378856249541585,-0.41595167162668367,0.0021631091312678263,0.01856348595176827,0.017032161533463323,2259411.3,0.5324506432272867,1
2024-12-11,24.478458404541016,24.58087752140078,23.83600314459978,23.975666868259893,1068747,0.020970863127781625,-0.004166608793866988,0.005353760812708108,24.29037685394287,25.346237411499022,1.0077430478633194,0.9657630048646071,47.7406699531259,-0.3779655881851909,-0.4083544549383851,0.030388866753194244,0.017282173663704253,0.017268800845072964,2026796.2,0.5273085670873076,0
2024-12-12,24.20844078063965,24.6274337352882,24.20844078063965,24.4784588571733,1001314,-0.011030826346943301,-0.01886794932328284,-0.008390503133303473,24.26989288330078,25.400613288879395,0.9974679697616872,0.9530652077301736,48.214286440087584,-0.3671317226045261,-0.4001099084716134,0.032978185867087284,0.01764485474129941,0.0173627225914208,1885974.8,0.5309265001844139,0
2024-12-15,24.078088760375977,24.441214812147553,24.022221847856756,24.208441337746148,489146,-0.005384569020567387,-0.020454458865785674,-0.009195345644077979,24.247546768188478,25.448285331726073,0.9930113339121457,0.9461576073401736,50.625028540359594,-0.36485826574492464,-0.3930595799262756,0.028201314181350967,0.017666394496294174,0.017253866415402965,1821806.0,0.2684951086998286,0
2024-12-16,23.70564842224121,24.20843995057974,23.687027895055785,24.078087380678895,800480,-0.015468019153898616,-0.027501974950986163,-0.005857150947398693,24.23358020782471,25.488136138916015,0.9782148662700266,0.930065984152005,50.62498532973424,-0.38862947876032194,-0.3921735596930849,0.003544080932762983,0.01731989047052248,0.015683960249936003,1671399.8,0.4789279022290178,1
2024-12-17,24.655364990234375,24.655364990234375,23.649783692322114,23.70564882667263,2894698,0.0400628808407586,0.02834945153818702,0.04128978198143818,24.331344985961913,25.554988670349122,1.0133169787555685,0.9647965533571705,53.254431653763525,-0.3270639567101341,-0.3791516390964948,0.05208768238636069,0.0212823599165462,0.018230276583883733,1756563.9,1.6479320792144254,1
2024-12-18,24.944005966186523,25.605081770361213,24.599500448234764,24.655365583930497,7016152,0.011707025066003851,0.01901866342854097,0.014772811304385236,24.36765785217285,25.631152153015137,1.023652175252546,0.9731909754689752,55.36724689532467,-0.2520761455497329,-0.3537365403871424,0.10166039483740952,0.01799270736103435,0.018359764878357946,2033930.0,3.449554311111985,0
2024-12-19,24.673988342285156,25.037114394877,24.54363576462053,24.944006425642655,1516176,-0.010824950261293043,0.01923079498857372,0.0,24.36765785217285,25.681245040893554,1.0125711913705728,0.960778509881258,53.64963981149306,-0.21199221625607834,-0.3253876755609296,0.11339545930485129,0.018385405950957567,0.01839438200379012,1923675.8,0.7881660724743743,0
2024-12-22,24.39466094970703,25.09298137640566,24.25499544363076,24.67398841001821,1168451,-0.01132072321277,0.013147729144184384,-0.007575659406559465,24.34903621673584,25.719606132507323,1.0018737798311637,0.9484850127185394,55.576569794638736,-0.200454089678896,-0.30040095838452296,0.09994686870562697,0.018716291468737937,0.01834182771309371,1862427.4,0.6273806968260884,0
2024-12-23,23.83600425720215,24.655366109928917,23.705649903236925,24.394660953839832,1042804,-0.02290077708629079,0.005498935639264513,-0.022154270901929785,24.29503288269043,25.7298482131958,0.981106071034984,0.9263950591429305,51.488625258484234,-0.2336950760683436,-0.2870597819212871,0.053364705852943506,0.0199133142168498,0.018786279724626053,1820099.3,0.572937971021691,1
2024-12-24,24.022220611572266,24.09670804851045,23.323900224306552,23.83600290718709,1190460,0.007812398099981577,-0.02567978121244152,0.001941662612752193,24.299688148498536,25.750890922546386,0.9885814363036006,0.9328694950332546,43.92712642944136,-0.24222052629757584,-0.2780919307965449,0.03587140449896903,0.019440230145904864,0.01850954314875942,1818842.8,0.6545150575959615,0
2024-12-25,23.696340560913086,24.18050804116556,23.696340560913086,24.022222006490516,595986,-0.013565775451341633,-0.05001864604124706,-0.03195127040691581,24.221476364135743,25.714578285217286,0.978319413923083,0.9215138703843945,39.88439967997562,-0.2721357916146907,-0.27690070296017405,0.004764911345483347,0.01841287439284794,0.017486819165704715,1771566.7,0.3364174772533261,1
2024-12-26,23.7149600982666,23.919801885121657,23.65909496363368,23.69633957066937,499333,0.0007857558134620746,-0.03886798642824252,-0.020384653718289125,24.17212829589844,25.667464904785156,0.9810869695859834,0.9239307499294739,40.90018769277395,-0.2909870957453151,-0.2797179815172023,-0.011269114228112831,0.018224948125976987,0.01746978793369571,1721368.6,0.29007906848074255,0
2024-12-29,23.33321189880371,23.8732462726877,23.323900746987704,23.714960243656844,653526,-0.016097357865290873,-0.04351153119494644,-0.030935879877561967,24.097640609741212,25.58906677246094,0.9682778607533682,0.9118430189847725,39.433947897635065,-0.3328933915797947,-0.2903530635297208,-0.042540328050073906,0.018758931711307218,0.017770628034424807,1737806.6,0.3760637115775714,0
2024-12-30,22.37418556213379,23.51011940494217,22.02036890924687,23.33321107849871,1152896,-0.041101342619662695,-0.06132817729408924,-0.05616648135463831,23.96449432373047,25.389440269470214,0.9336389602003033,0.8812398116959613,35.42371057063001,-0.43843582808953485,-0.3199696164416836,-0.11846621164785126,0.022107334527637013,0.019504339821721596,1773048.2,0.6502338740706541,1
2024-12-31,23.277347564697266,23.34252385373111,22.38349827065482,22.374187118518456,1265661,0.04036625154713991,-0.03100766823014567,-0.05589117930652909,23.826692581176758,25.25461784362793,0.9769441346251524,0.9217065848640607,39.810424393053864,-0.44408224021501397,-0.3447921411963497,-0.09929009901866426,0.022176971907576046,0.021740066105461014,1610144.5,0.786054295126928,1
2025-01-02,24.059465408325195,24.282927720907463,23.323900408811376,23.27734642632696,854952,0.033599955555679406,0.015324089661805429,-0.0354610465961398,23.738238525390624,25.16299819946289,1.0135320437778474,0.9561446222588352,48.83720584014283,-0.38105413409554245,-0.35204453977618827,-0.02900959431935418,0.02497057894205238,0.02133347681915084,994024.5,0.860091476618534,1
2025-01-05,24.552946090698242,24.56225546657194,23.938422503717657,24.05946570112316,880323,0.020510874784536615,0.035335753843114937,-0.004905662185933579,23.726134300231934,25.10005626678467,1.0348481459307186,0.9782028306920401,53.50756227507317,-0.28796466165769985,-0.3392285641524906,0.051263902494790736,0.025874597300789556,0.021846646551584543,930439.2,0.9461370501156874,0
2025-01-06,23.97566795349121,24.552946953582314,23.798759615023197,24.552946953582314,694056,-0.023511562933204555,0.027533974211258805,-0.01717560236150162,23.68423500061035,25.016257820129393,1.0123049341839985,0.9584034560996222,51.93593240865283,-0.25780034335217294,-0.3229429199924271,0.06514257664025414,0.026730273148660878,0.022462258367270966,882999.7,0.7860206521021469,0
2025-01-08,23.510120391845703,23.99428963405714,23.268035770739985,23.975667330298094,870426,-0.01941750121617436,0.05076988507838154,-0.01367191672899526,23.651646614074707,24.917561874389648,0.9940162211731683,0.9435160835703384,41.17647058823529,-0.2683671320092813,-0.312027762395798,0.043660630386516686,0.026440230086913815,0.022786917029214343,865761.9,1.005387277957138,0
2025-01-09,22.98870849609375,23.705649437163753,22.895598752497975,23.5101205739412,1472558,-0.022178189097355694,-0.012399998230093412,-0.043023171429065976,23.548295402526854,24.82426628112793,0.9762366278803748,0.9260579239584769,35.45704508499169,-0.31518175147857264,-0.31265856021235294,-0.002523191266219693,0.02701640868240626,0.02301956184505807,893971.7,1.6472087427376059,0
2025-01-12,22.57902717590332,22.81180065194356,22.11348022382284,22.988708990991938,1639811,-0.01782098025472123,-0.06153246580074079,-0.04715130516197785,23.43656406402588,24.72631523132324,0.9634102982937315,0.9131577820904045,34.73539675546766,-0.38094918826909563,-0.3263166858237015,-0.05463250244539414,0.027215525817455396,0.022626486906929186,998354.2,1.642514249952572,0
2025-01-13,21.694486618041992,22.970086010602525,21.517580060121247,22.579026511328262,2335423,-0.03917531747361214,-0.11642022354861781,-0.08519826606717718,23.23451671600342,24.612721786499023,0.9337180059828536,0.8814338701029892,31.920171665707542,-0.4986967209882849,-0.3607926928566182,-0.1379040281316667,0.02921567210875065,0.02393780241741025,1181963.2,1.975884697594646,0
2025-01-14,21.694486618041992,21.96450469474308,21.135831712725018,21.694486618041992,1679024,0.0,-0.09514568436109183,-0.07023144896934386,23.070644187927247,24.500990524291993,0.9403502754983586,0.8854534512199644,34.50132158930846,-0.5852659079222562,-0.4056873358697458,-0.17957857205251038,0.029192948672478628,0.023965834806449083,1284513.0,1.3071288496107085,1
2025-01-15,22.802488327026367,22.811799478699573,21.834151639980686,21.694486140803193,3210544,0.0510729628449893,-0.030099040456839754,0.019142719796578556,23.113474464416505,24.411046867370604,0.9865452449449387,0.9341053028539165,42.21165357629582,-0.558033471807132,-0.43615656305722306,-0.12187690874990897,0.031634297213326924,0.02686843536506184,1490277.8,2.154325857903808,1
2025-01-16,22.99802017211914,23.277347633351077,22.346253728017036,22.802489528520233,2312350,0.008575022264610599,0.0004050543346953983,-0.011999966568431386,23.08554172515869,24.33562828063965,0.9962088152800777,0.9450349876693074,45.465538958087436,-0.5147401798370872,-0.4518732864131959,-0.06286689342389129,0.028864945927069643,0.025167351613499648,1594946.7,1.4497976640849504,0
2025-01-19,22.830421447753906,23.277346066000174,22.346252223360167,22.802487993143302,3434639,-0.007287528365959806,0.011133972685894777,-0.05108359390836703,22.96263732910156,24.235628814697264,0.9942421299673583,0.9420189433627901,44.36536909600814,-0.48832464784595686,-0.4591635586997481,-0.02916108914620874,0.0262200078494498,0.024933537629355337,1852915.4,1.85364048461144,0
2025-01-20,22.653512954711914,23.05388358826619,22.53247153745903,22.867664110731926,2365053,-0.007748805401899261,0.044205993603571025,-0.07736070160256325,22.77269401550293,24.144940223693848,0.9947664926815475,0.9382302356036331,45.55420319536265,-0.4761761233907791,-0.4625660716379543,-0.013610051752824759,0.02465005971965938,0.02489949021697415,2001388.4,1.1817061595840168,1
2025-01-21,24.58087730407715,25.08366883591301,22.625579862360887,22.653513317214184,15392435,0.08508015305256866,0.1330471993577722,0.025242648161458714,22.833214950561523,24.092798919677733,1.0765403539229874,1.020258268291144,62.81079642192131,-0.30748167751908895,-0.43154919281418125,0.1240675152950923,0.03750295905761455,0.031781303075553276,3471226.3,4.434293148792979,1
2025-01-22,25.39093017578125,25.605081338940533,24.133953100321865,24.58087773019879,7579252,0.03295459562664749,0.1135157624743508,0.08000000649030659,23.021295928955077,24.058907089233397,1.1029322699355844,1.0553650704750404,62.404358494452254,-0.10718999736949897,-0.3666773537252448,0.2594873563557458,0.03766397820877173,0.03203747611889858,4142108.9,1.8298051024201707,0
2025-01-23,24.59018898010254,25.493349395239534,24.48776808604348,25.3909302771011,2905815,-0.03153650496989224,0.06923069012321381,0.0696637866490375,23.181443977355958,24.018125152587892,1.060770373240022,1.0238180051057402,53.10795801310147,-0.012921568447527676,-0.2959261966697014,0.2830046282221737,0.038611066149934696,0.0329627935213124,4285434.6,0.6780677507014108,1
2025-01-26,24.59950065612793,25.130223889524224,24.590189504113177,24.590189504113177,2018058,0.0003786744393434738,0.07748780338647965,0.08948452315876954,23.38349132537842,23.991123428344725,1.0520028987044274,1.0253584301543972,50.28901624591484,0.061825528863135304,-0.22437585156313405,0.28620138042626936,0.037707934327500026,0.03277036502637261,4323259.3,0.46679087696636656,0
2025-01-27,24.059465408325195,25.390929908058393,23.994289122478776,24.599499774379158,3069410,-0.02195309796535272,0.06206333015210541,0.10901289493139665,23.61998920440674,23.954065895080568,1.0186061136656432,1.004400067767463,50.5226412858779,0.07660377019220022,-0.1641799272120672,0.24078369740426742,0.035584952359594656,0.033219684970464874,4396658.0,0.698123438302456,1
2025-01-28,24.115331649780273,24.552946919278128,23.947734463667963,24.059466513049728,1960372,0.0023220067656095633,-0.018939342503436873,0.1115880303765755,23.862073707580567,23.924270896911622,1.0106134087633487,1.00798606376311,53.97796495384104,0.09176575322771541,-0.1129907911241107,0.2047565443518261,0.035513039283868196,0.0329682385035623,4424792.8,0.44304266631422834,1
2025-01-29,24.227062225341797,25.04642402592085,24.124641334299202,24.1153301827571,3173054,0.004633175988792315,-0.045837940649751774,0.062474493041488444,24.00453109741211,23.915332374572753,1.009270380122263,1.0130347279262772,58.602827301608166,0.11151201658264043,-0.06809022958276048,0.1796022461654009,0.032637511697548756,0.031356609679805234,4421043.8,0.7177160289613055,0
2025-01-30,23.500808715820312,24.5808774468671,23.277346403457592,24.227062562939604,3894888,-0.029976953159504993,-0.04430141895874462,0.02186225335651759,24.054809951782225,23.89466205596924,0.9769692116847979,0.98351709937448,56.13381201060955,0.06777719062729659,-0.04091674554074907,0.10869393616804565,0.03458921156106323,0.03105883782433186,4579297.6,0.8505426683777879,0
2025-02-02,23.37045669555664,23.78944787515038,23.277346952562265,23.500809270196385,1604643,-0.005546703598158342,-0.04996215076687438,0.023654195304215975,24.1088134765625,23.873619346618653,0.9693739892374357,0.9789239057657473,62.39668966762649,0.02234117220104892,-0.02826516199238947,0.05060633419343839,0.03453777820656155,0.030110381183507357,4396298.0,0.36499868753210085,0
2025-02-03,23.277347564697266,23.55667502510536,22.99802010428917,23.37045731014019,1637510,-0.0039840526897824136,-0.03250769833636025,0.027538095801410645,24.171196937561035,23.84531410217285,0.9630200616389516,0.9761812096480696,61.54891171990311,-0.020938957200900887,-0.026799921034091755,0.005860963833190867,0.034429630576962654,0.029683169263339904,4323543.7,0.3787425578698326,1
2025-02-04,23.649784088134766,23.99428960355669,23.277346893030405,23.277346893030405,2471233,0.015999955424575107,-0.01930504495673191,-0.03787876260168899,24.078087615966798,23.830789031982423,0.9822118959502409,0.9924045761302852,56.9254149150215,-0.024899233840450563,-0.026419783595363518,0.0015205497549129546,0.020154946966657667,0.029508380216009194,3031423.5,0.8152054637037682,0
2025-02-05,23.510120391845703,23.845314755826028,23.463566408368717,23.649784118197292,1277632,-0.005905495617574474,-0.029592602967196124,-0.0740740796384659,23.890006637573244,23.820547027587892,0.9840985290841204,0.9869681147379753,54.22425652908873,-0.03885952625244471,-0.028907732126779755,-0.009951794125664954,0.01552257692176141,0.029200244563934996,2401261.5,0.5320669989503434,1
2025-02-06,23.547365188598633,23.74289405187807,23.47287597296382,23.510120580781226,578932,0.0015842027234300726,0.0019810583261750114,-0.04240812432745922,23.785724258422853,23.818498649597167,0.9899789021669242,0.9886166855020008,56.04396593890704,-0.046383138785792255,-0.03240281345858226,-0.013980325327209997,0.013196774415300283,0.028712785717659648,2168573.2,0.26696447230833614,1
2025-02-09,23.61254119873047,23.947733785542805,23.379767730370492,23.547364911736974,680835,0.002767868490161085,0.010358569638900361,-0.040121117546002005,23.687028312683104,23.803787384033203,0.9968553626495751,0.9919657245203334,58.240011746933554,-0.046549898352274965,-0.0352322304373208,-0.011317667914954165,0.013310914530832272,0.02834722738391533,2034850.9,0.3345871680328028,0
2025-02-10,23.33321189880371,23.85462574497631,23.2866579156443,23.61254112552202,532639,-0.011829700902407536,0.0023999441496147522,-0.03018577084718521,23.614402961730956,23.782186012268067,0.9880923916059644,0.9811214110749638,35.044655513305216,-0.06843274645861186,-0.04187233364157902,-0.026560412817032843,0.012126581589192942,0.02684526389261972,1781173.8,0.2990381960480218,0
2025-02-11,22.839733123779297,23.62185211163102,22.839733123779297,23.333211735121512,860186,-0.021149200425755077,-0.034251939101713647,-0.05289574883423176,23.48684310913086,23.752949676513673,0.9724479793923437,0.9615535516568984,16.908215189798256,-0.12416339587197811,-0.058330546087658836,-0.06583284978431928,0.01320676446428594,0.02742066746468364,1671155.2,0.5147253827771353,0
2025-02-12,22.56971549987793,22.839733578259057,21.88070623990213,22.839733578259057,979750,-0.011822275787462755,-0.04000000324515329,-0.06840890199762906,23.321108436584474,23.72743770599365,0.967780565029756,0.9512074493478376,19.607846512610067,-0.1879519100441307,-0.08425481887895321,-0.10369709116517749,0.012846194414356226,0.02511774533352426,1451824.8,0.6748403801891247,0
2025-02-13,22.290388107299805,22.81180018571552,22.215900667526128,22.56971556247092,1144407,-0.012376203527228125,-0.05338079531324558,-0.05150548745608374,23.200066375732423,23.699691123962403,0.9607898419901008,0.9405349627009412,17.875637769317237,-0.2580692910964224,-0.11901771332244707,-0.13905157777397534,0.010299527596319918,0.025168381458766882,1176776.7,0.9724929122067084,1
2025-02-16,22.904909133911133,22.960774267820995,22.355563618689153,22.290387333140885,1338930,0.02756887962888732,-0.029968484072243062,-0.019920345062577227,23.153511619567873,23.66617176055908,0.9892628604359679,0.967833300867163,34.26394725048016,-0.2610419802128767,-0.147422566700533,-0.11361941351234373,0.014607723027089289,0.025925204790535,1150205.4,1.1640790418824325,1
2025-02-17,23.016639709472656,23.37045637278049,22.988708030104558,22.904909440159052,899168,0.004878018721152788,-0.013567450152342064,-0.011200067125345603,23.12744083404541,23.633024787902833,0.9952091056953589,0.9739184855107633,35.24996632769022,-0.2514831923794034,-0.16823469183630707,-0.08324850054309635,0.014736476256840443,0.025868129387843705,1076371.2,0.8353698055094748,0
2025-02-18,22.78386688232422,23.20285984380589,22.755935202172548,23.016640355165,780693,-0.010113241119755534,-0.002446011131229664,-0.036614169608634284,23.040849113464354,23.597084579467772,0.9888466683725661,0.9655373656688442,31.234847011860495,-0.2596969808022891,-0.18652714962950348,-0.07316983117278561,0.013657937834553168,0.01675654661961588,907317.2,0.860441089400708,1
2025-02-19,23.053884506225586,23.454255155721818,22.75593475104345,22.783866430641385,3309147,0.011851264111398363,0.021452153721223333,-0.019405935742394576,22.995225524902345,23.57064151763916,1.0025509200272777,0.9780762432356006,43.406597426424035,-0.24163290793575953,-0.1975483012907547,-0.044084606645004826,0.014461288576725703,0.014890400777091575,1110468.7,2.979955220709958,1
2025-02-20,23.444944381713867,23.584608109716193,23.100438861782187,23.053884877754964,3950020,0.016962862609235296,0.051796149481845966,-0.004349565484904283,22.984983444213867,23.560027046203615,1.0200113669264264,0.9951153424287646,51.020411362720665,-0.19353083333829346,-0.19674480770026248,0.0032139743619690186,0.01563852555938641,0.014226077522745094,1447577.5,2.72871055263017,0
2025-02-23,23.15630531311035,23.724271365811642,23.100438402284166,23.44494391536318,2768419,-0.01231135650842674,0.010975646213196466,-0.019321761337769416,22.939359855651855,23.533583984375,1.0094573457508687,0.9839684991663343,48.4261484396894,-0.17666388198000504,-0.192728622556211,0.016064740576205966,0.0160291559658553,0.014383126921622415,1656335.9,1.6714115778085834,0
2025-02-24,22.830421447753906,23.398387484138325,22.75593401137953,23.156304647862022,2675570,-0.014073223726754902,-0.008090592895804494,-0.021548274332329864,22.889080810546876,23.506023597717284,0.9974372337937686,0.9712583394994555,39.21568430555235,-0.18743220414106077,-0.19166933887318097,0.004237134732120201,0.016199401095002487,0.013935270394094309,1870629.0,1.4303049936679053,1
2025-02-25,22.923532485961914,23.221482248340124,22.765246452708407,22.830422741238557,2583131,0.004078375794379641,0.006130021929949381,0.003669016696844496,22.897460746765137,23.482932472229002,1.0011386301514005,0.9761784441986265,42.18364237929213,-0.18630528308095862,-0.1905965277147365,0.004291244633777891,0.014799947674010504,0.013972913377626635,2042923.5,1.2644286484540415,0
2025-02-26,22.914220809936523,23.277346852541573,22.858353898827573,22.923531961788015,1555586,-0.0004062059820445496,-0.006058141579192267,0.01526405195760927,22.931911277770997,23.46710391998291,0.9992285654858772,0.9764400791878033,41.499995390869614,-0.18404204235405786,-0.1892856306426008,0.005243588288542933,0.014173962837686016,0.013883839201870274,2100507.1,0.7405764065258337,0
2025-02-27,22.774555206298828,23.27734674850851,22.38349748580768,22.914220707526376,3855551,-0.006095149592742488,-0.02859418919918255,0.021720891384590324,22.980327987670897,23.4294877243042,0.9910456986739934,0.9720466565162674,38.970577898277845,-0.1913129185151412,-0.18969108821710887,-0.0016218302980323396,0.013613606637360231,0.012356474203880733,2371621.5,1.625702499323775,0
2025-03-02,22.448673248291016,23.053883894434055,22.32763005351006,22.77455467442302,3888684,-0.014309037215255116,-0.030558936551017823,-0.019918694414056914,22.934704399108888,23.37958106994629,0.9788080481718894,0.9601828698781978,38.49879991488547,-0.22082555126288383,-0.19591798082626388,-0.024907570436619952,0.011177429684933236,0.012659284564174637,2626596.9,1.480502775283105,0
2025-03-03,22.448673248291016,22.737311843973895,22.35556350828734,22.448673248291016,1205819,0.0,-0.016721031643524342,-0.02467634147950315,22.877907752990723,23.335074768066406,0.9812380349927936,0.9620141984293784,44.166663821525425,-0.2414314538286284,-0.2050206754267368,-0.03641077840189161,0.010950285585270605,0.012656676445648923,2657262.0,0.45378250244048196,1
2025-03-04,22.532472610473633,22.765246080516043,22.430051715360367,22.448674019184715,5434516,0.0037329316194218976,-0.01705931996858523,-0.011033872044153181,22.852768325805663,23.29783100128174,0.9859843800643466,0.9671489422871168,49.4117788823618,-0.24813947448148355,-0.21364443523768617,-0.034495039243797376,0.01074594034106322,0.012033907722713585,3122644.3,1.7403570429075128,1
2025-03-05,22.681447982788086,22.811800560553774,22.523161948678027,22.532473100792817,6616978,0.00661158563863995,-0.010158443923500071,-0.016155044211179526,22.815524673461915,23.274739875793458,0.9941234447775036,0.9745091933928587,56.44171702039955,-0.238683170654717,-0.21865218232109235,-0.020030988333624655,0.010158281174674745,0.012163960292366627,3453427.4,1.9160611281418571,1
2025-03-06,22.867664337158203,23.035261513414405,22.709378312462963,22.681446633700645,5637382,0.008210073471121682,0.004088296347215747,-0.02462279437122139,22.757796669006346,23.251648750305176,1.0048276935482723,0.9834857124640707,49.2856949503714,-0.21369948359676272,-0.21766164257622644,0.003962158979463726,0.008647713926178607,0.012347603716315117,3622163.6,1.5563576421561964,0
2025-03-09,22.811800003051758,23.13768321542234,22.77455539550283,22.867665138454516,1150185,-0.0024429400957959313,0.016175867087752538,-0.014877386759257538,22.723346138000487,23.23395793914795,1.0038926425938366,0.981830132549871,45.98542274270446,-0.19614646217127785,-0.21335860649523675,0.0172121443239589,0.007931541253779083,0.012310145263212053,3460340.2,0.33239072851854273,0
2025-03-10,22.718690872192383,22.988708956435097,22.59764944623851,22.81180061765265,779247,-0.004081621390987111,0.012028221931642324,-0.004893933991416355,22.712173080444337,23.214032554626463,1.0002869734976465,0.9786619717505582,48.648661474493785,-0.18758631665381031,-0.20820414852695146,0.020617831873141146,0.006701305156020169,0.012092985029090658,3270707.9,0.23825025768886302,0
2025-03-11,22.59764862060547,22.709378890339043,22.392806832892887,22.71869004213694,782293,-0.005327870882519403,0.002892536973573945,-0.014216127708764459,22.67958469390869,23.1993212890625,0.996387232199837,0.9740650745355773,39.91770588071651,-0.18839770628490982,-0.20424286007854314,0.015845153793633326,0.006651876236380256,0.011208910471185763,3090624.1,0.25311813235391517,0
2025-03-12,22.59764862060547,22.765245801126447,22.476605423153377,22.59764862060547,1400838,0.0,-0.003694621359545014,-0.013815533679145453,22.647927474975585,23.203790550231933,0.997779979893274,0.97387746074012,27.363191178194157,-0.18688642800403343,-0.2007715736636412,0.013885145659607773,0.006659928122664966,0.01088598624201237,3075149.3,0.45553495565239716,0
2025-03-13,22.56040382385254,22.783866137362686,22.532472144614147,22.597648430731198,1261877,-0.0016481713375686713,-0.013436462455257758,-0.00940309834841735,22.626512336730958,23.18945167541504,0.9970782720777033,0.9728735348999474,31.60917916369398,-0.1865437131032479,-0.19792600155156256,0.011382288448314654,0.006454682766484412,0.010495242042284374,2815781.9,0.44814443902775286,1
2025-03-16,22.672136306762695,22.811800033415807,22.597648867486324,22.56040425988782,1021014,0.00495259232868972,-0.006122432086480556,0.009954399353587329,22.648858642578126,23.161705093383787,1.0010277632331022,0.9788630075097131,44.37090045785993,-0.17523621745762696,-0.19338804473277543,0.01815182727514847,0.004634393447868245,0.008464651060950885,2529014.9,0.40372004134890627,0
2025-03-17,22.18796730041504,22.755935140912154,22.18796730041504,22.672136548841408,2034903,-0.021355244155057296,-0.023360658180659022,-0.01161342343008287,22.62278804779053,23.114405517578124,0.9807795243249005,0.9599194443284061,29.533663357929512,-0.2030032431139155,-0.19531108440900344,-0.00769215870491205,0.008475315925519079,0.00955371241032442,2611923.3,0.7790822188385088,0
2025-03-18,22.113479614257812,22.346253083881578,22.001747567433323,22.187967053500593,1913296,-0.0033571207830215277,-0.021425636555219785,-0.018595074027564218,22.580888748168945,23.077161750793458,0.9793006759333582,0.9582408726453325,28.499994366618424,-0.2283866456649868,-0.20192619666020012,-0.026460449004786668,0.00831795175024135,0.009361365719542429,2259801.3,0.8466655895808185,0
2025-03-19,21.461713790893555,22.28107742146599,21.461713790893555,22.113480234488872,2182279,-0.029473689113314716,-0.05026783311765104,-0.05377673386726156,22.458915328979494,23.036193618774416,0.9555988558005196,0.931651910296601,22.35295157256806,-0.29766394530340534,-0.22107374638884117,-0.07659019891456417,0.011471666722257346,0.010731287294363888,1816331.4,1.2014762284019316,1
2025-03-20,21.56413459777832,22.020370396003223,21.461713700408414,21.461713700408414,2835766,0.004772256674498321,-0.044160079484964254,-0.0570031866902011,22.328562355041505,23.007702140808107,0.965764577893185,0.9372572048179739,29.437247096402885,-0.3403785294247079,-0.24493470299601455,-0.09544382642869337,0.011060896117692863,0.009813832212500272,1536169.8,1.8459977536337453,0
2025-03-23,21.294116973876953,21.796906725690555,21.24756121616792,21.564133264907085,1980759,-0.012521607239883714,-0.060780303816129755,-0.06653061262030047,22.176794052124023,22.98200393676758,0.9601981658767972,0.9265561450805309,26.153858275161127,-0.39150528151843034,-0.2742488187004977,-0.11725646281793262,0.011179942303833078,0.009823169765189259,1619227.2,1.2232742878825158,0
2025-03-24,21.135831832885742,21.480335574728397,21.070653769368956,21.294117863870937,2124008,-0.00743328033678925,-0.04741919136998263,-0.0696721060298442,22.01850814819336,22.970830841064455,0.9599120744526899,0.9201161237538554,22.014917387210005,-0.4397269899157408,-0.30734445294354634,-0.13238253697219443,0.011139424266618446,0.009578834013287267,1753703.3,1.2111558437507643,1
2025-03-25,21.36860466003418,21.81552928374089,21.163762875561495,21.135831196530194,2885534,0.011013185049393748,-0.03368420380767978,-0.054388134854464254,21.895603752136232,22.964313201904297,0.975931282915611,0.9305135525787118,24.54870041990644,-0.4539276243585917,-0.3366610872265554,-0.11726653713203627,0.012544616182694155,0.009995655633783442,1964027.4,1.469192334078435,1
2025-03-26,21.60137939453125,21.60137939453125,21.368605917331216,21.368605917331216,1124377,0.010893305304694456,0.00650766313438389,-0.04408729610769235,21.795976829528808,22.940291023254396,0.9910718644766625,0.9416349327318515,25.886594373449086,-0.44131158848517416,-0.35759118747827917,-0.08372040100689498,0.01351148437007779,0.010484603481196663,1936381.3,0.5806588815952726,1
2025-03-27,21.694486618041992,21.694486618041992,21.312738270645763,21.60137865110292,1826510,0.004310244351076742,0.006044852839914183,-0.0383821678269356,21.709385108947753,22.91422035217285,0.9993137304059515,0.9467695729819934,29.020973511290407,-0.41897068114206704,-0.36986708621103676,-0.04910359493103028,0.013775886456698265,0.0105751208604346,1992844.6,0.9165340839922992,0
2025-04-03,21.517580032348633,21.582756319490116,21.322049395003557,21.69448659004105,710685,-0.00815444904541951,0.010494121862194117,-0.05092401786900336,21.593929481506347,22.887963523864745,0.9964643096003856,0.940126455982541,28.135598398973386,-0.4108047328671134,-0.37805461554225206,-0.03275011732486133,0.013468591987653065,0.010295346987712525,1961811.7,0.3622595379566755,0
2025-04-06,20.484066009521484,21.107898999939195,19.366752607724763,21.51758081738742,2620555,-0.04803114575493184,-0.03083700838072334,-0.07679393374902266,21.42353935241699,22.844574584960938,0.9561476127991188,0.8966709331066544,21.119598180637325,-0.4821709378018113,-0.3988778799941639,-0.0832930578076474,0.01867464703328628,0.014522510420981757,2020376.9,1.2970624441409917,0
2025-04-07,20.2978458404541,20.456131870832202,19.897476964481857,20.484065326517975,1949361,-0.009090976810015361,-0.05010897232717881,-0.08210529529839661,21.24197597503662,22.758913955688477,0.9555535635812764,0.8918635520119252,20.096850018376998,-0.5474449758067159,-0.4285912991566743,-0.1188536766500416,0.018611054087048585,0.014424201349295713,2023983.4,0.9631309229117195,1
2025-04-08,21.275495529174805,21.35929412051144,20.484065375395836,20.29784588888762,2382692,0.04816519429723054,-0.01508625256769247,-0.00867676568297937,21.223354148864747,22.676605262756347,1.0024567926419325,0.938213426685929,36.575892234422014,-0.5143577657324769,-0.44574459247183484,-0.06861317326064209,0.024188325392052578,0.018591767038050495,2044024.7,1.1656865007551034,0
2025-04-09,20.511999130249023,21.322049823754252,20.511999130249023,21.27549583940868,1037815,-0.035886186428833566,-0.05450635954711025,-0.048790989629497794,21.118140602111815,22.595041465759277,0.9712975927529255,0.9078097582309413,30.136990145436712,-0.5434788065774256,-0.465291435292953,-0.07818737128447262,0.02649106833691148,0.019766242326188205,1864229.6,0.5566991319095029,1
2025-04-10,21.154451370239258,21.359293151287286,20.96823366810171,20.511997900371966,1142062,0.03132080085957156,-0.01687590619221413,-0.006558882146136091,21.104174041748045,22.526140480041505,1.0023823404977497,0.9391067852472293,40.76537025776386,-0.5088511948575523,-0.4740033872058729,-0.034847807651679386,0.028592496744221894,0.021392208973785055,1780359.9,0.6414781640498644,1
2025-04-13,21.666555404663086,21.694487084977737,21.228940136579755,21.1544526958729,1317339,0.024207861762100435,0.057727279075938887,0.025110134106554494,21.157246398925782,22.478282279968262,1.0240725563305424,0.9638883939086149,46.29630273592168,-0.4350708217342998,-0.4662168741115583,0.031146052377258537,0.02945191575541419,0.022272144150034055,1699693.0,0.7750452581730937,1
2025-04-14,22.085546493530273,22.12279110167685,21.703798139631193,21.66655530740528,1717583,0.019338149560082396,0.08807341759947951,0.033551176827048224,21.228940582275392,22.437686576843262,1.0403508553775918,0.9843058649514957,55.377207484831864,-0.33888382348896684,-0.44075026398704004,0.1018664404980732,0.029822840643020567,0.02276338635485296,1582897.9,1.0850876736901351,0
2025-04-15,21.796907424926758,22.234520905906745,21.71310883428284,22.085546028299916,1332193,-0.013069138619144827,0.02450762639285875,0.009051645583568968,21.24849338531494,22.389083480834962,1.0258095493956683,0.9735506789987581,51.944007982475256,-0.2826870545700899,-0.40913762210365,0.1264505675335601,0.030142266001172088,0.022923246772293855,1603679.5,0.8307102510196084,0
2025-04-16,21.508268356323242,21.880705542284392,21.471023749766836,21.79690695345306,1185757,-0.013242202803202763,0.04857006963329202,-0.00858366759247875,21.229871559143067,22.34923267364502,1.0131134470787826,0.9623716693274453,51.78294494859525,-0.2584620809231595,-0.3790025138675519,0.12054043294439243,0.0304576179952991,0.023071914484179428,1539604.2,0.7701700216198423,0
2025-04-17,21.387226104736328,21.694487018703523,21.368605576557,21.508269305465607,594420,-0.005627707892687184,0.011003581724863043,-0.006058019880318177,21.216836166381835,22.309568061828614,1.008030883446443,0.9586571127448047,52.10607606692376,-0.2461927560451933,-0.3524405623030802,0.10624780625788688,0.030396967802292656,0.02302216480494036,1527977.7,0.3890240021173084,1
2025-04-22,21.415159225463867,21.647932695305865,21.349982938055412,21.3872257697514,1146972,0.0013060656202326104,-0.011602960161591458,0.04545451159499225,21.309945487976073,22.272324295043944,1.0049373067400458,0.96151434137609,50.40387620552282,-0.23154613853524708,-0.3282616775495136,0.0967155390142665,0.025355208296926696,0.022607604029520417,1380619.4,0.8307662488300541,1
2025-04-23,21.852771759033203,21.880705213530817,21.51757918466467,21.415158294093988,3287357,0.020434708374663435,-0.010539686421853323,0.07660546497402687,21.465438079833984,22.236384048461915,1.018044527102529,0.9827484410867942,52.10606076100824,-0.1825229040357641,-0.2991139228467637,0.11659101881099959,0.025284385935676616,0.023126294909728395,1514419.0,2.1707050690726937,0
2025-04-27,21.619998931884766,21.880705853728696,21.489646358923103,21.852772398413794,2345222,-0.010651867402230897,-0.008116219865194285,0.016192497243485926,21.49988842010498,22.198581619262697,1.0055865644245607,0.9739360515324155,49.39024218875153,-0.1606031264193959,-0.27141176356129015,0.11080863714189426,0.021360656745179733,0.022244426209669852,1510672.0,1.552436266773992,1
2025-04-28,22.18000030517578,22.299999237060547,22.020000457763672,23.219999313354492,1879785,0.025902007444835506,0.03123133567631231,0.08131831345814344,21.666688537597658,22.171234321594238,1.0236912884351195,1.0003953764348161,55.10255234134807,-0.0969268021962435,-0.23651477128828086,0.13958796909203736,0.017900237342361455,0.022943665054766325,1594869.0,1.1786453934461074,0
2025-04-29,21.940000534057617,22.219999313354492,21.899999618530273,22.18000030517578,1494821,-0.010820548594048462,0.02584600857606656,0.03713398896855802,21.74524345397949,22.13778350830078,1.0089563071800185,0.9910658185735259,62.7768391304246,-0.0650786461311661,-0.20222754625685793,0.13714890012569184,0.01671939998421061,0.02289142322101806,1630144.9,0.9169865819903495,0
2025-04-30,21.850000381469727,22.06999969482422,21.799999237060547,21.940000534057617,1644719,-0.0041021034820935,0.020305296422396424,0.008466734715346647,21.763587951660156,22.108119277954103,1.003970504771617,0.9883247012900926,63.85522312027874,-0.04656424946461257,-0.17109488689840888,0.1245306374337963,0.015203805286065332,0.022833177799898928,1662882.9,0.9890768616358976,1
2025-05-04,22.239999771118164,22.299999237060547,21.850000381469727,21.850000381469727,1190739,0.017848942006389423,0.017719857982083864,0.006993409813659701,21.779033279418947,22.09612461090088,1.021165608490751,1.006511330052253,59.61871921856918,-0.00041695889105852757,-0.1369593012969388,0.13654234240588028,0.015009700413314566,0.02302694221593175,1610198.5,0.7394982668285929,1
2025-05-05,23.010000228881836,23.059999465942383,22.299999237060547,22.239999771118164,4063587,0.03462232309748625,0.06429238509106128,0.055654354092810276,21.900342559814455,22.104930305480956,1.0506685074005884,1.040944255914549,74.87956036875043,0.09716761535587537,-0.09013391796637599,0.18730153332225136,0.017486430635694734,0.024082694861993267,1883337.9,2.1576515823315616,0
2025-05-06,22.93000030517578,23.100000381469727,22.850000381469727,23.010000228881836,606621,-0.003476745889191224,0.033814246604179976,0.06610164636682914,22.042515754699707,22.117722549438476,1.0402623983737815,1.0367251987143644,69.91537081480462,0.16613368257158712,-0.03888039785878337,0.20501408043037048,0.016567856668865732,0.024130766815739717,1825424.3,0.33231780687920065,0
2025-05-07,22.540000915527344,22.920000076293945,22.5,22.93000030517578,930539,-0.01700825924369509,0.02734732756903724,0.05390015540798565,22.157793235778808,22.1104243850708,1.017249356724359,1.0194286877074417,60.07287783877571,0.18716260235471083,0.006328202183915468,0.18083440017079536,0.017838910047678177,0.02442653066669903,1859036.2,0.5005491555247822,0
2025-05-08,22.3700008392334,22.790000915527344,22.34000015258789,22.540000915527344,868022,-0.007542150372178313,0.023798647537080386,0.04458718255216931,22.253277397155763,22.097491607666015,1.0052452247817014,1.012332134180915,53.480296614915886,0.18794408496072634,0.04265137873927765,0.1452927062214487,0.01827884859762637,0.02151287433193172,1831141.2,0.47403335144225905,0
2025-05-11,22.209999084472656,22.600000381469727,22.190000534057617,22.3700008392334,324443,-0.007152514472870464,-0.0013489517515403726,0.01634700299708136,22.28900012969971,22.086014251708985,0.9964556038957627,1.0056137260146012,55.21843660141302,0.1736508719792731,0.06885127738727674,0.10479959459199635,0.017682212381038707,0.021452077042740495,1534849.8,0.21138420189389215,0
2025-05-12,22.190000534057617,22.389999389648438,22.18000030517578,22.209999084472656,245409,-0.0009004300422965628,-0.03563666608725047,0.026364552744367886,22.346000289916994,22.068736572265625,0.9930188958276454,1.0054948302724491,59.23916190350145,0.15887823246520583,0.08685666840286256,0.07202156406234327,0.017183399214934506,0.018873806272554694,1324868.5,0.1852327230966696,0
2025-05-13,22.170000076293945,22.3799991607666,22.15999984741211,22.190000534057617,293257,-0.0009013275025827605,-0.03314436191744352,-0.0004508669406781962,22.34500026702881,22.043237686157227,0.9921682618642397,1.0057506248374903,60.9072493519154,0.14389817088796164,0.09826496889988239,0.045633201988079256,0.015137164154844517,0.01663984292599959,1166215.7,0.2514603430566061,0
2025-05-14,22.100000381469727,22.299999237060547,21.93000030517578,22.170000076293945,492186,-0.0031574061607274606,-0.019520874719863524,0.007292609093775493,22.36100025177002,22.022111587524414,0.9883278982441926,1.0035368449404023,59.432069888744586,0.12493776897237652,0.10359952891438122,0.021338240057995297,0.01471336100958968,0.015403081050784898,1065952.2,0.4617336499704208,0
2025-05-15,22.0,22.209999084472656,21.8700008392334,22.100000381469727,627828,-0.004524904060796975,-0.016540045836050066,0.0068649709799311065,22.376000213623048,22.005503158569336,0.9831962723438781,0.9997499189848248,52.23562613171512,0.10068172257970431,0.10301596764744585,-0.0023342450677415333,0.014729684748147735,0.01456963591676289,964263.1,0.6510961582995346,0
2025-05-18,21.8700008392334,22.110000610351562,21.860000610351562,22.0,321935,-0.005909052762118283,-0.0153083412541406,-0.016636642791933,22.33900032043457,21.984432525634766,0.979005350531637,0.9947948764987254,53.91852453752783,0.07016002414730949,0.09644477894741858,-0.026284754800109097,0.013538663548465417,0.01396595032715847,877382.7,0.36692654186137935,0
2025-05-19,21.68000030517578,21.950000762939453,21.649999618530273,21.8700008392334,433425,-0.008687724131988483,-0.022983335583930176,-0.05780095221540493,22.206000328063965,21.95974811553955,0.9763127075962696,0.987260882552391,41.1347508136669,0.030290730360672313,0.08321396923006934,-0.052923238869397024,0.004722180188204528,0.01378999433157938,514366.5,0.8426384688738477,0
2025-05-20,21.559999465942383,21.739999771118164,21.280000686645508,21.68000030517578,1304730,-0.00553509398266705,-0.027514686885537154,-0.059747092062801266,22.069000244140625,21.935457000732423,0.9769359385306372,0.9828835325939412,42.96294517151298,-0.010863805853865927,0.0643984142132823,-0.07526222006714822,0.004647830340127786,0.013510607583058207,584177.4,2.233448264174547,0
2025-05-21,21.350000381469727,21.639999389648438,21.31999969482422,21.559999465942383,574526,-0.009740217517369865,-0.03393665099792742,-0.05279505260524853,21.950000190734862,21.913483543395998,0.9726651569908233,0.9742860070234663,41.1347508136669,-0.05973564802143727,0.039571601766338386,-0.09930724978777566,0.0030525592933757693,0.01363478857062064,548576.1,1.0473041023843366,1
2025-05-22,21.440000534057617,21.5,21.15999984741211,21.350000381469727,533284,0.004215463746127357,-0.02545452117919922,-0.041573548068210564,21.857000160217286,21.893310089111328,0.9809214611747743,0.9792946085718137,34.12700214803748,-0.09016530537623879,0.013624220337822953,-0.10378952571406175,0.004190289790712197,0.013664941212568088,515102.3,1.035297260369445,1
2025-05-25,22.170000076293945,22.170000076293945,21.440000534057617,21.440000534057617,1479187,0.03404848526364157,0.01371738571323533,-0.001800945962518119,21.853000259399415,21.886060638427736,1.0145060089292857,1.0129735287933757,33.06450992667473,-0.0547450984487412,-4.9643419489878854e-05,-0.05469545502925133,0.012670700609719051,0.015002405450621306,630576.7,2.345768563919346,1
2025-05-26,22.270000457763672,22.329999923706055,22.0,22.170000076293945,1046554,0.004510617100838665,0.0272140287953333,0.003605224055009293,21.86100025177002,21.877831687927245,1.0187091258992387,1.0179253947754263,36.80000305175781,-0.018393109901708726,-0.0037183367159336483,-0.014674773185775078,0.012748458868068824,0.014773198897108947,710691.2,1.4725861246065803,1
2025-05-27,22.5,22.5,22.030000686645508,22.270000457763672,963882,0.010327774472772777,0.043599283735721084,0.014884976209761813,21.894000244140624,21.870478401184084,1.027678804654328,1.0287840799486963,49.1452796384841,0.02864494272694529,0.0027543191726421387,0.02589062355430315,0.013107465022463564,0.013802508457946772,777753.7,1.2393152228012545,0
2025-05-28,22.200000762939453,22.649999618530273,22.200000762939453,22.5,952670,-0.013333299424913236,0.039812663526107794,0.004524904060796864,21.904000282287598,21.858242416381835,1.0135135352829232,1.0156352162286153,46.558701952368786,0.04124011669924599,0.010451478677962908,0.03078863802128308,0.01388582959928083,0.013924801407897149,823802.1,1.1564306524588854,0
2025-05-29,22.010000228881836,22.450000762939453,22.0,22.200000762939453,645902,-0.0085585823210782,0.026585805999340684,0.0004545558582653708,21.905000305175783,21.844068603515623,1.0047934226086837,1.0075961867900152,46.00001983644092,0.035481419895749156,0.015457466921520158,0.020023952974228997,0.014106057464447277,0.014040529172235,825609.5,0.7823335366174929,1
2025-06-01,22.1200008392334,22.200000762939453,21.799999237060547,22.010000228881836,805678,0.004997755983992214,-0.0022552655339865835,0.011431183832033343,21.93000030517578,21.834515647888182,1.0086639549208203,1.0130749495866573,48.64865461968649,0.039340251204297516,0.020234023778075632,0.019106227426221884,0.014008224002147306,0.013485823897534154,873983.8,0.9218454621241263,0
2025-06-02,21.979999542236328,22.239999771118164,21.90999984741211,22.1200008392334,640375,-0.0063291723185089355,-0.013022043536880301,0.013837602990666387,21.960000228881835,21.8221626663208,1.0009107155348838,1.0072328704688434,46.49445637416677,0.03074703550376867,0.02233662612321424,0.008410409380554432,0.0138416540209073,0.010755193812849206,894678.8,0.7157596670447539,1
2025-06-03,22.209999084472656,22.219999313354492,21.940000534057617,21.979999542236328,569108,0.010464037626314093,-0.012888929578993014,0.03014840605896385,22.025000190734865,21.815154571533203,1.00839949567018,1.018099551467524,51.91635315048045,0.042011607364045744,0.02627162237138054,0.015739984992665206,0.013867847178415577,0.011116028705903464,821116.6,0.693090360126686,1
2025-06-04,22.3700008392334,22.540000915527344,22.260000228881836,22.209999084472656,727703,0.00720404148384679,0.007657660831153823,0.04777519623132931,22.12700023651123,21.80911186218262,1.0109820852408724,1.0257181026258742,56.31400272757158,0.063122034615958,0.033641704820296034,0.029480329795661966,0.013146447290789764,0.010650999085083759,836434.3,0.870006167848449,1
2025-06-10,23.100000381469727,23.209999084472656,22.489999771118164,22.3700008392334,2751786,0.032632968924883876,0.049522950533984034,0.07742536408873613,22.29300022125244,21.82735252380371,1.0361997107705563,1.0583051864067405,67.42207703089255,0.13717578543769093,0.054348520943775014,0.08282726449391592,0.015817053520348123,0.012791619700505238,1058284.5,2.6002327351482517,1
2025-06-11,23.209999084472656,23.489999771118164,22.899999618530273,23.100000381469727,2542286,0.00476184853620909,0.04927659149569141,0.046910194163272356,22.397000122070313,21.849282913208008,1.036299457872539,1.0622773835036063,72.17389044855301,0.20240667437873938,0.08396015163076789,0.11844652274797149,0.012798296188860267,0.012634928489183747,1164594.4,2.182979756729038,0
2025-06-12,22.600000381469727,23.0,22.3700008392334,23.209999084472656,1506466,-0.026281720252673946,0.028207500097623628,0.014818137266405573,22.43000011444092,21.872048645019532,1.007579146953252,1.0332822840816036,63.1979857616859,0.2025460022339871,0.10767732175141174,0.09486868048257537,0.01611486098223023,0.014154406213186959,1210585.6,1.2444109693688739,0
2025-06-15,21.40999984741211,21.899999618530273,20.299999237060547,22.600000381469727,1235428,-0.052654889998733245,-0.03601977802960998,-0.048444451226128504,22.32100009918213,21.868965950012207,0.9591864052810339,0.979012903323861,50.60975066069083,0.10541812815320029,0.10722548303176946,-0.0018073548785691729,0.023109631854450897,0.018565624750642416,1237740.2,0.9981319181521292,0
2025-06-16,21.31999969482422,21.940000534057617,21.0,21.40999984741211,781709,-0.004203650314307139,-0.04693791260694302,-0.039639686390655626,22.232999992370605,21.869483604431153,0.9589349031682775,0.9748743994350375,48.78047929499433,0.020939945368898094,0.0899683754991952,-0.06902843013029711,0.022910575800182457,0.018571783851669084,1220644.1,0.640406978577949,0
2025-06-17,21.15999984741211,21.469999313354492,20.860000610351562,21.31999969482422,908816,-0.007504683381911681,-0.08398270571518429,-0.03861882656204352,22.147999954223632,21.86996696472168,0.9553910010450803,0.9675368911871328,38.39080298493458,-0.05824881752198152,0.06032493689495986,-0.11857375441694137,0.022888650693510367,0.01860814879596981,1246935.5,0.7288396232202868,1
2025-06-18,22.0,22.0,19.65999984741211,21.15999984741211,1616688,0.03969755003049413,-0.052132664032810694,-0.005424992526246064,22.135999870300292,21.882594871520997,0.9938561677314264,1.00536522881168,47.34773625078973,-0.05261893220130531,0.037736163075706826,-0.09035509527701213,0.026670210672102682,0.02074687954774834,1328036.5,1.2173520833199991,0
2025-06-19,21.0,21.899999618530273,21.0,22.0,592821,-0.045454545454545414,-0.07079647586119531,-0.04458596736333775,22.03799991607666,21.870567283630372,0.9528995407918374,0.9601945723519494,37.20136652076211,-0.1273804872098765,0.004712833018590164,-0.13209332022846665,0.030290000005986195,0.023099509079557184,1323281.1,0.44799324950685077,1
2025-06-22,22.200000762939453,22.200000762939453,20.299999237060547,21.0,808747,0.057142893473307366,0.03689868851740474,-0.00045017208218589566,22.03700008392334,21.88067756652832,1.0073966818711875,1.0145938440635685,50.0,-0.08877616902244867,-0.013984967389617603,-0.07479120163283107,0.03587201227194774,0.02650121857366152,1347245.0,0.6002969021967052,1
2025-06-23,23.0,23.0,21.700000762939453,22.200000762939453,2104028,0.03603600043095767,0.07879926497295542,0.028162679353220366,22.1,21.91032596588135,1.0407239819004523,1.0497333556705404,56.716415592845046,0.006298676605265285,-0.009928238590641026,0.016226915195906313,0.03758543874890076,0.02741339812623698,1484877.5,1.4169707602142265,1
2025-06-24,23.690000534057617,23.780000686645508,22.799999237060547,23.0,3602032,0.030000023219896477,0.11956525070367285,0.025541131724879707,22.15900001525879,21.97444465637207,1.0690915888688377,1.0780704998243529,59.874210969532804,0.13575851362752545,0.019209111852992268,0.11654940177453318,0.03736662032352196,0.028019423766311974,1569902.1,2.294430971205147,1
2025-06-25,24.25,24.25,23.3700008392334,23.690000534057617,2558121,0.023638643027352746,0.10227272727272729,0.04480831350928827,22.263000106811525,22.05348773956299,1.089251218778036,1.0995993144656464,63.560338993092984,0.2803123773682614,0.0714297649560461,0.20888261241221534,0.03792944524130475,0.027551531917506856,1571485.6,1.627836106166038,0
2025-06-29,24.040000915527344,24.350000381469727,24.040000915527344,24.25,1412719,-0.008659756060728108,0.14476194835844503,0.06371683671467143,22.407000160217287,22.10877784729004,1.0728790442108973,1.0873509644710653,60.958096799217145,0.3736203222514334,0.13186787641512354,0.24175244583630984,0.036701967987489155,0.027717085733503205,1562110.9,0.9043653686815706,0
2025-06-30,23.90999984741211,24.360000610351562,23.850000381469727,24.040000915527344,1672348,-0.005407698134955896,0.07702698313989775,0.11676786631561709,22.657000160217287,22.1767378616333,1.0553029826691234,1.0781567603221494,59.25480419295862,0.43209660044699305,0.19191362122149747,0.24018297922549559,0.03075687667571989,0.02775717753457139,1605802.9,1.0414403909720178,0
2025-07-01,23.59000015258789,24.049999237060547,23.450000762939453,23.90999984741211,1131237,-0.013383508860994597,0.025652180547299563,0.10647281849233581,22.88400020599365,22.225448837280272,1.0308512471700348,1.061395894647525,53.09734449257159,0.44746012935557644,0.24302292284831328,0.20443720650726316,0.031408684941111396,0.02775877373465184,1640755.7,0.689460959971067,1
2025-07-02,23.649999618530273,23.700000762939453,23.170000076293945,23.59000015258789,1470201,0.002543427959062594,-0.0016885147583612925,0.11767484825491126,23.13300018310547,22.265117721557615,1.0223490006195728,1.0621996215915708,52.798986047475516,0.45918410365422346,0.28625515900949533,0.17292894464472813,0.030921712795703573,0.027617549192198918,1696894.2,0.8664069922567949,0
2025-07-06,23.5,23.899999618530273,23.489999771118164,23.649999618530273,1016467,-0.006342478687092479,-0.030927835051546393,0.06818181818181812,23.283000183105468,22.293406791687012,1.0093200968598537,1.0541233208359575,56.08107881706231,0.4511709047900183,0.31923830816559995,0.13193259662441836,0.029678409280858607,0.027711417366230996,1636872.1,0.6209813216316656,0
2025-07-07,23.1299991607666,23.649999618530273,23.020000457763672,23.5,978399,-0.015744716563123373,-0.03785364892282406,0.10142853146507624,23.49600009918213,22.32006862640381,0.9844228406166772,1.0362870987504347,63.069903748461876,0.41023547229613655,0.33743774099170726,0.07279773130442929,0.024953680977282497,0.02796413715153048,1675429.9,0.5839689264230035,0
2025-07-09,23.0,23.350000381469727,22.8799991607666,23.1299991607666,796575,-0.005620370319213364,-0.03805938323795521,0.03603600043095767,23.576000022888184,22.349903259277344,0.9755683736711491,1.029087228395622,62.68882610451927,0.3631182007107654,0.3425738329355189,0.020544367775246486,0.018943109649025954,0.027967171681070328,1674212.7,0.47579080005784213,1
2025-07-10,23.110000610351562,23.229999542236328,22.940000534057617,23.0,882871,0.004782635232676524,-0.02034758538073478,0.004782635232676524,23.58700008392334,22.384358749389648,0.9797770181933015,1.032417362010949,64.84018914396331,0.330839837750716,0.34022703389855835,-0.009387196147842336,0.015230900052888298,0.027949239687179314,1552097.0,0.5688246288730666,1
2025-07-13,23.510000228881836,23.700000762939453,23.040000915527344,23.110000610351562,1982036,0.01730850748446544,-0.005919636021420649,-0.007598155386995709,23.569000053405762,22.426255569458007,0.9974967192333049,1.0483248153516882,62.31647989893851,0.3336890689582077,0.33891944091048826,-0.005230371952280544,0.01284971390327774,0.027266941510666477,1390097.4,1.425825269509892,1
2025-07-14,23.799999237060547,24.299999237060547,23.68000030517578,23.510000228881836,5154810,0.012335134213331544,0.012765924981299914,-0.01855673249234857,23.523999977111817,22.465200119018554,1.0117326670726607,1.0594163021460015,75.83025999070959,0.3552524721924897,0.34218604716688855,0.013066425025601125,0.010806704933704378,0.027370919720817958,1649766.3,3.1245698254352754,0
2025-07-15,23.610000610351562,23.969999313354492,23.610000610351562,23.799999237060547,1152396,-0.007983135831917343,0.02075233320367542,-0.017886867254570116,23.48099994659424,22.50500015258789,1.0054938317810453,1.0491002199631891,65.98640720935181,0.3529418296078859,0.344337203655088,0.008604625952797873,0.010761136506063352,0.02668674708831288,1623734.0,0.709719695467361,0
2025-07-16,23.299999237060547,23.75,23.25,23.610000610351562,999843,-0.013130087474673702,0.0130434450895891,-0.02551236362377418,23.419999885559083,22.527400131225587,0.9948761464950934,1.0342959729633447,53.82652266826521,0.322379913706623,0.33994574566539504,-0.017565831958772038,0.01131549472402463,0.023679346559329437,1556483.5,0.6423730158398724,0
2025-07-17,23.200000762939453,23.56999969482422,23.200000762939453,23.299999237060547,811448,-0.0042917801457279525,0.0038944245006888867,-0.01653240301508241,23.380999946594237,22.55260013580322,0.9922587064681487,1.0287062521943293,42.642637482480154,0.28678446127624113,0.3293134887875643,-0.04252902751132315,0.010694152693102399,0.023681060097319243,1524504.6,0.5322699583851698,1
2025-07-20,23.549999237060547,23.979999542236328,23.299999237060547,23.200000762939453,943896,0.01508614062979663,0.0017013614542449318,-0.004228346007725703,23.370999908447267,22.58660011291504,1.0076590359554356,1.042653569786036,38.78202149927619,0.28354819350395744,0.3201604297308429,-0.036612236226885475,0.011903173371995809,0.02361710123703678,1471874.1,0.6412885449917217,0
2025-07-21,23.280000686645508,23.760000228881836,23.219999313354492,23.549999237060547,938415,-0.011464906970788502,-0.021848679289254602,-0.009361672908701824,23.348999977111816,22.607400131225585,0.9970448717061139,1.029751344759494,38.05029051128427,0.25624299172898546,0.30737694213047145,-0.051133950401485995,0.012293063320336344,0.022475833674649035,1464068.9,0.640963686886594,0
2025-07-22,23.079999923706055,23.450000762939453,23.059999465942383,23.280000686645508,528059,-0.008591097811014414,-0.022448143707930912,-0.0021616618622865014,23.34400005340576,22.60880012512207,0.9886908786370916,1.0208414332461813,37.230747922600244,0.21597540250580138,0.28909663420553744,-0.07312123169973606,0.011514954962071573,0.019616773436203244,1419034.9,0.37212544948683085,0
2025-07-27,23.229999542236328,23.3700008392334,23.110000610351562,23.25,642500,0.006499116942206173,0.0012930507892394694,0.005192510978602627,23.363999938964845,22.625600090026854,0.9942646637100422,1.0267130794235104,43.04634423155505,0.1652116006514106,0.24717864015658922,-0.08196703950517861,0.011440878734225111,0.013110594906155196,1315340.3,0.48846674887099556,0
2025-07-28,22.700000762939453,23.299999237060547,22.700000762939453,23.229999542236328,1169988,-0.022815272911789863,-0.036093354635165054,-0.034453401023250785,23.282999992370605,22.632200088500976,0.97496030453025,1.0029957615332734,38.235284217895895,0.10792349676849256,0.2193276114789699,-0.11140411471047734,0.01194566283880275,0.012156994295006695,1234135.5,0.9480223200774955,0
2025-07-29,22.489999771118164,22.8799991607666,22.299999237060547,22.700000762939453,644860,-0.009251144703225855,-0.03393474622964787,-0.055041996131768633,23.15200004577637,22.637800102233886,0.9714063461753071,0.9934710824175386,40.12344806880596,0.04505754142412499,0.18447359746800093,-0.13941605604387594,0.01066040432006422,0.010625509467221883,783140.5,0.8234282354188042,0
2025-07-30,22.329999923706055,22.809999465942383,22.31999969482422,22.489999771118164,797990,-0.00711426629792955,-0.032495667351786106,-0.05421434364911892,23.023999977111817,22.640600090026854,0.9698575376087705,0.9862812750065924,39.75533402277973,-0.01747340904007899,0.14408419616638496,-0.16155760520646395,0.01064229562412663,0.010593161719874655,747699.9,1.067259738833722,1
2025-07-31,22.450000762939453,22.600000381469727,22.010000228881836,22.329999923706055,981016,0.005373974010004501,-0.02729632421356787,-0.03648062240144201,22.939000129699707,22.646200103759767,0.9786826206898559,0.9913363239783551,39.939011270819506,-0.05669305075791797,0.10392874678152438,-0.16062179753944233,0.010777458043981005,0.01077074476447763,745817.2,1.3153571679494656,0
2025-08-10,22.889999389648438,22.899999618530273,22.459999084472656,22.5,1447026,0.01959904729425821,0.01959904729425821,-0.014636253090307139,22.511000442504884,22.73780014038086,1.0168361663050716,1.0066936664201425,34.13460392217276,-0.11370960690112497,-0.06373697968319744,-0.04997262721792753,0.010798917770570668,0.01087620318380067,504088.0,2.8705821205821205,0
2025-08-11,22.75,23.190000534057617,22.700000762939453,22.889999389648438,1117482,-0.006116181449605018,0.013362994515162097,0.002202609488109575,22.51600036621094,22.764000129699706,1.0103925932662632,0.9993849881558627,36.41023082844514,-0.09933706185191937,-0.07085699611694184,-0.028480065734977536,0.008069046952755617,0.010099926152506405,498837.4,2.240172849910612,0
2025-08-12,22.600000381469727,22.84000015258789,22.530000686645508,22.75,334373,-0.0065933898255065015,0.006681497257581048,0.004891089883105604,22.527000427246094,22.772600135803224,1.0032405536839846,0.9924207269567723,37.368417882519225,-0.09891025610522064,-0.07646764811459761,-0.02244260799062303,0.007759181601077239,0.009600574925169416,467788.7,0.7147949490870558,1
2025-08-13,22.729999542236328,23.059999465942383,22.549999237060547,22.600000381469727,1775749,0.005752175158067363,0.012472105558192226,0.017913104339316366,22.56700038909912,22.781800117492676,1.0072228984945621,0.9977262299296282,41.37928766526073,-0.08707837830969822,-0.07858979415361773,-0.00848858415608049,0.0074125566168258975,0.009681614713643882,565564.6,3.1397810258987215,0
2025-08-14,22.649999618530273,23.1299991607666,22.5,22.729999542236328,667763,-0.003519574365032474,0.008908634690159012,0.008908634690159012,22.5870002746582,22.78480010986328,1.0027891859523619,0.994083753612802,35.20406226918372,-0.08319780268793764,-0.07951139586048171,-0.0036864068274559264,0.007469618568140133,0.009324342900693509,534239.3,1.2499323804894173,1
2025-08-17,22.700000762939453,22.739999771118164,22.489999771118164,22.649999618530273,489839,0.0022075560817349515,-0.008300508159685971,0.011135857082584133,22.612000274658204,22.79480010986328,1.0038917604463269,0.9958411854253195,50.0,-0.07522064727428557,-0.07865324614324248,0.0034325988689569154,0.007472284257479489,0.009330495363823682,583223.2,0.8398825698291839,0
2025-08-18,22.700000762939453,22.81999969482422,22.600000381469727,22.700000762939453,477782,0.0,-0.002197768662002053,0.011135857082584133,22.637000274658202,22.808600120544433,1.0027830758279301,0.9952386662473353,58.26776502038763,-0.06811352383311231,-0.07654530168121645,0.008431777848104144,0.007472284257479489,0.008533313442003036,631001.4,0.7571805704393049,1
2025-08-19,23.100000381469727,23.170000076293945,22.600000381469727,22.700000762939453,1703538,0.01762112797737525,0.022123893431876374,0.028953211422749536,22.702000236511232,22.82820011138916,1.0175315012250945,1.0119063381586952,75.49673224079609,-0.02986024075475413,-0.06720828949592399,0.037348048741169856,0.009080142204372492,0.009248328530851358,801355.2,2.1258213586185004,0
2025-08-20,23.100000381469727,23.440000534057617,23.040000915527344,23.100000381469727,1383535,0.0,0.01627808388407015,0.028953211422749536,22.767000198364258,22.850600128173827,1.0146264409102694,1.0109143852632736,73.38132359257312,0.0004505678195130258,-0.05367651803283659,0.05412708585234961,0.009080142204372492,0.009042507094519219,939708.7,1.4723020016734973,0
2025-08-21,22.950000762939453,23.1200008392334,22.75,23.100000381469727,524524,-0.006493489872433034,0.013245083861447071,0.022271714165168488,22.81700019836426,22.865400161743164,1.0058290118516424,1.0036999396729491,66.23379679515284,0.012227436103835032,-0.04049572720550227,0.0527231633093373,0.009531165290882344,0.009161406138165719,992161.1,0.5286681769724695,1
2025-08-24,23.100000381469727,23.149999618530273,22.75,22.950000762939453,622314,0.006535930873366125,0.01762112797737525,0.009174355501130327,22.838000297546387,22.88000015258789,1.0114721114156167,1.0096153945548358,69.23079527563499,0.0332807647437825,-0.02574042881564532,0.05902119355942782,0.007585011768877402,0.00916283553466635,909689.9,0.6840946568715339,0
2025-08-25,23.0,23.200000762939453,22.90999984741211,23.100000381469727,365330,-0.004329020771356551,0.013215824976990032,0.01098901098901095,22.863000297546385,22.878000144958495,1.0059922014027318,1.0053326276015602,65.36313206332834,0.041419031512610616,-0.012308536749994135,0.05372756826260475,0.007419547830322639,0.007557528783219124,834474.7,0.4377963765707936,0
2025-08-26,22.739999771118164,23.100000381469727,22.709999084472656,23.0,350344,-0.011304357777471075,-0.01558444174920215,0.006194663154219571,22.87700023651123,22.868600158691407,0.9940114322692354,0.994376551836105,57.07315575429224,0.026582395691200134,-0.004530350261755282,0.031112745952955417,0.008083443759315231,0.007711952216547233,836071.8,0.4190357813766712,0
2025-08-27,22.600000381469727,22.8700008392334,22.469999313354492,22.739999771118164,534943,-0.006156525552223124,-0.02164502128757917,-0.0057192768757007295,22.86400032043457,22.868600158691407,0.9884534667921214,0.9882546471861944,53.42465395505444,0.0034872750535654973,-0.002926825198691126,0.006414100252256623,0.008124878293536763,0.007664481448228374,711991.2,0.7513337243494022,1
2025-08-28,22.700000762939453,22.860000610351562,22.549999237060547,22.600000381469727,536160,0.004424795565566519,-0.010893245825233655,0.0022075560817349515,22.86900043487549,22.894400177001952,0.9926100980050572,0.9915088662485345,44.86489774540896,-0.006669695300882239,-0.0036753992191293485,-0.0029942960817528905,0.008189721162963903,0.007636440412197566,698830.9,0.7672242312124435,0
2025-08-31,22.270000457763672,23.0,22.25,22.700000762939453,910418,-0.018942744084740726,-0.03593073203461339,-0.018942744084740726,22.82600040435791,22.91340019226074,0.9756418147399977,0.971920372834304,38.785054225758834,-0.04885344632991817,-0.012711008641287115,-0.036142437688631054,0.010129522994034025,0.008798630864263858,740888.8,1.2288186837214976,1
2025-09-01,22.290000915527344,22.43000030517578,22.100000381469727,22.270000457763672,488657,0.0008980896880359523,-0.030869525411854615,-0.018061666679830446,22.7850004196167,22.936000213623046,0.9782752032050354,0.9718347012522259,42.28857137705811,-0.07975118117402502,-0.026119043147834697,-0.053632138026190324,0.010151846472084015,0.008802886352902307,741976.3,0.6585884212204621,0
2025-09-02,22.239999771118164,22.389999389648438,22.219999313354492,22.290000915527344,415647,-0.0022432096166649096,-0.021987687116648336,-0.03722946303678132,22.699000358581543,22.94080020904541,0.9797788193218893,0.9694517875775351,37.30571996398772,-0.10703865809963986,-0.04230296613819573,-0.06473569196144413,0.007543247539483415,0.008812868508062753,613187.2,0.6778468304622145,0
2025-09-03,22.15999984741211,22.34000015258789,21.920000076293945,22.239999771118164,460223,-0.003597118908694741,-0.019469049850918796,-0.04069266314002584,22.605000305175782,22.964000205993653,0.9803140698183587,0.9649886626297931,37.30571996398772,-0.13357968199113301,-0.060558309308783184,-0.07302137268234983,0.007428867702990711,0.008840229974992073,520856.0,0.8835897061759872,0
2025-09-07,21.770000457763672,22.3799991607666,21.770000457763672,22.15999984741211,1238874,-0.017599250556582624,-0.04096917506250142,-0.05141613359252217,22.487000274658204,22.955400199890136,0.9681149193695454,0.9483607459767948,29.515415911149503,-0.183962718322622,-0.08523919111155095,-0.09872352721107105,0.00856607413426826,0.009617745075104595,592291.0,2.0916644014513137,1
2025-09-08,21.799999237060547,21.969999313354492,21.770000457763672,21.770000457763672,389880,0.00137798707699055,-0.02110467943610994,-0.05627710488922799,22.357000160217286,22.931400184631347,0.9750860616735209,0.9506614974026285,30.434742947368775,-0.2189471009367452,-0.1119807730765898,-0.10696632786015539,0.007908874940035839,0.008285352247048966,569047.6,0.685144792808194,0
2025-09-09,21.709999084472656,21.969999313354492,21.700000762939453,21.799999237060547,234379,-0.004128447510901245,-0.026020718135128296,-0.05608699632727576,22.22800006866455,22.891800155639647,0.9766960148195188,0.9483744806816409,15.075340279661432,-0.2510408932091046,-0.13979279710309278,-0.11124809610601183,0.007913124146426313,0.008250325328814576,555952.5,0.4215809803895117,0
2025-09-10,21.5,21.780000686645508,21.479999542236328,21.709999084472656,452828,-0.009672920005918018,-0.03327337134594577,-0.054529453984123344,22.104000091552734,22.836800155639647,0.9726746249976918,0.9414628955664124,13.636336050728573,-0.2900768010931394,-0.1698495979011021,-0.12022720319203728,0.007801390651366891,0.008362556015242842,566200.9,0.79976559556864,1
2025-09-11,21.729999542236328,21.760000228881836,21.5,21.5,453302,0.010697653127271112,-0.01940434603504737,-0.03849561170568527,22.017000007629395,22.79060012817383,0.986964597116155,0.9534632444967353,23.245572941066243,-0.2990072292444772,-0.19568112416977712,-0.10332610507470008,0.009329981512871429,0.008685015267581326,558036.8,0.8123156035587616,0
2025-09-14,21.600000381469727,21.860000610351562,21.549999237060547,21.729999542236328,212400,-0.005982474160384776,-0.007808914686233681,-0.0484581649559066,21.90699996948242,22.74440013885498,0.9859862332386744,0.9496843288722203,16.81413464541012,-0.31296681706814056,-0.21913826274944984,-0.09382855431869072,0.008869971283109518,0.00872192580093743,525660.8,0.40406284813324483,0
2025-09-15,21.309999465942383,21.799999237060547,20.81999969482422,21.600000381469727,807631,-0.013425968074339933,-0.02247705450765114,-0.0431073629137092,21.810999870300293,22.69880012512207,0.977029920345829,0.9388161201682805,15.510177072101698,-0.3434712188288245,-0.24400485396532479,-0.09946636486349969,0.008032917192498455,0.008989887417603135,515382.1,1.5670528720341665,0
2025-09-16,21.06999969482422,21.56999969482422,21.049999237060547,21.309999465942383,460875,-0.011262307702153196,-0.029479475662722465,-0.05473311667085956,21.688999748229982,22.64720012664795,0.9714601843980252,0.9303578180523998,15.637835856451119,-0.3826017578606802,-0.2717242347443959,-0.1108775231162843,0.008067580093013447,0.009135974003748902,512603.9,0.899086019439181,0
2025-09-17,21.049999237060547,21.270000457763672,21.030000686645508,21.06999969482422,207454,-0.000949238635659988,-0.020930268043695466,-0.05350721880865317,21.56999969482422,22.59820011138916,0.9758924216448437,0.931490080329524,16.450183922946408,-0.4104949317059763,-0.29947837413671197,-0.11101655756926432,0.008137187016306727,0.007685815504895907,491784.6,0.42183915478443207,0
2025-09-18,21.049999237060547,21.25,20.899999618530273,21.049999237060547,865207,0.0,-0.031293157823315765,-0.05009028059543019,21.458999633789062,22.55660011291504,0.9809403791552096,0.9332079804441863,12.669633271078368,-0.42767055301832,-0.3251168099130336,-0.10255374310528642,0.008306155650842683,0.007685815504895907,532283.0,1.625464273704026,1
2025-09-21,21.100000381469727,21.25,20.799999237060547,21.049999237060547,569921,0.0023753513644384494,-0.023148147739337155,-0.030776300514730015,21.391999626159667,22.518600120544434,0.9863500724666776,0.9370032003996344,18.03278346797687,-0.4322648026062552,-0.34654640845167795,-0.08571839415457727,0.0073064756813203575,0.00782585525358393,465387.7,1.2246155194905237,1
2025-09-22,21.31999969482422,21.440000534057617,20.979999542236328,21.100000381469727,262482,0.010426507553416897,0.00046927400903129524,-0.022018328396099962,21.343999671936036,22.482800102233888,0.998875563273955,0.9482804454017214,26.10832995084111,-0.4133883885103309,-0.35991480446340857,-0.05347358404692232,0.008400622440807049,0.008147570603777542,452647.9,0.5798811835866243,0
2025-09-23,21.049999237060547,21.450000762939453,21.020000457763672,21.31999969482422,266041,-0.012664186755557028,-0.000949238635659988,-0.030400731241124412,21.277999687194825,22.43360008239746,0.9892846858968849,0.9383246184181309,23.555521270346134,-0.4154266944560945,-0.37101718246194576,-0.04440951199414872,0.009029346909545622,0.008376870206631318,455814.1,0.583661189945638,1
2025-09-24,21.399999618530273,21.399999618530273,21.010000228881836,21.049999237060547,582753,0.01662709710951038,0.01662709710951038,-0.004651180533475685,21.26799964904785,22.385600090026855,1.0062065060965115,0.9559716752049152,34.920621705185795,-0.3843691921088279,-0.3736875843913222,-0.010681607717505703,0.010581403129472882,0.009425521810135602,468806.6,1.2430563050946808,0
2025-09-25,21.329999923706055,21.549999237060547,21.299999237060547,21.399999618530273,400935,-0.0032710138351407236,0.01330169580968632,-0.0184077140799197,21.227999687194824,22.340000076293947,1.004804985774178,0.9547896083644309,39.999982660457945,-0.36124013667049226,-0.37119809484715627,0.009957958176664006,0.009847882353599976,0.009396538138233454,463569.9,0.8648857486217288,0
2025-09-28,21.309999465942383,21.549999237060547,21.299999237060547,21.329999923706055,305757,-0.0009376679716460723,0.009952563065215969,-0.013425968074339933,21.19899959564209,22.300200080871583,1.005236090023942,0.9555967833769096,38.8127933418743,-0.34059786323789254,-0.3650780485253035,0.02448018528741097,0.009739153314047887,0.009253584584235171,472905.6,0.6465497553845841,1
2025-09-29,21.5,21.5,21.09000015258789,21.309999465942383,1191469,0.008916027161862461,0.008442791170371278,0.008916027161862461,21.21799964904785,22.266200065612793,1.0132906190789197,0.9655890963273932,45.41486898435808,-0.3053869469970678,-0.3531398282196564,0.047752881222588583,0.009198039934212443,0.00883264722476183,511289.4,2.330322122852537,1
2025-09-30,22.049999237060547,22.200000762939453,21.5,21.5,1704897,0.02558135986328125,0.047505939964092914,0.04651160685479572,21.315999603271486,22.236200065612792,1.0344342112708809,0.991626229841303,60.45625501313387,-0.23044527066683784,-0.3286009167090927,0.09815564604225485,0.010979868454433052,0.010737002906946255,635691.6,2.6819561560983347,0
2025-10-01,21.850000381469727,22.399999618530273,21.809999465942383,22.049999237060547,1499859,-0.009070243197771721,0.02102807340939372,0.038004806337508024,21.395999717712403,22.20760005950928,1.0212189507266392,0.9838974190330653,52.307708108211216,-0.18505844982086117,-0.29989242333144644,0.11483397351058527,0.011712639562080029,0.010903027955664743,764932.1,1.9607740347149767,0
2025-10-02,21.579999923706055,21.989999771118164,21.510000228881836,21.850000381469727,1077361,-0.012357000139581298,0.011720581382757222,0.025178180800709438,21.44899978637695,22.177600059509277,1.0061075173030822,0.9730538861644327,49.63502836657269,-0.16892854465122298,-0.2736996475954018,0.1047711029441788,0.01276266689163638,0.01119223980687828,786147.5,1.370431121386254,1
2025-10-05,21.940000534057617,22.110000610351562,21.549999237060547,21.579999923706055,850880,0.016682141409838147,0.029563636034909413,0.03981043305219978,21.532999801635743,22.15480007171631,1.0189012555691825,0.9903046050082431,61.20997793992873,-0.12564804553413467,-0.24408932718314835,0.11844128164901369,0.013518827602451294,0.011184232521862392,814243.4,1.0449946539327184,0
2025-10-06,21.920000076293945,22.09000015258789,21.760000228881836,21.940000534057617,523522,-0.0009115978704113958,0.019534887269485823,0.028142607413610188,21.592999839782713,22.128600082397462,1.0151438076662591,0.9905732850100423,66.4092607225679,-0.09190241413255151,-0.213651944573029,0.12174953044047748,0.013394214945292804,0.011185931515857875,840347.4,0.6229828282922039,1
2025-10-07,22.299999237060547,22.350000381469727,21.899999618530273,21.920000076293945,1033579,0.017335728076824486,0.011337868873020795,0.05938242495511625,21.717999839782713,22.120600051879883,1.0267980201478653,1.0081100505754779,71.18643519865516,-0.034102884806546996,-0.1777421326197326,0.1436392478131856,0.012880744850836581,0.011750701799331718,917101.2,1.1270064852166806,1
2025-10-08,22.350000381469727,22.600000381469727,22.299999237060547,22.299999237060547,1435051,0.0022422038618765683,0.0228832947949984,0.044392559807190146,21.81299991607666,22.117800064086914,1.0246183682876782,1.010498345979709,71.66667196485395,0.015558978861076156,-0.13908191032357084,0.154640889184647,0.012336364367790514,0.011457791125252734,1002331.0,1.4317136754225899,0
2025-10-12,22.020000457763672,22.290000915527344,21.93000030517578,22.350000381469727,718254,-0.01476509700553097,0.020389274124800627,0.03234882965427266,21.881999969482422,22.111600074768067,1.0063065756545888,0.9958573953628566,64.02438847101035,0.027965755867864317,-0.1056723770852838,0.13363813295314814,0.013603106977643895,0.011848769975771728,1034062.9,0.6945941102809123,1
2025-10-13,22.889999389648438,23.1299991607666,22.040000915527344,22.020000457763672,3225725,0.03950948745680094,0.04329985562744776,0.07414359283449112,22.039999961853027,22.120400047302248,1.0385662172988472,1.0347913844550949,69.97454927365452,0.10676909132703827,-0.0631840834028194,0.16995317472985766,0.017629744961873996,0.01455088399226741,1326059.7,2.432563933584589,1
2025-10-14,23.170000076293945,23.469999313354492,22.920000076293945,22.889999389648438,2503338,0.01223244622593267,0.057025547246774444,0.07767442215320686,22.20699996948242,22.134800033569334,1.04336470969221,1.0467679871132625,76.90356030294889,0.18962909164623198,-0.012621448393009126,0.20225054003924112,0.017694257271747386,0.01415168740337225,1457246.6,1.7178547543017084,1
2025-10-15,23.6299991607666,23.700000762939453,23.100000381469727,23.170000076293945,2251768,0.019853218945100393,0.05964125422460631,0.0716553278174481,22.364999961853027,22.15840000152588,1.0565615560505803,1.0664126994340468,77.53086373239469,0.28908196368734096,0.04771923402306089,0.24136272966428007,0.01713301174388286,0.014062365382042492,1511933.7,1.4893298561967367,0
2025-10-16,23.530000686645508,23.989999771118164,23.5,23.6299991607666,2843991,-0.004231844167270404,0.052796433334923565,0.0768878844780494,22.532999992370605,22.18,1.044246247486463,1.0608656756828452,76.96080677146493,0.355729412921427,0.10932126980273413,0.24640814311869288,0.016688966458884125,0.01416459637257388,1646346.9,1.7274554955580748,0
2025-10-19,23.450000762939453,23.709999084472656,23.399999618530273,23.530000686645508,1814341,-0.003399911660498134,0.06494097527012532,0.08665434874164046,22.720000076293946,22.2,1.0321303118043204,1.0563063406729483,75.84544200988597,0.3975104186875775,0.1669590995797028,0.2305513191078747,0.015713132208074826,0.01425643942361835,1720044.9,1.0548218828473606,0
2025-10-20,23.299999237060547,23.540000915527344,23.299999237060547,23.450000762939453,991977,-0.006396653347490289,0.017911745668176993,0.061987177297092355,22.85599994659424,22.216999969482423,1.0194259403003048,1.0487464225172503,71.95121837754351,0.41374885796487604,0.21631705125673745,0.1974318067081386,0.016061446261720878,0.01449091643883009,1734154.6,0.5720233939926693,0
2025-10-21,23.190000534057617,23.450000762939453,23.149999618530273,23.299999237060547,489384,-0.004720974532392619,0.0008632049071133352,0.057937976886101916,22.982999992370605,22.222999992370607,1.0090066806663938,1.043513501418305,65.5737969756521,0.4129813698888505,0.2556499149831601,0.1573314549056904,0.01629098897841329,0.014591718525997653,1730740.8,0.2827598448017173,1
2025-10-22,24.0,24.049999237060547,23.190000534057617,23.190000534057617,3751129,0.03492882480760584,0.015658097857562225,0.0762332206771652,23.15300006866455,22.247999992370605,1.0365827291851386,1.0787486519341154,75.17564810790505,0.47228906318208175,0.2989777446229444,0.17331131855913734,0.018481918633239714,0.01552811830599491,2002495.8,1.873226900151301,0
2025-10-23,23.809999465942383,24.219999313354492,23.809999465942383,24.0,1714381,-0.007916688919067383,0.011899650281599339,0.06532434270932419,23.298999977111816,22.272199974060058,1.0219322498533223,1.0690456934507309,76.61098177957962,0.4982162553453229,0.3388254467674201,0.15939080857790278,0.019074278241432947,0.01567084201566308,2030428.8,0.8443443079609587,1
2025-10-26,24.030000686645508,24.5,23.899999618530273,23.809999465942383,2550785,0.009239866679451758,0.024733471421574116,0.09128066244763233,23.5,22.29819999694824,1.0225532207083194,1.0776654927274076,75.80247588027689,0.5304018593430371,0.3771407292825435,0.15326113006049358,0.017548934551103297,0.01555302075894468,2213681.9,1.1522816354057013,0
2025-10-27,23.959999084472656,24.270000457763672,23.8799991607666,24.030000686645508,1783341,-0.0029130919755551155,0.02832617463619158,0.04674529154020446,23.606999969482423,22.32439998626709,1.0149531543799113,1.0732650865963569,74.87803437041916,0.5439898616255405,0.4105105557511429,0.1334793058743976,0.014123095245181535,0.015606185960574953,2069443.5,0.8617490644223919,0
2025-10-28,23.649999618530273,24.100000381469727,23.540000915527344,23.959999084472656,1191590,-0.012938208588800792,0.019836096329410857,0.020716423852213728,23.654999923706054,22.343399963378907,0.9997886152952058,1.0584781034799045,66.74938153166221,0.5237071155708399,0.43314986771508235,0.09055724785575758,0.014849368552630375,0.016146412858488675,1938268.7,0.6147702844296047,1
2025-10-29,24.0,24.280000686645508,23.40999984741211,23.649999618530273,2351056,0.014799170702543885,0.0,0.015658097857562225,23.692000007629396,22.36939994812012,1.013000168507151,1.0728942240588315,69.05311371366071,0.5297681613082332,0.4524735264337126,0.07729463487452065,0.014253972241970619,0.015589927892445633,1948197.5,1.2067852463623425,0
2025-10-30,23.899999618530273,24.170000076293945,23.799999237060547,24.0,1781994,-0.004166682561238644,0.0037799308948589516,0.01572456103219566,23.728999900817872,22.38539993286133,1.0072063600837433,1.06766015752283,72.92681690059598,0.5205023614546711,0.46607929343790433,0.054423068016766774,0.014251001711083603,0.015405058890026722,1841997.8,0.9674246082161444,0
2025-11-02,23.450000762939453,23.969999313354492,23.299999237060547,23.899999618530273,1039848,-0.018828404300137547,-0.024136492181974223,0.0,23.728999900817872,22.392399940490723,0.9882422715224166,1.0472303471382869,57.60871368004229,0.47141383620654764,0.467146201991633,0.004267634214914662,0.01562735257794676,0.015841859004270886,1764548.5,0.5892997557165474,1
2025-11-03,23.6200008392334,23.899999618530273,23.31999969482422,23.450000762939453,1050420,0.007249469968573008,-0.014190244500451366,0.013733974791890313,23.761000061035155,22.4057999420166,0.99406593908339,1.0541913656445652,56.30253223259184,0.4411431876258334,0.4619455991184731,-0.020802411492639727,0.015591935991438476,0.015591686923755182,1770392.8,0.5933259556862183,1
2025-11-04,24.200000762939453,24.350000381469727,23.690000534057617,23.6200008392334,3081319,0.024555457370800005,0.02325586271799529,0.0435532645805039,23.86200008392334,22.427799949645998,1.0141648092292077,1.0790180408810641,57.723597827587085,0.45866739490096364,0.46128995827497127,-0.002622563374007625,0.016985878350620903,0.016213318238828066,2029586.3,1.518200531802959,0
2025-11-05,24.1200008392334,24.75,23.950000762939453,24.200000762939453,4602835,-0.003305781867105062,0.005000034968058342,0.005000034968058342,23.87400016784668,22.450199966430663,1.010304124556304,1.074377995532314,58.03814487318478,0.460788447770728,0.46118965617412266,-0.00040120840339463726,0.013241081951961546,0.0160484758496334,2114756.9,2.176531496362537,1
2025-11-06,24.25,24.299999237060547,23.81999969482422,24.1200008392334,1763285,0.005389683094668252,0.014644367659251367,0.018479653251861183,23.91800022125244,22.4803999710083,1.013880749881947,1.0787174619345676,60.752674389033366,0.46756939435068645,0.46246560380943547,0.005103790541250985,0.012958205830040056,0.016045233461740048,2119647.3,0.8318766051314292,1
2025-11-09,24.5,24.540000915527344,24.100000381469727,24.25,2189791,0.010309278350515427,0.0447760854114756,0.019558855594028035,23.96500015258789,22.518399963378908,1.022324216315698,1.0879991491333183,65.70681752364214,0.4874966955817044,0.4674718221638893,0.020024873417815114,0.013029651711719898,0.0154533525071192,2083547.9,1.0509914362899937,1
2025-11-10,24.920000076293945,24.950000762939453,24.399999618530273,24.5,3784394,0.01714286025689571,0.05503806904617958,0.04006682088913016,24.061000251770018,22.562799949645996,1.0357009191444873,1.1044728549607574,70.94429896873889,0.5310580152182673,0.4801890607747649,0.05086895444350242,0.01371246305072466,0.01355210827906742,2283653.2,1.657166683627794,0
2025-11-11,24.739999771118164,25.110000610351562,24.65999984741211,24.920000076293945,2141351,-0.007223126188792173,0.02231400789894522,0.0460888021213266,24.170000267028808,22.612199935913086,1.0235829332971467,1.0940996383030237,60.5714195407216,0.5447763123529086,0.4931065110903937,0.05166980126251486,0.013029188584451632,0.01365396020257163,2378629.3,0.9002457844103746,0
2025-11-12,24.530000686645508,24.899999618530273,24.459999084472656,24.739999771118164,1408008,-0.00848824116473168,0.016998334707567953,0.02208336194356275,24.22300033569336,22.65699993133545,1.0126739192790983,1.0826676418319459,60.227288736782675,0.5325639251659595,0.5009979939055069,0.031565931260452595,0.013083164675764017,0.013319981845826223,2284324.5,0.6163782772543919,0
2025-11-13,24.260000228881836,24.739999771118164,24.200000762939453,24.530000686645508,1734120,-0.011006948642715009,0.00041238057244674664,0.015062787284416679,24.259000396728517,22.697399940490723,1.0000412148949656,1.0688449026094629,53.22128237951647,0.4953882129310401,0.4998760377106136,-0.004487824779573546,0.013624327712272547,0.013569404865344628,2279537.1,0.7607333962671632,0
2025-11-16,23.690000534057617,24.399999618530273,23.690000534057617,24.260000228881836,1969579,-0.02349545298625455,-0.03306120269152579,0.010234531484427878,24.28300037384033,22.727999954223634,0.9755796305788661,1.0423266711444714,46.6830626880696,0.4151464318159235,0.4829301165316756,-0.06778368471575213,0.014455651038517732,0.014660473318045921,2372510.2,0.8301667154054806,1
2025-11-17,23.729999542236328,23.940000534057617,23.350000381469727,23.690000534057617,1972233,0.001688434245546322,-0.047752830273449676,0.004657015202989223,24.294000244140626,22.767199935913087,0.9767843625489249,1.042288889676087,51.052631314771475,0.35073873009251244,0.456491839243843,-0.10575310915133057,0.014299463297620735,0.014568260146843037,2464691.5,0.8001946693937152,0
2025-11-18,23.600000381469727,24.0,23.15999984741211,23.729999542236328,1755246,-0.005478262253449273,-0.04607919968452423,-0.024793403411316528,24.234000205993652,22.80319995880127,0.9738384163103572,1.0349424828141685,44.413407077123566,0.28590952953475934,0.4223753773020263,-0.13646584776726695,0.011597628144371047,0.014584927701159333,2332084.2,0.7526512121646379,0
2025-11-19,23.139999389648438,23.690000534057617,23.010000228881836,23.600000381469727,2172062,-0.01949156713499345,-0.05666535907411563,-0.040630241106414,24.136000061035155,22.831799964904786,0.9587338138520041,1.013498691527492,40.35531901400644,0.19516395676405196,0.37693309319443147,-0.1817691364303795,0.012798153135414733,0.012896043493502589,2089006.9,1.0397581740874098,0
2025-11-20,22.799999237060547,23.34000015258789,22.719999313354492,23.139999389648438,1356177,-0.014693178978214982,-0.06018140882303613,-0.05979384589441039,23.99099998474121,22.857799949645997,0.9503563524472441,0.9974712915191847,41.51433599831078,0.09472038807043148,0.32049055216963146,-0.22577016409919998,0.012725111259417504,0.013153216777282055,2048296.1,0.662100074300781,0
2025-11-23,22.299999237060547,22.8799991607666,22.299999237060547,22.799999237060547,3358388,-0.021929825295224914,-0.058674599648014025,-0.08979594950773273,23.770999908447266,22.86919994354248,0.9381178462390224,0.9751105981893933,34.134588271542384,-0.02494019011483317,0.25140440371273853,-0.2763445938275717,0.012185784011175824,0.013580681400550219,2165155.8,1.5511068533728614,1
2025-11-24,22.34000015258789,22.459999084472656,22.219999313354492,22.299999237060547,1202532,0.001793763089501077,-0.05857561805571965,-0.10353129678199213,23.51299991607666,22.883999938964845,0.9501127134914525,0.9762279414513247,24.30937625466167,-0.11521618044453064,0.17808028688128472,-0.2932964673258154,0.009048038644331492,0.013634639311120078,1906969.6,0.6305984112174625,0
2025-11-25,22.079999923706055,22.489999771118164,22.049999237060547,22.34000015258789,693591,-0.011638327086211597,-0.06440679801671301,-0.1075181839943844,23.24699993133545,22.899399948120116,0.9497999737137542,0.9642174019288514,23.157877301241683,-0.2053729867909091,0.10138963214684595,-0.306762618937755,0.008959637474108125,0.013589833276201318,1762193.6,0.39359523266910057,0
2025-11-26,22.030000686645508,22.299999237060547,22.010000228881836,22.079999923706055,349858,-0.002264458208030451,-0.0479688302627822,-0.10191601834569197,22.99699993133545,22.918599967956542,0.9579510698100965,0.9612280295239054,20.161294043995156,-0.27765677150824786,0.025580351415827193,-0.30323712292407506,0.009380910204677462,0.012909658838012568,1656378.6,0.2112186187384937,0
2025-11-27,22.0,22.170000076293945,21.90999984741211,22.030000686645508,475446,-0.00136181051794948,-0.03508768701010212,-0.09315746939652858,22.770999908447266,22.937599983215332,0.9661411483225534,0.9591238846304136,14.285714285714292,-0.33351840380827724,-0.04623939962899369,-0.28727900417928354,0.009825612745816755,0.012925197928127602,1530511.2,0.3106452275553423,1
2025-11-30,22.790000915527344,22.790000915527344,22.059999465942383,22.0,1611913,0.03590913252397021,0.021973170189730773,-0.03799069642216346,22.680999946594238,22.97240001678467,1.0048058273087503,0.9920600763906229,22.480636965591344,-0.310463844356736,-0.09908428857454216,-0.21137955578219386,0.016344674911621056,0.015223067043165053,1494744.6,1.0783869030200879,0
2025-12-01,22.790000915527344,23.110000610351562,22.600000381469727,22.790000915527344,1492505,0.0,0.0201432748373247,-0.03961224799165752,22.58700008392334,23.00620002746582,1.008987507453391,0.9906025718423569,23.57725510344909,-0.2888631058194129,-0.1370400520235163,-0.15182305379589658,0.016290924130904792,0.015094120100851201,1446771.8,1.0316105138350085,1
2025-12-02,22.920000076293945,23.049999237060547,22.75,22.790000915527344,981646,0.005704219198957139,0.038043485303006275,-0.02881357178746935,22.51900005340576,23.038200035095215,1.0178071860179039,0.9948693926339206,27.70082634148403,-0.25827725960144576,-0.1612874935391022,-0.09698976606234355,0.016553411267415108,0.013911936758009792,1369411.8,0.7168376963014339,1
2025-12-03,23.299999237060547,23.299999237060547,22.809999465942383,22.920000076293945,1063739,0.016579369960807,0.0576485933196047,0.006914427468986295,22.535000038146972,23.083200035095214,1.033947157648928,1.0093920774258212,37.09675848090934,-0.20105733581280916,-0.1692414619938436,-0.03181587381896556,0.01644106484280342,0.01455615444805824,1258579.5,0.8451901528667836,0
2025-12-04,22.81999969482422,23.389999389648438,22.81999969482422,23.299999237060547,1630657,-0.020600839397146853,0.03727271340110083,0.0008772130891636643,22.53700008392334,23.111600036621095,1.0125571109662796,0.9873829444376493,38.01651459542394,-0.1922262212757424,-0.17383841385022336,-0.018387807425519043,0.017150839437853657,0.015048536936117435,1286027.5,1.2679798837894214,0
2025-12-07,22.790000915527344,22.979999542236328,22.280000686645508,22.81999969482422,1447148,-0.0013145828088542144,0.0,0.021973170189730773,22.58600025177002,23.14080005645752,1.0090321730932124,0.9848406649694774,37.01658972286533,-0.18550970970171576,-0.17617267302052186,-0.0093370366811939,0.01533564904645473,0.01473154535557189,1094903.5,1.321712826746832,1
2025-12-08,23.299999237060547,23.299999237060547,22.600000381469727,22.790000915527344,1772616,0.022378161520201223,0.022378161520201223,0.04297220581538119,22.682000160217285,23.180600051879882,1.0272462336865331,1.0051508237454354,46.24998390673824,-0.13744978797922514,-0.16842809601226252,0.03097830803303739,0.016592972028058428,0.01515814820201158,1151911.9,1.5388468510482443,1
2025-12-09,23.639999389648438,23.639999389648438,23.15999984741211,23.299999237060547,2037115,0.014592281704760346,0.03141358250252302,0.07065214996977875,22.838000106811524,23.223400039672853,1.0351168788460472,1.0179387750830586,56.44330353017054,-0.07110710450896462,-0.14896389771160296,0.07785679320263833,0.01584293136732697,0.01563437572193738,1286264.3,1.5837452691488054,0
2025-12-10,23.5,23.75,23.280000686645508,23.639999389648438,906241,-0.005922140154950295,0.008583724012374061,0.06672715694673581,22.98500003814697,23.25240005493164,1.0224059152054954,1.0106483607921517,59.510889001533144,-0.029486923704972412,-0.12506850291027685,0.09558157920530444,0.01611942589204262,0.015590140593150094,1341902.6,0.6753403712013077,0
2025-12-11,23.450000762939453,23.649999618530273,23.0,23.5,1452750,-0.002127627108959418,0.027607409138490135,0.06590912558815698,23.130000114440918,23.284400062561033,1.013834874488338,1.00711208791867,67.8019047529065,-0.0005310297499221406,-0.10016100827820591,0.09962997852828377,0.01616319507328242,0.01544674451159125,1439633.0,1.0091113499065387,0
2025-12-14,23.270000457763672,23.450000762939453,22.899999618530273,23.450000762939453,980252,-0.007675918947527505,0.021061848308628006,0.021061848308628006,23.178000068664552,23.31820007324219,1.0039692979906192,0.9979329615782041,63.79824410475604,0.007802264870356623,-0.0785683536484934,0.08637061851885003,0.012905896842347577,0.014650151234748632,1376466.9,0.7121507970878196,0
2025-12-15,22.90999984741211,23.270000457763672,22.90999984741211,23.270000457763672,996339,-0.015470588881378977,-0.016738171777624378,0.005265420230984086,23.189999961853026,23.337600059509278,0.9879258251443938,0.9816776270479048,61.95966859362263,-0.014475712704427934,-0.06574982545968032,0.051274112755252385,0.014068632170325735,0.014995571097850678,1326850.3,0.7509053583512775,1
2025-12-16,23.280000686645508,23.280000686645508,22.809999465942383,22.90999984741211,1058086,0.016150189511030977,-0.015228371924601913,0.01570683286008845,23.226000022888183,23.36480007171631,1.0023250092010725,0.996370635108774,66.49077778616541,-0.002249266789082327,-0.05304971372556072,0.050800446936478394,0.014854418890989483,0.01547715454091715,1334494.3,0.79287412467779,0
2025-12-17,22.979999542236328,23.100000381469727,22.93000030517578,23.280000686645508,339442,-0.01288664671652151,-0.02212767905377322,-0.013733892931431235,23.194000053405762,23.378400077819823,0.9907734538813191,0.9829586056249642,62.068967137208915,-0.01657622504999523,-0.04575501599044762,0.029178790940452393,0.014483736639640738,0.015118455157824099,1262064.6,0.26895770628539933,0
2025-12-18,22.899999618530273,23.079999923706055,22.860000610351562,22.979999542236328,303448,-0.003481284825920805,-0.0234542058215369,0.0035056934608197476,23.202000045776366,23.389400062561034,0.9869838623114274,0.9790759727602362,51.64177336917255,-0.03399390734435315,-0.04340279426122873,0.00940888691687558,0.012869069831354584,0.014757849860586624,1129343.7,0.2686941096851207,0
2025-12-21,22.75,22.989999771118164,22.709999084472656,22.899999618530273,321995,-0.006550201791658439,-0.02234638794732735,-0.0017551958718917682,23.197999954223633,23.404000053405763,0.9806879922791764,0.9720560565752266,49.42855772678673,-0.05921862620594709,-0.046565960650172405,-0.012652665555774684,0.013052859222354891,0.0139139384242755,1016828.4,0.31666601758959523,0
2025-12-22,22.600000381469727,22.920000076293945,22.559999465942383,22.75,944005,-0.0065933898255065015,-0.01353118585801305,-0.030042870322391058,23.12800006866455,23.398200073242187,0.9771705428213745,0.9658862780353233,45.45454545454546,-0.09027250797507236,-0.05530727011515239,-0.034965237859919965,0.01046895706280435,0.014017636618934137,933967.3,1.0107473784146404,1
2025-12-23,23.100000381469727,23.139999389648438,22.43000030517578,22.600000381469727,933632,0.022123893431876374,-0.007731971643756719,-0.022842598228457134,23.07400016784668,23.396800079345702,1.0011268186458313,0.9873145175036998,47.25276107245467,-0.07368768590842834,-0.05898335327380758,-0.014704332634620752,0.01202953983262267,0.014482444217553686,823619.0,1.1335726834859323,1
2025-12-24,23.25,23.299999237060547,23.0,23.100000381469727,757584,0.006493489872433145,0.011749367412624334,-0.010638297872340385,23.04900016784668,23.38920009613037,1.0087205445220881,0.9940485311358126,56.49547767881839,-0.04788835220242049,-0.05676435305953017,0.008876000857109677,0.012246419335904086,0.014467674280690514,808753.3,0.9367306445612029,1
2025-12-25,23.399999618530273,23.399999618530273,22.93000030517578,23.25,807212,0.006451596495925749,0.0218340614990844,-0.0021322448947721506,23.04400005340576,23.386600074768065,1.0154486879144013,1.000572958177733,58.89211352677824,-0.015163681271339158,-0.048444218701891965,0.03328053743055281,0.012457476782898493,0.014454942385514452,744199.5,1.0846715161727467,1
2025-12-28,23.700000762939453,23.899999618530273,23.40999984741211,23.399999618530273,1945592,0.012820561935890318,0.04175827529404197,0.018478740726982634,23.08700008392334,23.391600074768068,1.0265517683886083,1.0131842493538545,56.21120146332679,0.03457982663347536,-0.0318394096348185,0.06641923626829387,0.012762938420559606,0.012492986270223529,840733.5,2.3141601946395616,0
2025-12-29,23.420000076293945,23.790000915527344,23.420000076293945,23.700000762939453,409864,-0.011814374583622556,0.036283171724924124,0.02226103152678305,23.138000106811525,23.394000091552734,1.0121877417313783,1.0011113954278645,46.51900013942952,0.050822351252321596,-0.015307057457390484,0.06612940870971208,0.012251989236876313,0.01286789065982492,782086.0,0.5240651283874151,1
2025-12-30,23.649999618530273,23.649999618530273,23.219999313354492,23.420000076293945,459187,0.009820646519516307,0.023809490388655652,0.01589342444036146,23.175,23.40320007324219,1.0204962079193214,1.0105455469557882,52.30768508460114,0.08131634569047108,0.004017623172181829,0.07729872251828926,0.011601556240669558,0.012972137938579742,722196.1,0.6358203817495,0
2025-12-31,23.25,23.700000762939453,23.25,23.649999618530273,693214,-0.01691330338191066,0.0,0.011749367412624334,23.202000045776366,23.38820007324219,1.0020687851964887,0.9940910342476376,47.22221339191009,0.0723721683938372,0.017688532216512905,0.054683636177324295,0.0122153478991285,0.013104401217813538,757573.3,0.9150454484074346,0
2026-01-04,22.899999618530273,23.440000534057617,22.75,23.25,942597,-0.015053779848160254,-0.02136752171585743,0.0,23.202000045776366,23.370000076293945,0.9869838623114274,0.9798887267338766,45.09283014438671,0.03661960967218292,0.02147474770764691,0.01514486196453601,0.013218837272286291,0.012698431305289106,821488.2,1.1474260981472406,0
2026-01-05,22.610000610351562,22.899999618530273,22.440000534057617,22.899999618530273,1000730,-0.01266371235849495,-0.045991566139202966,-0.006153819325206089,23.188000106811522,23.341600074768067,0.9750733356133559,0.9686568417729274,45.9459570918816,-0.014942795786932805,0.014191239008730969,-0.029134034795663774,0.013692357505083658,0.013021560112442246,889361.7,1.1252227299646478,1
2026-01-06,22.700000762939453,22.790000915527344,22.56999969482422,22.610000610351562,725493,0.003980546225491377,-0.03074292532062306,0.004424795565566519,23.198000144958495,23.3164001083374,0.9785326588970097,0.9735637001194907,41.520469140828695,-0.04799090417909113,0.0017548103711665496,-0.04974571455025768,0.013580154660122376,0.011938807369354707,867510.5,0.8362930477498544,1
2026-01-08,22.969999313354492,22.969999313354492,22.56999969482422,22.700000762939453,602754,0.011894208869624556,-0.02875265607374411,-0.005627751773524592,23.185000038146974,23.30280010223389,0.990726731747305,0.9857184206438997,49.85250388924992,-0.05179804600104276,-0.008955760903275314,-0.04284228509776745,0.012074115557242505,0.011764512368380857,834422.7,0.722360501458074,1
2026-01-11,23.0,23.110000610351562,22.75,22.969999313354492,762820,0.001306081303540374,-0.010752688172043001,-0.010752688172043001,23.160000038146972,23.282800102233885,0.993091535497261,0.9878536902351899,51.49701248514523,-0.05179734113197654,-0.01752407694901556,-0.03427326418296098,0.01184969283083712,0.011728308618287022,834946.3,0.9136156421077618,0
2026-01-12,22.899999618530273,23.100000381469727,22.81999969482422,23.0,685143,-0.004347842672596802,0.0,-0.02136752171585743,23.11000003814697,23.262800102233886,0.9909130065222823,0.9844042642283303,52.2796301481761,-0.059183744202155,-0.02585601039964345,-0.03332773380251155,0.011582484238603277,0.011749936571514186,822739.4,0.8327582221053228,0
2026-01-13,22.5,22.989999771118164,22.5,22.899999618530273,413599,-0.01746723254120064,-0.004865130799740047,-0.05063294195399093,22.989999961853027,23.2438000869751,0.9786863870088701,0.9680000652134375,48.5875648377487,-0.09620515498944471,-0.039925839317603705,-0.056279315671841,0.01120195891305246,0.012231555399084132,669540.1,0.6177359653290371,0
2026-01-14,22.06999969482422,22.639999389648438,21.700000762939453,22.5,943865,-0.019111124674479174,-0.027753350085511386,-0.057643056237058565,22.854999923706053,23.212800064086913,0.9656530198423845,0.9507685257225496,35.158488610048266,-0.15841619741528135,-0.06362391093713923,-0.09479228647814211,0.01190182926557041,0.012473378708310924,722940.2,1.3055920807834454,0
2026-01-15,21.520000457763672,22.100000381469727,21.459999084472656,22.06999969482422,915991,-0.024920672617387063,-0.06312576834722883,-0.09006339091429427,22.642000007629395,23.159200057983398,0.9504460935656013,0.9292203704741233,27.64857855666405,-0.24922631284302454,-0.1007443913183163,-0.14848192152470824,0.011888003332493714,0.012741940698234767,768620.6,1.1917336069316904,1
2026-01-18,21.969999313354492,22.350000381469727,21.479999542236328,21.520000457763672,802478,0.02091072704547625,-0.04478263854980469,-0.05505379297400037,22.513999938964844,23.11620002746582,0.9758372289648606,0.9504156949347448,32.853705838227484,-0.2816363086684248,-0.13692277478833803,-0.1447135338800868,0.014854206272117518,0.013685966517487717,779547.0,1.0294158017412678,0
2026-01-19,21.93000030517578,22.149999618530273,21.809999465942383,21.969999313354492,548287,-0.0018206194551129151,-0.04235804932370335,-0.04235804932370335,22.417000007629394,23.069800033569337,0.9782754292595857,0.9505934283463658,27.365700080586777,-0.307010029028298,-0.17094022563633005,-0.13606980339196795,0.014498389968785793,0.013682538464994164,740116.0,0.7408122510525377,1
2026-01-20,22.350000381469727,22.440000534057617,21.950000762939453,21.93000030517578,887216,0.019151849997686377,-0.006666649712456563,-0.011499346389349463,22.39099998474121,23.02680004119873,0.9981689248671598,0.9706081757552896,36.79011229351162,-0.28988675508704276,-0.1947295315264726,-0.09515722356057016,0.015866828212228075,0.014426638984600953,728764.6,1.2174246663463073,0
2026-01-21,22.040000915527344,22.389999389648438,22.040000915527344,22.350000381469727,671662,-0.013870221953078854,-0.0013592559905613033,-0.02907488216871079,22.325,22.9692000579834,0.9872340835622551,0.9595458640218036,30.508468314192868,-0.2978968339821826,-0.2153629920176146,-0.08253384196456798,0.016238718792310612,0.014670468358288532,723381.5,0.9285031480622604,1
2026-01-22,22.34000015258789,22.579999923706055,22.049999237060547,22.040000915527344,2062230,0.0136115800634653,0.038104074227767626,-0.02742704308224886,22.26200008392334,22.921200065612794,1.0035037313974713,0.974643565286233,38.70966520546855,-0.2768461380350047,-0.22765962122109265,-0.049186516813912035,0.016419783272339915,0.014070896476958226,869329.1,2.3722086376724305,1
2026-01-25,22.3700008392334,22.799999237060547,22.270000457763672,22.34000015258789,1186771,0.001342913448549421,0.01820671544744945,-0.02739126785941748,22.19900016784668,22.87800006866455,1.0077030798726871,0.9777952955718823,42.85715020158284,-0.2548052686227855,-0.23308875070143126,-0.02171651792135426,0.01642077481813624,0.013962125968461322,911724.2,1.301677634530267,0
2026-01-26,22.200000762939453,22.5,22.079999923706055,22.3700008392334,733448,-0.007599466692723267,0.01231192220731292,-0.030567636124517406,22.1290002822876,22.836800079345704,1.003208481167072,0.9721152125431886,44.28968989348589,-0.2481942770939476,-0.23610985597993453,-0.01208442111401306,0.016490133180137038,0.013876483409505272,916554.7,0.8002228344909474,0
2026-01-27,22.18000030517578,22.399999618530273,22.059999465942383,22.200000762939453,808753,-0.0009009214899244888,-0.007606267265878541,-0.014222208658854152,22.097000312805175,22.806600074768067,1.0037561655969434,0.972525507198001,42.613622817113274,-0.2417817786283578,-0.2372442405096192,-0.00453753811873861,0.015685190962623104,0.013408525751944211,956070.1,0.8459139136345756,0
2026-01-28,22.0,22.290000915527344,21.799999237060547,22.18000030517578,730642,-0.008115432944055367,-0.0018149234966302608,-0.0031717125415563485,22.090000343322753,22.77200008392334,0.9959257427829802,0.9660987141630848,35.86006171360063,-0.24836139216787956,-0.2394676708412713,-0.008893721326608262,0.014650761476778419,0.013308929558439613,934747.8,0.7816461295763413,1
2026-02-01,22.170000076293945,22.18000030517578,21.899999618530273,22.0,404897,0.007727276195179433,-0.007609672118746746,0.03020444259775923,22.155000305175783,22.743400077819825,1.0006770377301533,0.9747882902484277,38.37534400416305,-0.2371247711378679,-0.23899909090059063,0.0018743197627227315,0.011917855163379376,0.01321034398481354,883638.4,0.45821571357695634,1
2026-02-02,22.200000762939453,22.329999923706055,22.149999618530273,22.170000076293945,831081,0.0013532109401113157,-0.007599466692723267,0.010468887427099505,22.178000450134277,22.724600105285646,1.000991988112483,0.9769149142376251,40.00001089914099,-0.22322565691028728,-0.23584440410253,0.012618747192242707,0.010130797795530012,0.012834288774919555,886498.7,0.937486992366712,1
2026-02-03,22.3700008392334,22.549999237060547,22.25,22.200000762939453,678847,0.007657660831153823,0.007657660831153823,0.02006386356290979,22.222000503540038,22.7160001373291,1.006660081556104,0.9847684761399907,48.012244367048694,-0.19623089572380792,-0.22792170242678558,0.031690806702977664,0.010270853332878705,0.01264322097925363,899554.7,0.7546478274195,1
2026-02-04,23.100000381469727,23.440000534057617,22.520000457763672,22.3700008392334,3202254,0.032632968924883876,0.04147881260755715,0.03355704640711421,22.29700050354004,22.732000160217286,1.036013807229461,1.0161886423833688,64.42578886545812,-0.11461132281270991,-0.20525962650397045,0.09064830369126053,0.013226514475914846,0.014397068088667836,1131058.5,2.831201038673066,1
2026-02-05,23.25,23.360000610351562,22.860000610351562,23.100000381469727,1894387,0.006493489872433145,0.05681818181818188,0.05490013766833379,22.418000411987304,22.750200157165526,1.0371130151094035,1.0219690305747509,77.2870747873636,-0.03739247050316763,-0.1716861953038099,0.13429372480064228,0.01176133309216327,0.014433799075421885,1253331.0,1.5114818032905912,1
2026-02-08,23.34000015258789,23.649999618530273,23.299999237060547,23.25,2120528,0.003870974304855501,0.05277402220422234,0.0447627570801139,22.518000411987305,22.775400161743164,1.0365041178417866,1.024789904319359,74.37724376531055,0.030712254680874906,-0.13120650530687294,0.16191875998774785,0.011405537396548477,0.014233860983731023,1259160.8,1.6840803811554488,1
2026-02-09,23.420000076293945,23.540000915527344,23.209999084472656,23.34000015258789,1580275,0.0034275888253232356,0.054954922136360995,0.04693782734326124,22.62300033569336,22.80320014953613,1.035229621569829,1.0270488318618893,76.14034336286265,0.09010242069414076,-0.0869447201066702,0.17704714080081096,0.011361479085726461,0.014244984431196567,1298511.2,1.2169898881118624,0
2026-02-10,23.239999771118164,23.670000076293945,23.219999313354492,23.420000076293945,837467,-0.007685751690410081,0.03889132316700361,0.04684680056024493,22.72700023651123,22.828000144958494,1.022572250154809,1.0180479947232985,67.04979274944606,0.12124737062562119,-0.04530630196021193,0.16655367258583312,0.011371847652267753,0.014330252763084776,1308913.1,0.6398186403665759,1
2026-02-11,23.290000915527344,23.56999969482422,23.149999618530273,23.239999771118164,1075905,0.0021515122591060365,0.008225131208656977,0.05004511249229071,22.838000297546387,22.838000144958496,1.0197916022459075,1.0197916090594572,76.59571877754493,0.14825564353762033,-0.006593912860645479,0.1548495563982658,0.011246688488988585,0.013667682689773546,1335628.3,0.80554223057418,0
2026-02-12,23.25,23.350000381469727,23.1299991607666,23.290000915527344,461223,-0.0017175145536673098,0.0,0.05681818181818188,22.963000297546387,22.847200126647948,1.0124983538185244,1.017630163482581,71.77028995294607,0.16453549208999618,0.02763196812948285,0.13690352396051333,0.010583171247291176,0.012791323985488547,1308686.4,0.3524320264961873,1
2026-02-15,23.600000381469727,23.790000915527344,23.229999542236328,23.25,1425754,0.015053779848160254,0.011139684112341675,0.06450159225325658,23.106000328063963,22.860800132751464,1.0213797302169065,1.032334837119688,75.51862392523839,0.20333556919739593,0.06277268834306547,0.14056288085433044,0.010993140836236185,0.011285184806463608,1410772.1,1.0106196457953769,1
2026-02-16,24.149999618530273,24.389999389648438,23.649999618530273,23.600000381469727,7665972,0.023305052041117547,0.031169920574647847,0.08783778326918523,23.30100021362305,22.87780014038086,1.036436178581332,1.0556084706721385,84.94618069204554,0.2752918585576225,0.10527652238597687,0.17001533617164563,0.012032873927841099,0.011477446643661068,2094261.2,3.6604660392887003,0
2026-02-17,23.899999618530273,24.270000457763672,23.850000381469727,24.149999618530273,3383514,-0.010351967037224075,0.028399305245791595,0.06839511497082751,23.454000091552736,22.89940013885498,1.0190159258649518,1.0436954450163745,78.47678752216028,0.30858761963976633,0.14593874183673478,0.16264887780303156,0.013441422108773837,0.011887795189582826,2364727.9,1.4308259313894,0
2026-02-18,23.700000762939453,24.079999923706055,23.649999618530273,23.899999618530273,1627585,-0.00836815308715555,0.017604114697082895,0.02597404205893583,23.514000129699706,22.917600135803223,1.0079102080553626,1.034139727654726,77.96053044353371,0.3152030494474225,0.17979160335887234,0.13541144608855016,0.010614166339107731,0.01167846672665991,2207261.0,0.7373776821137147,0
2026-02-19,22.979999542236328,23.8799991607666,22.799999237060547,23.700000762939453,1575968,-0.030379797363931593,-0.011612922914566504,-0.011612922914566504,23.48700008392334,22.91120014190674,0.9784135675107333,1.0030028719536062,61.281323136019374,0.2593580261415198,0.19570488791540186,0.06365313822611796,0.014726426459812997,0.013391580166168381,2175419.1,0.7244433957576266,0
2026-02-22,22.5,23.010000228881836,22.299999237060547,22.979999542236328,882645,-0.020887708955524942,-0.046610184902091234,-0.035989723525976625,23.40300006866455,22.888400154113768,0.9614152003582813,0.9830306988912041,53.712861003416236,0.17435859395830633,0.19143562912398276,-0.017077035165676435,0.015842510286026713,0.014046854227208215,2051630.8,0.43021629427672853,1
2026-02-23,22.8799991607666,22.979999542236328,22.399999618530273,22.5,671106,0.01688885158962683,-0.05258801150411618,-0.023057255071230354,23.348999977111816,22.8760001373291,0.9799134516765189,1.0001748130535713,55.9999802533318,0.13608992807582254,0.18036648891435073,-0.044276560838528184,0.017028338778840923,0.014520960887141828,1960713.9,0.34227635148605823,0
2026-02-24,22.510000228881836,22.969999313354492,22.510000228881836,22.8799991607666,671126,-0.016171282581129653,-0.05815897120645708,-0.03141134033673898,23.276000022888184,22.85720012664795,0.9670905742716485,0.9848100425317914,42.41644929099574,0.07504088840984124,0.15930136881344883,-0.08426048040360759,0.01753598150839081,0.014916330037907153,1944079.8,0.3452152529952731,1
2026-02-25,22.799999237060547,22.950000762939453,21.93000030517578,22.510000228881836,1481577,0.012883118846290564,-0.03797474670491452,-0.021039143804417626,23.226999855041505,22.847800102233887,0.9816161957787986,0.9979078569945705,44.41686229222672,0.049489101421869464,0.13733891533513296,-0.08784981391326349,0.01820512369632572,0.015150251089730274,1984647.0,0.746519154287891,0
2026-02-26,22.75,22.8700008392334,22.299999237060547,22.799999237060547,666499,-0.002192949067264638,-0.010008683499475146,-0.021505376344086002,23.176999855041505,22.844600105285643,0.9815765691110956,0.9958589730242747,42.60651042015232,0.024917373601137882,0.11485460698833394,-0.08993723338719606,0.01820499862611398,0.01500988632063889,2005174.6,0.33238950862433625,0
2026-03-01,21.889999389648438,22.1299991607666,21.010000228881836,22.75,1029642,-0.03780222463083793,-0.027111138237847276,-0.07245766797376618,23.005999755859374,22.816800079345704,0.9514908989805277,0.9593807770382216,33.96225207959044,-0.06322197607108038,0.07923929037645108,-0.14246126644753146,0.02025408905307183,0.017333849005157324,1965563.4,0.5238406453844227,1
2026-03-02,22.0,22.170000076293945,21.809999465942383,21.889999389648438,529036,0.005025153650921599,-0.03846150319251662,-0.0890269007242791,22.790999794006346,22.797200088500976,0.9652933262623097,0.9650307895089675,36.808509861197734,-0.122781566286843,0.03883511904379227,-0.16161668533063528,0.01786864452111612,0.017373821524037693,1251869.8,0.4225966630076067,0
2026-03-03,21.899999618530273,22.18000030517578,21.5,22.0,749585,-0.004545471884987551,-0.02709909392043852,-0.08368200970385575,22.590999794006347,22.777200088500976,0.9694125898908023,0.9614877831093227,35.368401524755186,-0.1760230811738488,-0.0041365209997359445,-0.17188656017411286,0.017919001135384284,0.01729343292142025,988476.9,0.7583232344630411,1
2026-03-04,22.010000228881836,22.31999969482422,21.799999237060547,21.899999618530273,1386945,0.005022859007654423,-0.03464908046552029,-0.07130803711619838,22.421999740600587,22.762400093078615,0.9816252111102863,0.966945495153406,37.13692593033741,-0.2069555802604235,-0.044700332851873456,-0.16225524740855002,0.01842766060839474,0.015481186341503571,964412.9,1.4381236501502623,1
2026-03-05,22.329999923706055,22.639999389648438,22.06999969482422,22.010000228881836,968249,0.014538831962587206,-0.0184615418151185,-0.02828544958565382,22.356999778747557,22.75700008392334,0.9987923310234512,0.9812365356311203,36.7432022292499,-0.2033049348834659,-0.07642125325819195,-0.12688368162527397,0.01761043260955235,0.015822442697380666,903641.0,1.0714974198824534,1
2026-03-08,23.0,23.0,22.25,22.329999923706055,1253071,0.030004481799512206,0.050708115180508884,0.022222222222222143,22.406999778747558,22.755000076293946,1.0264649541262945,1.0107668610364582,38.28920467413265,-0.1446805777483462,-0.09007311815622279,-0.0546074595921234,0.019071171051469056,0.017331016246746555,940683.6,1.3320855173833157,0
2026-03-09,23.0,23.489999771118164,22.950000762939453,23.0,2489204,0.0,0.045454545454545414,0.005244792116914532,22.418999862670898,22.750000076293944,1.0259155243716516,1.0109890075985786,40.34334746381868,-0.09710103209834031,-0.0914787009446463,-0.00562233115369401,0.018377275640792064,0.017306125284952338,1122493.4,2.2175667135325696,1
2026-03-10,23.059999465942383,23.299999237060547,23.0,23.0,695417,0.002608672432277581,0.05296803048483145,0.0244335509315039,22.473999786376954,22.74320007324219,1.0260745610543542,1.013929411502338,42.920337364507525,-0.05393076364098803,-0.08396911348391466,0.030038349842926623,0.017397779254564736,0.017242314341607074,1124922.5,0.6181910309376868,0
2026-03-11,22.8700008392334,23.170000076293945,22.75,23.059999465942383,756423,-0.00823931617993301,0.03907317589315862,0.003070245812073047,22.48099994659424,22.726600074768065,1.0173035404814408,1.0063098203864,48.621568740866586,-0.03464989374786853,-0.07410526953670545,0.03945537578883691,0.017286295799509115,0.017322607548880625,1052407.1,0.7187551281248482,1
2026-03-12,22.8799991607666,22.969999313354492,22.649999618530273,22.8700008392334,577216,0.00043718063691766673,0.024630507789507705,0.005714248824905566,22.493999862670897,22.71580005645752,1.0171601004913438,1.007228409472745,55.397723424281125,-0.018351341615311156,-0.06295448395242659,0.04460314233711543,0.01726174154699079,0.017323080504141237,1043478.8,0.5531650475313921,0
2026-03-15,22.5,22.899999618530273,22.459999084472656,22.8799991607666,1733137,-0.016608355537801045,-0.021739130434782594,0.02786663441571524,22.554999923706056,22.692800064086914,0.9975615196678299,0.9915039103353299,44.60227657571887,-0.03568601198155008,-0.05750078955825129,0.021814777576701208,0.012709299773563332,0.017258236848131655,1113828.3,1.5560181044062176,0
2026-03-16,22.100000381469727,22.6299991607666,22.010000228881836,22.5,696859,-0.017777760823567745,-0.039130418196968386,0.004545471884987551,22.564999961853026,22.66980007171631,0.9793928836175759,0.9748652529601491,44.2253468155296,-0.0807694297070114,-0.06215451758800332,-0.01861491211900808,0.014225740728185526,0.016485136561613104,1130610.6,0.6163563299335775,1
2026-03-17,22.25,22.450000762939453,22.149999618530273,22.100000381469727,360171,0.006787312938512091,-0.03512573654386597,0.015981752856907727,22.6,22.656800079345704,0.9845132743362831,0.9820451220860377,41.935485675291694,-0.1032049648546618,-0.07036460704133501,-0.03284035781332678,0.014226640826432614,0.01659883481956881,1091669.2,0.32992686795597054,1
2026-03-18,22.40999984741211,22.540000915527344,22.299999237060547,22.25,862101,0.0071910043780722965,-0.02011372868129324,0.018173539953233897,22.63999996185303,22.652800064086914,0.9898409843273651,0.989281668668425,45.170447772193,-0.10684301778528038,-0.07766028919012409,-0.02918272859515629,0.014299624996360632,0.016719820804908535,1039184.8,0.8295935429386573,0
2026-03-24,22.56999969482422,22.940000534057617,22.420000076293945,22.40999984741211,468843,0.007139663029965826,0.0031110975477430802,-0.01869566544242529,22.604999923706053,22.639000053405763,0.9984516598540162,0.9969521463660599,60.51661789194675,-0.09575526223293807,-0.08620975911341289,-0.009545503119525178,0.009318075434910126,0.014767496239852764,863937.1,0.5426818688536469,1
2026-03-25,22.700000762939453,22.75,22.56999969482422,22.56999969482422,351749,0.0057599056213122335,0.027149338059415218,-0.01304344508958899,22.575,22.63300006866455,1.005537132356122,1.0029603099046362,64.59858257335124,-0.07432737671565093,-0.0838332826338605,0.009505905918209573,0.009618067740237655,0.014310515379348182,650191.6,0.5409928396491127,0
2026-03-26,22.399999618530273,22.760000228881836,22.270000457763672,22.700000762939453,1084553,-0.01321590900115599,0.006741555889001161,-0.028620982770917736,22.50900001525879,22.623000068664552,0.9951574749364865,0.99014275518466,56.65528765846311,-0.0806238269131967,-0.08319139148972773,0.0025675645765310395,0.010193563263025302,0.014152356257768646,689105.2,1.5738569379537406,0
2026-03-29,22.0,22.479999542236328,21.920000076293945,22.399999618530273,1597313,-0.017857126131349377,-0.0182953971532247,-0.03804113718006141,22.42199993133545,22.61300006866455,0.981179202005719,0.9728916965107164,44.5182671621977,-0.11654695459274578,-0.08986250411033134,-0.02668445048241444,0.011165656300126855,0.014330637683167906,773194.2,2.065862625456839,0
2026-03-30,21.959999084472656,22.200000762939453,21.8799991607666,22.0,992679,-0.0018182234330610392,-0.020080355466464583,-0.0402097950192023,22.329999923706055,22.61080005645752,0.9834303251008704,0.9712172514745228,28.15121605636783,-0.14655464099807247,-0.10120093148787956,-0.04535370951019291,0.011092775353773267,0.014330185234256988,814740.5,1.21839898716217,0
2026-03-31,21.950000762939453,22.5,21.700000762939453,21.959999084472656,953746,-0.0004552969922604344,-0.02747004609073811,-0.024444410536024308,22.275,22.619400062561034,0.9854096863272482,0.9704059657740635,28.033448093685294,-0.1691923851587589,-0.11479922222205544,-0.05439316293670346,0.010199344963500077,0.011534248540284474,736801.4,1.2944410800522366,1
2026-04-01,22.280000686645508,22.530000686645508,22.059999465942383,21.950000762939453,949725,0.015034164566555708,-0.01850220538228564,0.008144810048361206,22.29300003051758,22.625600090026854,0.9994168867422835,0.9847252933842102,35.338346942931466,-0.1586756109131322,-0.12357449996027078,-0.03510111095286142,0.009987042893641928,0.011963766812939144,762088.0,1.2462143479493182,0
2026-04-02,22.170000076293945,22.34000015258789,22.030000686645508,22.280000686645508,321608,-0.004937190617659959,-0.010267836881839187,-0.0035955021890361483,22.285000038146972,22.630400085449217,0.9948395799122203,0.9796556840614012,36.43408331127806,-0.1574026813651095,-0.13034013624123852,-0.027062545123870962,0.009901269856850707,0.011973123719606387,758231.7,0.4241553076717843,1
2026-04-05,22.399999618530273,22.5,22.270000457763672,22.170000076293945,497319,0.010374359108923148,0.018181800842285156,-0.0004462395783100259,22.28400001525879,22.63140007019043,1.005205510823553,0.9897752480649683,41.42857726739537,-0.13626406730874407,-0.13152492245473965,-0.004739144854004423,0.010215625070374327,0.01213398536195723,721753.5,0.6890427271914857,1
2026-04-06,22.59000015258789,22.709999084472656,22.5,22.399999618530273,456417,0.008482166843451155,0.028688574425337343,0.008032142186585878,22.302000045776367,22.64240005493164,1.0129136447951028,0.9976857620121266,51.724140450981885,-0.10299287047584471,-0.12581851205896066,0.022825641583115952,0.01056168177636528,0.011849186262086439,767395.2,0.594761343307855,0
2026-04-07,22.299999237060547,22.6299991607666,22.020000457763672,22.59000015258789,486938,-0.012837579175231761,0.015945260225777913,-0.011962802898291103,22.275,22.641600036621092,1.0011223002047385,0.9849126917263784,53.999974060078394,-0.09888596171177966,-0.12043200198952447,0.021546040277744816,0.011114800252499519,0.00998876063984225,769204.7,0.6330408537545338,1
2026-04-08,22.6299991607666,22.850000381469727,22.530000686645508,22.299999237060547,865807,0.014798203363057816,0.0157090872232728,-0.003083770917185924,22.267999839782714,22.64680000305176,1.0162564812101875,0.9992581361480256,57.08953072857099,-0.06821661236496013,-0.10998892406461161,0.04177231169965148,0.012065678884347314,0.010632778002853924,820610.5,1.0550766776686382,1
2026-04-09,22.690000534057617,22.93000030517578,22.549999237060547,22.6299991607666,982093,0.002651408551310963,0.023455140098068927,0.012946469663662086,22.29699993133545,22.65659999847412,1.017625716640464,1.0014742077622303,55.42636203346727,-0.038624088228253584,-0.09571595689734001,0.05709186866908643,0.011181021792491365,0.010633494188811791,810364.5,1.2119151320177526,1
2026-04-14,22.899999618530273,22.93000030517578,22.549999237060547,22.690000534057617,798114,0.00925513792551258,0.022321428951560307,0.04090907356955786,22.386999893188477,22.67099998474121,1.0229150724880238,1.0101009939545318,58.781349020519365,0.0017531620730046882,-0.07622213310327107,0.07797529517627576,0.009101650260759904,0.010704703310278443,730444.6,1.0926413858080408,1
2026-04-15,22.93000030517578,23.15999984741211,22.860000610351562,22.899999618530273,1246039,0.0013100736744655617,0.01505091413418791,0.04417127782983332,22.48400001525879,22.689599990844727,1.019836340936413,1.0105951763992338,56.76691944976654,0.035760998000721855,-0.053825506882472486,0.08958650488319433,0.00892949770282468,0.010707842903755023,755780.6,1.6486782010546448,0
2026-04-16,22.799999237060547,23.299999237060547,22.649999618530273,22.93000030517578,1926558,-0.005669475202139007,0.022421525430774247,0.038724302714204795,22.5689998626709,22.702199974060058,1.0102352508217132,1.0043079200743645,51.87966797838532,0.05162732558161309,-0.032734940389655375,0.08436226597126847,0.009383120568152666,0.010066199518177416,853061.8,2.25840378739266,0
2026-04-19,22.780000686645508,22.979999542236328,22.719999313354492,22.799999237060547,722377,-0.0008771294335191415,0.006628437094198469,0.022441651013938024,22.618999862670897,22.71379997253418,1.007117946193559,1.0029145591750996,57.983212133937485,0.06187453746422733,-0.013813044818878833,0.07568758228310617,0.00859073532215758,0.009094978708180476,830327.0,0.8699909794574908,1
2026-04-20,22.799999237060547,22.8799991607666,22.719999313354492,22.780000686645508,711529,0.0008778994649794036,0.004847893363326472,0.028416741479412533,22.68199977874756,22.72239994049072,1.005202339276255,1.0034151012557238,69.99998092651367,0.07079318284737113,0.0031082007143711596,0.06768498213299996,0.008239430280636497,0.009011684129892531,869319.1,0.818490011320354,0
2026-04-21,22.799999237060547,23.0,22.780000686645508,22.799999237060547,899310,0.0,-0.004366828957883873,0.017857126131349377,22.721999740600587,22.71639991760254,1.003432774287053,1.0036801306439946,71.4285853305359,0.07697396560798353,0.017881353693093634,0.059092611914889896,0.007827712287298366,0.00890543353184668,909518.2,0.9887762553844442,0
2026-04-22,22.729999542236328,22.950000762939453,22.649999618530273,22.799999237060547,1413911,-0.003070162156428413,-0.008722231150354975,0.006197405431730418,22.73599967956543,22.705999908447264,0.9997360952932061,1.0010569732179087,69.30689610240006,0.07535524179504449,0.029376131313483808,0.045979110481560684,0.007580367468422483,0.008948136222982014,1005267.6,1.4065021094880608,1
2026-04-23,22.75,22.84000015258789,22.600000381469727,22.729999542236328,1671736,0.0008799145695761457,-0.002192949067264638,0.020179407100229474,22.780999755859376,22.694199905395507,0.9986392275935386,1.0024587821926794,63.742662010210445,0.07482373980542789,0.03846565301187263,0.03635808679355526,0.005931534431743215,0.008821352860757121,1123747.4,1.4876439313674943,1
2026-04-26,22.770000457763672,23.100000381469727,22.75,22.75,1840663,0.0008791410006010469,-0.00043899159703264523,0.0061865356689800866,22.794999885559083,22.6811999130249,0.9989032933572749,1.0039151607974575,68.51852069884276,0.07515010678837797,0.0458025437671737,0.029347563021204268,0.003875422661692983,0.008733340096895068,1221233.0,1.5072168865400788,0
